season,game_id,date,week,team_id,school,conference,opponent_id,opponent,home_away,neutral_site,conference_game,completed,status,points_for,points_against,won,attendance,venue
2023,401532570,2023-09-02 17:00:00+00:00,1,2005,Air Force,Mountain West,2523,Robert Morris,home,False,False,True,STATUS_FINAL,42.0,7.0,True,30142,Falcon Stadium
2023,401520211,2023-09-10 00:00:00+00:00,2,2005,Air Force,Mountain West,2534,Sam Houston,away,True,False,True,STATUS_FINAL,13.0,3.0,True,25121,Reliant Stadium
2023,401532581,2023-09-16 00:00:00+00:00,3,2005,Air Force,Mountain West,328,Utah State,home,False,False,True,STATUS_FINAL,39.0,21.0,True,18400,Falcon Stadium
2023,401532584,2023-09-23 02:30:00+00:00,4,2005,Air Force,Mountain West,23,San José State,away,False,False,True,STATUS_FINAL,45.0,20.0,True,16124,CEFCU Stadium
2023,401532589,2023-10-01 00:00:00+00:00,5,2005,Air Force,Mountain West,21,San Diego State,home,False,False,True,STATUS_FINAL,49.0,10.0,True,24869,Falcon Stadium
2023,401532598,2023-10-14 23:00:00+00:00,7,2005,Air Force,Mountain West,2751,Wyoming,home,False,False,True,STATUS_FINAL,34.0,27.0,True,28311,Falcon Stadium
2023,401531434,2023-10-21 16:00:00+00:00,8,2005,Air Force,Mountain West,2426,Navy,away,False,False,True,STATUS_FINAL,17.0,6.0,True,38803,Navy-Marine Corps Memorial Stadium
2023,401532603,2023-10-28 23:00:00+00:00,9,2005,Air Force,Mountain West,36,Colorado State,away,False,False,True,STATUS_FINAL,30.0,13.0,True,22570,Canvas Stadium
2023,401520361,2023-11-04 18:30:00+00:00,10,2005,Air Force,Mountain West,349,Army,home,True,False,True,STATUS_FINAL,3.0,23.0,False,52401,Empower Field at Mile High
2023,401532613,2023-11-12 04:00:00+00:00,11,2005,Air Force,Mountain West,62,Hawai'i,away,False,False,True,STATUS_FINAL,13.0,27.0,False,12742,Clarence T.C. Ching Athletics Complex
2023,401532624,2023-11-18 20:30:00+00:00,12,2005,Air Force,Mountain West,2439,UNLV,home,False,False,True,STATUS_FINAL,27.0,31.0,False,23574,Falcon Stadium
2023,401532625,2023-11-24 21:00:00+00:00,13,2005,Air Force,Mountain West,68,Boise State,away,False,False,True,STATUS_FINAL,19.0,27.0,False,36390,Albertsons Stadium
2023,401531387,2023-09-02 18:00:00+00:00,1,2006,Akron,MAC,218,Temple,away,False,False,True,STATUS_FINAL,21.0,24.0,False,12456,Lincoln Financial Field
2023,401532399,2023-09-09 22:00:00+00:00,2,2006,Akron,MAC,2415,Morgan State,home,False,False,True,STATUS_FINAL,24.0,21.0,True,8213,InfoCision Stadium
2023,401520228,2023-09-16 23:30:00+00:00,3,2006,Akron,MAC,96,Kentucky,away,False,False,True,STATUS_FINAL,3.0,35.0,False,59456,Kroger Field
2023,401520256,2023-09-23 23:30:00+00:00,4,2006,Akron,MAC,84,Indiana,away,False,False,True,STATUS_FINAL,27.0,29.0,False,44968,"Memorial Stadium (Bloomington, IN)"
2023,401532412,2023-09-30 16:00:00+00:00,5,2006,Akron,MAC,2084,Buffalo,home,False,False,True,STATUS_FINAL,10.0,13.0,False,5490,InfoCision Stadium
2023,401532418,2023-10-07 19:30:00+00:00,6,2006,Akron,MAC,2459,Northern Illinois,home,False,False,True,STATUS_FINAL,14.0,55.0,False,8216,InfoCision Stadium
2023,401532420,2023-10-14 19:30:00+00:00,7,2006,Akron,MAC,2117,Central Michigan,away,False,False,True,STATUS_FINAL,10.0,17.0,False,17886,Kelly/Shorts Stadium
2023,401532429,2023-10-21 18:00:00+00:00,8,2006,Akron,MAC,189,Bowling Green,away,False,False,True,STATUS_FINAL,14.0,41.0,False,10068,Doyt L. Perry Stadium
2023,401532436,2023-11-01 23:30:00+00:00,10,2006,Akron,MAC,2309,Kent State,home,False,False,True,STATUS_FINAL,31.0,27.0,True,8113,InfoCision Stadium
2023,401532441,2023-11-09 00:00:00+00:00,11,2006,Akron,MAC,193,Miami (OH),away,False,False,True,STATUS_FINAL,0.0,19.0,False,7233,Yager Stadium
2023,401532445,2023-11-15 00:00:00+00:00,12,2006,Akron,MAC,2199,Eastern Michigan,away,False,False,True,STATUS_FINAL,27.0,30.0,False,13664,Rynearson Stadium
2023,401532452,2023-11-24 17:00:00+00:00,13,2006,Akron,MAC,195,Ohio,home,False,False,True,STATUS_FINAL,14.0,25.0,False,6152,InfoCision Stadium
2023,401520149,2023-09-02 23:30:00+00:00,1,333,Alabama,SEC,2393,Middle Tennessee,home,False,False,True,STATUS_FINAL,56.0,7.0,True,100077,Bryant-Denny Stadium
2023,401520183,2023-09-09 23:00:00+00:00,2,333,Alabama,SEC,251,Texas,home,False,False,True,STATUS_FINAL,24.0,34.0,False,100077,Bryant-Denny Stadium
2023,401520244,2023-09-16 19:30:00+00:00,3,333,Alabama,SEC,58,South Florida,away,False,False,True,STATUS_FINAL,17.0,3.0,True,65138,Raymond James Stadium
2023,401520250,2023-09-23 19:30:00+00:00,4,333,Alabama,SEC,145,Ole Miss,home,False,False,True,STATUS_FINAL,24.0,10.0,True,100077,Bryant-Denny Stadium
2023,401520285,2023-10-01 01:00:00+00:00,5,333,Alabama,SEC,344,Mississippi State,away,False,False,True,STATUS_FINAL,40.0,17.0,True,60111,Davis Wade Stadium
2023,401520310,2023-10-07 19:30:00+00:00,6,333,Alabama,SEC,245,Texas A&M,away,False,False,True,STATUS_FINAL,26.0,20.0,True,108101,Kyle Field
2023,401520316,2023-10-14 16:00:00+00:00,7,333,Alabama,SEC,8,Arkansas,home,False,False,True,STATUS_FINAL,24.0,21.0,True,100077,Bryant-Denny Stadium
2023,401520333,2023-10-21 19:30:00+00:00,8,333,Alabama,SEC,2633,Tennessee,home,False,False,True,STATUS_FINAL,34.0,20.0,True,100077,Bryant-Denny Stadium
2023,401520362,2023-11-04 23:45:00+00:00,10,333,Alabama,SEC,99,LSU,home,False,False,True,STATUS_FINAL,42.0,28.0,True,100077,Bryant-Denny Stadium
2023,401520386,2023-11-11 17:00:00+00:00,11,333,Alabama,SEC,96,Kentucky,away,False,False,True,STATUS_FINAL,49.0,21.0,True,61936,Kroger Field
2023,401520401,2023-11-18 17:00:00+00:00,12,333,Alabama,SEC,236,Chattanooga,home,False,False,True,STATUS_FINAL,66.0,10.0,True,100077,Bryant-Denny Stadium
2023,401520427,2023-11-25 20:30:00+00:00,13,333,Alabama,SEC,2,Auburn,away,False,False,True,STATUS_FINAL,27.0,24.0,True,88043,Jordan-Hare Stadium
2023,401539483,2023-12-02 21:00:00+00:00,14,333,Alabama,SEC,61,Georgia,home,True,False,True,STATUS_FINAL,27.0,24.0,True,78320,Mercedes-Benz Stadium
2023,401531835,2023-09-02 19:30:00+00:00,1,2026,App State,Sun Belt,2241,Gardner-Webb,home,False,False,True,STATUS_FINAL,45.0,24.0,True,36075,Kidd Brewer Stadium
2023,401525495,2023-09-09 21:15:00+00:00,2,2026,App State,Sun Belt,153,North Carolina,away,False,False,True,STATUS_FINAL,34.0,40.0,False,50500,Kenan Stadium
2023,401531412,2023-09-16 19:30:00+00:00,3,2026,App State,Sun Belt,151,East Carolina,home,False,False,True,STATUS_FINAL,43.0,28.0,True,40168,Kidd Brewer Stadium
2023,401531870,2023-09-23 23:00:00+00:00,4,2026,App State,Sun Belt,2751,Wyoming,away,False,False,True,STATUS_FINAL,19.0,22.0,False,21169,War Memorial Stadium
2023,401531882,2023-10-01 00:00:00+00:00,5,2026,App State,Sun Belt,2433,UL Monroe,away,False,False,True,STATUS_FINAL,41.0,40.0,True,19919,Malone Stadium
2023,401531888,2023-10-10 23:30:00+00:00,7,2026,App State,Sun Belt,324,Coastal Carolina,home,False,False,True,STATUS_FINAL,24.0,27.0,False,34252,Kidd Brewer Stadium
2023,401531895,2023-10-21 23:00:00+00:00,8,2026,App State,Sun Belt,295,Old Dominion,away,False,False,True,STATUS_FINAL,21.0,28.0,False,20017,S.B. Ballard Stadium
2023,401531898,2023-10-28 19:30:00+00:00,9,2026,App State,Sun Belt,2572,Southern Miss,home,False,False,True,STATUS_FINAL,48.0,38.0,True,32601,Kidd Brewer Stadium
2023,401531905,2023-11-04 22:00:00+00:00,10,2026,App State,Sun Belt,276,Marshall,home,False,False,True,STATUS_FINAL,31.0,9.0,True,34057,Kidd Brewer Stadium
2023,401531913,2023-11-11 19:00:00+00:00,11,2026,App State,Sun Belt,2247,Georgia State,away,False,False,True,STATUS_FINAL,42.0,14.0,True,14260,Center Parc Stadium
2023,401531918,2023-11-18 19:00:00+00:00,12,2026,App State,Sun Belt,256,James Madison,away,False,False,True,STATUS_FINAL,26.0,23.0,True,25838,Bridgeforth Stadium
2023,401531922,2023-11-25 20:30:00+00:00,13,2026,App State,Sun Belt,290,Georgia Southern,home,False,False,True,STATUS_FINAL,55.0,27.0,True,31248,Kidd Brewer Stadium
2023,401539484,2023-12-02 21:00:00+00:00,14,2026,App State,Sun Belt,2653,Troy,away,False,False,True,STATUS_FINAL,23.0,49.0,False,20183,Veterans Memorial Stadium (AL)
2023,401523989,2023-09-03 02:00:00+00:00,1,12,Arizona,Pac-12,2464,Northern Arizona,home,False,False,True,STATUS_FINAL,38.0,3.0,True,48159,Casino Del Sol Stadium
2023,401520205,2023-09-09 23:30:00+00:00,2,12,Arizona,Pac-12,344,Mississippi State,away,False,False,True,STATUS_FINAL,24.0,31.0,False,51648,Davis Wade Stadium
2023,401520219,2023-09-17 03:00:00+00:00,3,12,Arizona,Pac-12,2638,UTEP,home,False,False,True,STATUS_FINAL,31.0,10.0,True,44182,Casino Del Sol Stadium
2023,401524016,2023-09-23 23:00:00+00:00,4,12,Arizona,Pac-12,24,Stanford,away,False,False,True,STATUS_FINAL,21.0,20.0,True,38046,Stanford Stadium
2023,401524021,2023-10-01 02:00:00+00:00,5,12,Arizona,Pac-12,264,Washington,home,False,False,True,STATUS_FINAL,24.0,31.0,False,50800,Casino Del Sol Stadium
2023,401524025,2023-10-08 02:30:00+00:00,6,12,Arizona,Pac-12,30,USC,away,False,False,True,STATUS_FINAL,41.0,43.0,False,62916,Los Angeles Memorial Coliseum
2023,401524030,2023-10-14 23:00:00+00:00,7,12,Arizona,Pac-12,265,Washington State,away,False,False,True,STATUS_FINAL,44.0,6.0,True,26155,Martin Stadium
2023,401524039,2023-10-29 02:30:00+00:00,9,12,Arizona,Pac-12,204,Oregon State,home,False,False,True,STATUS_FINAL,27.0,24.0,True,45023,Casino Del Sol Stadium
2023,401524045,2023-11-05 02:30:00+00:00,10,12,Arizona,Pac-12,26,UCLA,home,False,False,True,STATUS_FINAL,27.0,10.0,True,44956,Casino Del Sol Stadium
2023,401524052,2023-11-11 19:00:00+00:00,11,12,Arizona,Pac-12,38,Colorado,away,False,False,True,STATUS_FINAL,34.0,31.0,True,52788,Folsom Field
2023,401524058,2023-11-18 19:30:00+00:00,12,12,Arizona,Pac-12,254,Utah,home,False,False,True,STATUS_FINAL,42.0,18.0,True,50800,Casino Del Sol Stadium
2023,401524064,2023-11-25 20:30:00+00:00,13,12,Arizona,Pac-12,9,Arizona State,away,False,False,True,STATUS_FINAL,59.0,23.0,True,53414,Mountain America Stadium
2023,401523987,2023-09-01 02:00:00+00:00,1,9,Arizona State,Pac-12,253,Southern Utah,home,False,False,True,STATUS_FINAL,24.0,21.0,True,47773,Mountain America Stadium
2023,401523998,2023-09-10 02:30:00+00:00,2,9,Arizona State,Pac-12,197,Oklahoma State,home,False,False,True,STATUS_FINAL,15.0,27.0,False,42569,Mountain America Stadium
2023,401524005,2023-09-17 02:30:00+00:00,3,9,Arizona State,Pac-12,278,Fresno State,home,False,False,True,STATUS_FINAL,0.0,29.0,False,46723,Mountain America Stadium
2023,401524014,2023-09-24 02:45:00+00:00,4,9,Arizona State,Pac-12,30,USC,home,False,False,True,STATUS_FINAL,28.0,42.0,False,54166,Mountain America Stadium
2023,401524022,2023-09-30 19:00:00+00:00,5,9,Arizona State,Pac-12,25,California,away,False,False,True,STATUS_FINAL,21.0,24.0,False,34353,California Memorial Stadium
2023,401524026,2023-10-07 22:30:00+00:00,6,9,Arizona State,Pac-12,38,Colorado,home,False,False,True,STATUS_FINAL,24.0,27.0,False,54086,Mountain America Stadium
2023,401524038,2023-10-22 02:45:00+00:00,8,9,Arizona State,Pac-12,264,Washington,away,False,False,True,STATUS_FINAL,7.0,15.0,False,68379,Husky Stadium
2023,401524040,2023-10-29 00:00:00+00:00,9,9,Arizona State,Pac-12,265,Washington State,home,False,False,True,STATUS_FINAL,38.0,27.0,True,47284,Mountain America Stadium
2023,401524049,2023-11-04 18:00:00+00:00,10,9,Arizona State,Pac-12,254,Utah,away,False,False,True,STATUS_FINAL,3.0,55.0,False,52104,Rice-Eccles Stadium
2023,401524055,2023-11-12 02:00:00+00:00,11,9,Arizona State,Pac-12,26,UCLA,away,False,False,True,STATUS_FINAL,17.0,7.0,True,56436,Rose Bowl
2023,401524059,2023-11-18 21:00:00+00:00,12,9,Arizona State,Pac-12,2483,Oregon,home,False,False,True,STATUS_FINAL,13.0,49.0,False,44741,Mountain America Stadium
2023,401520150,2023-09-02 17:00:00+00:00,1,8,Arkansas,SEC,2717,Western Carolina,home,False,False,True,STATUS_FINAL,56.0,13.0,True,44397,War Memorial Stadium (AR)
2023,401520184,2023-09-09 20:00:00+00:00,2,8,Arkansas,SEC,2309,Kent State,home,False,False,True,STATUS_FINAL,28.0,6.0,True,73173,Donald W. Reynolds Razorback Stadium
2023,401520220,2023-09-16 23:30:00+00:00,3,8,Arkansas,SEC,252,BYU,home,False,False,True,STATUS_FINAL,31.0,38.0,False,74821,Donald W. Reynolds Razorback Stadium
2023,401520258,2023-09-23 23:00:00+00:00,4,8,Arkansas,SEC,99,LSU,away,False,False,True,STATUS_FINAL,31.0,34.0,False,99648,Tiger Stadium (LA)
2023,401520279,2023-09-30 16:00:00+00:00,5,8,Arkansas,SEC,245,Texas A&M,home,True,False,True,STATUS_FINAL,22.0,34.0,False,59437,AT&T Stadium
2023,401520308,2023-10-07 23:30:00+00:00,6,8,Arkansas,SEC,145,Ole Miss,away,False,False,True,STATUS_FINAL,20.0,27.0,False,65748,Vaught-Hemingway Stadium
2023,401520334,2023-10-21 16:00:00+00:00,8,8,Arkansas,SEC,344,Mississippi State,home,False,False,True,STATUS_FINAL,3.0,7.0,False,71505,Donald W. Reynolds Razorback Stadium
2023,401520363,2023-11-04 16:00:00+00:00,10,8,Arkansas,SEC,57,Florida,away,False,False,True,STATUS_FINAL,39.0,36.0,True,89782,Ben Hill Griffin Stadium
2023,401520380,2023-11-11 21:00:00+00:00,11,8,Arkansas,SEC,2,Auburn,home,False,False,True,STATUS_FINAL,10.0,48.0,False,72033,Donald W. Reynolds Razorback Stadium
2023,401520402,2023-11-19 00:30:00+00:00,12,8,Arkansas,SEC,2229,Florida International,home,False,False,True,STATUS_FINAL,44.0,20.0,True,61442,Donald W. Reynolds Razorback Stadium
2023,401520426,2023-11-24 21:00:00+00:00,13,8,Arkansas,SEC,142,Missouri,home,False,False,True,STATUS_FINAL,14.0,48.0,False,59847,Donald W. Reynolds Razorback Stadium
2023,401525822,2023-09-02 16:00:00+00:00,1,2032,Arkansas State,Sun Belt,201,Oklahoma,away,False,False,True,STATUS_FINAL,0.0,73.0,False,83221,"Memorial Stadium (Norman, OK)"
2023,401531427,2023-09-09 23:00:00+00:00,2,2032,Arkansas State,Sun Belt,235,Memphis,home,False,False,True,STATUS_FINAL,3.0,37.0,False,18724,Centennial Bank Stadium
2023,401531846,2023-09-16 23:00:00+00:00,3,2032,Arkansas State,Sun Belt,2619,Stony Brook,home,False,False,True,STATUS_FINAL,31.0,7.0,True,14327,Centennial Bank Stadium
2023,401531874,2023-09-23 23:00:00+00:00,4,2032,Arkansas State,Sun Belt,2572,Southern Miss,home,False,False,True,STATUS_FINAL,44.0,37.0,True,16601,Centennial Bank Stadium
2023,401526836,2023-09-30 19:30:00+00:00,5,2032,Arkansas State,Sun Belt,113,Massachusetts,away,False,False,True,STATUS_FINAL,52.0,28.0,True,9494,Warren McGuirk Alumni Stadium
2023,401531887,2023-10-07 20:00:00+00:00,6,2032,Arkansas State,Sun Belt,2653,Troy,away,False,False,True,STATUS_FINAL,3.0,37.0,False,26957,Veterans Memorial Stadium (AL)
2023,401531896,2023-10-21 23:00:00+00:00,8,2032,Arkansas State,Sun Belt,324,Coastal Carolina,home,False,False,True,STATUS_FINAL,17.0,27.0,False,18228,Centennial Bank Stadium
2023,401531901,2023-10-28 21:00:00+00:00,9,2032,Arkansas State,Sun Belt,2433,UL Monroe,away,False,False,True,STATUS_FINAL,34.0,24.0,True,14006,Malone Stadium
2023,401531908,2023-11-04 19:00:00+00:00,10,2032,Arkansas State,Sun Belt,309,Louisiana,home,False,False,True,STATUS_FINAL,37.0,17.0,True,15881,Centennial Bank Stadium
2023,401531916,2023-11-11 22:00:00+00:00,11,2032,Arkansas State,Sun Belt,6,South Alabama,away,False,False,True,STATUS_FINAL,14.0,21.0,False,15242,Hancock Whitney Stadium
2023,401531919,2023-11-18 20:00:00+00:00,12,2032,Arkansas State,Sun Belt,326,Texas State,home,False,False,True,STATUS_FINAL,77.0,31.0,True,16721,Centennial Bank Stadium
2023,401531924,2023-11-25 20:30:00+00:00,13,2032,Arkansas State,Sun Belt,276,Marshall,away,False,False,True,STATUS_FINAL,21.0,35.0,False,18673,Joan C. Edwards Stadium
2023,401520175,2023-09-02 23:00:00+00:00,1,349,Army,FBS Independents,2433,UL Monroe,away,False,False,True,STATUS_FINAL,13.0,17.0,False,18914,Malone Stadium
2023,401520185,2023-09-09 16:00:00+00:00,2,349,Army,FBS Independents,2169,Delaware State,home,False,False,True,STATUS_FINAL,57.0,0.0,True,25153,Michie Stadium
2023,401531396,2023-09-15 23:00:00+00:00,3,349,Army,FBS Independents,2636,UTSA,away,False,False,True,STATUS_FINAL,37.0,29.0,True,27138,Alamodome
2023,401520268,2023-09-23 16:00:00+00:00,4,349,Army,FBS Independents,183,Syracuse,away,False,False,True,STATUS_FINAL,16.0,29.0,False,37594,JMA Wireless Dome
2023,401520298,2023-10-07 16:00:00+00:00,6,349,Army,FBS Independents,103,Boston College,home,False,False,True,STATUS_FINAL,24.0,27.0,False,34017,Michie Stadium
2023,401520317,2023-10-14 19:30:00+00:00,7,349,Army,FBS Independents,2653,Troy,home,False,False,True,STATUS_FINAL,0.0,19.0,False,27829,Michie Stadium
2023,401520339,2023-10-21 23:30:00+00:00,8,349,Army,FBS Independents,99,LSU,away,False,False,True,STATUS_FINAL,0.0,62.0,False,101776,Tiger Stadium (LA)
2023,401520349,2023-10-28 16:00:00+00:00,9,349,Army,FBS Independents,113,Massachusetts,home,False,False,True,STATUS_FINAL,14.0,21.0,False,29625,Michie Stadium
2023,401520381,2023-11-11 17:00:00+00:00,11,349,Army,FBS Independents,107,Holy Cross,home,False,False,True,STATUS_FINAL,17.0,14.0,True,30602,Michie Stadium
2023,401520403,2023-11-18 17:00:00+00:00,12,349,Army,FBS Independents,324,Coastal Carolina,home,False,False,True,STATUS_FINAL,28.0,21.0,True,26867,Michie Stadium
2023,401520445,2023-12-09 20:00:00+00:00,15,349,Army,FBS Independents,2426,Navy,away,True,False,True,STATUS_FINAL,17.0,11.0,True,65878,Gillette Stadium
2023,401520151,2023-09-02 19:30:00+00:00,1,2,Auburn,SEC,113,Massachusetts,home,False,False,True,STATUS_FINAL,59.0,14.0,True,88043,Jordan-Hare Stadium
2023,401520186,2023-09-10 02:30:00+00:00,2,2,Auburn,SEC,25,California,away,False,False,True,STATUS_FINAL,14.0,10.0,True,44141,California Memorial Stadium
2023,401520221,2023-09-16 23:00:00+00:00,3,2,Auburn,SEC,2535,Samford,home,False,False,True,STATUS_FINAL,45.0,13.0,True,88043,Jordan-Hare Stadium
2023,401520270,2023-09-23 16:00:00+00:00,4,2,Auburn,SEC,245,Texas A&M,away,False,False,True,STATUS_FINAL,10.0,27.0,False,102530,Kyle Field
2023,401520280,2023-09-30 19:30:00+00:00,5,2,Auburn,SEC,61,Georgia,home,False,False,True,STATUS_FINAL,20.0,27.0,False,88043,Jordan-Hare Stadium
2023,401520319,2023-10-14 23:00:00+00:00,7,2,Auburn,SEC,99,LSU,away,False,False,True,STATUS_FINAL,18.0,48.0,False,102321,Tiger Stadium (LA)
2023,401520335,2023-10-21 23:00:00+00:00,8,2,Auburn,SEC,145,Ole Miss,home,False,False,True,STATUS_FINAL,21.0,28.0,False,63523,Jordan-Hare Stadium
2023,401520350,2023-10-28 19:30:00+00:00,9,2,Auburn,SEC,344,Mississippi State,home,False,False,True,STATUS_FINAL,27.0,13.0,True,88043,Jordan-Hare Stadium
2023,401520379,2023-11-04 20:00:00+00:00,10,2,Auburn,SEC,238,Vanderbilt,away,False,False,True,STATUS_FINAL,31.0,15.0,True,28500,FirstBank Stadium
2023,401520404,2023-11-18 21:00:00+00:00,12,2,Auburn,SEC,166,New Mexico State,home,False,False,True,STATUS_FINAL,10.0,31.0,False,88043,Jordan-Hare Stadium
2023,401520152,2023-09-03 02:15:00+00:00,1,252,BYU,Big 12,2534,Sam Houston,home,False,False,True,STATUS_FINAL,14.0,0.0,True,59006,LaVell Edwards Stadium
2023,401525828,2023-09-09 19:00:00+00:00,2,252,BYU,Big 12,253,Southern Utah,home,False,False,True,STATUS_FINAL,41.0,16.0,True,60834,LaVell Edwards Stadium
2023,401525847,2023-09-23 19:30:00+00:00,4,252,BYU,Big 12,2305,Kansas,away,False,False,True,STATUS_FINAL,27.0,38.0,False,47233,David Booth Kansas Memorial Stadium
2023,401525851,2023-09-30 02:15:00+00:00,5,252,BYU,Big 12,2132,Cincinnati,home,False,False,True,STATUS_FINAL,35.0,27.0,True,63834,LaVell Edwards Stadium
2023,401525865,2023-10-14 19:30:00+00:00,7,252,BYU,Big 12,2628,TCU,away,False,False,True,STATUS_FINAL,11.0,44.0,False,44599,Amon G. Carter Stadium
2023,401525867,2023-10-21 23:00:00+00:00,8,252,BYU,Big 12,2641,Texas Tech,home,False,False,True,STATUS_FINAL,27.0,14.0,True,63523,LaVell Edwards Stadium
2023,401525877,2023-10-28 19:30:00+00:00,9,252,BYU,Big 12,251,Texas,away,False,False,True,STATUS_FINAL,6.0,35.0,False,101670,DKR-Texas Memorial Stadium
2023,401525885,2023-11-04 23:00:00+00:00,10,252,BYU,Big 12,277,West Virginia,away,False,False,True,STATUS_FINAL,7.0,37.0,False,50266,Milan Puskar Stadium
2023,401525886,2023-11-12 03:15:00+00:00,11,252,BYU,Big 12,66,Iowa State,home,False,False,True,STATUS_FINAL,13.0,45.0,False,60754,LaVell Edwards Stadium
2023,401525893,2023-11-18 17:00:00+00:00,12,252,BYU,Big 12,201,Oklahoma,home,False,False,True,STATUS_FINAL,24.0,31.0,False,63714,LaVell Edwards Stadium
2023,401525905,2023-11-25 20:30:00+00:00,13,252,BYU,Big 12,197,Oklahoma State,away,False,False,True,STATUS_FINAL,34.0,40.0,False,53855,Boone Pickens Stadium
2023,401520159,2023-09-02 16:00:00+00:00,1,2050,Ball State,MAC,96,Kentucky,away,False,False,True,STATUS_FINAL,14.0,44.0,False,58286,Kroger Field
2023,401520191,2023-09-09 16:00:00+00:00,2,2050,Ball State,MAC,61,Georgia,away,False,False,True,STATUS_FINAL,3.0,45.0,False,92746,Sanford Stadium
2023,401532402,2023-09-16 18:00:00+00:00,3,2050,Ball State,MAC,282,Indiana State,home,False,False,True,STATUS_FINAL,45.0,7.0,True,15054,Scheumann Stadium
2023,401531871,2023-09-23 18:00:00+00:00,4,2050,Ball State,MAC,290,Georgia Southern,home,False,False,True,STATUS_FINAL,3.0,40.0,False,10118,Scheumann Stadium
2023,401532409,2023-09-30 19:30:00+00:00,5,2050,Ball State,MAC,2711,Western Michigan,away,False,False,True,STATUS_FINAL,24.0,42.0,False,21880,Waldo Stadium
2023,401532414,2023-10-07 19:30:00+00:00,6,2050,Ball State,MAC,2199,Eastern Michigan,away,False,False,True,STATUS_FINAL,10.0,24.0,False,18696,Rynearson Stadium
2023,401532419,2023-10-14 18:00:00+00:00,7,2050,Ball State,MAC,2649,Toledo,home,False,False,True,STATUS_FINAL,6.0,13.0,False,7673,Scheumann Stadium
2023,401532425,2023-10-21 19:30:00+00:00,8,2050,Ball State,MAC,2117,Central Michigan,home,False,False,True,STATUS_FINAL,24.0,17.0,True,15171,Scheumann Stadium
2023,401532435,2023-11-01 23:00:00+00:00,10,2050,Ball State,MAC,189,Bowling Green,away,False,False,True,STATUS_FINAL,21.0,24.0,False,6091,Doyt L. Perry Stadium
2023,401532437,2023-11-08 00:00:00+00:00,11,2050,Ball State,MAC,2459,Northern Illinois,away,False,False,True,STATUS_FINAL,20.0,17.0,True,6282,Huskie Stadium
2023,401532448,2023-11-18 19:00:00+00:00,12,2050,Ball State,MAC,2309,Kent State,home,False,False,True,STATUS_FINAL,34.0,3.0,True,8554,Scheumann Stadium
2023,401532454,2023-11-25 17:00:00+00:00,13,2050,Ball State,MAC,193,Miami (OH),home,False,False,True,STATUS_FINAL,15.0,17.0,False,8054,Scheumann Stadium
2023,401525817,2023-09-02 23:00:00+00:00,1,239,Baylor,Big 12,326,Texas State,home,False,False,True,STATUS_FINAL,31.0,42.0,False,44945,McLane Stadium
2023,401523999,2023-09-09 16:00:00+00:00,2,239,Baylor,Big 12,254,Utah,home,False,False,True,STATUS_FINAL,13.0,20.0,False,43732,McLane Stadium
2023,401525834,2023-09-16 16:00:00+00:00,3,239,Baylor,Big 12,2341,Long Island University,home,False,False,True,STATUS_FINAL,30.0,7.0,True,43732,McLane Stadium
2023,401525844,2023-09-23 23:30:00+00:00,4,239,Baylor,Big 12,251,Texas,home,False,False,True,STATUS_FINAL,6.0,38.0,False,49165,McLane Stadium
2023,401525856,2023-09-30 19:30:00+00:00,5,239,Baylor,Big 12,2116,UCF,away,False,False,True,STATUS_FINAL,36.0,35.0,True,44005,Acrisure Bounce House
2023,401525858,2023-10-08 00:00:00+00:00,6,239,Baylor,Big 12,2641,Texas Tech,home,False,False,True,STATUS_FINAL,14.0,39.0,False,44620,McLane Stadium
2023,401525868,2023-10-21 16:00:00+00:00,8,239,Baylor,Big 12,2132,Cincinnati,away,False,False,True,STATUS_FINAL,32.0,29.0,True,38193,Nippert Stadium
2023,401525873,2023-10-28 19:30:00+00:00,9,239,Baylor,Big 12,66,Iowa State,home,False,False,True,STATUS_FINAL,18.0,30.0,False,43528,McLane Stadium
2023,401525880,2023-11-04 19:30:00+00:00,10,239,Baylor,Big 12,248,Houston,home,False,False,True,STATUS_FINAL,24.0,25.0,False,41180,McLane Stadium
2023,401525889,2023-11-11 20:00:00+00:00,11,239,Baylor,Big 12,2306,Kansas State,away,False,False,True,STATUS_FINAL,25.0,59.0,False,51790,Bill Snyder Family Stadium
2023,401525897,2023-11-18 20:30:00+00:00,12,239,Baylor,Big 12,2628,TCU,away,False,False,True,STATUS_FINAL,17.0,42.0,False,42621,Amon G. Carter Stadium
2023,401525902,2023-11-26 00:00:00+00:00,13,239,Baylor,Big 12,277,West Virginia,home,False,False,True,STATUS_FINAL,31.0,34.0,False,36200,McLane Stadium
2023,401523997,2023-09-02 19:30:00+00:00,1,68,Boise State,Mountain West,264,Washington,away,False,False,True,STATUS_FINAL,19.0,56.0,False,67475,Husky Stadium
2023,401525827,2023-09-09 23:00:00+00:00,2,68,Boise State,Mountain West,2116,UCF,home,False,False,True,STATUS_FINAL,16.0,18.0,False,36447,Albertsons Stadium
2023,401532582,2023-09-16 16:00:00+00:00,3,68,Boise State,Mountain West,155,North Dakota,home,False,False,True,STATUS_FINAL,42.0,18.0,True,35610,Albertsons Stadium
2023,401532583,2023-09-23 02:30:00+00:00,4,68,Boise State,Mountain West,21,San Diego State,away,False,False,True,STATUS_FINAL,34.0,31.0,True,23374,Snapdragon Stadium
2023,401531429,2023-09-30 20:00:00+00:00,5,68,Boise State,Mountain West,235,Memphis,away,False,False,True,STATUS_FINAL,32.0,35.0,False,30364,Simmons Bank Liberty Stadium
2023,401532592,2023-10-08 00:00:00+00:00,6,68,Boise State,Mountain West,23,San José State,home,False,False,True,STATUS_FINAL,35.0,27.0,True,37491,Albertsons Stadium
2023,401532593,2023-10-15 02:00:00+00:00,7,68,Boise State,Mountain West,36,Colorado State,away,False,False,True,STATUS_FINAL,30.0,31.0,False,34901,Canvas Stadium
2023,401532607,2023-10-28 21:30:00+00:00,9,68,Boise State,Mountain West,2751,Wyoming,home,False,False,True,STATUS_FINAL,32.0,7.0,True,35189,Albertsons Stadium
2023,401532608,2023-11-05 02:00:00+00:00,10,68,Boise State,Mountain West,278,Fresno State,away,False,False,True,STATUS_FINAL,30.0,37.0,False,41031,Valley Children's Stadium
2023,401532616,2023-11-12 03:00:00+00:00,11,68,Boise State,Mountain West,167,New Mexico,home,False,False,True,STATUS_FINAL,42.0,14.0,True,34076,Albertsons Stadium
2023,401532619,2023-11-19 00:00:00+00:00,12,68,Boise State,Mountain West,328,Utah State,away,False,False,True,STATUS_FINAL,45.0,10.0,True,17821,Maverik Stadium
2023,401539482,2023-12-02 20:00:00+00:00,14,68,Boise State,Mountain West,2439,UNLV,away,False,False,True,STATUS_FINAL,44.0,20.0,True,31473,Allegiant Stadium
2023,401525464,2023-09-02 16:00:00+00:00,1,103,Boston College,ACC,2459,Northern Illinois,home,False,False,True,STATUS_FINAL,24.0,27.0,False,30122,"Alumni Stadium (Chestnut Hill, MA)"
2023,401525490,2023-09-09 16:00:00+00:00,2,103,Boston College,ACC,107,Holy Cross,home,False,False,True,STATUS_FINAL,31.0,28.0,True,40122,"Alumni Stadium (Chestnut Hill, MA)"
2023,401525500,2023-09-16 16:00:00+00:00,3,103,Boston College,ACC,52,Florida State,home,False,False,True,STATUS_FINAL,29.0,31.0,False,41383,"Alumni Stadium (Chestnut Hill, MA)"
2023,401525506,2023-09-23 19:30:00+00:00,4,103,Boston College,ACC,97,Louisville,away,False,False,True,STATUS_FINAL,28.0,56.0,False,48294,L&N Federal Credit Union Stadium
2023,401525513,2023-09-30 18:00:00+00:00,5,103,Boston College,ACC,258,Virginia,home,False,False,True,STATUS_FINAL,27.0,24.0,True,41868,"Alumni Stadium (Chestnut Hill, MA)"
2023,401525528,2023-10-21 16:00:00+00:00,8,103,Boston College,ACC,59,Georgia Tech,away,False,False,True,STATUS_FINAL,38.0,23.0,True,35656,Bobby Dodd Stadium
2023,401520351,2023-10-28 16:00:00+00:00,9,103,Boston College,ACC,41,UConn,home,False,False,True,STATUS_FINAL,21.0,14.0,True,36902,"Alumni Stadium (Chestnut Hill, MA)"
2023,401525540,2023-11-03 23:30:00+00:00,10,103,Boston College,ACC,183,Syracuse,away,False,False,True,STATUS_FINAL,17.0,10.0,True,42523,JMA Wireless Dome
2023,401525547,2023-11-11 17:00:00+00:00,11,103,Boston College,ACC,259,Virginia Tech,home,False,False,True,STATUS_FINAL,22.0,48.0,False,33665,"Alumni Stadium (Chestnut Hill, MA)"
2023,401525553,2023-11-17 00:00:00+00:00,12,103,Boston College,ACC,221,Pittsburgh,away,False,False,True,STATUS_FINAL,16.0,24.0,False,41842,Acrisure Stadium
2023,401525560,2023-11-24 17:00:00+00:00,13,103,Boston College,ACC,2390,Miami,home,False,False,True,STATUS_FINAL,20.0,45.0,False,30569,"Alumni Stadium (Chestnut Hill, MA)"
2023,401520160,2023-09-02 16:00:00+00:00,1,189,Bowling Green,MAC,2335,Liberty,away,False,False,True,STATUS_FINAL,24.0,34.0,False,18811,Williams Stadium (VA)
2023,401532400,2023-09-09 18:00:00+00:00,2,189,Bowling Green,MAC,2197,Eastern Illinois,home,False,False,True,STATUS_FINAL,38.0,15.0,True,12312,Doyt L. Perry Stadium
2023,401520232,2023-09-16 23:30:00+00:00,3,189,Bowling Green,MAC,130,Michigan,away,False,False,True,STATUS_FINAL,6.0,31.0,False,109955,Michigan Stadium
2023,401532405,2023-09-23 19:30:00+00:00,4,189,Bowling Green,MAC,195,Ohio,home,False,False,True,STATUS_FINAL,7.0,38.0,False,18248,Doyt L. Perry Stadium
2023,401525515,2023-09-30 19:30:00+00:00,5,189,Bowling Green,MAC,59,Georgia Tech,away,False,False,True,STATUS_FINAL,38.0,27.0,True,30097,Bobby Dodd Stadium
2023,401532416,2023-10-07 19:30:00+00:00,6,189,Bowling Green,MAC,193,Miami (OH),away,False,False,True,STATUS_FINAL,0.0,27.0,False,19047,Yager Stadium
2023,401532421,2023-10-14 19:30:00+00:00,7,189,Bowling Green,MAC,2084,Buffalo,away,False,False,True,STATUS_FINAL,24.0,14.0,True,15196,Broadview Stadium
2023,401532442,2023-11-09 00:00:00+00:00,11,189,Bowling Green,MAC,2309,Kent State,away,False,False,True,STATUS_FINAL,49.0,19.0,True,6065,Zoeller Field at Dix Stadium
2023,401532443,2023-11-15 00:00:00+00:00,12,189,Bowling Green,MAC,2649,Toledo,home,False,False,True,STATUS_FINAL,31.0,32.0,False,20590,Doyt L. Perry Stadium
2023,401532450,2023-11-22 00:00:00+00:00,13,189,Bowling Green,MAC,2711,Western Michigan,away,False,False,True,STATUS_FINAL,34.0,10.0,True,8901,Waldo Stadium
2023,401520180,2023-09-02 19:30:00+00:00,1,2084,Buffalo,MAC,275,Wisconsin,away,False,False,True,STATUS_FINAL,17.0,38.0,False,76224,Camp Randall Stadium
2023,401532401,2023-09-09 22:00:00+00:00,2,2084,Buffalo,MAC,2230,Fordham,home,False,False,True,STATUS_FINAL,37.0,40.0,False,15854,Broadview Stadium
2023,401520222,2023-09-16 16:00:00+00:00,3,2084,Buffalo,MAC,2335,Liberty,home,False,False,True,STATUS_FINAL,27.0,55.0,False,13020,Broadview Stadium
2023,401531875,2023-09-23 23:30:00+00:00,4,2084,Buffalo,MAC,309,Louisiana,away,False,False,True,STATUS_FINAL,38.0,45.0,False,17674,Our Lady of Lourdes Stadium
2023,401532415,2023-10-07 18:00:00+00:00,6,2084,Buffalo,MAC,2117,Central Michigan,home,False,False,True,STATUS_FINAL,37.0,13.0,True,12093,Broadview Stadium
2023,401532430,2023-10-21 19:30:00+00:00,8,2084,Buffalo,MAC,2309,Kent State,away,False,False,True,STATUS_FINAL,24.0,6.0,True,11735,Zoeller Field at Dix Stadium
2023,401532434,2023-10-31 23:30:00+00:00,10,2084,Buffalo,MAC,2649,Toledo,away,False,False,True,STATUS_FINAL,13.0,31.0,False,14939,Glass Bowl
2023,401532439,2023-11-08 00:30:00+00:00,11,2084,Buffalo,MAC,195,Ohio,home,False,False,True,STATUS_FINAL,10.0,20.0,False,11444,Broadview Stadium
2023,401532447,2023-11-16 00:00:00+00:00,12,2084,Buffalo,MAC,193,Miami (OH),away,False,False,True,STATUS_FINAL,10.0,23.0,False,7561,Yager Stadium
2023,401532449,2023-11-22 00:30:00+00:00,13,2084,Buffalo,MAC,2199,Eastern Michigan,home,False,False,True,STATUS_FINAL,11.0,24.0,False,11243,Broadview Stadium
2023,401523991,2023-09-02 20:00:00+00:00,1,25,California,Pac-12,249,North Texas,away,False,False,True,STATUS_FINAL,58.0,21.0,True,21350,DATCU Stadium
2023,401524006,2023-09-16 20:00:00+00:00,3,25,California,Pac-12,70,Idaho,home,False,False,True,STATUS_FINAL,31.0,17.0,True,36810,California Memorial Stadium
2023,401524018,2023-09-24 02:30:00+00:00,4,25,California,Pac-12,264,Washington,away,False,False,True,STATUS_FINAL,32.0,59.0,False,69107,Husky Stadium
2023,401524027,2023-10-08 02:00:00+00:00,6,25,California,Pac-12,204,Oregon State,home,False,False,True,STATUS_FINAL,40.0,52.0,False,34930,California Memorial Stadium
2023,401524033,2023-10-14 19:00:00+00:00,7,25,California,Pac-12,254,Utah,away,False,False,True,STATUS_FINAL,14.0,34.0,False,52115,Rice-Eccles Stadium
2023,401524041,2023-10-28 20:00:00+00:00,9,25,California,Pac-12,30,USC,home,False,False,True,STATUS_FINAL,49.0,50.0,False,43716,California Memorial Stadium
2023,401524047,2023-11-04 21:30:00+00:00,10,25,California,Pac-12,2483,Oregon,away,False,False,True,STATUS_FINAL,19.0,63.0,False,54046,Autzen Stadium
2023,401524051,2023-11-11 21:00:00+00:00,11,25,California,Pac-12,265,Washington State,home,False,False,True,STATUS_FINAL,42.0,39.0,True,38155,California Memorial Stadium
2023,401524061,2023-11-18 23:30:00+00:00,12,25,California,Pac-12,24,Stanford,away,False,False,True,STATUS_FINAL,27.0,15.0,True,52971,Stanford Stadium
2023,401524066,2023-11-26 03:30:00+00:00,13,25,California,Pac-12,26,UCLA,away,False,False,True,STATUS_FINAL,33.0,7.0,True,42439,Rose Bowl
2023,401520163,2023-09-01 23:00:00+00:00,1,2117,Central Michigan,MAC,127,Michigan State,away,False,False,True,STATUS_FINAL,7.0,31.0,False,0,Spartan Stadium
2023,401532396,2023-09-09 17:30:00+00:00,2,2117,Central Michigan,MAC,160,New Hampshire,home,False,False,True,STATUS_FINAL,45.0,42.0,True,17302,Kelly/Shorts Stadium
2023,401525437,2023-09-16 18:30:00+00:00,3,2117,Central Michigan,MAC,87,Notre Dame,away,False,False,True,STATUS_FINAL,17.0,41.0,False,77622,Notre Dame Stadium
2023,401531876,2023-09-23 21:00:00+00:00,4,2117,Central Michigan,MAC,6,South Alabama,away,False,False,True,STATUS_FINAL,34.0,30.0,True,18369,Hancock Whitney Stadium
2023,401532410,2023-09-30 17:30:00+00:00,5,2117,Central Michigan,MAC,2199,Eastern Michigan,home,False,False,True,STATUS_FINAL,26.0,23.0,True,28323,Kelly/Shorts Stadium
2023,401532433,2023-10-31 23:00:00+00:00,10,2117,Central Michigan,MAC,2459,Northern Illinois,home,False,False,True,STATUS_FINAL,37.0,31.0,True,9625,Kelly/Shorts Stadium
2023,401532438,2023-11-08 00:00:00+00:00,11,2117,Central Michigan,MAC,2711,Western Michigan,away,False,False,True,STATUS_FINAL,28.0,38.0,False,0,Waldo Stadium
2023,401532446,2023-11-16 00:00:00+00:00,12,2117,Central Michigan,MAC,195,Ohio,away,False,False,True,STATUS_FINAL,20.0,34.0,False,14736,Peden Stadium
2023,401532451,2023-11-24 17:00:00+00:00,13,2117,Central Michigan,MAC,2649,Toledo,home,False,False,True,STATUS_FINAL,17.0,32.0,False,8612,Kelly/Shorts Stadium
2023,401531402,2023-09-02 22:00:00+00:00,1,2429,Charlotte,American,2569,South Carolina State,home,False,False,True,STATUS_FINAL,24.0,3.0,True,15622,Jerry Richardson Stadium
2023,401520200,2023-09-09 23:30:00+00:00,2,2429,Charlotte,American,120,Maryland,away,False,False,True,STATUS_FINAL,20.0,38.0,False,32804,SECU Stadium
2023,401531403,2023-09-16 22:00:00+00:00,3,2429,Charlotte,American,2247,Georgia State,home,False,False,True,STATUS_FINAL,25.0,41.0,False,14410,Jerry Richardson Stadium
2023,401520251,2023-09-23 23:00:00+00:00,4,2429,Charlotte,American,57,Florida,away,False,False,True,STATUS_FINAL,7.0,22.0,False,89053,Ben Hill Griffin Stadium
2023,401531404,2023-09-30 23:30:00+00:00,5,2429,Charlotte,American,2567,SMU,away,False,False,True,STATUS_FINAL,16.0,34.0,False,25385,Gerald J. Ford Stadium
2023,401531405,2023-10-14 18:00:00+00:00,7,2429,Charlotte,American,2426,Navy,home,False,False,True,STATUS_FINAL,0.0,14.0,False,15659,Jerry Richardson Stadium
2023,401531406,2023-10-21 18:00:00+00:00,8,2429,Charlotte,American,151,East Carolina,away,False,False,True,STATUS_FINAL,10.0,7.0,True,39842,Dowdy-Ficklen Stadium
2023,401531407,2023-10-27 23:30:00+00:00,9,2429,Charlotte,American,2226,Florida Atlantic,home,False,False,True,STATUS_FINAL,16.0,38.0,False,10857,Jerry Richardson Stadium
2023,401531343,2023-11-04 20:00:00+00:00,10,2429,Charlotte,American,202,Tulsa,away,False,False,True,STATUS_FINAL,33.0,26.0,True,20151,H. A. Chapman Stadium
2023,401531408,2023-11-11 19:00:00+00:00,11,2429,Charlotte,American,235,Memphis,home,False,False,True,STATUS_FINAL,38.0,44.0,False,8895,Jerry Richardson Stadium
2023,401531409,2023-11-18 19:00:00+00:00,12,2429,Charlotte,American,242,Rice,home,False,False,True,STATUS_FINAL,7.0,28.0,False,9385,Jerry Richardson Stadium
2023,401531410,2023-11-26 00:30:00+00:00,13,2429,Charlotte,American,58,South Florida,away,False,False,True,STATUS_FINAL,14.0,48.0,False,29279,Raymond James Stadium
2023,401525818,2023-09-02 19:30:00+00:00,1,2132,Cincinnati,Big 12,2198,Eastern Kentucky,home,False,False,True,STATUS_FINAL,66.0,13.0,True,38193,Nippert Stadium
2023,401525496,2023-09-09 22:30:00+00:00,2,2132,Cincinnati,Big 12,221,Pittsburgh,away,False,False,True,STATUS_FINAL,27.0,21.0,True,49398,Acrisure Stadium
2023,401525835,2023-09-16 23:00:00+00:00,3,2132,Cincinnati,Big 12,193,Miami (OH),home,False,False,True,STATUS_FINAL,24.0,31.0,False,38193,Nippert Stadium
2023,401525845,2023-09-23 16:00:00+00:00,4,2132,Cincinnati,Big 12,201,Oklahoma,home,False,False,True,STATUS_FINAL,6.0,20.0,False,38193,Nippert Stadium
2023,401525863,2023-10-14 16:00:00+00:00,7,2132,Cincinnati,Big 12,66,Iowa State,home,False,False,True,STATUS_FINAL,10.0,30.0,False,38193,Nippert Stadium
2023,401525876,2023-10-29 00:00:00+00:00,9,2132,Cincinnati,Big 12,197,Oklahoma State,away,False,False,True,STATUS_FINAL,13.0,45.0,False,53855,Boone Pickens Stadium
2023,401525881,2023-11-04 19:30:00+00:00,10,2132,Cincinnati,Big 12,2116,UCF,home,False,False,True,STATUS_FINAL,26.0,28.0,False,38193,Nippert Stadium
2023,401525887,2023-11-12 00:00:00+00:00,11,2132,Cincinnati,Big 12,248,Houston,away,False,False,True,STATUS_FINAL,24.0,14.0,True,34312,TDECU Stadium
2023,401525899,2023-11-18 19:30:00+00:00,12,2132,Cincinnati,Big 12,277,West Virginia,away,False,False,True,STATUS_FINAL,21.0,42.0,False,43588,Milan Puskar Stadium
2023,401525903,2023-11-26 00:30:00+00:00,13,2132,Cincinnati,Big 12,2305,Kansas,home,False,False,True,STATUS_FINAL,16.0,49.0,False,38193,Nippert Stadium
2023,401525468,2023-09-05 00:00:00+00:00,1,228,Clemson,ACC,150,Duke,away,False,False,True,STATUS_FINAL,7.0,28.0,False,31638,Wallace Wade Stadium
2023,401525491,2023-09-09 18:15:00+00:00,2,228,Clemson,ACC,2127,Charleston Southern,home,False,False,True,STATUS_FINAL,66.0,17.0,True,81500,"Memorial Stadium (Clemson, SC)"
2023,401525501,2023-09-17 00:00:00+00:00,3,228,Clemson,ACC,2226,Florida Atlantic,home,False,False,True,STATUS_FINAL,48.0,14.0,True,81295,"Memorial Stadium (Clemson, SC)"
2023,401525507,2023-09-23 16:00:00+00:00,4,228,Clemson,ACC,52,Florida State,home,False,False,True,STATUS_FINAL,24.0,31.0,False,81500,"Memorial Stadium (Clemson, SC)"
2023,401525514,2023-09-30 16:00:00+00:00,5,228,Clemson,ACC,183,Syracuse,away,False,False,True,STATUS_FINAL,31.0,14.0,True,40974,JMA Wireless Dome
2023,401525517,2023-10-07 19:30:00+00:00,6,228,Clemson,ACC,154,Wake Forest,home,False,False,True,STATUS_FINAL,17.0,12.0,True,80810,"Memorial Stadium (Clemson, SC)"
2023,401525529,2023-10-22 00:00:00+00:00,8,228,Clemson,ACC,2390,Miami,away,False,False,True,STATUS_FINAL,20.0,28.0,False,48562,Hard Rock Stadium
2023,401525534,2023-10-28 18:00:00+00:00,9,228,Clemson,ACC,152,NC State,away,False,False,True,STATUS_FINAL,17.0,24.0,False,56919,Carter-Finley Stadium
2023,401525441,2023-11-04 16:00:00+00:00,10,228,Clemson,ACC,87,Notre Dame,home,False,False,True,STATUS_FINAL,31.0,23.0,True,81500,"Memorial Stadium (Clemson, SC)"
2023,401525548,2023-11-11 17:00:00+00:00,11,228,Clemson,ACC,59,Georgia Tech,home,False,False,True,STATUS_FINAL,42.0,21.0,True,81426,"Memorial Stadium (Clemson, SC)"
2023,401525554,2023-11-18 20:30:00+00:00,12,228,Clemson,ACC,153,North Carolina,home,False,False,True,STATUS_FINAL,31.0,20.0,True,81305,"Memorial Stadium (Clemson, SC)"
2023,401520441,2023-11-26 00:30:00+00:00,13,228,Clemson,ACC,2579,South Carolina,away,False,False,True,STATUS_FINAL,16.0,7.0,True,80172,Williams-Brice Stadium
2023,401523995,2023-09-03 02:30:00+00:00,1,324,Coastal Carolina,Sun Belt,26,UCLA,away,False,False,True,STATUS_FINAL,13.0,27.0,False,43705,Rose Bowl
2023,401520187,2023-09-09 23:00:00+00:00,2,324,Coastal Carolina,Sun Belt,55,Jacksonville State,home,False,False,True,STATUS_FINAL,30.0,16.0,True,16006,Brooks Stadium (SC)
2023,401531845,2023-09-16 23:00:00+00:00,3,324,Coastal Carolina,Sun Belt,2184,Duquesne,home,False,False,True,STATUS_FINAL,66.0,7.0,True,18116,Brooks Stadium (SC)
2023,401531849,2023-09-21 23:30:00+00:00,4,324,Coastal Carolina,Sun Belt,2247,Georgia State,home,False,False,True,STATUS_FINAL,17.0,30.0,False,15248,Brooks Stadium (SC)
2023,401531878,2023-09-30 23:00:00+00:00,5,324,Coastal Carolina,Sun Belt,290,Georgia Southern,away,False,False,True,STATUS_FINAL,28.0,38.0,False,26483,Allen E. Paulson Stadium
2023,401531899,2023-10-28 22:00:00+00:00,9,324,Coastal Carolina,Sun Belt,276,Marshall,home,False,False,True,STATUS_FINAL,34.0,6.0,True,21324,Brooks Stadium (SC)
2023,401531907,2023-11-04 19:30:00+00:00,10,324,Coastal Carolina,Sun Belt,295,Old Dominion,away,False,False,True,STATUS_FINAL,28.0,24.0,True,17982,S.B. Ballard Stadium
2023,401531912,2023-11-11 20:30:00+00:00,11,324,Coastal Carolina,Sun Belt,326,Texas State,home,False,False,True,STATUS_FINAL,31.0,23.0,True,15832,Brooks Stadium (SC)
2023,401531923,2023-11-25 20:30:00+00:00,13,324,Coastal Carolina,Sun Belt,256,James Madison,home,False,False,True,STATUS_FINAL,14.0,56.0,False,16196,Brooks Stadium (SC)
2023,401523994,2023-09-02 16:00:00+00:00,1,38,Colorado,Pac-12,2628,TCU,away,False,False,True,STATUS_FINAL,45.0,42.0,True,53294,Amon G. Carter Stadium
2023,401520188,2023-09-09 16:00:00+00:00,2,38,Colorado,Pac-12,158,Nebraska,home,False,False,True,STATUS_FINAL,36.0,14.0,True,53241,Folsom Field
2023,401524007,2023-09-17 02:00:00+00:00,3,38,Colorado,Pac-12,36,Colorado State,home,False,False,True,STATUS_FINAL,43.0,35.0,True,53141,Folsom Field
2023,401524015,2023-09-23 19:30:00+00:00,4,38,Colorado,Pac-12,2483,Oregon,away,False,False,True,STATUS_FINAL,6.0,42.0,False,59889,Autzen Stadium
2023,401524023,2023-09-30 16:00:00+00:00,5,38,Colorado,Pac-12,30,USC,home,False,False,True,STATUS_FINAL,41.0,48.0,False,54032,Folsom Field
2023,401524029,2023-10-14 02:00:00+00:00,7,38,Colorado,Pac-12,24,Stanford,home,False,False,True,STATUS_FINAL,43.0,46.0,False,53154,Folsom Field
2023,401524043,2023-10-28 23:30:00+00:00,9,38,Colorado,Pac-12,26,UCLA,away,False,False,True,STATUS_FINAL,16.0,28.0,False,71343,Rose Bowl
2023,401524046,2023-11-05 02:00:00+00:00,10,38,Colorado,Pac-12,204,Oregon State,home,False,False,True,STATUS_FINAL,19.0,26.0,False,52725,Folsom Field
2023,401524057,2023-11-18 03:30:00+00:00,12,38,Colorado,Pac-12,265,Washington State,away,False,False,True,STATUS_FINAL,14.0,56.0,False,27869,Martin Stadium
2023,401524067,2023-11-25 20:00:00+00:00,13,38,Colorado,Pac-12,254,Utah,away,False,False,True,STATUS_FINAL,17.0,23.0,False,51595,Rice-Eccles Stadium
2023,401523990,2023-09-02 23:00:00+00:00,1,36,Colorado State,Mountain West,265,Washington State,home,False,False,True,STATUS_FINAL,24.0,50.0,False,31497,Canvas Stadium
2023,401520262,2023-09-23 23:00:00+00:00,4,36,Colorado State,Mountain West,2393,Middle Tennessee,away,False,False,True,STATUS_FINAL,31.0,23.0,True,19806,"Johnny ""Red"" Floyd Stadium"
2023,401532585,2023-09-30 23:00:00+00:00,5,36,Colorado State,Mountain West,3101,Utah Tech,home,False,False,True,STATUS_FINAL,41.0,20.0,True,27932,Canvas Stadium
2023,401532590,2023-10-08 00:00:00+00:00,6,36,Colorado State,Mountain West,328,Utah State,away,False,False,True,STATUS_FINAL,24.0,44.0,False,22864,Maverik Stadium
2023,401532599,2023-10-21 23:00:00+00:00,8,36,Colorado State,Mountain West,2439,UNLV,away,False,False,True,STATUS_FINAL,23.0,25.0,False,22585,Allegiant Stadium
2023,401532609,2023-11-04 00:00:00+00:00,10,36,Colorado State,Mountain West,2751,Wyoming,away,False,False,True,STATUS_FINAL,15.0,24.0,False,27905,War Memorial Stadium
2023,401532617,2023-11-12 00:00:00+00:00,11,36,Colorado State,Mountain West,21,San Diego State,home,False,False,True,STATUS_FINAL,22.0,19.0,True,22033,Canvas Stadium
2023,401532621,2023-11-18 20:00:00+00:00,12,36,Colorado State,Mountain West,2440,Nevada,home,False,False,True,STATUS_FINAL,30.0,20.0,True,20121,Canvas Stadium
2023,401532626,2023-11-26 04:00:00+00:00,13,36,Colorado State,Mountain West,62,Hawai'i,away,False,False,True,STATUS_FINAL,24.0,27.0,False,11013,Clarence T.C. Ching Athletics Complex
2023,401525492,2023-09-09 22:00:00+00:00,2,150,Duke,ACC,322,Lafayette,home,False,False,True,STATUS_FINAL,42.0,7.0,True,17481,Wallace Wade Stadium
2023,401520223,2023-09-16 19:30:00+00:00,3,150,Duke,ACC,77,Northwestern,home,False,False,True,STATUS_FINAL,38.0,14.0,True,18141,Wallace Wade Stadium
2023,401520272,2023-09-23 19:30:00+00:00,4,150,Duke,ACC,41,UConn,away,False,False,True,STATUS_FINAL,41.0,7.0,True,29033,Pratt & Whitney Stadium
2023,401525438,2023-09-30 23:30:00+00:00,5,150,Duke,ACC,87,Notre Dame,home,False,False,True,STATUS_FINAL,14.0,21.0,False,40768,Wallace Wade Stadium
2023,401525523,2023-10-15 00:00:00+00:00,7,150,Duke,ACC,152,NC State,home,False,False,True,STATUS_FINAL,24.0,3.0,True,31833,Wallace Wade Stadium
2023,401525530,2023-10-21 23:30:00+00:00,8,150,Duke,ACC,52,Florida State,away,False,False,True,STATUS_FINAL,20.0,38.0,False,79560,Doak Campbell Stadium
2023,401525535,2023-10-28 19:30:00+00:00,9,150,Duke,ACC,97,Louisville,away,False,False,True,STATUS_FINAL,0.0,23.0,False,52319,L&N Federal Credit Union Stadium
2023,401525539,2023-11-02 23:30:00+00:00,10,150,Duke,ACC,154,Wake Forest,home,False,False,True,STATUS_FINAL,24.0,21.0,True,18277,Wallace Wade Stadium
2023,401525549,2023-11-12 01:00:00+00:00,11,150,Duke,ACC,153,North Carolina,away,False,False,True,STATUS_FINAL,45.0,47.0,False,50500,Kenan Stadium
2023,401525555,2023-11-18 20:00:00+00:00,12,150,Duke,ACC,258,Virginia,away,False,False,True,STATUS_FINAL,27.0,30.0,False,36400,Scott Stadium
2023,401525561,2023-11-25 17:00:00+00:00,13,150,Duke,ACC,221,Pittsburgh,home,False,False,True,STATUS_FINAL,30.0,19.0,True,17639,Wallace Wade Stadium
2023,401520162,2023-09-02 16:00:00+00:00,1,151,East Carolina,American,130,Michigan,away,False,False,True,STATUS_FINAL,3.0,30.0,False,109480,Michigan Stadium
2023,401531411,2023-09-09 20:00:00+00:00,2,151,East Carolina,American,276,Marshall,home,False,False,True,STATUS_FINAL,13.0,31.0,False,38211,Dowdy-Ficklen Stadium
2023,401531413,2023-09-23 22:00:00+00:00,4,151,East Carolina,American,2241,Gardner-Webb,home,False,False,True,STATUS_FINAL,44.0,0.0,True,40589,Dowdy-Ficklen Stadium
2023,401531414,2023-09-30 23:00:00+00:00,5,151,East Carolina,American,242,Rice,away,False,False,True,STATUS_FINAL,17.0,24.0,False,19598,Rice Stadium
2023,401531415,2023-10-12 23:30:00+00:00,7,151,East Carolina,American,2567,SMU,home,False,False,True,STATUS_FINAL,10.0,31.0,False,33444,Dowdy-Ficklen Stadium
2023,401531398,2023-10-28 19:30:00+00:00,9,151,East Carolina,American,2636,UTSA,away,False,False,True,STATUS_FINAL,27.0,41.0,False,22629,Alamodome
2023,401531374,2023-11-04 19:30:00+00:00,10,151,East Carolina,American,2655,Tulane,home,False,False,True,STATUS_FINAL,10.0,13.0,False,33765,Dowdy-Ficklen Stadium
2023,401531416,2023-11-11 21:00:00+00:00,11,151,East Carolina,American,2226,Florida Atlantic,away,False,False,True,STATUS_FINAL,22.0,7.0,True,0,Flagler Credit Union Stadium
2023,401531417,2023-11-18 17:00:00+00:00,12,151,East Carolina,American,2426,Navy,away,False,False,True,STATUS_FINAL,0.0,10.0,False,28708,Navy-Marine Corps Memorial Stadium
2023,401531346,2023-11-25 19:00:00+00:00,13,151,East Carolina,American,202,Tulsa,home,False,False,True,STATUS_FINAL,27.0,29.0,False,29567,Dowdy-Ficklen Stadium
2023,401532394,2023-09-01 22:30:00+00:00,1,2199,Eastern Michigan,MAC,47,Howard,home,False,False,True,STATUS_FINAL,33.0,23.0,True,18065,Rynearson Stadium
2023,401520204,2023-09-09 23:30:00+00:00,2,2199,Eastern Michigan,MAC,135,Minnesota,away,False,False,True,STATUS_FINAL,6.0,25.0,False,48101,Huntington Bank Stadium
2023,401526834,2023-09-16 18:00:00+00:00,3,2199,Eastern Michigan,MAC,113,Massachusetts,home,False,False,True,STATUS_FINAL,19.0,17.0,True,16138,Rynearson Stadium
2023,401520257,2023-09-23 21:00:00+00:00,4,2199,Eastern Michigan,MAC,55,Jacksonville State,away,False,False,True,STATUS_FINAL,0.0,21.0,False,20966,AmFirst Stadium
2023,401532422,2023-10-14 16:00:00+00:00,7,2199,Eastern Michigan,MAC,2309,Kent State,home,False,False,True,STATUS_FINAL,28.0,14.0,True,18443,Rynearson Stadium
2023,401532426,2023-10-21 19:30:00+00:00,8,2199,Eastern Michigan,MAC,2459,Northern Illinois,away,False,False,True,STATUS_FINAL,13.0,20.0,False,9458,Huskie Stadium
2023,401532431,2023-10-28 17:00:00+00:00,9,2199,Eastern Michigan,MAC,2711,Western Michigan,home,False,False,True,STATUS_FINAL,21.0,45.0,False,16297,Rynearson Stadium
2023,401532440,2023-11-09 00:30:00+00:00,11,2199,Eastern Michigan,MAC,2649,Toledo,away,False,False,True,STATUS_FINAL,23.0,49.0,False,17842,Glass Bowl
2023,401520176,2023-09-01 00:00:00+00:00,1,57,Florida,SEC,254,Utah,away,False,False,True,STATUS_FINAL,11.0,24.0,False,53644,Rice-Eccles Stadium
2023,401520190,2023-09-09 23:30:00+00:00,2,57,Florida,SEC,2377,McNeese,home,False,False,True,STATUS_FINAL,49.0,7.0,True,88163,Ben Hill Griffin Stadium
2023,401520224,2023-09-16 23:00:00+00:00,3,57,Florida,SEC,2633,Tennessee,home,False,False,True,STATUS_FINAL,29.0,16.0,True,90751,Ben Hill Griffin Stadium
2023,401520282,2023-09-30 16:00:00+00:00,5,57,Florida,SEC,96,Kentucky,away,False,False,True,STATUS_FINAL,14.0,33.0,False,61699,Kroger Field
2023,401520299,2023-10-07 20:00:00+00:00,6,57,Florida,SEC,238,Vanderbilt,home,False,False,True,STATUS_FINAL,38.0,14.0,True,89432,Ben Hill Griffin Stadium
2023,401520325,2023-10-14 19:30:00+00:00,7,57,Florida,SEC,2579,South Carolina,away,False,False,True,STATUS_FINAL,41.0,39.0,True,79247,Williams-Brice Stadium
2023,401520352,2023-10-28 19:30:00+00:00,9,57,Florida,SEC,61,Georgia,home,True,False,True,STATUS_FINAL,20.0,43.0,False,76251,EverBank Stadium
2023,401520389,2023-11-12 00:30:00+00:00,11,57,Florida,SEC,99,LSU,away,False,False,True,STATUS_FINAL,35.0,52.0,False,102321,Tiger Stadium (LA)
2023,401520413,2023-11-19 00:30:00+00:00,12,57,Florida,SEC,142,Missouri,away,False,False,True,STATUS_FINAL,31.0,33.0,False,62621,Memorial Stadium
2023,401520429,2023-11-26 00:00:00+00:00,13,57,Florida,SEC,52,Florida State,home,False,False,True,STATUS_FINAL,15.0,24.0,False,90341,Ben Hill Griffin Stadium
2023,401531418,2023-09-02 22:00:00+00:00,1,2226,Florida Atlantic,American,2405,Monmouth,home,False,False,True,STATUS_FINAL,42.0,20.0,True,20893,Flagler Credit Union Stadium
2023,401531419,2023-09-09 22:00:00+00:00,2,2226,Florida Atlantic,American,195,Ohio,home,False,False,True,STATUS_FINAL,10.0,17.0,False,17934,Flagler Credit Union Stadium
2023,401520255,2023-09-23 19:30:00+00:00,4,2226,Florida Atlantic,American,356,Illinois,away,False,False,True,STATUS_FINAL,17.0,23.0,False,53512,Gies Memorial Stadium
2023,401531340,2023-10-07 22:00:00+00:00,6,2226,Florida Atlantic,American,202,Tulsa,home,False,False,True,STATUS_FINAL,20.0,17.0,True,21077,Flagler Credit Union Stadium
2023,401531420,2023-10-14 19:30:00+00:00,7,2226,Florida Atlantic,American,58,South Florida,away,False,False,True,STATUS_FINAL,56.0,14.0,True,0,Raymond James Stadium
2023,401531397,2023-10-21 22:00:00+00:00,8,2226,Florida Atlantic,American,2636,UTSA,home,False,False,True,STATUS_FINAL,10.0,36.0,False,17241,Flagler Credit Union Stadium
2023,401531383,2023-11-04 19:00:00+00:00,10,2226,Florida Atlantic,American,5,UAB,away,False,False,True,STATUS_FINAL,42.0,45.0,False,20676,Protective Stadium
2023,401531375,2023-11-18 17:00:00+00:00,12,2226,Florida Atlantic,American,2655,Tulane,home,False,False,True,STATUS_FINAL,8.0,24.0,False,15871,Flagler Credit Union Stadium
2023,401531421,2023-11-25 18:00:00+00:00,13,2226,Florida Atlantic,American,242,Rice,away,False,False,True,STATUS_FINAL,21.0,24.0,False,19393,Rice Stadium
2023,401520146,2023-08-27 01:00:00+00:00,1,2229,Florida International,Conference USA,2348,Louisiana Tech,away,False,False,True,STATUS_FINAL,17.0,22.0,False,16299,Joe Aillet Stadium
2023,401520153,2023-09-02 22:30:00+00:00,1,2229,Florida International,Conference USA,311,Maine,home,False,False,True,STATUS_FINAL,14.0,12.0,True,16878,Riccardo Silva Stadium
2023,401520189,2023-09-09 22:30:00+00:00,2,2229,Florida International,Conference USA,249,North Texas,home,False,False,True,STATUS_FINAL,46.0,39.0,True,15754,Riccardo Silva Stadium
2023,401520246,2023-09-16 19:30:00+00:00,3,2229,Florida International,Conference USA,41,UConn,away,False,False,True,STATUS_FINAL,24.0,17.0,True,20405,Pratt & Whitney Stadium
2023,401520275,2023-09-23 22:30:00+00:00,4,2229,Florida International,Conference USA,2335,Liberty,home,False,False,True,STATUS_FINAL,6.0,38.0,False,17437,Riccardo Silva Stadium
2023,401520297,2023-10-05 01:00:00+00:00,6,2229,Florida International,Conference USA,166,New Mexico State,away,False,False,True,STATUS_FINAL,17.0,34.0,False,11540,Aggie Memorial Stadium
2023,401520314,2023-10-11 23:30:00+00:00,7,2229,Florida International,Conference USA,2638,UTEP,home,False,False,True,STATUS_FINAL,14.0,27.0,False,14872,Riccardo Silva Stadium
2023,401520331,2023-10-18 23:00:00+00:00,8,2229,Florida International,Conference USA,2534,Sam Houston,away,False,False,True,STATUS_FINAL,33.0,27.0,True,7543,Elliott T. Bowers Stadium
2023,401520347,2023-10-25 23:00:00+00:00,9,2229,Florida International,Conference USA,55,Jacksonville State,home,False,False,True,STATUS_FINAL,16.0,41.0,False,14074,Riccardo Silva Stadium
2023,401520390,2023-11-11 20:30:00+00:00,11,2229,Florida International,Conference USA,2393,Middle Tennessee,away,False,False,True,STATUS_FINAL,6.0,40.0,False,11111,"Johnny ""Red"" Floyd Stadium"
2023,401520428,2023-11-25 20:00:00+00:00,13,2229,Florida International,Conference USA,98,Western Kentucky,home,False,False,True,STATUS_FINAL,28.0,41.0,False,12724,Riccardo Silva Stadium
2023,401520182,2023-09-03 23:30:00+00:00,1,52,Florida State,ACC,99,LSU,home,True,False,True,STATUS_FINAL,45.0,24.0,True,65429,Camping World Stadium
2023,401525493,2023-09-10 00:30:00+00:00,2,52,Florida State,ACC,2572,Southern Miss,home,False,False,True,STATUS_FINAL,66.0,13.0,True,74467,Doak Campbell Stadium
2023,401525518,2023-10-07 19:30:00+00:00,6,52,Florida State,ACC,259,Virginia Tech,home,False,False,True,STATUS_FINAL,39.0,17.0,True,79560,Doak Campbell Stadium
2023,401525524,2023-10-14 16:00:00+00:00,7,52,Florida State,ACC,183,Syracuse,home,False,False,True,STATUS_FINAL,41.0,3.0,True,79560,Doak Campbell Stadium
2023,401525536,2023-10-28 16:00:00+00:00,9,52,Florida State,ACC,154,Wake Forest,away,False,False,True,STATUS_FINAL,41.0,16.0,True,31288,Allegacy Federal Credit Union Stadium
2023,401525541,2023-11-04 19:30:00+00:00,10,52,Florida State,ACC,221,Pittsburgh,away,False,False,True,STATUS_FINAL,24.0,7.0,True,57557,Acrisure Stadium
2023,401525550,2023-11-11 20:30:00+00:00,11,52,Florida State,ACC,2390,Miami,home,False,False,True,STATUS_FINAL,27.0,20.0,True,79560,Doak Campbell Stadium
2023,401525556,2023-11-18 23:30:00+00:00,12,52,Florida State,ACC,2453,North Alabama,home,False,False,True,STATUS_FINAL,58.0,13.0,True,79560,Doak Campbell Stadium
2023,401539478,2023-12-03 01:00:00+00:00,14,52,Florida State,ACC,97,Louisville,home,True,False,True,STATUS_FINAL,16.0,6.0,True,62314,Bank of America Stadium
2023,401520170,2023-09-02 16:00:00+00:00,1,278,Fresno State,Mountain West,2509,Purdue,away,False,False,True,STATUS_FINAL,39.0,35.0,True,54898,Ross-Ade Stadium
2023,401532574,2023-09-10 01:00:00+00:00,2,278,Fresno State,Mountain West,331,Eastern Washington,home,False,False,True,STATUS_FINAL,34.0,31.0,True,41031,Valley Children's Stadium
2023,401532407,2023-09-24 02:30:00+00:00,4,278,Fresno State,Mountain West,2309,Kent State,home,False,False,True,STATUS_FINAL,53.0,10.0,True,38728,Valley Children's Stadium
2023,401532587,2023-10-01 02:30:00+00:00,5,278,Fresno State,Mountain West,2440,Nevada,home,False,False,True,STATUS_FINAL,27.0,9.0,True,39246,Valley Children's Stadium
2023,401532591,2023-10-08 00:00:00+00:00,6,278,Fresno State,Mountain West,2751,Wyoming,away,False,False,True,STATUS_FINAL,19.0,24.0,False,20788,War Memorial Stadium
2023,401532594,2023-10-14 00:00:00+00:00,7,278,Fresno State,Mountain West,328,Utah State,away,False,False,True,STATUS_FINAL,37.0,32.0,True,17220,Maverik Stadium
2023,401532606,2023-10-29 02:30:00+00:00,9,278,Fresno State,Mountain West,2439,UNLV,home,False,False,True,STATUS_FINAL,31.0,24.0,True,41031,Valley Children's Stadium
2023,401532614,2023-11-12 03:30:00+00:00,11,278,Fresno State,Mountain West,23,San José State,away,False,False,True,STATUS_FINAL,18.0,42.0,False,18886,CEFCU Stadium
2023,401532622,2023-11-19 03:30:00+00:00,12,278,Fresno State,Mountain West,167,New Mexico,home,False,False,True,STATUS_FINAL,17.0,25.0,False,38569,Valley Children's Stadium
2023,401532627,2023-11-26 03:30:00+00:00,13,278,Fresno State,Mountain West,21,San Diego State,away,False,False,True,STATUS_FINAL,18.0,33.0,False,22000,Snapdragon Stadium
2023,401520154,2023-09-02 22:00:00+00:00,1,61,Georgia,SEC,2630,UT Martin,home,False,False,True,STATUS_FINAL,48.0,7.0,True,92746,Sanford Stadium
2023,401520225,2023-09-16 19:30:00+00:00,3,61,Georgia,SEC,2579,South Carolina,home,False,False,True,STATUS_FINAL,24.0,14.0,True,92746,Sanford Stadium
2023,401520252,2023-09-23 23:30:00+00:00,4,61,Georgia,SEC,5,UAB,home,False,False,True,STATUS_FINAL,49.0,21.0,True,92746,Sanford Stadium
2023,401520300,2023-10-07 23:00:00+00:00,6,61,Georgia,SEC,96,Kentucky,home,False,False,True,STATUS_FINAL,51.0,13.0,True,92746,Sanford Stadium
2023,401520327,2023-10-14 16:00:00+00:00,7,61,Georgia,SEC,238,Vanderbilt,away,False,False,True,STATUS_FINAL,37.0,20.0,True,28500,FirstBank Stadium
2023,401520364,2023-11-04 19:30:00+00:00,10,61,Georgia,SEC,142,Missouri,home,False,False,True,STATUS_FINAL,30.0,21.0,True,92746,Sanford Stadium
2023,401520382,2023-11-12 00:00:00+00:00,11,61,Georgia,SEC,145,Ole Miss,home,False,False,True,STATUS_FINAL,52.0,17.0,True,92746,Sanford Stadium
2023,401520419,2023-11-18 20:30:00+00:00,12,61,Georgia,SEC,2633,Tennessee,away,False,False,True,STATUS_FINAL,38.0,10.0,True,101915,Neyland Stadium
2023,401520430,2023-11-26 00:30:00+00:00,13,61,Georgia,SEC,59,Georgia Tech,away,False,False,True,STATUS_FINAL,31.0,23.0,True,51447,Bobby Dodd Stadium
2023,401531836,2023-09-02 22:00:00+00:00,1,290,Georgia Southern,Sun Belt,2643,The Citadel,home,False,False,True,STATUS_FINAL,34.0,0.0,True,17803,Allen E. Paulson Stadium
2023,401531378,2023-09-09 22:00:00+00:00,2,290,Georgia Southern,Sun Belt,5,UAB,home,False,False,True,STATUS_FINAL,49.0,35.0,True,20103,Allen E. Paulson Stadium
2023,401520249,2023-09-16 16:00:00+00:00,3,290,Georgia Southern,Sun Belt,275,Wisconsin,away,False,False,True,STATUS_FINAL,14.0,35.0,False,75610,Camp Randall Stadium
2023,401531890,2023-10-14 16:00:00+00:00,7,290,Georgia Southern,Sun Belt,256,James Madison,away,False,False,True,STATUS_FINAL,13.0,41.0,False,25097,Bridgeforth Stadium
2023,401531894,2023-10-21 18:00:00+00:00,8,290,Georgia Southern,Sun Belt,2433,UL Monroe,home,False,False,True,STATUS_FINAL,38.0,28.0,True,21068,Allen E. Paulson Stadium
2023,401531929,2023-10-26 23:30:00+00:00,9,290,Georgia Southern,Sun Belt,2247,Georgia State,home,False,False,True,STATUS_FINAL,44.0,27.0,True,23389,Allen E. Paulson Stadium
2023,401531910,2023-11-04 21:00:00+00:00,10,290,Georgia Southern,Sun Belt,326,Texas State,away,False,False,True,STATUS_FINAL,24.0,45.0,False,18204,UFCU Stadium
2023,401531914,2023-11-12 00:00:00+00:00,11,290,Georgia Southern,Sun Belt,276,Marshall,away,False,False,True,STATUS_FINAL,33.0,38.0,False,19175,Joan C. Edwards Stadium
2023,401531917,2023-11-18 23:00:00+00:00,12,290,Georgia Southern,Sun Belt,295,Old Dominion,home,False,False,True,STATUS_FINAL,17.0,20.0,False,20032,Allen E. Paulson Stadium
2023,401531834,2023-08-31 23:00:00+00:00,1,2247,Georgia State,Sun Belt,227,Rhode Island,home,False,False,True,STATUS_FINAL,42.0,35.0,True,15546,Center Parc Stadium
2023,401520192,2023-09-09 23:00:00+00:00,2,2247,Georgia State,Sun Belt,41,UConn,home,False,False,True,STATUS_FINAL,35.0,14.0,True,15186,Center Parc Stadium
2023,401531879,2023-09-30 23:00:00+00:00,5,2247,Georgia State,Sun Belt,2653,Troy,home,False,False,True,STATUS_FINAL,7.0,28.0,False,16536,Center Parc Stadium
2023,401531889,2023-10-14 23:00:00+00:00,7,2247,Georgia State,Sun Belt,276,Marshall,home,False,False,True,STATUS_FINAL,41.0,24.0,True,0,Center Parc Stadium
2023,401531897,2023-10-22 00:00:00+00:00,8,2247,Georgia State,Sun Belt,309,Louisiana,away,False,False,True,STATUS_FINAL,20.0,17.0,True,20044,Our Lady of Lourdes Stadium
2023,401531906,2023-11-04 19:30:00+00:00,10,2247,Georgia State,Sun Belt,256,James Madison,home,False,False,True,STATUS_FINAL,14.0,42.0,False,15320,Center Parc Stadium
2023,401520409,2023-11-19 01:00:00+00:00,12,2247,Georgia State,Sun Belt,99,LSU,away,False,False,True,STATUS_FINAL,14.0,56.0,False,100212,Tiger Stadium (LA)
2023,401531925,2023-11-25 19:00:00+00:00,13,2247,Georgia State,Sun Belt,295,Old Dominion,away,False,False,True,STATUS_FINAL,24.0,25.0,False,15717,S.B. Ballard Stadium
2023,401525462,2023-09-01 23:30:00+00:00,1,59,Georgia Tech,ACC,97,Louisville,home,True,False,True,STATUS_FINAL,34.0,39.0,False,0,Mercedes-Benz Stadium
2023,401525494,2023-09-09 17:00:00+00:00,2,59,Georgia Tech,ACC,2569,South Carolina State,home,False,False,True,STATUS_FINAL,48.0,13.0,True,31452,Bobby Dodd Stadium
2023,401520241,2023-09-16 23:30:00+00:00,3,59,Georgia Tech,ACC,145,Ole Miss,away,False,False,True,STATUS_FINAL,23.0,48.0,False,64150,Vaught-Hemingway Stadium
2023,401525508,2023-09-23 22:30:00+00:00,4,59,Georgia Tech,ACC,154,Wake Forest,away,False,False,True,STATUS_FINAL,30.0,16.0,True,31865,Allegacy Federal Credit Union Stadium
2023,401525519,2023-10-08 00:00:00+00:00,6,59,Georgia Tech,ACC,2390,Miami,away,False,False,True,STATUS_FINAL,23.0,20.0,True,58045,Hard Rock Stadium
2023,401525537,2023-10-29 00:00:00+00:00,9,59,Georgia Tech,ACC,153,North Carolina,home,False,False,True,STATUS_FINAL,46.0,42.0,True,35945,Bobby Dodd Stadium
2023,401525542,2023-11-04 18:00:00+00:00,10,59,Georgia Tech,ACC,258,Virginia,away,False,False,True,STATUS_FINAL,45.0,17.0,True,42606,Scott Stadium
2023,401525557,2023-11-19 01:00:00+00:00,12,59,Georgia Tech,ACC,183,Syracuse,home,False,False,True,STATUS_FINAL,31.0,22.0,True,33332,Bobby Dodd Stadium
2023,401520147,2023-08-27 01:10:00+00:00,1,62,Hawai'i,Mountain West,238,Vanderbilt,away,False,False,True,STATUS_FINAL,28.0,35.0,False,21407,FirstBank Stadium
2023,401523988,2023-09-02 03:00:00+00:00,1,62,Hawai'i,Mountain West,24,Stanford,home,False,False,True,STATUS_FINAL,24.0,37.0,False,13739,Clarence T.C. Ching Athletics Complex
2023,401532575,2023-09-10 03:59:00+00:00,2,62,Hawai'i,Mountain West,399,UAlbany,home,False,False,True,STATUS_FINAL,31.0,20.0,True,9485,Clarence T.C. Ching Athletics Complex
2023,401524008,2023-09-17 00:00:00+00:00,3,62,Hawai'i,Mountain West,2483,Oregon,away,False,False,True,STATUS_FINAL,10.0,55.0,False,52779,Autzen Stadium
2023,401520253,2023-09-24 03:59:00+00:00,4,62,Hawai'i,Mountain West,166,New Mexico State,home,False,False,True,STATUS_FINAL,20.0,17.0,True,10254,Clarence T.C. Ching Athletics Complex
2023,401532586,2023-09-30 20:00:00+00:00,5,62,Hawai'i,Mountain West,2439,UNLV,away,False,False,True,STATUS_FINAL,20.0,44.0,False,25328,Allegiant Stadium
2023,401532595,2023-10-15 03:00:00+00:00,7,62,Hawai'i,Mountain West,21,San Diego State,home,False,False,True,STATUS_FINAL,34.0,41.0,False,10039,Clarence T.C. Ching Athletics Complex
2023,401532600,2023-10-21 22:00:00+00:00,8,62,Hawai'i,Mountain West,167,New Mexico,away,False,False,True,STATUS_FINAL,21.0,42.0,False,13723,University Stadium (NM)
2023,401532605,2023-10-29 03:59:00+00:00,9,62,Hawai'i,Mountain West,23,San José State,home,False,False,True,STATUS_FINAL,0.0,35.0,False,11486,Clarence T.C. Ching Athletics Complex
2023,401532610,2023-11-04 20:00:00+00:00,10,62,Hawai'i,Mountain West,2440,Nevada,away,False,False,True,STATUS_FINAL,27.0,14.0,True,15540,Mackay Stadium
2023,401532620,2023-11-18 19:00:00+00:00,12,62,Hawai'i,Mountain West,2751,Wyoming,away,False,False,True,STATUS_FINAL,9.0,42.0,False,18233,War Memorial Stadium
2023,401525819,2023-09-02 23:00:00+00:00,1,248,Houston,Big 12,2636,UTSA,home,False,False,True,STATUS_FINAL,17.0,14.0,True,37862,TDECU Stadium
2023,401525831,2023-09-09 23:00:00+00:00,2,248,Houston,Big 12,242,Rice,away,False,False,True,STATUS_FINAL,41.0,43.0,False,23425,Rice Stadium
2023,401525836,2023-09-17 00:00:00+00:00,3,248,Houston,Big 12,2628,TCU,home,False,False,True,STATUS_FINAL,13.0,36.0,False,36049,TDECU Stadium
2023,401520254,2023-09-23 23:00:00+00:00,4,248,Houston,Big 12,2534,Sam Houston,home,False,False,True,STATUS_FINAL,38.0,7.0,True,35044,TDECU Stadium
2023,401525855,2023-09-30 19:30:00+00:00,5,248,Houston,Big 12,2641,Texas Tech,away,False,False,True,STATUS_FINAL,28.0,49.0,False,53308,Galaxy Stadium
2023,401525862,2023-10-12 23:00:00+00:00,7,248,Houston,Big 12,277,West Virginia,home,False,False,True,STATUS_FINAL,41.0,39.0,True,32152,TDECU Stadium
2023,401525869,2023-10-21 20:00:00+00:00,8,248,Houston,Big 12,251,Texas,home,False,False,True,STATUS_FINAL,24.0,31.0,False,42812,TDECU Stadium
2023,401525875,2023-10-28 16:00:00+00:00,9,248,Houston,Big 12,2306,Kansas State,away,False,False,True,STATUS_FINAL,0.0,41.0,False,51928,Bill Snyder Family Stadium
2023,401525894,2023-11-18 21:00:00+00:00,12,248,Houston,Big 12,197,Oklahoma State,home,False,False,True,STATUS_FINAL,30.0,43.0,False,33906,TDECU Stadium
2023,401525906,2023-11-25 17:00:00+00:00,13,248,Houston,Big 12,2116,UCF,away,False,False,True,STATUS_FINAL,13.0,27.0,False,43610,Acrisure Bounce House
2023,401520155,2023-09-02 23:30:00+00:00,1,356,Illinois,Big Ten,2649,Toledo,home,False,False,True,STATUS_FINAL,30.0,28.0,True,48898,Gies Memorial Stadium
2023,401520195,2023-09-08 23:30:00+00:00,2,356,Illinois,Big Ten,2305,Kansas,away,False,False,True,STATUS_FINAL,23.0,34.0,False,45809,David Booth Kansas Memorial Stadium
2023,401520226,2023-09-16 16:00:00+00:00,3,356,Illinois,Big Ten,213,Penn State,home,False,False,True,STATUS_FINAL,13.0,30.0,False,49099,Gies Memorial Stadium
2023,401520289,2023-09-30 19:30:00+00:00,5,356,Illinois,Big Ten,2509,Purdue,away,False,False,True,STATUS_FINAL,19.0,44.0,False,59510,Ross-Ade Stadium
2023,401520301,2023-10-07 00:00:00+00:00,6,356,Illinois,Big Ten,158,Nebraska,home,False,False,True,STATUS_FINAL,7.0,20.0,False,46703,Gies Memorial Stadium
2023,401520320,2023-10-14 19:30:00+00:00,7,356,Illinois,Big Ten,120,Maryland,away,False,False,True,STATUS_FINAL,27.0,24.0,True,35580,SECU Stadium
2023,401520336,2023-10-21 19:30:00+00:00,8,356,Illinois,Big Ten,275,Wisconsin,home,False,False,True,STATUS_FINAL,21.0,25.0,False,54205,Gies Memorial Stadium
2023,401520370,2023-11-04 19:30:00+00:00,10,356,Illinois,Big Ten,135,Minnesota,away,False,False,True,STATUS_FINAL,27.0,26.0,True,42906,Huntington Bank Stadium
2023,401520383,2023-11-11 17:00:00+00:00,11,356,Illinois,Big Ten,84,Indiana,home,False,False,True,STATUS_FINAL,48.0,45.0,True,53157,Gies Memorial Stadium
2023,401520406,2023-11-18 20:30:00+00:00,12,356,Illinois,Big Ten,2294,Iowa,away,False,False,True,STATUS_FINAL,13.0,15.0,False,69250,Kinnick Stadium
2023,401520431,2023-11-25 20:30:00+00:00,13,356,Illinois,Big Ten,77,Northwestern,home,False,False,True,STATUS_FINAL,43.0,45.0,False,42310,Gies Memorial Stadium
2023,401520156,2023-09-02 19:30:00+00:00,1,84,Indiana,Big Ten,194,Ohio State,home,False,False,True,STATUS_FINAL,3.0,23.0,False,50050,"Memorial Stadium (Bloomington, IN)"
2023,401520193,2023-09-08 23:00:00+00:00,2,84,Indiana,Big Ten,282,Indiana State,home,False,False,True,STATUS_FINAL,41.0,7.0,True,42775,"Memorial Stadium (Bloomington, IN)"
2023,401520230,2023-09-16 16:00:00+00:00,3,84,Indiana,Big Ten,97,Louisville,home,True,False,True,STATUS_FINAL,14.0,21.0,False,0,Lucas Oil Stadium
2023,401520283,2023-09-30 19:30:00+00:00,5,84,Indiana,Big Ten,120,Maryland,away,False,False,True,STATUS_FINAL,17.0,44.0,False,38181,SECU Stadium
2023,401520321,2023-10-14 16:00:00+00:00,7,84,Indiana,Big Ten,130,Michigan,away,False,False,True,STATUS_FINAL,7.0,52.0,False,110264,Michigan Stadium
2023,401520337,2023-10-21 16:00:00+00:00,8,84,Indiana,Big Ten,164,Rutgers,home,False,False,True,STATUS_FINAL,14.0,31.0,False,0,"Memorial Stadium (Bloomington, IN)"
2023,401520358,2023-10-28 16:00:00+00:00,9,84,Indiana,Big Ten,213,Penn State,away,False,False,True,STATUS_FINAL,24.0,33.0,False,107209,Beaver Stadium
2023,401520365,2023-11-04 16:00:00+00:00,10,84,Indiana,Big Ten,275,Wisconsin,home,False,False,True,STATUS_FINAL,20.0,14.0,True,45466,"Memorial Stadium (Bloomington, IN)"
2023,401520405,2023-11-18 17:00:00+00:00,12,84,Indiana,Big Ten,127,Michigan State,home,False,False,True,STATUS_FINAL,21.0,24.0,False,40666,"Memorial Stadium (Bloomington, IN)"
2023,401520438,2023-11-25 17:00:00+00:00,13,84,Indiana,Big Ten,2509,Purdue,away,False,False,True,STATUS_FINAL,31.0,35.0,False,59993,Ross-Ade Stadium
2023,401520157,2023-09-02 16:00:00+00:00,1,2294,Iowa,Big Ten,328,Utah State,home,False,False,True,STATUS_FINAL,24.0,14.0,True,69250,Kinnick Stadium
2023,401520194,2023-09-09 19:30:00+00:00,2,2294,Iowa,Big Ten,66,Iowa State,away,False,False,True,STATUS_FINAL,20.0,13.0,True,61500,Jack Trice Stadium
2023,401520227,2023-09-16 19:30:00+00:00,3,2294,Iowa,Big Ten,2711,Western Michigan,home,False,False,True,STATUS_FINAL,41.0,10.0,True,69250,Kinnick Stadium
2023,401520265,2023-09-23 23:30:00+00:00,4,2294,Iowa,Big Ten,213,Penn State,away,False,False,True,STATUS_FINAL,0.0,31.0,False,110830,Beaver Stadium
2023,401520281,2023-09-30 23:30:00+00:00,5,2294,Iowa,Big Ten,127,Michigan State,home,False,False,True,STATUS_FINAL,26.0,16.0,True,69250,Kinnick Stadium
2023,401520302,2023-10-07 19:30:00+00:00,6,2294,Iowa,Big Ten,2509,Purdue,home,False,False,True,STATUS_FINAL,20.0,14.0,True,69250,Kinnick Stadium
2023,401520328,2023-10-14 20:00:00+00:00,7,2294,Iowa,Big Ten,275,Wisconsin,away,False,False,True,STATUS_FINAL,15.0,6.0,True,76205,Camp Randall Stadium
2023,401520338,2023-10-21 19:30:00+00:00,8,2294,Iowa,Big Ten,135,Minnesota,home,False,False,True,STATUS_FINAL,10.0,12.0,False,69250,Kinnick Stadium
2023,401520373,2023-11-04 19:30:00+00:00,10,2294,Iowa,Big Ten,77,Northwestern,away,True,False,True,STATUS_FINAL,10.0,7.0,True,0,Wrigley Field
2023,401520384,2023-11-11 20:30:00+00:00,11,2294,Iowa,Big Ten,164,Rutgers,home,False,False,True,STATUS_FINAL,22.0,0.0,True,69250,Kinnick Stadium
2023,401520425,2023-11-24 17:00:00+00:00,13,2294,Iowa,Big Ten,158,Nebraska,away,False,False,True,STATUS_FINAL,13.0,10.0,True,86183,"Memorial Stadium (Lincoln, NE)"
2023,401539480,2023-12-03 01:00:00+00:00,14,2294,Iowa,Big Ten,130,Michigan,home,True,False,True,STATUS_FINAL,0.0,26.0,False,67842,Lucas Oil Stadium
2023,401525820,2023-09-02 18:00:00+00:00,1,66,Iowa State,Big 12,2460,Northern Iowa,home,False,False,True,STATUS_FINAL,30.0,9.0,True,58248,Jack Trice Stadium
2023,401525838,2023-09-16 16:00:00+00:00,3,66,Iowa State,Big 12,195,Ohio,away,False,False,True,STATUS_FINAL,7.0,10.0,False,21991,Peden Stadium
2023,401525846,2023-09-23 20:00:00+00:00,4,66,Iowa State,Big 12,197,Oklahoma State,home,False,False,True,STATUS_FINAL,34.0,27.0,True,59022,Jack Trice Stadium
2023,401525852,2023-09-30 23:00:00+00:00,5,66,Iowa State,Big 12,201,Oklahoma,away,False,False,True,STATUS_FINAL,20.0,50.0,False,84371,"Memorial Stadium (Norman, OK)"
2023,401525859,2023-10-08 00:00:00+00:00,6,66,Iowa State,Big 12,2628,TCU,home,False,False,True,STATUS_FINAL,27.0,14.0,True,60535,Jack Trice Stadium
2023,401525882,2023-11-04 23:00:00+00:00,10,66,Iowa State,Big 12,2305,Kansas,home,False,False,True,STATUS_FINAL,21.0,28.0,False,61500,Jack Trice Stadium
2023,401525895,2023-11-19 01:00:00+00:00,12,66,Iowa State,Big 12,251,Texas,home,False,False,True,STATUS_FINAL,16.0,26.0,False,61500,Jack Trice Stadium
2023,401525904,2023-11-26 01:00:00+00:00,13,66,Iowa State,Big 12,2306,Kansas State,away,False,False,True,STATUS_FINAL,42.0,35.0,True,51481,Bill Snyder Family Stadium
2023,401520145,2023-08-26 21:30:00+00:00,1,55,Jacksonville State,Conference USA,2638,UTEP,home,False,False,True,STATUS_FINAL,17.0,14.0,True,17982,AmFirst Stadium
2023,401520158,2023-09-02 18:00:00+00:00,1,55,Jacksonville State,Conference USA,2193,East Tennessee State,home,False,False,True,STATUS_FINAL,49.0,3.0,True,21276,AmFirst Stadium
2023,401520276,2023-09-29 00:00:00+00:00,5,55,Jacksonville State,Conference USA,2534,Sam Houston,away,False,False,True,STATUS_FINAL,35.0,28.0,True,14566,Elliott T. Bowers Stadium
2023,401520294,2023-10-05 00:00:00+00:00,6,55,Jacksonville State,Conference USA,2393,Middle Tennessee,away,False,False,True,STATUS_FINAL,45.0,30.0,True,13066,"Johnny ""Red"" Floyd Stadium"
2023,401520312,2023-10-10 23:30:00+00:00,7,55,Jacksonville State,Conference USA,2335,Liberty,home,False,False,True,STATUS_FINAL,13.0,31.0,False,21745,AmFirst Stadium
2023,401520329,2023-10-17 23:30:00+00:00,8,55,Jacksonville State,Conference USA,98,Western Kentucky,home,False,False,True,STATUS_FINAL,20.0,17.0,True,17977,AmFirst Stadium
2023,401520376,2023-11-04 16:00:00+00:00,10,55,Jacksonville State,Conference USA,2579,South Carolina,away,False,False,True,STATUS_FINAL,28.0,38.0,False,75348,Williams-Brice Stadium
2023,401520407,2023-11-18 19:00:00+00:00,12,55,Jacksonville State,Conference USA,2348,Louisiana Tech,home,False,False,True,STATUS_FINAL,56.0,17.0,True,20252,AmFirst Stadium
2023,401520437,2023-11-25 21:00:00+00:00,13,55,Jacksonville State,Conference USA,166,New Mexico State,away,False,False,True,STATUS_FINAL,17.0,20.0,False,15702,Aggie Memorial Stadium
2023,401531837,2023-09-02 22:00:00+00:00,1,256,James Madison,Sun Belt,2083,Bucknell,home,False,False,True,STATUS_FINAL,38.0,3.0,True,23756,Bridgeforth Stadium
2023,401525498,2023-09-09 16:00:00+00:00,2,256,James Madison,Sun Belt,258,Virginia,away,False,False,True,STATUS_FINAL,36.0,35.0,True,56508,Scott Stadium
2023,401531848,2023-09-16 23:00:00+00:00,3,256,James Madison,Sun Belt,2653,Troy,away,False,False,True,STATUS_FINAL,16.0,14.0,True,26634,Veterans Memorial Stadium (AL)
2023,401531872,2023-09-24 00:00:00+00:00,4,256,James Madison,Sun Belt,328,Utah State,away,False,False,True,STATUS_FINAL,45.0,38.0,True,19994,Maverik Stadium
2023,401531880,2023-09-30 16:00:00+00:00,5,256,James Madison,Sun Belt,6,South Alabama,home,False,False,True,STATUS_FINAL,31.0,23.0,True,26064,Bridgeforth Stadium
2023,401531893,2023-10-19 23:00:00+00:00,8,256,James Madison,Sun Belt,276,Marshall,away,False,False,True,STATUS_FINAL,20.0,9.0,True,22109,Joan C. Edwards Stadium
2023,401531900,2023-10-29 00:00:00+00:00,9,256,James Madison,Sun Belt,295,Old Dominion,home,False,False,True,STATUS_FINAL,30.0,27.0,True,26239,Bridgeforth Stadium
2023,401520385,2023-11-11 19:00:00+00:00,11,256,James Madison,Sun Belt,41,UConn,home,False,False,True,STATUS_FINAL,44.0,6.0,True,25240,Bridgeforth Stadium
2023,401525815,2023-09-02 00:00:00+00:00,1,2305,Kansas,Big 12,2623,Missouri State,home,False,False,True,STATUS_FINAL,48.0,17.0,True,41091,David Booth Kansas Memorial Stadium
2023,401525837,2023-09-17 02:30:00+00:00,3,2305,Kansas,Big 12,2440,Nevada,away,False,False,True,STATUS_FINAL,31.0,24.0,True,44182,Mackay Stadium
2023,401525854,2023-09-30 19:30:00+00:00,5,2305,Kansas,Big 12,251,Texas,away,False,False,True,STATUS_FINAL,14.0,40.0,False,102986,DKR-Texas Memorial Stadium
2023,401525860,2023-10-07 20:00:00+00:00,6,2305,Kansas,Big 12,2116,UCF,home,False,False,True,STATUS_FINAL,51.0,22.0,True,46107,David Booth Kansas Memorial Stadium
2023,401525864,2023-10-14 19:30:00+00:00,7,2305,Kansas,Big 12,197,Oklahoma State,away,False,False,True,STATUS_FINAL,32.0,39.0,False,53855,Boone Pickens Stadium
2023,401525874,2023-10-28 16:00:00+00:00,9,2305,Kansas,Big 12,201,Oklahoma,home,False,False,True,STATUS_FINAL,38.0,33.0,True,47233,David Booth Kansas Memorial Stadium
2023,401525888,2023-11-11 17:00:00+00:00,11,2305,Kansas,Big 12,2641,Texas Tech,home,False,False,True,STATUS_FINAL,13.0,16.0,False,47233,David Booth Kansas Memorial Stadium
2023,401525896,2023-11-19 00:00:00+00:00,12,2305,Kansas,Big 12,2306,Kansas State,home,False,False,True,STATUS_FINAL,27.0,31.0,False,47233,David Booth Kansas Memorial Stadium
2023,401525821,2023-09-02 23:00:00+00:00,1,2306,Kansas State,Big 12,2546,Southeast Missouri State,home,False,False,True,STATUS_FINAL,45.0,0.0,True,52066,Bill Snyder Family Stadium
2023,401525829,2023-09-09 16:00:00+00:00,2,2306,Kansas State,Big 12,2653,Troy,home,False,False,True,STATUS_FINAL,42.0,13.0,True,51940,Bill Snyder Family Stadium
2023,401520236,2023-09-16 16:00:00+00:00,3,2306,Kansas State,Big 12,142,Missouri,away,False,False,True,STATUS_FINAL,27.0,30.0,False,62621,Memorial Stadium
2023,401525848,2023-09-24 00:00:00+00:00,4,2306,Kansas State,Big 12,2116,UCF,home,False,False,True,STATUS_FINAL,44.0,31.0,True,51912,Bill Snyder Family Stadium
2023,401525857,2023-10-06 23:30:00+00:00,6,2306,Kansas State,Big 12,197,Oklahoma State,away,False,False,True,STATUS_FINAL,21.0,29.0,False,53855,Boone Pickens Stadium
2023,401525866,2023-10-14 23:00:00+00:00,7,2306,Kansas State,Big 12,2641,Texas Tech,away,False,False,True,STATUS_FINAL,38.0,21.0,True,56200,Galaxy Stadium
2023,401525870,2023-10-21 23:00:00+00:00,8,2306,Kansas State,Big 12,2628,TCU,home,False,False,True,STATUS_FINAL,41.0,3.0,True,52580,Bill Snyder Family Stadium
2023,401525884,2023-11-04 16:00:00+00:00,10,2306,Kansas State,Big 12,251,Texas,away,False,False,True,STATUS_FINAL,30.0,33.0,False,102846,DKR-Texas Memorial Stadium
2023,401525816,2023-08-31 23:00:00+00:00,1,2309,Kent State,MAC,2116,UCF,away,False,False,True,STATUS_FINAL,6.0,56.0,False,44088,Acrisure Bounce House
2023,401532404,2023-09-16 16:00:00+00:00,3,2309,Kent State,MAC,2115,Central Connecticut,home,False,False,True,STATUS_FINAL,38.0,10.0,True,10731,Zoeller Field at Dix Stadium
2023,401532413,2023-09-30 18:30:00+00:00,5,2309,Kent State,MAC,193,Miami (OH),home,False,False,True,STATUS_FINAL,3.0,23.0,False,13598,Zoeller Field at Dix Stadium
2023,401532417,2023-10-07 19:30:00+00:00,6,2309,Kent State,MAC,195,Ohio,away,False,False,True,STATUS_FINAL,17.0,42.0,False,22945,Peden Stadium
2023,401532453,2023-11-25 17:00:00+00:00,13,2309,Kent State,MAC,2459,Northern Illinois,home,False,False,True,STATUS_FINAL,27.0,37.0,False,0,Zoeller Field at Dix Stadium
2023,401520196,2023-09-09 19:00:00+00:00,2,96,Kentucky,SEC,2198,Eastern Kentucky,home,False,False,True,STATUS_FINAL,28.0,17.0,True,61876,Kroger Field
2023,401520274,2023-09-23 16:00:00+00:00,4,96,Kentucky,SEC,238,Vanderbilt,away,False,False,True,STATUS_FINAL,45.0,28.0,True,26279,FirstBank Stadium
2023,401520318,2023-10-14 23:30:00+00:00,7,96,Kentucky,SEC,142,Missouri,home,False,False,True,STATUS_FINAL,21.0,38.0,False,61654,Kroger Field
2023,401520353,2023-10-28 23:00:00+00:00,9,96,Kentucky,SEC,2633,Tennessee,home,False,False,True,STATUS_FINAL,27.0,33.0,False,61665,Kroger Field
2023,401520371,2023-11-04 23:30:00+00:00,10,96,Kentucky,SEC,344,Mississippi State,away,False,False,True,STATUS_FINAL,24.0,3.0,True,52329,Davis Wade Stadium
2023,401520418,2023-11-19 00:30:00+00:00,12,96,Kentucky,SEC,2579,South Carolina,away,False,False,True,STATUS_FINAL,14.0,17.0,False,77788,Williams-Brice Stadium
2023,401520432,2023-11-25 17:00:00+00:00,13,96,Kentucky,SEC,97,Louisville,away,False,False,True,STATUS_FINAL,38.0,31.0,True,59225,L&N Federal Credit Union Stadium
2023,401520199,2023-09-09 23:30:00+00:00,2,99,LSU,SEC,2755,Grambling,home,False,False,True,STATUS_FINAL,72.0,10.0,True,97735,Tiger Stadium (LA)
2023,401520235,2023-09-16 16:00:00+00:00,3,99,LSU,SEC,344,Mississippi State,away,False,False,True,STATUS_FINAL,41.0,14.0,True,60084,Davis Wade Stadium
2023,401520288,2023-09-30 22:00:00+00:00,5,99,LSU,SEC,145,Ole Miss,away,False,False,True,STATUS_FINAL,49.0,55.0,False,66703,Vaught-Hemingway Stadium
2023,401520305,2023-10-07 16:00:00+00:00,6,99,LSU,SEC,142,Missouri,away,False,False,True,STATUS_FINAL,49.0,39.0,True,62621,Memorial Stadium
2023,401520433,2023-11-25 17:00:00+00:00,13,99,LSU,SEC,245,Texas A&M,home,False,False,True,STATUS_FINAL,42.0,30.0,True,101178,Tiger Stadium (LA)
2023,401520198,2023-09-09 22:00:00+00:00,2,2335,Liberty,Conference USA,166,New Mexico State,home,False,False,True,STATUS_FINAL,33.0,17.0,True,20123,Williams Stadium (VA)
2023,401520296,2023-10-05 23:00:00+00:00,6,2335,Liberty,Conference USA,2534,Sam Houston,home,False,False,True,STATUS_FINAL,21.0,16.0,True,17100,Williams Stadium (VA)
2023,401520330,2023-10-17 23:00:00+00:00,8,2335,Liberty,Conference USA,2393,Middle Tennessee,home,False,False,True,STATUS_FINAL,42.0,35.0,True,16354,Williams Stadium (VA)
2023,401520346,2023-10-24 23:30:00+00:00,9,2335,Liberty,Conference USA,98,Western Kentucky,away,False,False,True,STATUS_FINAL,42.0,29.0,True,16036,Houchens Industries-L.T. Smith Stadium
2023,401520366,2023-11-04 22:00:00+00:00,10,2335,Liberty,Conference USA,2348,Louisiana Tech,home,False,False,True,STATUS_FINAL,56.0,30.0,True,21647,Williams Stadium (VA)
2023,401520388,2023-11-11 18:00:00+00:00,11,2335,Liberty,Conference USA,295,Old Dominion,home,False,False,True,STATUS_FINAL,38.0,10.0,True,21481,Williams Stadium (VA)
2023,401520408,2023-11-18 18:00:00+00:00,12,2335,Liberty,Conference USA,113,Massachusetts,home,False,False,True,STATUS_FINAL,49.0,25.0,True,16860,Williams Stadium (VA)
2023,401520444,2023-11-25 20:30:00+00:00,13,2335,Liberty,Conference USA,2638,UTEP,away,False,False,True,STATUS_FINAL,42.0,28.0,True,10240,Sun Bowl
2023,401539476,2023-12-02 00:00:00+00:00,14,2335,Liberty,Conference USA,166,New Mexico State,home,False,False,True,STATUS_FINAL,49.0,35.0,True,20077,Williams Stadium (VA)
2023,401531839,2023-09-03 00:30:00+00:00,1,309,Louisiana,Sun Belt,2466,Northwestern State,home,False,False,True,STATUS_FINAL,38.0,13.0,True,18186,Our Lady of Lourdes Stadium
2023,401531842,2023-09-09 22:00:00+00:00,2,309,Louisiana,Sun Belt,295,Old Dominion,away,False,False,True,STATUS_FINAL,31.0,38.0,False,18154,S.B. Ballard Stadium
2023,401531379,2023-09-16 23:00:00+00:00,3,309,Louisiana,Sun Belt,5,UAB,away,False,False,True,STATUS_FINAL,41.0,21.0,True,21673,Protective Stadium
2023,401520284,2023-09-30 16:00:00+00:00,5,309,Louisiana,Sun Belt,135,Minnesota,away,False,False,True,STATUS_FINAL,24.0,35.0,False,46843,Huntington Bank Stadium
2023,401531884,2023-10-07 19:30:00+00:00,6,309,Louisiana,Sun Belt,326,Texas State,home,False,False,True,STATUS_FINAL,34.0,30.0,True,15053,Our Lady of Lourdes Stadium
2023,401531902,2023-10-28 21:00:00+00:00,9,309,Louisiana,Sun Belt,6,South Alabama,away,False,False,True,STATUS_FINAL,33.0,20.0,True,16709,Hancock Whitney Stadium
2023,401531911,2023-11-10 00:30:00+00:00,11,309,Louisiana,Sun Belt,2572,Southern Miss,home,False,False,True,STATUS_FINAL,31.0,34.0,False,15137,Our Lady of Lourdes Stadium
2023,401531921,2023-11-18 20:30:00+00:00,12,309,Louisiana,Sun Belt,2653,Troy,away,False,False,True,STATUS_FINAL,24.0,31.0,False,26621,Veterans Memorial Stadium (AL)
2023,401531926,2023-11-25 20:00:00+00:00,13,309,Louisiana,Sun Belt,2433,UL Monroe,home,False,False,True,STATUS_FINAL,52.0,21.0,True,13892,Our Lady of Lourdes Stadium
2023,401520172,2023-09-02 16:00:00+00:00,1,2348,Louisiana Tech,Conference USA,2567,SMU,away,False,False,True,STATUS_FINAL,14.0,38.0,False,21490,Gerald J. Ford Stadium
2023,401520197,2023-09-09 23:00:00+00:00,2,2348,Louisiana Tech,Conference USA,2466,Northwestern State,home,False,False,True,STATUS_FINAL,51.0,21.0,True,19152,Joe Aillet Stadium
2023,401520229,2023-09-16 23:00:00+00:00,3,2348,Louisiana Tech,Conference USA,249,North Texas,home,False,False,True,STATUS_FINAL,37.0,40.0,False,17434,Joe Aillet Stadium
2023,401520263,2023-09-23 19:30:00+00:00,4,2348,Louisiana Tech,Conference USA,158,Nebraska,away,False,False,True,STATUS_FINAL,14.0,28.0,False,87115,"Memorial Stadium (Lincoln, NE)"
2023,401520278,2023-09-30 01:00:00+00:00,5,2348,Louisiana Tech,Conference USA,2638,UTEP,away,False,False,True,STATUS_FINAL,24.0,10.0,True,9101,Sun Bowl
2023,401520295,2023-10-06 00:00:00+00:00,6,2348,Louisiana Tech,Conference USA,98,Western Kentucky,home,False,False,True,STATUS_FINAL,28.0,35.0,False,13014,Joe Aillet Stadium
2023,401520313,2023-10-10 23:00:00+00:00,7,2348,Louisiana Tech,Conference USA,2393,Middle Tennessee,away,False,False,True,STATUS_FINAL,23.0,31.0,False,9602,"Johnny ""Red"" Floyd Stadium"
2023,401520345,2023-10-24 23:00:00+00:00,9,2348,Louisiana Tech,Conference USA,166,New Mexico State,home,False,False,True,STATUS_FINAL,24.0,27.0,False,13798,Joe Aillet Stadium
2023,401520387,2023-11-11 20:00:00+00:00,11,2348,Louisiana Tech,Conference USA,2534,Sam Houston,home,False,False,True,STATUS_FINAL,27.0,42.0,False,15080,Joe Aillet Stadium
2023,401525469,2023-09-07 23:30:00+00:00,2,97,Louisville,ACC,93,Murray State,home,False,False,True,STATUS_FINAL,56.0,0.0,True,45273,L&N Federal Credit Union Stadium
2023,401525512,2023-09-29 23:00:00+00:00,5,97,Louisville,ACC,152,NC State,away,False,False,True,STATUS_FINAL,13.0,10.0,True,56919,Carter-Finley Stadium
2023,401525439,2023-10-07 23:37:00+00:00,6,97,Louisville,ACC,87,Notre Dame,home,False,False,True,STATUS_FINAL,33.0,20.0,True,59081,L&N Federal Credit Union Stadium
2023,401525525,2023-10-14 22:30:00+00:00,7,97,Louisville,ACC,221,Pittsburgh,away,False,False,True,STATUS_FINAL,21.0,38.0,False,46296,Acrisure Stadium
2023,401525543,2023-11-04 19:30:00+00:00,10,97,Louisville,ACC,259,Virginia Tech,home,False,False,True,STATUS_FINAL,34.0,3.0,True,49945,L&N Federal Credit Union Stadium
2023,401525546,2023-11-10 00:30:00+00:00,11,97,Louisville,ACC,258,Virginia,home,False,False,True,STATUS_FINAL,31.0,24.0,True,44628,L&N Federal Credit Union Stadium
2023,401525558,2023-11-18 17:00:00+00:00,12,97,Louisville,ACC,2390,Miami,away,False,False,True,STATUS_FINAL,38.0,31.0,True,44996,Hard Rock Stadium
2023,401531838,2023-09-02 22:00:00+00:00,1,276,Marshall,Sun Belt,399,UAlbany,home,False,False,True,STATUS_FINAL,21.0,17.0,True,25101,Joan C. Edwards Stadium
2023,401525511,2023-09-23 16:00:00+00:00,4,276,Marshall,Sun Belt,259,Virginia Tech,home,False,False,True,STATUS_FINAL,24.0,17.0,True,31475,Joan C. Edwards Stadium
2023,401531881,2023-09-30 19:30:00+00:00,5,276,Marshall,Sun Belt,295,Old Dominion,home,False,False,True,STATUS_FINAL,41.0,35.0,True,22652,Joan C. Edwards Stadium
2023,401525521,2023-10-07 18:00:00+00:00,6,276,Marshall,Sun Belt,152,NC State,away,False,False,True,STATUS_FINAL,41.0,48.0,False,56919,Carter-Finley Stadium
2023,401531920,2023-11-18 22:00:00+00:00,12,276,Marshall,Sun Belt,6,South Alabama,away,False,False,True,STATUS_FINAL,0.0,28.0,False,14105,Hancock Whitney Stadium
2023,401520161,2023-09-02 19:30:00+00:00,1,120,Maryland,Big Ten,119,Towson,home,False,False,True,STATUS_FINAL,38.0,6.0,True,37241,SECU Stadium
2023,401520231,2023-09-15 23:00:00+00:00,3,120,Maryland,Big Ten,258,Virginia,home,False,False,True,STATUS_FINAL,42.0,14.0,True,37041,SECU Stadium
2023,401520261,2023-09-23 19:30:00+00:00,4,120,Maryland,Big Ten,127,Michigan State,away,False,False,True,STATUS_FINAL,31.0,9.0,True,70131,Spartan Stadium
2023,401520307,2023-10-07 16:00:00+00:00,6,120,Maryland,Big Ten,194,Ohio State,away,False,False,True,STATUS_FINAL,17.0,37.0,False,104974,Ohio Stadium
2023,401520356,2023-10-28 16:00:00+00:00,9,120,Maryland,Big Ten,77,Northwestern,away,False,False,True,STATUS_FINAL,27.0,33.0,False,19286,Ryan Field (1926)
2023,401520367,2023-11-04 19:30:00+00:00,10,120,Maryland,Big Ten,213,Penn State,home,False,False,True,STATUS_FINAL,15.0,51.0,False,51802,SECU Stadium
2023,401520392,2023-11-11 17:00:00+00:00,11,120,Maryland,Big Ten,158,Nebraska,away,False,False,True,STATUS_FINAL,13.0,10.0,True,86830,"Memorial Stadium (Lincoln, NE)"
2023,401520410,2023-11-18 17:00:00+00:00,12,120,Maryland,Big Ten,130,Michigan,home,False,False,True,STATUS_FINAL,24.0,31.0,False,49546,SECU Stadium
2023,401520439,2023-11-25 20:30:00+00:00,13,120,Maryland,Big Ten,164,Rutgers,away,False,False,True,STATUS_FINAL,42.0,24.0,True,0,SHI Stadium
2023,401525450,2023-08-26 23:00:00+00:00,1,113,Massachusetts,FBS Independents,166,New Mexico State,away,False,False,True,STATUS_FINAL,41.0,30.0,True,15356,Aggie Memorial Stadium
2023,401526833,2023-09-09 19:30:00+00:00,2,113,Massachusetts,FBS Independents,193,Miami (OH),home,False,False,True,STATUS_FINAL,28.0,41.0,False,9207,Warren McGuirk Alumni Stadium
2023,401526835,2023-09-23 19:30:00+00:00,4,113,Massachusetts,FBS Independents,167,New Mexico,home,False,False,True,STATUS_FINAL,31.0,34.0,False,8298,Warren McGuirk Alumni Stadium
2023,401526837,2023-10-07 16:00:00+00:00,6,113,Massachusetts,FBS Independents,2649,Toledo,home,False,False,True,STATUS_FINAL,24.0,41.0,False,9623,Warren McGuirk Alumni Stadium
2023,401520322,2023-10-14 19:30:00+00:00,7,113,Massachusetts,FBS Independents,213,Penn State,away,False,False,True,STATUS_FINAL,0.0,63.0,False,105533,Beaver Stadium
2023,401520400,2023-11-04 19:30:00+00:00,10,113,Massachusetts,FBS Independents,2771,Merrimack,home,False,False,True,STATUS_FINAL,31.0,21.0,True,14672,Warren McGuirk Alumni Stadium
2023,401520443,2023-11-25 17:00:00+00:00,13,113,Massachusetts,FBS Independents,41,UConn,home,False,False,True,STATUS_FINAL,18.0,31.0,False,12291,Warren McGuirk Alumni Stadium
2023,401531426,2023-09-02 23:00:00+00:00,1,235,Memphis,American,2065,Bethune-Cookman,home,False,False,True,STATUS_FINAL,56.0,14.0,True,26632,Simmons Bank Liberty Stadium
2023,401531428,2023-09-14 23:30:00+00:00,3,235,Memphis,American,2426,Navy,home,False,False,True,STATUS_FINAL,28.0,24.0,True,25551,Simmons Bank Liberty Stadium
2023,401520259,2023-09-23 23:30:00+00:00,4,235,Memphis,American,142,Missouri,away,True,False,True,STATUS_FINAL,27.0,34.0,False,45085,The Dome at America's Center
2023,401531371,2023-10-13 23:00:00+00:00,7,235,Memphis,American,2655,Tulane,home,False,False,True,STATUS_FINAL,21.0,31.0,False,35609,Simmons Bank Liberty Stadium
2023,401531382,2023-10-21 16:00:00+00:00,8,235,Memphis,American,5,UAB,away,False,False,True,STATUS_FINAL,45.0,21.0,True,20269,Protective Stadium
2023,401531430,2023-10-28 19:00:00+00:00,9,235,Memphis,American,249,North Texas,away,False,False,True,STATUS_FINAL,45.0,42.0,True,18062,DATCU Stadium
2023,401531425,2023-11-04 19:00:00+00:00,10,235,Memphis,American,58,South Florida,home,False,False,True,STATUS_FINAL,59.0,50.0,True,30223,Simmons Bank Liberty Stadium
2023,401531431,2023-11-18 17:00:00+00:00,12,235,Memphis,American,2567,SMU,home,False,False,True,STATUS_FINAL,34.0,38.0,False,30313,Simmons Bank Liberty Stadium
2023,401531394,2023-11-24 17:00:00+00:00,13,235,Memphis,American,218,Temple,away,False,False,True,STATUS_FINAL,45.0,21.0,True,10830,Lincoln Financial Field
2023,401525463,2023-09-01 23:00:00+00:00,1,2390,Miami,ACC,193,Miami (OH),home,False,False,True,STATUS_FINAL,38.0,3.0,True,49024,Hard Rock Stadium
2023,401520201,2023-09-09 19:30:00+00:00,2,2390,Miami,ACC,245,Texas A&M,home,False,False,True,STATUS_FINAL,48.0,33.0,True,48792,Hard Rock Stadium
2023,401525499,2023-09-14 23:30:00+00:00,3,2390,Miami,ACC,2065,Bethune-Cookman,home,False,False,True,STATUS_FINAL,48.0,7.0,True,40077,Hard Rock Stadium
2023,401525509,2023-09-23 19:30:00+00:00,4,2390,Miami,ACC,218,Temple,away,False,False,True,STATUS_FINAL,41.0,7.0,True,17234,Lincoln Financial Field
2023,401525526,2023-10-14 23:30:00+00:00,7,2390,Miami,ACC,153,North Carolina,away,False,False,True,STATUS_FINAL,31.0,41.0,False,50500,Kenan Stadium
2023,401525538,2023-10-28 19:30:00+00:00,9,2390,Miami,ACC,258,Virginia,home,False,False,True,STATUS_FINAL,29.0,26.0,True,58503,Hard Rock Stadium
2023,401525544,2023-11-05 00:00:00+00:00,10,2390,Miami,ACC,152,NC State,away,False,False,True,STATUS_FINAL,6.0,20.0,False,56919,Carter-Finley Stadium
2023,401532408,2023-09-23 19:30:00+00:00,4,193,Miami (OH),MAC,2169,Delaware State,home,False,False,True,STATUS_FINAL,62.0,20.0,True,15812,Yager Stadium
2023,401532423,2023-10-14 19:30:00+00:00,7,193,Miami (OH),MAC,2711,Western Michigan,away,False,False,True,STATUS_FINAL,34.0,21.0,True,20039,Waldo Stadium
2023,401532427,2023-10-21 20:00:00+00:00,8,193,Miami (OH),MAC,2649,Toledo,home,False,False,True,STATUS_FINAL,17.0,21.0,False,17321,Yager Stadium
2023,401532432,2023-10-28 19:30:00+00:00,9,193,Miami (OH),MAC,195,Ohio,away,False,False,True,STATUS_FINAL,30.0,16.0,True,19854,Peden Stadium
2023,401539481,2023-12-02 17:00:00+00:00,14,193,Miami (OH),MAC,2649,Toledo,away,True,False,True,STATUS_FINAL,23.0,14.0,True,20200,Ford Field
2023,401520202,2023-09-09 19:30:00+00:00,2,130,Michigan,Big Ten,2439,UNLV,home,False,False,True,STATUS_FINAL,35.0,7.0,True,109482,Michigan Stadium
2023,401520260,2023-09-23 16:00:00+00:00,4,130,Michigan,Big Ten,164,Rutgers,home,False,False,True,STATUS_FINAL,31.0,7.0,True,109756,Michigan Stadium
2023,401520286,2023-09-30 19:30:00+00:00,5,130,Michigan,Big Ten,158,Nebraska,away,False,False,True,STATUS_FINAL,45.0,7.0,True,87134,"Memorial Stadium (Lincoln, NE)"
2023,401520303,2023-10-07 23:30:00+00:00,6,130,Michigan,Big Ten,135,Minnesota,away,False,False,True,STATUS_FINAL,52.0,10.0,True,52179,Huntington Bank Stadium
2023,401520340,2023-10-21 23:30:00+00:00,8,130,Michigan,Big Ten,127,Michigan State,away,False,False,True,STATUS_FINAL,49.0,0.0,True,74206,Spartan Stadium
2023,401520368,2023-11-04 23:30:00+00:00,10,130,Michigan,Big Ten,2509,Purdue,home,False,False,True,STATUS_FINAL,41.0,13.0,True,110245,Michigan Stadium
2023,401520394,2023-11-11 17:00:00+00:00,11,130,Michigan,Big Ten,213,Penn State,away,False,False,True,STATUS_FINAL,24.0,15.0,True,110856,Beaver Stadium
2023,401520434,2023-11-25 17:00:00+00:00,13,130,Michigan,Big Ten,194,Ohio State,home,False,False,True,STATUS_FINAL,30.0,24.0,True,110615,Michigan Stadium
2023,401520203,2023-09-09 19:30:00+00:00,2,127,Michigan State,Big Ten,257,Richmond,home,False,False,True,STATUS_FINAL,45.0,14.0,True,0,Spartan Stadium
2023,401520233,2023-09-16 21:00:00+00:00,3,127,Michigan State,Big Ten,264,Washington,home,False,False,True,STATUS_FINAL,7.0,41.0,False,70528,Spartan Stadium
2023,401520324,2023-10-14 16:00:00+00:00,7,127,Michigan State,Big Ten,164,Rutgers,away,False,False,True,STATUS_FINAL,24.0,27.0,False,52879,SHI Stadium
2023,401520354,2023-10-28 19:30:00+00:00,9,127,Michigan State,Big Ten,135,Minnesota,away,False,False,True,STATUS_FINAL,12.0,27.0,False,47392,Huntington Bank Stadium
2023,401520369,2023-11-04 16:00:00+00:00,10,127,Michigan State,Big Ten,158,Nebraska,home,False,False,True,STATUS_FINAL,20.0,17.0,True,63134,Spartan Stadium
2023,401520393,2023-11-12 00:30:00+00:00,11,127,Michigan State,Big Ten,194,Ohio State,away,False,False,True,STATUS_FINAL,3.0,38.0,False,105137,Ohio Stadium
2023,401520435,2023-11-25 00:30:00+00:00,13,127,Michigan State,Big Ten,213,Penn State,home,False,False,True,STATUS_FINAL,0.0,42.0,False,51927,Ford Field
2023,401520206,2023-09-09 23:00:00+00:00,2,2393,Middle Tennessee,Conference USA,142,Missouri,away,False,False,True,STATUS_FINAL,19.0,23.0,False,57645,Memorial Stadium
2023,401520234,2023-09-16 23:00:00+00:00,3,2393,Middle Tennessee,Conference USA,93,Murray State,home,False,False,True,STATUS_FINAL,35.0,14.0,True,16605,"Johnny ""Red"" Floyd Stadium"
2023,401520277,2023-09-28 23:30:00+00:00,5,2393,Middle Tennessee,Conference USA,98,Western Kentucky,away,False,False,True,STATUS_FINAL,10.0,31.0,False,14712,Houchens Industries-L.T. Smith Stadium
2023,401520372,2023-11-04 22:00:00+00:00,10,2393,Middle Tennessee,Conference USA,166,New Mexico State,away,False,False,True,STATUS_FINAL,7.0,13.0,False,0,Aggie Memorial Stadium
2023,401520411,2023-11-18 19:00:00+00:00,12,2393,Middle Tennessee,Conference USA,2638,UTEP,home,False,False,True,STATUS_FINAL,34.0,30.0,True,9122,"Johnny ""Red"" Floyd Stadium"
2023,401520440,2023-11-25 17:00:00+00:00,13,2393,Middle Tennessee,Conference USA,2534,Sam Houston,away,False,False,True,STATUS_FINAL,20.0,23.0,False,5349,Elliott T. Bowers Stadium
2023,401520148,2023-09-01 00:00:00+00:00,1,135,Minnesota,Big Ten,158,Nebraska,home,False,False,True,STATUS_FINAL,13.0,10.0,True,53629,Huntington Bank Stadium
2023,401520239,2023-09-16 19:30:00+00:00,3,135,Minnesota,Big Ten,153,North Carolina,away,False,False,True,STATUS_FINAL,13.0,31.0,False,45151,Kenan Stadium
2023,401520264,2023-09-23 23:30:00+00:00,4,135,Minnesota,Big Ten,77,Northwestern,away,False,False,True,STATUS_FINAL,34.0,37.0,False,20148,Ryan Field (1926)
2023,401520395,2023-11-11 20:30:00+00:00,11,135,Minnesota,Big Ten,2509,Purdue,away,False,False,True,STATUS_FINAL,30.0,49.0,False,59049,Ross-Ade Stadium
2023,401520415,2023-11-18 21:00:00+00:00,12,135,Minnesota,Big Ten,194,Ohio State,away,False,False,True,STATUS_FINAL,3.0,37.0,False,104019,Ohio Stadium
2023,401520436,2023-11-25 20:30:00+00:00,13,135,Minnesota,Big Ten,275,Wisconsin,home,False,False,True,STATUS_FINAL,14.0,28.0,False,48119,Huntington Bank Stadium
2023,401520164,2023-09-02 20:00:00+00:00,1,344,Mississippi State,SEC,2545,SE Louisiana,home,False,False,True,STATUS_FINAL,48.0,7.0,True,50041,Davis Wade Stadium
2023,401520267,2023-09-23 23:30:00+00:00,4,344,Mississippi State,SEC,2579,South Carolina,away,False,False,True,STATUS_FINAL,30.0,37.0,False,78311,Williams-Brice Stadium
2023,401520304,2023-10-07 16:00:00+00:00,6,344,Mississippi State,SEC,2711,Western Michigan,home,False,False,True,STATUS_FINAL,41.0,28.0,True,47158,Davis Wade Stadium
2023,401520397,2023-11-12 00:30:00+00:00,11,344,Mississippi State,SEC,245,Texas A&M,away,False,False,True,STATUS_FINAL,10.0,51.0,False,103266,Kyle Field
2023,401520412,2023-11-18 17:00:00+00:00,12,344,Mississippi State,SEC,2572,Southern Miss,home,False,False,True,STATUS_FINAL,41.0,20.0,True,0,Davis Wade Stadium
2023,401520424,2023-11-24 00:30:00+00:00,13,344,Mississippi State,SEC,145,Ole Miss,home,False,False,True,STATUS_FINAL,7.0,17.0,False,60412,Davis Wade Stadium
2023,401520165,2023-09-01 00:00:00+00:00,1,142,Missouri,SEC,233,South Dakota,home,False,False,True,STATUS_FINAL,35.0,10.0,True,50434,Memorial Stadium
2023,401520293,2023-09-30 20:00:00+00:00,5,142,Missouri,SEC,238,Vanderbilt,away,False,False,True,STATUS_FINAL,38.0,21.0,True,26332,FirstBank Stadium
2023,401520341,2023-10-21 19:30:00+00:00,8,142,Missouri,SEC,2579,South Carolina,home,False,False,True,STATUS_FINAL,34.0,12.0,True,62621,Memorial Stadium
2023,401520391,2023-11-11 20:30:00+00:00,11,142,Missouri,SEC,2633,Tennessee,home,False,False,True,STATUS_FINAL,36.0,7.0,True,62621,Memorial Stadium
2023,401520174,2023-08-31 23:30:00+00:00,1,152,NC State,ACC,41,UConn,away,False,False,True,STATUS_FINAL,24.0,14.0,True,36526,Pratt & Whitney Stadium
2023,401525436,2023-09-09 16:00:00+00:00,2,152,NC State,ACC,87,Notre Dame,home,False,False,True,STATUS_FINAL,24.0,45.0,False,56919,Carter-Finley Stadium
2023,401525502,2023-09-16 18:00:00+00:00,3,152,NC State,ACC,2678,VMI,home,False,False,True,STATUS_FINAL,45.0,7.0,True,56919,Carter-Finley Stadium
2023,401525505,2023-09-22 23:30:00+00:00,4,152,NC State,ACC,258,Virginia,away,False,False,True,STATUS_FINAL,24.0,21.0,True,42979,Scott Stadium
2023,401525551,2023-11-11 19:00:00+00:00,11,152,NC State,ACC,154,Wake Forest,away,False,False,True,STATUS_FINAL,26.0,6.0,True,29591,Allegacy Federal Credit Union Stadium
2023,401525559,2023-11-18 20:30:00+00:00,12,152,NC State,ACC,259,Virginia Tech,away,False,False,True,STATUS_FINAL,35.0,28.0,True,65632,Lane Stadium
2023,401525562,2023-11-26 01:00:00+00:00,13,152,NC State,ACC,153,North Carolina,home,False,False,True,STATUS_FINAL,39.0,20.0,True,0,Carter-Finley Stadium
2023,401525434,2023-08-26 18:30:00+00:00,1,2426,Navy,American,87,Notre Dame,away,True,False,True,STATUS_FINAL,3.0,42.0,False,49000,Aviva Stadium
2023,401531432,2023-09-09 19:30:00+00:00,2,2426,Navy,American,2681,Wagner,home,False,False,True,STATUS_FINAL,24.0,0.0,True,29789,Navy-Marine Corps Memorial Stadium
2023,401531424,2023-09-30 19:30:00+00:00,5,2426,Navy,American,58,South Florida,home,False,False,True,STATUS_FINAL,30.0,44.0,False,29789,Navy-Marine Corps Memorial Stadium
2023,401531433,2023-10-07 19:30:00+00:00,6,2426,Navy,American,249,North Texas,home,False,False,True,STATUS_FINAL,27.0,24.0,True,28648,Navy-Marine Corps Memorial Stadium
2023,401531392,2023-11-04 18:00:00+00:00,10,2426,Navy,American,218,Temple,away,False,False,True,STATUS_FINAL,18.0,32.0,False,13049,Lincoln Financial Field
2023,401531384,2023-11-11 20:30:00+00:00,11,2426,Navy,American,5,UAB,home,False,False,True,STATUS_FINAL,31.0,6.0,True,29078,Navy-Marine Corps Memorial Stadium
2023,401531435,2023-11-25 17:00:00+00:00,13,2426,Navy,American,2567,SMU,away,False,False,True,STATUS_FINAL,14.0,59.0,False,21490,Gerald J. Ford Stadium
2023,401520237,2023-09-16 23:00:00+00:00,3,158,Nebraska,Big Ten,2459,Northern Illinois,home,False,False,True,STATUS_FINAL,35.0,11.0,True,86875,"Memorial Stadium (Lincoln, NE)"
2023,401520342,2023-10-21 19:30:00+00:00,8,158,Nebraska,Big Ten,77,Northwestern,home,False,False,True,STATUS_FINAL,17.0,9.0,True,86769,"Memorial Stadium (Lincoln, NE)"
2023,401520355,2023-10-28 19:30:00+00:00,9,158,Nebraska,Big Ten,2509,Purdue,home,False,False,True,STATUS_FINAL,31.0,14.0,True,86709,"Memorial Stadium (Lincoln, NE)"
2023,401520422,2023-11-19 00:30:00+00:00,12,158,Nebraska,Big Ten,275,Wisconsin,away,False,False,True,STATUS_FINAL,17.0,24.0,False,72237,Camp Randall Stadium
2023,401523996,2023-09-02 22:30:00+00:00,1,2440,Nevada,Mountain West,30,USC,away,False,False,True,STATUS_FINAL,14.0,66.0,False,62916,Los Angeles Memorial Coliseum
2023,401532576,2023-09-09 23:00:00+00:00,2,2440,Nevada,Mountain West,70,Idaho,home,False,False,True,STATUS_FINAL,6.0,33.0,False,19852,Mackay Stadium
2023,401531877,2023-09-23 23:00:00+00:00,4,2440,Nevada,Mountain West,326,Texas State,away,False,False,True,STATUS_FINAL,24.0,35.0,False,19257,UFCU Stadium
2023,401532597,2023-10-14 21:00:00+00:00,7,2440,Nevada,Mountain West,2439,UNLV,home,False,False,True,STATUS_FINAL,27.0,45.0,False,24578,Mackay Stadium
2023,401532601,2023-10-22 01:00:00+00:00,8,2440,Nevada,Mountain West,21,San Diego State,away,False,False,True,STATUS_FINAL,6.0,0.0,True,27122,Snapdragon Stadium
2023,401532604,2023-10-29 02:30:00+00:00,9,2440,Nevada,Mountain West,167,New Mexico,home,False,False,True,STATUS_FINAL,34.0,24.0,True,13083,Mackay Stadium
2023,401532615,2023-11-11 20:00:00+00:00,11,2440,Nevada,Mountain West,328,Utah State,away,False,False,True,STATUS_FINAL,24.0,41.0,False,17760,Maverik Stadium
2023,401532630,2023-11-26 02:00:00+00:00,13,2440,Nevada,Mountain West,2751,Wyoming,home,False,False,True,STATUS_FINAL,6.0,42.0,False,12044,Mackay Stadium
2023,401520173,2023-09-02 23:00:00+00:00,1,167,New Mexico,Mountain West,245,Texas A&M,away,False,False,True,STATUS_FINAL,10.0,52.0,False,97560,Kyle Field
2023,401532577,2023-09-10 00:00:00+00:00,2,167,New Mexico,Mountain West,2635,Tennessee Tech,home,False,False,True,STATUS_FINAL,56.0,10.0,True,17279,University Stadium (NM)
2023,401520238,2023-09-17 00:00:00+00:00,3,167,New Mexico,Mountain West,166,New Mexico State,home,False,False,True,STATUS_FINAL,17.0,27.0,False,27414,University Stadium (NM)
2023,401532588,2023-09-30 20:00:00+00:00,5,167,New Mexico,Mountain West,2751,Wyoming,away,False,False,True,STATUS_FINAL,26.0,35.0,False,25477,War Memorial Stadium
2023,401532596,2023-10-14 22:00:00+00:00,7,167,New Mexico,Mountain West,23,San José State,home,False,False,True,STATUS_FINAL,24.0,52.0,False,13027,University Stadium (NM)
2023,401532611,2023-11-04 22:00:00+00:00,10,167,New Mexico,Mountain West,2439,UNLV,home,False,False,True,STATUS_FINAL,14.0,56.0,False,12353,University Stadium (NM)
2023,401532629,2023-11-24 20:30:00+00:00,13,167,New Mexico,Mountain West,328,Utah State,home,False,False,True,STATUS_FINAL,41.0,44.0,False,12094,University Stadium (NM)
2023,401520166,2023-09-03 01:00:00+00:00,1,166,New Mexico State,Conference USA,2710,Western Illinois,home,False,False,True,STATUS_FINAL,58.0,21.0,True,17943,Aggie Memorial Stadium
2023,401520315,2023-10-12 01:00:00+00:00,7,166,New Mexico State,Conference USA,2534,Sam Houston,home,False,False,True,STATUS_FINAL,27.0,13.0,True,12812,Aggie Memorial Stadium
2023,401520332,2023-10-19 01:00:00+00:00,8,166,New Mexico State,Conference USA,2638,UTEP,away,False,False,True,STATUS_FINAL,28.0,7.0,True,19727,Sun Bowl
2023,401520399,2023-11-11 20:30:00+00:00,11,166,New Mexico State,Conference USA,98,Western Kentucky,away,False,False,True,STATUS_FINAL,38.0,29.0,True,16319,Houchens Industries-L.T. Smith Stadium
2023,401520167,2023-09-02 23:30:00+00:00,1,153,North Carolina,ACC,2579,South Carolina,away,True,False,True,STATUS_FINAL,31.0,17.0,True,68723,Bank of America Stadium
2023,401525510,2023-09-24 00:00:00+00:00,4,153,North Carolina,ACC,221,Pittsburgh,away,False,False,True,STATUS_FINAL,41.0,24.0,True,48544,Acrisure Stadium
2023,401525520,2023-10-07 19:30:00+00:00,6,153,North Carolina,ACC,183,Syracuse,home,False,False,True,STATUS_FINAL,40.0,7.0,True,50500,Kenan Stadium
2023,401525531,2023-10-21 22:30:00+00:00,8,153,North Carolina,ACC,258,Virginia,home,False,False,True,STATUS_FINAL,27.0,31.0,False,50500,Kenan Stadium
2023,401525545,2023-11-04 16:00:00+00:00,10,153,North Carolina,ACC,2097,Campbell,home,False,False,True,STATUS_FINAL,59.0,7.0,True,47667,Kenan Stadium
2023,401531436,2023-09-30 23:00:00+00:00,5,249,North Texas,American,2000,Abilene Christian,home,False,False,True,STATUS_FINAL,45.0,31.0,True,21494,DATCU Stadium
2023,401531390,2023-10-14 16:00:00+00:00,7,249,North Texas,American,218,Temple,home,False,False,True,STATUS_FINAL,45.0,14.0,True,13678,DATCU Stadium
2023,401531372,2023-10-21 19:30:00+00:00,8,249,North Texas,American,2655,Tulane,away,False,False,True,STATUS_FINAL,28.0,35.0,False,30000,Yulman Stadium
2023,401531399,2023-11-04 19:00:00+00:00,10,249,North Texas,American,2636,UTSA,home,False,False,True,STATUS_FINAL,29.0,37.0,False,17354,DATCU Stadium
2023,401531437,2023-11-11 02:00:00+00:00,11,249,North Texas,American,2567,SMU,away,False,False,True,STATUS_FINAL,21.0,45.0,False,22043,Gerald J. Ford Stadium
2023,401531345,2023-11-18 20:00:00+00:00,12,249,North Texas,American,202,Tulsa,away,False,False,True,STATUS_FINAL,35.0,28.0,True,16520,H. A. Chapman Stadium
2023,401531386,2023-11-25 19:00:00+00:00,13,249,North Texas,American,5,UAB,home,False,False,True,STATUS_FINAL,45.0,42.0,True,14628,DATCU Stadium
2023,401532397,2023-09-09 19:30:00+00:00,2,2459,Northern Illinois,MAC,79,Southern Illinois,home,False,False,True,STATUS_FINAL,11.0,14.0,False,13114,Huskie Stadium
2023,401531338,2023-09-23 16:00:00+00:00,4,2459,Northern Illinois,MAC,202,Tulsa,home,False,False,True,STATUS_FINAL,14.0,22.0,False,10321,Huskie Stadium
2023,401532411,2023-09-30 19:30:00+00:00,5,2459,Northern Illinois,MAC,2649,Toledo,away,False,False,True,STATUS_FINAL,33.0,35.0,False,23417,Glass Bowl
2023,401532424,2023-10-14 20:00:00+00:00,7,2459,Northern Illinois,MAC,195,Ohio,home,False,False,True,STATUS_FINAL,23.0,13.0,True,11143,Huskie Stadium
2023,401532444,2023-11-15 00:00:00+00:00,12,2459,Northern Illinois,MAC,2711,Western Michigan,home,False,False,True,STATUS_FINAL,24.0,0.0,True,6417,Huskie Stadium
2023,401520171,2023-09-03 16:00:00+00:00,1,77,Northwestern,Big Ten,164,Rutgers,away,False,False,True,STATUS_FINAL,7.0,24.0,False,53026,SHI Stadium
2023,401520207,2023-09-09 19:30:00+00:00,2,77,Northwestern,Big Ten,2638,UTEP,home,False,False,True,STATUS_FINAL,38.0,7.0,True,14851,Ryan Field (1926)
2023,401520287,2023-09-30 16:00:00+00:00,5,77,Northwestern,Big Ten,213,Penn State,home,False,False,True,STATUS_FINAL,13.0,41.0,False,25064,Ryan Field (1926)
2023,401520306,2023-10-07 19:00:00+00:00,6,77,Northwestern,Big Ten,47,Howard,home,False,False,True,STATUS_FINAL,23.0,20.0,True,22160,Ryan Field (1926)
2023,401520398,2023-11-11 20:30:00+00:00,11,77,Northwestern,Big Ten,275,Wisconsin,away,False,False,True,STATUS_FINAL,24.0,10.0,True,76124,Camp Randall Stadium
2023,401520414,2023-11-18 17:00:00+00:00,12,77,Northwestern,Big Ten,2509,Purdue,home,False,False,True,STATUS_FINAL,23.0,15.0,True,23291,Ryan Field (1926)
2023,401525435,2023-09-02 19:30:00+00:00,1,87,Notre Dame,FBS Independents,2634,Tennessee State,home,False,False,True,STATUS_FINAL,56.0,3.0,True,77622,Notre Dame Stadium
2023,401521330,2023-09-23 23:30:00+00:00,4,87,Notre Dame,FBS Independents,194,Ohio State,home,False,False,True,STATUS_FINAL,14.0,17.0,False,77622,Notre Dame Stadium
2023,401524031,2023-10-14 23:30:00+00:00,7,87,Notre Dame,FBS Independents,30,USC,home,False,False,True,STATUS_FINAL,48.0,20.0,True,77622,Notre Dame Stadium
2023,401525440,2023-10-28 19:30:00+00:00,9,87,Notre Dame,FBS Independents,221,Pittsburgh,home,False,False,True,STATUS_FINAL,58.0,7.0,True,77622,Notre Dame Stadium
2023,401525442,2023-11-18 20:30:00+00:00,12,87,Notre Dame,FBS Independents,154,Wake Forest,home,False,False,True,STATUS_FINAL,45.0,7.0,True,77622,Notre Dame Stadium
2023,401524065,2023-11-26 00:00:00+00:00,13,87,Notre Dame,FBS Independents,24,Stanford,away,False,False,True,STATUS_FINAL,56.0,23.0,True,30901,Stanford Stadium
2023,401532392,2023-08-26 23:00:00+00:00,1,195,Ohio,MAC,21,San Diego State,away,False,False,True,STATUS_FINAL,13.0,20.0,False,23867,Snapdragon Stadium
2023,401532395,2023-09-02 16:00:00+00:00,1,195,Ohio,MAC,2341,Long Island University,home,False,False,True,STATUS_FINAL,27.0,10.0,True,18453,Peden Stadium
2023,401532428,2023-10-21 16:00:00+00:00,8,195,Ohio,MAC,2711,Western Michigan,home,False,False,True,STATUS_FINAL,20.0,17.0,True,16048,Peden Stadium
2023,401520208,2023-09-09 16:00:00+00:00,2,194,Ohio State,Big Ten,2754,Youngstown State,home,False,False,True,STATUS_FINAL,35.0,7.0,True,102897,Ohio Stadium
2023,401520240,2023-09-16 20:00:00+00:00,3,194,Ohio State,Big Ten,98,Western Kentucky,home,False,False,True,STATUS_FINAL,63.0,10.0,True,100217,Ohio Stadium
2023,401520323,2023-10-14 16:00:00+00:00,7,194,Ohio State,Big Ten,2509,Purdue,away,False,False,True,STATUS_FINAL,41.0,7.0,True,57319,Ross-Ade Stadium
2023,401520343,2023-10-21 16:00:00+00:00,8,194,Ohio State,Big Ten,213,Penn State,home,False,False,True,STATUS_FINAL,20.0,12.0,True,105506,Ohio Stadium
2023,401520360,2023-10-28 23:30:00+00:00,9,194,Ohio State,Big Ten,275,Wisconsin,away,False,False,True,STATUS_FINAL,24.0,10.0,True,76453,Camp Randall Stadium
2023,401520375,2023-11-04 16:00:00+00:00,10,194,Ohio State,Big Ten,164,Rutgers,away,False,False,True,STATUS_FINAL,35.0,16.0,True,53703,SHI Stadium
2023,401525830,2023-09-09 22:00:00+00:00,2,201,Oklahoma,Big 12,2567,SMU,home,False,False,True,STATUS_FINAL,28.0,11.0,True,84186,"Memorial Stadium (Norman, OK)"
2023,401525842,2023-09-16 19:30:00+00:00,3,201,Oklahoma,Big 12,202,Tulsa,away,False,False,True,STATUS_FINAL,66.0,17.0,True,30855,H. A. Chapman Stadium
2023,401525861,2023-10-07 16:00:00+00:00,6,201,Oklahoma,Big 12,251,Texas,away,True,False,True,STATUS_FINAL,34.0,30.0,True,0,Cotton Bowl
2023,401525871,2023-10-21 16:00:00+00:00,8,201,Oklahoma,Big 12,2116,UCF,home,False,False,True,STATUS_FINAL,31.0,29.0,True,83476,"Memorial Stadium (Norman, OK)"
2023,401525883,2023-11-04 19:30:00+00:00,10,201,Oklahoma,Big 12,197,Oklahoma State,away,False,False,True,STATUS_FINAL,24.0,27.0,False,54105,Boone Pickens Stadium
2023,401525890,2023-11-12 00:00:00+00:00,11,201,Oklahoma,Big 12,277,West Virginia,home,False,False,True,STATUS_FINAL,59.0,20.0,True,83525,"Memorial Stadium (Norman, OK)"
2023,401525900,2023-11-24 17:00:00+00:00,13,201,Oklahoma,Big 12,2628,TCU,home,False,False,True,STATUS_FINAL,69.0,45.0,True,83669,"Memorial Stadium (Norman, OK)"
2023,401525823,2023-09-02 23:00:00+00:00,1,197,Oklahoma State,Big 12,2110,Central Arkansas,home,False,False,True,STATUS_FINAL,27.0,13.0,True,53855,Boone Pickens Stadium
2023,401525839,2023-09-16 23:00:00+00:00,3,197,Oklahoma State,Big 12,6,South Alabama,home,False,False,True,STATUS_FINAL,7.0,33.0,False,53855,Boone Pickens Stadium
2023,401525872,2023-10-21 19:30:00+00:00,8,197,Oklahoma State,Big 12,277,West Virginia,away,False,False,True,STATUS_FINAL,48.0,34.0,True,51870,Milan Puskar Stadium
2023,401525892,2023-11-11 20:30:00+00:00,11,197,Oklahoma State,Big 12,2116,UCF,away,False,False,True,STATUS_FINAL,3.0,45.0,False,44046,Acrisure Bounce House
2023,401539479,2023-12-02 17:00:00+00:00,14,197,Oklahoma State,Big 12,251,Texas,away,True,False,True,STATUS_FINAL,21.0,49.0,False,84523,AT&T Stadium
2023,401525467,2023-09-03 00:00:00+00:00,1,295,Old Dominion,Sun Belt,259,Virginia Tech,away,False,False,True,STATUS_FINAL,17.0,36.0,False,65632,Lane Stadium
2023,401525504,2023-09-16 16:00:00+00:00,3,295,Old Dominion,Sun Belt,154,Wake Forest,home,False,False,True,STATUS_FINAL,24.0,27.0,False,18276,S.B. Ballard Stadium
2023,401531873,2023-09-23 19:30:00+00:00,4,295,Old Dominion,Sun Belt,2837,Texas A&M-Commerce,home,False,False,True,STATUS_FINAL,10.0,9.0,True,16938,S.B. Ballard Stadium
2023,401531886,2023-10-07 23:00:00+00:00,6,295,Old Dominion,Sun Belt,2572,Southern Miss,away,False,False,True,STATUS_FINAL,17.0,13.0,True,23011,M. M. Roberts Stadium
2023,401520168,2023-09-02 18:00:00+00:00,1,145,Ole Miss,SEC,2382,Mercer,home,False,False,True,STATUS_FINAL,73.0,7.0,True,60097,Vaught-Hemingway Stadium
2023,401520214,2023-09-09 19:30:00+00:00,2,145,Ole Miss,SEC,2655,Tulane,away,False,False,True,STATUS_FINAL,37.0,20.0,True,30000,Yulman Stadium
2023,401520357,2023-10-28 23:30:00+00:00,9,145,Ole Miss,SEC,238,Vanderbilt,home,False,False,True,STATUS_FINAL,33.0,7.0,True,62914,Vaught-Hemingway Stadium
2023,401520374,2023-11-04 16:00:00+00:00,10,145,Ole Miss,SEC,245,Texas A&M,home,False,False,True,STATUS_FINAL,38.0,35.0,True,65680,Vaught-Hemingway Stadium
2023,401520416,2023-11-18 17:00:00+00:00,12,145,Ole Miss,SEC,2433,UL Monroe,home,False,False,True,STATUS_FINAL,35.0,3.0,True,60752,Vaught-Hemingway Stadium
2023,401523992,2023-09-02 19:00:00+00:00,1,2483,Oregon,Pac-12,2502,Portland State,home,False,False,True,STATUS_FINAL,81.0,7.0,True,45723,Autzen Stadium
2023,401524002,2023-09-09 23:00:00+00:00,2,2483,Oregon,Pac-12,2641,Texas Tech,away,False,False,True,STATUS_FINAL,38.0,30.0,True,56200,Galaxy Stadium
2023,401524024,2023-09-30 22:30:00+00:00,5,2483,Oregon,Pac-12,24,Stanford,away,False,False,True,STATUS_FINAL,42.0,6.0,True,32160,Stanford Stadium
2023,401524034,2023-10-14 19:30:00+00:00,7,2483,Oregon,Pac-12,264,Washington,away,False,False,True,STATUS_FINAL,33.0,36.0,False,71321,Husky Stadium
2023,401524035,2023-10-21 19:30:00+00:00,8,2483,Oregon,Pac-12,265,Washington State,home,False,False,True,STATUS_FINAL,38.0,24.0,True,58886,Autzen Stadium
2023,401524044,2023-10-28 19:30:00+00:00,9,2483,Oregon,Pac-12,254,Utah,away,False,False,True,STATUS_FINAL,35.0,6.0,True,53586,Rice-Eccles Stadium
2023,401524053,2023-11-12 03:30:00+00:00,11,2483,Oregon,Pac-12,30,USC,home,False,False,True,STATUS_FINAL,36.0,27.0,True,59957,Autzen Stadium
2023,401524063,2023-11-25 01:30:00+00:00,13,2483,Oregon,Pac-12,204,Oregon State,home,False,False,True,STATUS_FINAL,31.0,7.0,True,59987,Autzen Stadium
2023,401539475,2023-12-02 01:00:00+00:00,14,2483,Oregon,Pac-12,264,Washington,away,True,False,True,STATUS_FINAL,31.0,34.0,False,61195,Allegiant Stadium
2023,401532573,2023-09-03 19:30:00+00:00,1,204,Oregon State,Pac-12,23,San José State,away,False,False,True,STATUS_FINAL,42.0,17.0,True,20337,CEFCU Stadium
2023,401524000,2023-09-10 01:00:00+00:00,2,204,Oregon State,Pac-12,302,UC Davis,home,False,False,True,STATUS_FINAL,55.0,7.0,True,35728,Reser Stadium
2023,401524009,2023-09-16 19:30:00+00:00,3,204,Oregon State,Pac-12,21,San Diego State,home,False,False,True,STATUS_FINAL,26.0,9.0,True,35591,Reser Stadium
2023,401524019,2023-09-23 23:00:00+00:00,4,204,Oregon State,Pac-12,265,Washington State,away,False,False,True,STATUS_FINAL,35.0,38.0,False,33111,Martin Stadium
2023,401524020,2023-09-30 01:00:00+00:00,5,204,Oregon State,Pac-12,254,Utah,home,False,False,True,STATUS_FINAL,21.0,7.0,True,37372,Reser Stadium
2023,401524032,2023-10-15 00:00:00+00:00,7,204,Oregon State,Pac-12,26,UCLA,home,False,False,True,STATUS_FINAL,36.0,24.0,True,37600,Reser Stadium
2023,401524054,2023-11-11 22:30:00+00:00,11,204,Oregon State,Pac-12,24,Stanford,home,False,False,True,STATUS_FINAL,62.0,17.0,True,37107,Reser Stadium
2023,401524060,2023-11-19 00:30:00+00:00,12,204,Oregon State,Pac-12,264,Washington,home,False,False,True,STATUS_FINAL,20.0,22.0,False,38415,Reser Stadium
2023,401520169,2023-09-02 23:30:00+00:00,1,213,Penn State,Big Ten,277,West Virginia,home,False,False,True,STATUS_FINAL,38.0,15.0,True,110747,Beaver Stadium
2023,401520209,2023-09-09 16:00:00+00:00,2,213,Penn State,Big Ten,48,Delaware,home,False,False,True,STATUS_FINAL,63.0,7.0,True,108575,Beaver Stadium
2023,401520417,2023-11-18 17:00:00+00:00,12,213,Penn State,Big Ten,164,Rutgers,home,False,False,True,STATUS_FINAL,27.0,6.0,True,105114,Beaver Stadium
2023,401525465,2023-09-02 19:30:00+00:00,1,221,Pittsburgh,ACC,2747,Wofford,home,False,False,True,STATUS_FINAL,45.0,7.0,True,45096,Acrisure Stadium
2023,401525503,2023-09-16 23:30:00+00:00,3,221,Pittsburgh,ACC,277,West Virginia,away,False,False,True,STATUS_FINAL,6.0,17.0,False,61106,Milan Puskar Stadium
2023,401525516,2023-10-01 00:00:00+00:00,5,221,Pittsburgh,ACC,259,Virginia Tech,away,False,False,True,STATUS_FINAL,21.0,38.0,False,65632,Lane Stadium
2023,401525532,2023-10-21 19:30:00+00:00,8,221,Pittsburgh,ACC,154,Wake Forest,away,False,False,True,STATUS_FINAL,17.0,21.0,False,31855,Allegacy Federal Credit Union Stadium
2023,401525552,2023-11-11 20:30:00+00:00,11,221,Pittsburgh,ACC,183,Syracuse,away,True,False,True,STATUS_FINAL,13.0,28.0,False,17101,Yankee Stadium
2023,401520215,2023-09-09 16:00:00+00:00,2,2509,Purdue,Big Ten,259,Virginia Tech,away,False,False,True,STATUS_FINAL,24.0,17.0,True,65632,Lane Stadium
2023,401520242,2023-09-16 23:30:00+00:00,3,2509,Purdue,Big Ten,183,Syracuse,home,False,False,True,STATUS_FINAL,20.0,35.0,False,61441,Ross-Ade Stadium
2023,401520266,2023-09-22 23:00:00+00:00,4,2509,Purdue,Big Ten,275,Wisconsin,home,False,False,True,STATUS_FINAL,17.0,38.0,False,55529,Ross-Ade Stadium
2023,401525824,2023-09-02 19:30:00+00:00,1,242,Rice,American,251,Texas,away,False,False,True,STATUS_FINAL,10.0,37.0,False,98017,DKR-Texas Memorial Stadium
2023,401531441,2023-09-16 23:00:00+00:00,3,242,Rice,American,2640,Texas Southern,home,False,False,True,STATUS_FINAL,59.0,7.0,True,18103,Rice Stadium
2023,401531423,2023-09-23 20:00:00+00:00,4,242,Rice,American,58,South Florida,away,False,False,True,STATUS_FINAL,29.0,42.0,False,29141,Raymond James Stadium
2023,401520309,2023-10-07 21:00:00+00:00,6,242,Rice,American,41,UConn,home,False,False,True,STATUS_FINAL,31.0,38.0,False,21207,Rice Stadium
2023,401531341,2023-10-19 23:00:00+00:00,8,242,Rice,American,202,Tulsa,away,False,False,True,STATUS_FINAL,42.0,10.0,True,18527,H. A. Chapman Stadium
2023,401531373,2023-10-28 20:00:00+00:00,9,242,Rice,American,2655,Tulane,home,False,False,True,STATUS_FINAL,28.0,30.0,False,20436,Rice Stadium
2023,401531440,2023-11-04 23:30:00+00:00,10,242,Rice,American,2567,SMU,home,False,False,True,STATUS_FINAL,31.0,36.0,False,21632,Rice Stadium
2023,401531400,2023-11-12 00:30:00+00:00,11,242,Rice,American,2636,UTSA,away,False,False,True,STATUS_FINAL,14.0,34.0,False,28245,Alamodome
2023,401520210,2023-09-09 23:30:00+00:00,2,164,Rutgers,Big Ten,218,Temple,home,False,False,True,STATUS_FINAL,36.0,7.0,True,45317,SHI Stadium
2023,401520243,2023-09-16 19:30:00+00:00,3,164,Rutgers,Big Ten,259,Virginia Tech,home,False,False,True,STATUS_FINAL,35.0,16.0,True,52657,SHI Stadium
2023,401520290,2023-09-30 19:30:00+00:00,5,164,Rutgers,Big Ten,2681,Wagner,home,False,False,True,STATUS_FINAL,52.0,3.0,True,40165,SHI Stadium
2023,401520311,2023-10-07 16:00:00+00:00,6,164,Rutgers,Big Ten,275,Wisconsin,away,False,False,True,STATUS_FINAL,13.0,24.0,False,74885,Camp Randall Stadium
2023,401531438,2023-09-16 23:00:00+00:00,3,2567,SMU,American,2504,Prairie View A&M,home,False,False,True,STATUS_FINAL,69.0,0.0,True,24489,Gerald J. Ford Stadium
2023,401525849,2023-09-23 16:00:00+00:00,4,2567,SMU,American,2628,TCU,away,False,False,True,STATUS_FINAL,17.0,34.0,False,51243,Amon G. Carter Stadium
2023,401531391,2023-10-20 23:00:00+00:00,8,2567,SMU,American,218,Temple,away,False,False,True,STATUS_FINAL,55.0,0.0,True,11232,Lincoln Financial Field
2023,401531342,2023-10-28 16:00:00+00:00,9,2567,SMU,American,202,Tulsa,home,False,False,True,STATUS_FINAL,69.0,10.0,True,20800,Gerald J. Ford Stadium
2023,401539477,2023-12-02 21:00:00+00:00,14,2567,SMU,American,2655,Tulane,away,False,False,True,STATUS_FINAL,26.0,14.0,True,25206,Yulman Stadium
2023,401520348,2023-10-26 00:00:00+00:00,9,2534,Sam Houston,Conference USA,2638,UTEP,home,False,False,True,STATUS_FINAL,34.0,37.0,False,6889,Elliott T. Bowers Stadium
2023,401525451,2023-11-04 17:00:00+00:00,10,2534,Sam Houston,Conference USA,338,Kennesaw State,home,False,False,True,STATUS_FINAL,24.0,21.0,True,7143,Elliott T. Bowers Stadium
2023,401520423,2023-11-18 20:30:00+00:00,12,2534,Sam Houston,Conference USA,98,Western Kentucky,away,False,False,True,STATUS_FINAL,23.0,28.0,False,11041,Houchens Industries-L.T. Smith Stadium
2023,401532571,2023-09-03 02:30:00+00:00,1,21,San Diego State,Mountain West,304,Idaho State,home,False,False,True,STATUS_FINAL,36.0,28.0,True,22345,Snapdragon Stadium
2023,401524001,2023-09-09 23:30:00+00:00,2,21,San Diego State,Mountain West,26,UCLA,home,False,False,True,STATUS_FINAL,10.0,35.0,False,32017,Snapdragon Stadium
2023,401532612,2023-11-04 23:00:00+00:00,10,21,San Diego State,Mountain West,328,Utah State,home,False,False,True,STATUS_FINAL,24.0,32.0,False,23096,Snapdragon Stadium
2023,401532623,2023-11-19 03:30:00+00:00,12,21,San Diego State,Mountain West,23,San José State,away,False,False,True,STATUS_FINAL,13.0,24.0,False,16224,CEFCU Stadium
2023,401523986,2023-08-27 00:00:00+00:00,1,23,San José State,Mountain West,30,USC,away,False,False,True,STATUS_FINAL,28.0,56.0,False,63411,Los Angeles Memorial Coliseum
2023,401532578,2023-09-09 20:00:00+00:00,2,23,San José State,Mountain West,13,Cal Poly,home,False,False,True,STATUS_FINAL,59.0,3.0,True,14224,CEFCU Stadium
2023,401532403,2023-09-16 23:00:00+00:00,3,23,San José State,Mountain West,2649,Toledo,away,False,False,True,STATUS_FINAL,17.0,21.0,False,20039,Glass Bowl
2023,401532602,2023-10-21 23:00:00+00:00,8,23,San José State,Mountain West,328,Utah State,home,False,False,True,STATUS_FINAL,42.0,21.0,True,15028,CEFCU Stadium
2023,401532628,2023-11-25 20:00:00+00:00,13,23,San José State,Mountain West,2439,UNLV,away,False,False,True,STATUS_FINAL,37.0,31.0,True,25554,Allegiant Stadium
2023,401531347,2023-09-03 00:00:00+00:00,1,6,South Alabama,Sun Belt,2655,Tulane,away,False,False,True,STATUS_FINAL,17.0,37.0,False,26973,Yulman Stadium
2023,401531844,2023-09-09 21:00:00+00:00,2,6,South Alabama,Sun Belt,2545,SE Louisiana,home,False,False,True,STATUS_FINAL,35.0,17.0,True,15237,Hancock Whitney Stadium
2023,401531885,2023-10-07 23:00:00+00:00,6,6,South Alabama,Sun Belt,2433,UL Monroe,away,False,False,True,STATUS_FINAL,55.0,7.0,True,12099,Malone Stadium
2023,401531892,2023-10-17 23:30:00+00:00,8,6,South Alabama,Sun Belt,2572,Southern Miss,home,False,False,True,STATUS_FINAL,55.0,3.0,True,23478,Hancock Whitney Stadium
2023,401531904,2023-11-02 23:30:00+00:00,10,6,South Alabama,Sun Belt,2653,Troy,away,False,False,True,STATUS_FINAL,10.0,28.0,False,28212,Veterans Memorial Stadium (AL)
2023,401531928,2023-11-26 00:00:00+00:00,13,6,South Alabama,Sun Belt,326,Texas State,away,False,False,True,STATUS_FINAL,44.0,52.0,False,15617,UFCU Stadium
2023,401520212,2023-09-09 23:30:00+00:00,2,2579,South Carolina,SEC,231,Furman,home,False,False,True,STATUS_FINAL,47.0,21.0,True,78281,Williams-Brice Stadium
2023,401520291,2023-09-30 23:30:00+00:00,5,2579,South Carolina,SEC,2633,Tennessee,away,False,False,True,STATUS_FINAL,20.0,41.0,False,101915,Neyland Stadium
2023,401520359,2023-10-28 16:00:00+00:00,9,2579,South Carolina,SEC,245,Texas A&M,away,False,False,True,STATUS_FINAL,17.0,30.0,False,95297,Kyle Field
2023,401520396,2023-11-11 17:00:00+00:00,11,2579,South Carolina,SEC,238,Vanderbilt,home,False,False,True,STATUS_FINAL,47.0,6.0,True,75682,Williams-Brice Stadium
2023,401520181,2023-09-02 19:30:00+00:00,1,58,South Florida,American,98,Western Kentucky,away,False,False,True,STATUS_FINAL,24.0,41.0,False,15438,Houchens Industries-L.T. Smith Stadium
2023,401531422,2023-09-09 23:00:00+00:00,2,58,South Florida,American,50,Florida A&M,home,False,False,True,STATUS_FINAL,38.0,24.0,True,36495,Raymond James Stadium
2023,401531380,2023-10-07 20:00:00+00:00,6,58,South Florida,American,5,UAB,away,False,False,True,STATUS_FINAL,35.0,56.0,False,23792,Protective Stadium
2023,401520344,2023-10-21 19:30:00+00:00,8,58,South Florida,American,41,UConn,away,False,False,True,STATUS_FINAL,24.0,21.0,True,21704,Pratt & Whitney Stadium
2023,401531393,2023-11-11 17:00:00+00:00,11,58,South Florida,American,218,Temple,home,False,False,True,STATUS_FINAL,27.0,23.0,True,30938,Raymond James Stadium
2023,401531401,2023-11-18 02:00:00+00:00,12,58,South Florida,American,2636,UTSA,away,False,False,True,STATUS_FINAL,21.0,49.0,False,22096,Alamodome
2023,401531840,2023-09-02 23:00:00+00:00,1,2572,Southern Miss,Sun Belt,2016,Alcorn State,home,False,False,True,STATUS_FINAL,40.0,14.0,True,30335,M. M. Roberts Stadium
2023,401531348,2023-09-16 20:00:00+00:00,3,2572,Southern Miss,Sun Belt,2655,Tulane,home,False,False,True,STATUS_FINAL,3.0,21.0,False,25038,M. M. Roberts Stadium
2023,401531883,2023-09-30 23:00:00+00:00,5,2572,Southern Miss,Sun Belt,326,Texas State,home,False,False,True,STATUS_FINAL,36.0,50.0,False,21304,M. M. Roberts Stadium
2023,401531909,2023-11-04 20:00:00+00:00,10,2572,Southern Miss,Sun Belt,2433,UL Monroe,home,False,False,True,STATUS_FINAL,24.0,7.0,True,20193,M. M. Roberts Stadium
2023,401531927,2023-11-25 17:00:00+00:00,13,2572,Southern Miss,Sun Belt,2653,Troy,home,False,False,True,STATUS_FINAL,17.0,35.0,False,19766,M. M. Roberts Stadium
2023,401524003,2023-09-10 02:30:00+00:00,2,24,Stanford,Pac-12,30,USC,away,False,False,True,STATUS_FINAL,10.0,56.0,False,67213,Los Angeles Memorial Coliseum
2023,401524010,2023-09-17 00:00:00+00:00,3,24,Stanford,Pac-12,16,Sacramento State,home,False,False,True,STATUS_FINAL,23.0,30.0,False,23848,Stanford Stadium
2023,401524036,2023-10-22 02:30:00+00:00,8,24,Stanford,Pac-12,26,UCLA,home,False,False,True,STATUS_FINAL,7.0,42.0,False,30225,Stanford Stadium
2023,401524042,2023-10-28 23:00:00+00:00,9,24,Stanford,Pac-12,264,Washington,home,False,False,True,STATUS_FINAL,33.0,42.0,False,24381,Stanford Stadium
2023,401524050,2023-11-05 01:00:00+00:00,10,24,Stanford,Pac-12,265,Washington State,away,False,False,True,STATUS_FINAL,10.0,7.0,True,24385,Martin Stadium
2023,401525466,2023-09-02 20:00:00+00:00,1,183,Syracuse,ACC,2142,Colgate,home,False,False,True,STATUS_FINAL,65.0,0.0,True,32465,JMA Wireless Dome
2023,401525497,2023-09-09 19:30:00+00:00,2,183,Syracuse,ACC,2711,Western Michigan,home,False,False,True,STATUS_FINAL,48.0,7.0,True,32637,JMA Wireless Dome
2023,401525533,2023-10-26 23:30:00+00:00,9,183,Syracuse,ACC,259,Virginia Tech,away,False,False,True,STATUS_FINAL,10.0,38.0,False,60236,Lane Stadium
2023,401525563,2023-11-25 19:00:00+00:00,13,183,Syracuse,ACC,154,Wake Forest,home,False,False,True,STATUS_FINAL,35.0,31.0,True,35018,JMA Wireless Dome
2023,401525832,2023-09-10 00:00:00+00:00,2,2628,TCU,Big 12,2447,Nicholls,home,False,False,True,STATUS_FINAL,41.0,6.0,True,45010,Amon G. Carter Stadium
2023,401525853,2023-10-01 00:00:00+00:00,5,2628,TCU,Big 12,277,West Virginia,home,False,False,True,STATUS_FINAL,21.0,24.0,False,43736,Amon G. Carter Stadium
2023,401525879,2023-11-02 23:00:00+00:00,10,2628,TCU,Big 12,2641,Texas Tech,away,False,False,True,STATUS_FINAL,28.0,35.0,False,51185,Galaxy Stadium
2023,401525891,2023-11-12 00:30:00+00:00,11,2628,TCU,Big 12,251,Texas,home,False,False,True,STATUS_FINAL,26.0,29.0,False,50812,Amon G. Carter Stadium
2023,401531388,2023-09-16 18:00:00+00:00,3,218,Temple,American,2450,Norfolk State,home,False,False,True,STATUS_FINAL,41.0,9.0,True,10932,Lincoln Financial Field
2023,401531339,2023-09-28 23:30:00+00:00,5,218,Temple,American,202,Tulsa,away,False,False,True,STATUS_FINAL,26.0,48.0,False,17538,H. A. Chapman Stadium
2023,401531389,2023-10-07 18:00:00+00:00,6,218,Temple,American,2636,UTSA,home,False,False,True,STATUS_FINAL,34.0,49.0,False,18388,Lincoln Financial Field
2023,401531385,2023-11-18 20:00:00+00:00,12,218,Temple,American,5,UAB,away,False,False,True,STATUS_FINAL,24.0,34.0,False,17486,Protective Stadium
2023,401520179,2023-09-02 16:00:00+00:00,1,2633,Tennessee,SEC,258,Virginia,home,True,False,True,STATUS_FINAL,49.0,13.0,True,69507,Nissan Stadium
2023,401520213,2023-09-09 21:00:00+00:00,2,2633,Tennessee,SEC,2046,Austin Peay,home,False,False,True,STATUS_FINAL,30.0,13.0,True,101915,Neyland Stadium
2023,401520269,2023-09-23 20:00:00+00:00,4,2633,Tennessee,SEC,2636,UTSA,home,False,False,True,STATUS_FINAL,45.0,14.0,True,101915,Neyland Stadium
2023,401520326,2023-10-14 19:30:00+00:00,7,2633,Tennessee,SEC,245,Texas A&M,home,False,False,True,STATUS_FINAL,20.0,13.0,True,101915,Neyland Stadium
2023,401520377,2023-11-04 16:00:00+00:00,10,2633,Tennessee,SEC,41,UConn,home,False,False,True,STATUS_FINAL,59.0,3.0,True,101915,Neyland Stadium
2023,401520442,2023-11-25 20:30:00+00:00,13,2633,Tennessee,SEC,238,Vanderbilt,home,False,False,True,STATUS_FINAL,48.0,24.0,True,101915,Neyland Stadium
2023,401525840,2023-09-17 00:00:00+00:00,3,251,Texas,Big 12,2751,Wyoming,home,False,False,True,STATUS_FINAL,31.0,10.0,True,101777,DKR-Texas Memorial Stadium
2023,401525901,2023-11-25 00:30:00+00:00,13,251,Texas,Big 12,2641,Texas Tech,home,False,False,True,STATUS_FINAL,57.0,7.0,True,102452,DKR-Texas Memorial Stadium
2023,401520245,2023-09-16 20:00:00+00:00,3,245,Texas A&M,SEC,2433,UL Monroe,home,False,False,True,STATUS_FINAL,47.0,3.0,True,93090,Kyle Field
2023,401520420,2023-11-18 17:00:00+00:00,12,245,Texas A&M,SEC,2000,Abilene Christian,home,False,False,True,STATUS_FINAL,38.0,10.0,True,94794,Kyle Field
2023,401531395,2023-09-09 19:30:00+00:00,2,326,Texas State,Sun Belt,2636,UTSA,away,False,False,True,STATUS_FINAL,13.0,20.0,False,49342,Alamodome
2023,401531847,2023-09-17 00:30:00+00:00,3,326,Texas State,Sun Belt,2296,Jackson State,home,False,False,True,STATUS_FINAL,77.0,34.0,True,24118,UFCU Stadium
2023,401531891,2023-10-14 23:00:00+00:00,7,326,Texas State,Sun Belt,2433,UL Monroe,home,False,False,True,STATUS_FINAL,21.0,20.0,True,27537,UFCU Stadium
2023,401531903,2023-10-28 23:00:00+00:00,9,326,Texas State,Sun Belt,2653,Troy,home,False,False,True,STATUS_FINAL,13.0,31.0,False,22369,UFCU Stadium
2023,401525825,2023-09-03 00:50:00+00:00,1,2641,Texas Tech,Big 12,2751,Wyoming,away,False,False,True,STATUS_FINAL,33.0,35.0,False,26450,War Memorial Stadium
2023,401525841,2023-09-16 23:00:00+00:00,3,2641,Texas Tech,Big 12,2627,Tarleton State,home,False,False,True,STATUS_FINAL,41.0,3.0,True,56200,Galaxy Stadium
2023,401525850,2023-09-23 19:30:00+00:00,4,2641,Texas Tech,Big 12,277,West Virginia,away,False,False,True,STATUS_FINAL,13.0,20.0,False,50071,Milan Puskar Stadium
2023,401525898,2023-11-18 22:00:00+00:00,12,2641,Texas Tech,Big 12,2116,UCF,home,False,False,True,STATUS_FINAL,24.0,23.0,True,53851,Galaxy Stadium
2023,401532398,2023-09-09 19:30:00+00:00,2,2649,Toledo,MAC,2640,Texas Southern,home,False,False,True,STATUS_FINAL,71.0,3.0,True,22742,Glass Bowl
2023,401532406,2023-09-23 17:30:00+00:00,4,2649,Toledo,MAC,2711,Western Michigan,home,False,False,True,STATUS_FINAL,49.0,31.0,True,19068,Glass Bowl
2023,401531841,2023-09-02 23:00:00+00:00,1,2653,Troy,Sun Belt,2617,Stephen F. Austin,home,False,False,True,STATUS_FINAL,48.0,30.0,True,28179,Veterans Memorial Stadium (AL)
2023,401520271,2023-09-23 16:00:00+00:00,4,2653,Troy,Sun Belt,98,Western Kentucky,home,False,False,True,STATUS_FINAL,27.0,24.0,True,26124,Veterans Memorial Stadium (AL)
2023,401531915,2023-11-11 19:00:00+00:00,11,2653,Troy,Sun Belt,2433,UL Monroe,away,False,False,True,STATUS_FINAL,45.0,14.0,True,7683,Malone Stadium
2023,401531349,2023-09-23 23:00:00+00:00,4,2655,Tulane,American,2447,Nicholls,home,False,False,True,STATUS_FINAL,36.0,7.0,True,22842,Yulman Stadium
2023,401531370,2023-09-30 16:00:00+00:00,5,2655,Tulane,American,5,UAB,home,False,False,True,STATUS_FINAL,35.0,23.0,True,20102,Yulman Stadium
2023,401531344,2023-11-11 17:00:00+00:00,11,2655,Tulane,American,202,Tulsa,home,False,False,True,STATUS_FINAL,24.0,22.0,True,20126,Yulman Stadium
2023,401531376,2023-11-24 20:30:00+00:00,13,2655,Tulane,American,2636,UTSA,home,False,False,True,STATUS_FINAL,29.0,16.0,True,25103,Yulman Stadium
2023,401531337,2023-09-01 00:00:00+00:00,1,202,Tulsa,American,2029,Arkansas-Pine Bluff,home,False,False,True,STATUS_FINAL,42.0,7.0,True,17529,H. A. Chapman Stadium
2023,401524004,2023-09-09 21:00:00+00:00,2,202,Tulsa,American,264,Washington,away,False,False,True,STATUS_FINAL,10.0,43.0,False,63128,Husky Stadium
2023,401531377,2023-09-01 00:00:00+00:00,1,5,UAB,American,2448,North Carolina A&T,home,False,False,True,STATUS_FINAL,35.0,6.0,True,25363,Protective Stadium
2023,401531381,2023-10-15 00:00:00+00:00,7,5,UAB,American,2636,UTSA,away,False,False,True,STATUS_FINAL,20.0,41.0,False,23808,Alamodome
2023,401525843,2023-09-16 22:30:00+00:00,3,2116,UCF,Big 12,222,Villanova,home,False,False,True,STATUS_FINAL,48.0,14.0,True,44206,Acrisure Bounce House
2023,401525878,2023-10-28 16:00:00+00:00,9,2116,UCF,Big 12,277,West Virginia,home,False,False,True,STATUS_FINAL,28.0,41.0,False,44136,Acrisure Bounce House
2023,401524011,2023-09-16 21:00:00+00:00,3,26,UCLA,Pac-12,2428,North Carolina Central,home,False,False,True,STATUS_FINAL,59.0,7.0,True,38343,Rose Bowl
2023,401524017,2023-09-23 19:30:00+00:00,4,26,UCLA,Pac-12,254,Utah,away,False,False,True,STATUS_FINAL,7.0,14.0,False,52919,Rice-Eccles Stadium
2023,401524028,2023-10-07 19:00:00+00:00,6,26,UCLA,Pac-12,265,Washington State,home,False,False,True,STATUS_FINAL,25.0,17.0,True,35437,Rose Bowl
2023,401524062,2023-11-18 20:30:00+00:00,12,26,UCLA,Pac-12,30,USC,away,False,False,True,STATUS_FINAL,38.0,20.0,True,72244,Los Angeles Memorial Coliseum
2023,401520292,2023-09-30 16:00:00+00:00,5,41,UConn,FBS Independents,328,Utah State,home,False,False,True,STATUS_FINAL,33.0,34.0,False,21227,Pratt & Whitney Stadium
2023,401520421,2023-11-18 17:00:00+00:00,12,41,UConn,FBS Independents,2529,Sacred Heart,home,False,False,True,STATUS_FINAL,31.0,3.0,True,19053,Pratt & Whitney Stadium
2023,401531843,2023-09-10 00:00:00+00:00,2,2433,UL Monroe,Sun Belt,2320,Lamar,home,False,False,True,STATUS_FINAL,24.0,14.0,True,13154,Malone Stadium
2023,401532572,2023-09-02 20:00:00+00:00,1,2439,UNLV,Mountain West,2803,Bryant,home,False,False,True,STATUS_FINAL,44.0,14.0,True,20347,Allegiant Stadium
2023,401520247,2023-09-16 23:00:00+00:00,3,2439,UNLV,Mountain West,238,Vanderbilt,home,False,False,True,STATUS_FINAL,40.0,37.0,True,22582,Allegiant Stadium
2023,401520273,2023-09-24 01:00:00+00:00,4,2439,UNLV,Mountain West,2638,UTEP,away,False,False,True,STATUS_FINAL,45.0,28.0,True,28042,Sun Bowl
2023,401532618,2023-11-11 03:45:00+00:00,11,2439,UNLV,Mountain West,2751,Wyoming,home,False,False,True,STATUS_FINAL,34.0,14.0,True,25568,Allegiant Stadium
2023,401524037,2023-10-22 00:00:00+00:00,8,30,USC,Pac-12,254,Utah,home,False,False,True,STATUS_FINAL,32.0,34.0,False,61551,Los Angeles Memorial Coliseum
2023,401524048,2023-11-04 23:30:00+00:00,10,30,USC,Pac-12,264,Washington,home,False,False,True,STATUS_FINAL,42.0,52.0,False,72243,Los Angeles Memorial Coliseum
2023,401520177,2023-09-03 01:00:00+00:00,1,2638,UTEP,Conference USA,2916,Incarnate Word,home,False,False,True,STATUS_FINAL,28.0,14.0,True,30738,Sun Bowl
2023,401520378,2023-11-05 01:00:00+00:00,10,2638,UTEP,Conference USA,98,Western Kentucky,home,False,False,True,STATUS_FINAL,13.0,21.0,False,11111,Sun Bowl
2023,401524012,2023-09-16 18:00:00+00:00,3,254,Utah,Pac-12,2692,Weber State,home,False,False,True,STATUS_FINAL,31.0,7.0,True,51532,Rice-Eccles Stadium
2023,401524056,2023-11-11 20:30:00+00:00,11,254,Utah,Pac-12,264,Washington,away,False,False,True,STATUS_FINAL,28.0,35.0,False,70976,Husky Stadium
2023,401532579,2023-09-10 00:00:00+00:00,2,328,Utah State,Mountain West,304,Idaho State,home,False,False,True,STATUS_FINAL,78.0,28.0,True,20034,Maverik Stadium
2023,401520178,2023-09-02 23:00:00+00:00,1,238,Vanderbilt,SEC,2010,Alabama A&M,home,False,False,True,STATUS_FINAL,47.0,13.0,True,22035,FirstBank Stadium
2023,401520216,2023-09-09 15:00:00+00:00,2,238,Vanderbilt,SEC,154,Wake Forest,away,False,False,True,STATUS_FINAL,20.0,36.0,False,28363,Allegacy Federal Credit Union Stadium
2023,401525522,2023-10-07 16:00:00+00:00,6,258,Virginia,ACC,2729,William & Mary,home,False,False,True,STATUS_FINAL,27.0,13.0,True,38289,Scott Stadium
2023,401525564,2023-11-25 20:30:00+00:00,13,258,Virginia,ACC,259,Virginia Tech,home,False,False,True,STATUS_FINAL,17.0,55.0,False,42976,Scott Stadium
2023,401525527,2023-10-14 19:30:00+00:00,7,259,Virginia Tech,ACC,154,Wake Forest,home,False,False,True,STATUS_FINAL,30.0,13.0,True,65632,Lane Stadium
2023,401525461,2023-08-31 23:00:00+00:00,1,154,Wake Forest,ACC,2210,Elon,home,False,False,True,STATUS_FINAL,37.0,17.0,True,30028,Allegacy Federal Credit Union Stadium
2023,401524068,2023-11-25 21:00:00+00:00,13,264,Washington,Pac-12,265,Washington State,home,False,False,True,STATUS_FINAL,24.0,21.0,True,71312,Husky Stadium
2023,401520217,2023-09-09 23:30:00+00:00,2,265,Washington State,Pac-12,275,Wisconsin,home,False,False,True,STATUS_FINAL,31.0,22.0,True,33024,Martin Stadium
2023,401524013,2023-09-16 21:00:00+00:00,3,265,Washington State,Pac-12,2458,Northern Colorado,home,False,False,True,STATUS_FINAL,64.0,21.0,True,23595,Martin Stadium
2023,401525833,2023-09-09 22:00:00+00:00,2,277,West Virginia,Big 12,2184,Duquesne,home,False,False,True,STATUS_FINAL,56.0,17.0,True,50037,Milan Puskar Stadium
2023,401520218,2023-09-09 23:00:00+00:00,2,98,Western Kentucky,Conference USA,2277,Houston Christian,home,False,False,True,STATUS_FINAL,52.0,22.0,True,20712,Houchens Industries-L.T. Smith Stadium
2023,401532393,2023-08-31 23:00:00+00:00,1,2711,Western Michigan,MAC,2598,St. Francis (PA),home,False,False,True,STATUS_FINAL,35.0,17.0,True,19432,Waldo Stadium
2023,401532580,2023-09-09 20:00:00+00:00,2,2751,Wyoming,Mountain West,2502,Portland State,home,False,False,True,STATUS_FINAL,31.0,17.0,True,22121,War Memorial Stadium
