season,game_id,date,week,team_id,school,conference,opponent_id,opponent,home_away,neutral_site,conference_game,completed,status,points_for,points_against,won,attendance,venue
2024,401643699,2024-08-31 19:30:00+00:00,1,2005,Air Force,Mountain West,2771,Merrimack,home,False,False,True,STATUS_FINAL,21.0,6.0,True,31658,Falcon Stadium
2024,401643705,2024-09-07 23:00:00+00:00,2,2005,Air Force,Mountain West,23,San José State,home,False,False,True,STATUS_FINAL,7.0,17.0,False,22478,Falcon Stadium
2024,401636860,2024-09-14 23:30:00+00:00,3,2005,Air Force,Mountain West,239,Baylor,away,False,False,True,STATUS_FINAL,3.0,31.0,False,46212,McLane Stadium
2024,401643718,2024-09-29 00:00:00+00:00,5,2005,Air Force,Mountain West,2751,Wyoming,away,False,False,True,STATUS_FINAL,19.0,31.0,False,23068,War Memorial Stadium
2024,401643722,2024-10-05 16:00:00+00:00,6,2005,Air Force,Mountain West,2426,Navy,home,False,False,True,STATUS_FINAL,7.0,34.0,False,39441,Falcon Stadium
2024,401643727,2024-10-12 23:00:00+00:00,7,2005,Air Force,Mountain West,167,New Mexico,away,False,False,True,STATUS_FINAL,37.0,52.0,False,15561,University Stadium (NM)
2024,401643734,2024-10-20 00:00:00+00:00,8,2005,Air Force,Mountain West,36,Colorado State,home,False,False,True,STATUS_FINAL,13.0,21.0,False,27598,Falcon Stadium
2024,401643746,2024-11-02 16:00:00+00:00,10,2005,Air Force,Mountain West,349,Army,away,False,False,True,STATUS_FINAL,3.0,20.0,False,30046,Michie Stadium
2024,401643751,2024-11-10 02:45:00+00:00,11,2005,Air Force,Mountain West,278,Fresno State,home,False,False,True,STATUS_FINAL,36.0,28.0,True,14794,Falcon Stadium
2024,401643757,2024-11-16 20:30:00+00:00,12,2005,Air Force,Mountain West,204,Oregon State,home,False,False,True,STATUS_FINAL,28.0,0.0,True,21385,Falcon Stadium
2024,401643763,2024-11-24 03:30:00+00:00,13,2005,Air Force,Mountain West,2440,Nevada,away,False,False,True,STATUS_FINAL,22.0,19.0,True,12228,Mackay Stadium
2024,401643768,2024-12-01 03:30:00+00:00,14,2005,Air Force,Mountain West,21,San Diego State,away,False,False,True,STATUS_FINAL,31.0,20.0,True,18045,Snapdragon Stadium
2024,401628455,2024-08-31 19:30:00+00:00,1,2006,Akron,MAC,194,Ohio State,away,False,False,True,STATUS_FINAL,6.0,52.0,False,102011,Ohio Stadium
2024,401628471,2024-09-07 16:00:00+00:00,2,2006,Akron,MAC,164,Rutgers,away,False,False,True,STATUS_FINAL,17.0,49.0,False,41021,SHI Stadium
2024,401644733,2024-09-14 22:00:00+00:00,3,2006,Akron,MAC,2142,Colgate,home,False,False,True,STATUS_FINAL,31.0,20.0,True,8932,InfoCision Stadium
2024,401628370,2024-09-21 23:30:00+00:00,4,2006,Akron,MAC,2579,South Carolina,away,False,False,True,STATUS_FINAL,7.0,50.0,False,78704,Williams-Brice Stadium
2024,401644738,2024-09-28 19:30:00+00:00,5,2006,Akron,MAC,195,Ohio,away,False,False,True,STATUS_FINAL,10.0,30.0,False,21265,Peden Stadium
2024,401644740,2024-10-05 19:30:00+00:00,6,2006,Akron,MAC,189,Bowling Green,home,False,False,True,STATUS_FINAL,20.0,27.0,False,9337,InfoCision Stadium
2024,401644742,2024-10-12 19:30:00+00:00,7,2006,Akron,MAC,2711,Western Michigan,away,False,False,True,STATUS_FINAL,24.0,34.0,False,19507,Waldo Stadium
2024,401644752,2024-10-26 19:30:00+00:00,9,2006,Akron,MAC,2199,Eastern Michigan,home,False,False,True,STATUS_FINAL,25.0,21.0,True,4277,InfoCision Stadium
2024,401644757,2024-11-02 16:00:00+00:00,10,2006,Akron,MAC,2084,Buffalo,home,False,False,True,STATUS_FINAL,30.0,41.0,False,4610,InfoCision Stadium
2024,401644766,2024-11-14 00:00:00+00:00,12,2006,Akron,MAC,2459,Northern Illinois,away,False,False,True,STATUS_FINAL,16.0,29.0,False,6795,Huskie Stadium
2024,401644769,2024-11-20 00:00:00+00:00,13,2006,Akron,MAC,2309,Kent State,away,False,False,True,STATUS_FINAL,38.0,17.0,True,6768,Zoeller Field at Dix Stadium
2024,401644775,2024-11-27 00:00:00+00:00,14,2006,Akron,MAC,2649,Toledo,home,False,False,True,STATUS_FINAL,21.0,14.0,True,4716,InfoCision Stadium
2024,401628319,2024-08-31 23:00:00+00:00,1,333,Alabama,SEC,98,Western Kentucky,home,False,False,True,STATUS_FINAL,63.0,0.0,True,100077,Bryant-Denny Stadium
2024,401628335,2024-09-07 23:00:00+00:00,2,333,Alabama,SEC,58,South Florida,home,False,False,True,STATUS_FINAL,42.0,16.0,True,100077,Bryant-Denny Stadium
2024,401628350,2024-09-14 16:00:00+00:00,3,333,Alabama,SEC,275,Wisconsin,away,False,False,True,STATUS_FINAL,42.0,10.0,True,76323,Camp Randall Stadium
2024,401628374,2024-09-28 23:30:00+00:00,5,333,Alabama,SEC,61,Georgia,home,False,False,True,STATUS_FINAL,41.0,34.0,True,100077,Bryant-Denny Stadium
2024,401628384,2024-10-05 20:15:00+00:00,6,333,Alabama,SEC,238,Vanderbilt,away,False,False,True,STATUS_FINAL,35.0,40.0,False,28934,FirstBank Stadium
2024,401628385,2024-10-12 16:00:00+00:00,7,333,Alabama,SEC,2579,South Carolina,home,False,False,True,STATUS_FINAL,27.0,25.0,True,100077,Bryant-Denny Stadium
2024,401628397,2024-10-19 19:30:00+00:00,8,333,Alabama,SEC,2633,Tennessee,away,False,False,True,STATUS_FINAL,17.0,24.0,False,101915,Neyland Stadium
2024,401628400,2024-10-26 19:30:00+00:00,9,333,Alabama,SEC,142,Missouri,home,False,False,True,STATUS_FINAL,34.0,0.0,True,100077,Bryant-Denny Stadium
2024,401628413,2024-11-10 00:30:00+00:00,11,333,Alabama,SEC,99,LSU,away,False,False,True,STATUS_FINAL,42.0,13.0,True,102283,Tiger Stadium (LA)
2024,401628425,2024-11-16 19:00:00+00:00,12,333,Alabama,SEC,2382,Mercer,home,False,False,True,STATUS_FINAL,52.0,7.0,True,100077,Bryant-Denny Stadium
2024,401628433,2024-11-24 00:30:00+00:00,13,333,Alabama,SEC,201,Oklahoma,away,False,False,True,STATUS_FINAL,3.0,24.0,False,84053,"Memorial Stadium (Norman, OK)"
2024,401628437,2024-11-30 20:30:00+00:00,14,333,Alabama,SEC,2,Auburn,home,False,False,True,STATUS_FINAL,28.0,14.0,True,100077,Bryant-Denny Stadium
2024,401634133,2024-08-31 19:30:00+00:00,1,2026,App State,Sun Belt,2193,East Tennessee State,home,False,False,True,STATUS_FINAL,38.0,10.0,True,36232,Kidd Brewer Stadium
2024,401635532,2024-09-08 00:00:00+00:00,2,2026,App State,Sun Belt,228,Clemson,away,False,False,True,STATUS_FINAL,20.0,66.0,False,81500,"Memorial Stadium (Clemson, SC)"
2024,401643785,2024-09-14 20:00:00+00:00,3,2026,App State,Sun Belt,151,East Carolina,away,False,False,True,STATUS_FINAL,21.0,19.0,True,46117,Dowdy-Ficklen Stadium
2024,401643790,2024-09-19 23:30:00+00:00,4,2026,App State,Sun Belt,6,South Alabama,home,False,False,True,STATUS_FINAL,14.0,48.0,False,34133,Kidd Brewer Stadium
2024,401640992,2024-09-28 19:30:00+00:00,5,2026,App State,Sun Belt,2335,Liberty,home,False,False,False,STATUS_CANCELED,0.0,0.0,,0,Kidd Brewer Stadium
2024,401643799,2024-10-05 19:30:00+00:00,6,2026,App State,Sun Belt,276,Marshall,away,False,False,True,STATUS_FINAL,37.0,52.0,False,28023,Joan C. Edwards Stadium
2024,401643806,2024-10-12 23:30:00+00:00,7,2026,App State,Sun Belt,309,Louisiana,away,False,False,True,STATUS_FINAL,24.0,34.0,False,14058,Our Lady of Lourdes Stadium
2024,401643816,2024-10-26 17:00:00+00:00,9,2026,App State,Sun Belt,2247,Georgia State,home,False,False,True,STATUS_FINAL,33.0,26.0,True,33783,Kidd Brewer Stadium
2024,401643821,2024-11-02 18:30:00+00:00,10,2026,App State,Sun Belt,295,Old Dominion,home,False,False,True,STATUS_FINAL,28.0,20.0,True,34954,Kidd Brewer Stadium
2024,401643825,2024-11-08 01:00:00+00:00,11,2026,App State,Sun Belt,324,Coastal Carolina,away,False,False,True,STATUS_FINAL,24.0,38.0,False,19415,Brooks Stadium (SC)
2024,401643836,2024-11-23 19:30:00+00:00,13,2026,App State,Sun Belt,256,James Madison,home,False,False,True,STATUS_FINAL,34.0,20.0,True,34012,Kidd Brewer Stadium
2024,401643844,2024-11-30 23:00:00+00:00,14,2026,App State,Sun Belt,290,Georgia Southern,away,False,False,True,STATUS_FINAL,20.0,29.0,False,23383,Allen E. Paulson Stadium
2024,401636608,2024-09-01 02:30:00+00:00,1,12,Arizona,Big 12,167,New Mexico,home,False,False,True,STATUS_FINAL,61.0,39.0,True,44748,Casino Del Sol Stadium
2024,401636614,2024-09-08 02:00:00+00:00,2,12,Arizona,Big 12,2464,Northern Arizona,home,False,False,True,STATUS_FINAL,22.0,10.0,True,47746,Casino Del Sol Stadium
2024,401636864,2024-09-14 00:00:00+00:00,3,12,Arizona,Big 12,2306,Kansas State,away,False,False,True,STATUS_FINAL,7.0,31.0,False,51290,Bill Snyder Family Stadium
2024,401636886,2024-09-29 02:15:00+00:00,5,12,Arizona,Big 12,254,Utah,away,False,False,True,STATUS_FINAL,23.0,10.0,True,52898,Rice-Eccles Stadium
2024,401636887,2024-10-06 03:00:00+00:00,6,12,Arizona,Big 12,2641,Texas Tech,home,False,False,True,STATUS_FINAL,22.0,28.0,False,45773,Casino Del Sol Stadium
2024,401636893,2024-10-12 20:00:00+00:00,7,12,Arizona,Big 12,252,BYU,away,False,False,True,STATUS_FINAL,19.0,41.0,False,64420,LaVell Edwards Stadium
2024,401636897,2024-10-19 20:00:00+00:00,8,12,Arizona,Big 12,38,Colorado,home,False,False,True,STATUS_FINAL,7.0,34.0,False,50724,Casino Del Sol Stadium
2024,401636905,2024-10-26 23:00:00+00:00,9,12,Arizona,Big 12,277,West Virginia,home,False,False,True,STATUS_FINAL,26.0,31.0,False,49888,Casino Del Sol Stadium
2024,401636916,2024-11-02 19:30:00+00:00,10,12,Arizona,Big 12,2116,UCF,away,False,False,True,STATUS_FINAL,12.0,56.0,False,42110,Acrisure Bounce House
2024,401636923,2024-11-16 03:15:00+00:00,12,12,Arizona,Big 12,248,Houston,home,False,False,True,STATUS_FINAL,27.0,3.0,True,38538,Casino Del Sol Stadium
2024,401636935,2024-11-23 20:00:00+00:00,13,12,Arizona,Big 12,2628,TCU,away,False,False,True,STATUS_FINAL,28.0,49.0,False,42977,Amon G. Carter Stadium
2024,401636940,2024-11-30 20:30:00+00:00,14,12,Arizona,Big 12,9,Arizona State,home,False,False,True,STATUS_FINAL,7.0,49.0,False,49813,Casino Del Sol Stadium
2024,401636609,2024-09-01 02:30:00+00:00,1,9,Arizona State,Big 12,2751,Wyoming,home,False,False,True,STATUS_FINAL,48.0,7.0,True,48108,Mountain America Stadium
2024,401628343,2024-09-08 02:30:00+00:00,2,9,Arizona State,Big 12,344,Mississippi State,home,False,False,True,STATUS_FINAL,30.0,23.0,True,45504,Mountain America Stadium
2024,401636867,2024-09-12 23:30:00+00:00,3,9,Arizona State,Big 12,326,Texas State,away,False,False,True,STATUS_FINAL,31.0,28.0,True,25187,UFCU Stadium
2024,401636877,2024-09-21 19:30:00+00:00,4,9,Arizona State,Big 12,2641,Texas Tech,away,False,False,True,STATUS_FINAL,22.0,30.0,False,58795,Galaxy Stadium
2024,401636888,2024-10-06 00:00:00+00:00,6,9,Arizona State,Big 12,2305,Kansas,home,False,False,True,STATUS_FINAL,35.0,31.0,True,54639,Mountain America Stadium
2024,401636892,2024-10-12 02:30:00+00:00,7,9,Arizona State,Big 12,254,Utah,home,False,False,True,STATUS_FINAL,27.0,19.0,True,45310,Mountain America Stadium
2024,401636899,2024-10-19 16:00:00+00:00,8,9,Arizona State,Big 12,2132,Cincinnati,away,False,False,True,STATUS_FINAL,14.0,24.0,False,38007,Nippert Stadium
2024,401636915,2024-11-02 19:30:00+00:00,10,9,Arizona State,Big 12,197,Oklahoma State,away,False,False,True,STATUS_FINAL,42.0,21.0,True,52202,Boone Pickens Stadium
2024,401636917,2024-11-10 00:00:00+00:00,11,9,Arizona State,Big 12,2116,UCF,home,False,False,True,STATUS_FINAL,35.0,31.0,True,44940,Mountain America Stadium
2024,401636927,2024-11-17 00:00:00+00:00,12,9,Arizona State,Big 12,2306,Kansas State,away,False,False,True,STATUS_FINAL,24.0,14.0,True,51880,Bill Snyder Family Stadium
2024,401636930,2024-11-23 20:30:00+00:00,13,9,Arizona State,Big 12,252,BYU,home,False,False,True,STATUS_FINAL,28.0,23.0,True,55400,Mountain America Stadium
2024,401636940,2024-11-30 20:30:00+00:00,14,9,Arizona State,Big 12,12,Arizona,away,False,False,True,STATUS_FINAL,49.0,7.0,True,49813,Casino Del Sol Stadium
2024,401673465,2024-12-07 17:00:00+00:00,15,9,Arizona State,Big 12,66,Iowa State,home,True,False,True,STATUS_FINAL,45.0,19.0,True,55889,AT&T Stadium
2024,401628320,2024-08-29 23:30:00+00:00,1,8,Arkansas,SEC,2029,Arkansas-Pine Bluff,home,True,False,True,STATUS_FINAL,70.0,0.0,True,40127,War Memorial Stadium (AR)
2024,401628336,2024-09-07 16:00:00+00:00,2,8,Arkansas,SEC,197,Oklahoma State,away,False,False,True,STATUS_FINAL,31.0,39.0,False,52202,Boone Pickens Stadium
2024,401628351,2024-09-14 20:15:00+00:00,3,8,Arkansas,SEC,5,UAB,home,False,False,True,STATUS_FINAL,37.0,27.0,True,75021,Donald W. Reynolds Razorback Stadium
2024,401628363,2024-09-21 19:30:00+00:00,4,8,Arkansas,SEC,2,Auburn,away,False,False,True,STATUS_FINAL,24.0,14.0,True,88043,Jordan-Hare Stadium
2024,401628373,2024-09-28 19:30:00+00:00,5,8,Arkansas,SEC,245,Texas A&M,away,True,False,True,STATUS_FINAL,17.0,21.0,False,60928,AT&T Stadium
2024,401628379,2024-10-05 23:30:00+00:00,6,8,Arkansas,SEC,2633,Tennessee,home,False,False,True,STATUS_FINAL,19.0,14.0,True,75573,Donald W. Reynolds Razorback Stadium
2024,401628392,2024-10-19 23:00:00+00:00,8,8,Arkansas,SEC,99,LSU,home,False,False,True,STATUS_FINAL,10.0,34.0,False,75893,Donald W. Reynolds Razorback Stadium
2024,401628403,2024-10-26 16:45:00+00:00,9,8,Arkansas,SEC,344,Mississippi State,away,False,False,True,STATUS_FINAL,58.0,25.0,True,49303,Davis Wade Stadium
2024,401628406,2024-11-02 16:00:00+00:00,10,8,Arkansas,SEC,145,Ole Miss,home,False,False,True,STATUS_FINAL,31.0,63.0,False,72894,Donald W. Reynolds Razorback Stadium
2024,401628419,2024-11-16 17:00:00+00:00,12,8,Arkansas,SEC,251,Texas,home,False,False,True,STATUS_FINAL,10.0,20.0,False,74929,Donald W. Reynolds Razorback Stadium
2024,401628427,2024-11-23 21:00:00+00:00,13,8,Arkansas,SEC,2348,Louisiana Tech,home,False,False,True,STATUS_FINAL,35.0,14.0,True,66041,Donald W. Reynolds Razorback Stadium
2024,401628443,2024-11-30 20:30:00+00:00,14,8,Arkansas,SEC,142,Missouri,away,False,False,True,STATUS_FINAL,21.0,28.0,False,62621,Memorial Stadium
2024,401632064,2024-08-31 23:00:00+00:00,1,2032,Arkansas State,Sun Belt,2110,Central Arkansas,home,False,False,True,STATUS_FINAL,34.0,31.0,True,21708,Centennial Bank Stadium
2024,401643779,2024-09-07 23:00:00+00:00,2,2032,Arkansas State,Sun Belt,202,Tulsa,home,False,False,True,STATUS_FINAL,28.0,24.0,True,19316,Centennial Bank Stadium
2024,401628479,2024-09-14 16:00:00+00:00,3,2032,Arkansas State,Sun Belt,130,Michigan,away,False,False,True,STATUS_FINAL,18.0,28.0,False,110250,Michigan Stadium
2024,401636875,2024-09-21 18:00:00+00:00,4,2032,Arkansas State,Sun Belt,66,Iowa State,away,False,False,True,STATUS_FINAL,7.0,52.0,False,55428,Jack Trice Stadium
2024,401643800,2024-10-05 23:00:00+00:00,6,2032,Arkansas State,Sun Belt,6,South Alabama,home,False,False,True,STATUS_FINAL,18.0,16.0,True,21427,Centennial Bank Stadium
2024,401643808,2024-10-12 23:00:00+00:00,7,2032,Arkansas State,Sun Belt,326,Texas State,away,False,False,True,STATUS_FINAL,9.0,41.0,False,28000,UFCU Stadium
2024,401643814,2024-10-19 23:00:00+00:00,8,2032,Arkansas State,Sun Belt,2572,Southern Miss,away,False,False,True,STATUS_FINAL,44.0,28.0,True,24542,M. M. Roberts Stadium
2024,401643818,2024-10-26 23:00:00+00:00,9,2032,Arkansas State,Sun Belt,2653,Troy,home,False,False,True,STATUS_FINAL,34.0,31.0,True,17162,Centennial Bank Stadium
2024,401643827,2024-11-09 22:00:00+00:00,11,2032,Arkansas State,Sun Belt,309,Louisiana,away,False,False,True,STATUS_FINAL,19.0,55.0,False,16451,Our Lady of Lourdes Stadium
2024,401643831,2024-11-16 22:00:00+00:00,12,2032,Arkansas State,Sun Belt,2247,Georgia State,away,False,False,True,STATUS_FINAL,27.0,20.0,True,14047,Center Parc Stadium
2024,401643839,2024-11-23 20:00:00+00:00,13,2032,Arkansas State,Sun Belt,2433,UL Monroe,home,False,False,True,STATUS_FINAL,28.0,21.0,True,14029,Centennial Bank Stadium
2024,401643847,2024-11-30 20:00:00+00:00,14,2032,Arkansas State,Sun Belt,295,Old Dominion,home,False,False,True,STATUS_FINAL,32.0,40.0,False,13584,Centennial Bank Stadium
2024,401645319,2024-08-30 22:00:00+00:00,1,349,Army,American,2329,Lehigh,home,False,False,True,STATUS_FINAL,42.0,7.0,True,23760,Michie Stadium
2024,401645323,2024-09-07 16:00:00+00:00,2,349,Army,American,2226,Florida Atlantic,away,False,False,True,STATUS_FINAL,24.0,7.0,True,21810,Flagler Credit Union Stadium
2024,401645328,2024-09-21 16:00:00+00:00,4,349,Army,American,242,Rice,home,False,False,True,STATUS_FINAL,37.0,14.0,True,26654,Michie Stadium
2024,401645331,2024-09-26 23:30:00+00:00,5,349,Army,American,218,Temple,away,False,False,True,STATUS_FINAL,42.0,14.0,True,13255,Lincoln Financial Field
2024,401645339,2024-10-05 16:00:00+00:00,6,349,Army,American,202,Tulsa,away,False,False,True,STATUS_FINAL,49.0,7.0,True,0,H. A. Chapman Stadium
2024,401645342,2024-10-12 16:00:00+00:00,7,349,Army,American,5,UAB,home,False,False,True,STATUS_FINAL,44.0,10.0,True,29002,Michie Stadium
2024,401645346,2024-10-19 16:00:00+00:00,8,349,Army,American,151,East Carolina,home,False,False,True,STATUS_FINAL,45.0,28.0,True,23044,Michie Stadium
2024,401643746,2024-11-02 16:00:00+00:00,10,349,Army,American,2005,Air Force,home,False,False,True,STATUS_FINAL,20.0,3.0,True,30046,Michie Stadium
2024,401629045,2024-11-09 20:30:00+00:00,11,349,Army,American,249,North Texas,away,False,False,True,STATUS_FINAL,14.0,3.0,True,28519,DATCU Stadium
2024,401640959,2024-11-24 00:00:00+00:00,13,349,Army,American,87,Notre Dame,away,True,False,True,STATUS_FINAL,14.0,49.0,False,47342,Yankee Stadium
2024,401645378,2024-11-30 17:00:00+00:00,14,349,Army,American,2636,UTSA,home,False,False,True,STATUS_FINAL,29.0,24.0,True,22120,Michie Stadium
2024,401673462,2024-12-07 01:00:00+00:00,15,349,Army,American,2655,Tulane,home,False,False,True,STATUS_FINAL,35.0,14.0,True,14016,Michie Stadium
2024,401645383,2024-12-14 20:00:00+00:00,16,349,Army,American,2426,Navy,home,True,False,True,STATUS_FINAL,13.0,31.0,False,60726,Northwest Stadium
2024,401628321,2024-08-31 23:30:00+00:00,1,2,Auburn,SEC,2010,Alabama A&M,home,False,False,True,STATUS_FINAL,73.0,3.0,True,88043,Jordan-Hare Stadium
2024,401628337,2024-09-07 19:30:00+00:00,2,2,Auburn,SEC,25,California,home,False,False,True,STATUS_FINAL,14.0,21.0,False,88043,Jordan-Hare Stadium
2024,401628352,2024-09-14 23:30:00+00:00,3,2,Auburn,SEC,167,New Mexico,home,False,False,True,STATUS_FINAL,45.0,19.0,True,88043,Jordan-Hare Stadium
2024,401628363,2024-09-21 19:30:00+00:00,4,2,Auburn,SEC,8,Arkansas,home,False,False,True,STATUS_FINAL,14.0,24.0,False,88043,Jordan-Hare Stadium
2024,401628375,2024-09-28 19:30:00+00:00,5,2,Auburn,SEC,201,Oklahoma,home,False,False,True,STATUS_FINAL,21.0,27.0,False,88043,Jordan-Hare Stadium
2024,401628381,2024-10-05 19:30:00+00:00,6,2,Auburn,SEC,61,Georgia,away,False,False,True,STATUS_FINAL,13.0,31.0,False,93033,Sanford Stadium
2024,401628395,2024-10-19 16:00:00+00:00,8,2,Auburn,SEC,142,Missouri,away,False,False,True,STATUS_FINAL,17.0,21.0,False,62621,Memorial Stadium
2024,401628401,2024-10-26 23:45:00+00:00,9,2,Auburn,SEC,96,Kentucky,away,False,False,True,STATUS_FINAL,24.0,10.0,True,60605,Kroger Field
2024,401628407,2024-11-02 16:45:00+00:00,10,2,Auburn,SEC,238,Vanderbilt,home,False,False,True,STATUS_FINAL,7.0,17.0,False,88043,Jordan-Hare Stadium
2024,401628426,2024-11-16 17:45:00+00:00,12,2,Auburn,SEC,2433,UL Monroe,home,False,False,True,STATUS_FINAL,48.0,14.0,True,88043,Jordan-Hare Stadium
2024,401628428,2024-11-24 00:30:00+00:00,13,2,Auburn,SEC,245,Texas A&M,home,False,False,True,STATUS_FINAL,43.0,41.0,True,88043,Jordan-Hare Stadium
2024,401628437,2024-11-30 20:30:00+00:00,14,2,Auburn,SEC,333,Alabama,away,False,False,True,STATUS_FINAL,14.0,28.0,False,100077,Bryant-Denny Stadium
2024,401634240,2024-09-01 00:00:00+00:00,1,252,BYU,Big 12,79,Southern Illinois,home,False,False,True,STATUS_FINAL,41.0,13.0,True,63712,LaVell Edwards Stadium
2024,401634765,2024-09-06 23:00:00+00:00,2,252,BYU,Big 12,2567,SMU,away,False,False,True,STATUS_FINAL,18.0,15.0,True,31172,Gerald J. Ford Stadium
2024,401636871,2024-09-15 01:00:00+00:00,3,252,BYU,Big 12,2751,Wyoming,away,False,False,True,STATUS_FINAL,34.0,14.0,True,24513,War Memorial Stadium
2024,401636872,2024-09-22 02:30:00+00:00,4,252,BYU,Big 12,2306,Kansas State,home,False,False,True,STATUS_FINAL,38.0,9.0,True,64201,LaVell Edwards Stadium
2024,401636880,2024-09-28 16:00:00+00:00,5,252,BYU,Big 12,239,Baylor,away,False,False,True,STATUS_FINAL,34.0,28.0,True,39583,McLane Stadium
2024,401636893,2024-10-12 20:00:00+00:00,7,252,BYU,Big 12,12,Arizona,home,False,False,True,STATUS_FINAL,41.0,19.0,True,64420,LaVell Edwards Stadium
2024,401636898,2024-10-19 02:15:00+00:00,8,252,BYU,Big 12,197,Oklahoma State,home,False,False,True,STATUS_FINAL,38.0,35.0,True,62841,LaVell Edwards Stadium
2024,401636911,2024-10-26 19:30:00+00:00,9,252,BYU,Big 12,2116,UCF,away,False,False,True,STATUS_FINAL,37.0,24.0,True,42144,Acrisure Bounce House
2024,401636922,2024-11-10 03:15:00+00:00,11,252,BYU,Big 12,254,Utah,away,False,False,True,STATUS_FINAL,22.0,21.0,True,54383,Rice-Eccles Stadium
2024,401636924,2024-11-17 03:15:00+00:00,12,252,BYU,Big 12,2305,Kansas,home,False,False,True,STATUS_FINAL,13.0,17.0,False,62704,LaVell Edwards Stadium
2024,401636930,2024-11-23 20:30:00+00:00,13,252,BYU,Big 12,9,Arizona State,away,False,False,True,STATUS_FINAL,23.0,28.0,False,55400,Mountain America Stadium
2024,401636942,2024-12-01 03:15:00+00:00,14,252,BYU,Big 12,248,Houston,home,False,False,True,STATUS_FINAL,30.0,18.0,True,59213,LaVell Edwards Stadium
2024,401634181,2024-09-07 18:00:00+00:00,2,2050,Ball State,MAC,2623,Missouri State,home,False,False,True,STATUS_FINAL,42.0,34.0,True,10018,Scheumann Stadium
2024,401635544,2024-09-14 21:55:00+00:00,3,2050,Ball State,MAC,2390,Miami,away,False,False,True,STATUS_FINAL,0.0,62.0,False,51564,Hard Rock Stadium
2024,401644735,2024-09-21 17:00:00+00:00,4,2050,Ball State,MAC,2117,Central Michigan,away,False,False,True,STATUS_FINAL,34.0,37.0,False,18011,Kelly/Shorts Stadium
2024,401643793,2024-09-28 17:30:00+00:00,5,2050,Ball State,MAC,256,James Madison,away,False,False,True,STATUS_FINAL,7.0,63.0,False,25786,Bridgeforth Stadium
2024,401644741,2024-10-05 18:00:00+00:00,6,2050,Ball State,MAC,2711,Western Michigan,home,False,False,True,STATUS_FINAL,42.0,45.0,False,10342,Scheumann Stadium
2024,401644743,2024-10-12 16:00:00+00:00,7,2050,Ball State,MAC,2309,Kent State,away,False,False,True,STATUS_FINAL,37.0,35.0,True,7322,Zoeller Field at Dix Stadium
2024,401628399,2024-10-19 23:00:00+00:00,8,2050,Ball State,MAC,238,Vanderbilt,away,False,False,True,STATUS_FINAL,14.0,24.0,False,27884,FirstBank Stadium
2024,401644753,2024-10-26 19:30:00+00:00,9,2050,Ball State,MAC,2459,Northern Illinois,home,False,False,True,STATUS_FINAL,25.0,23.0,True,15318,Scheumann Stadium
2024,401644688,2024-11-06 01:00:00+00:00,11,2050,Ball State,MAC,193,Miami (OH),home,False,False,True,STATUS_FINAL,21.0,27.0,False,6412,Scheumann Stadium
2024,401644763,2024-11-13 00:00:00+00:00,12,2050,Ball State,MAC,2084,Buffalo,away,False,False,True,STATUS_FINAL,48.0,51.0,False,12708,Broadview Stadium
2024,401644774,2024-11-23 19:00:00+00:00,13,2050,Ball State,MAC,189,Bowling Green,home,False,False,True,STATUS_FINAL,13.0,38.0,False,7116,Scheumann Stadium
2024,401644777,2024-11-29 17:00:00+00:00,14,2050,Ball State,MAC,195,Ohio,away,False,False,True,STATUS_FINAL,21.0,42.0,False,11804,Peden Stadium
2024,401636610,2024-08-31 23:00:00+00:00,1,239,Baylor,Big 12,2627,Tarleton State,home,False,False,True,STATUS_FINAL,45.0,3.0,True,42272,McLane Stadium
2024,401636618,2024-09-07 19:30:00+00:00,2,239,Baylor,Big 12,254,Utah,away,False,False,True,STATUS_FINAL,12.0,23.0,False,52827,Rice-Eccles Stadium
2024,401636860,2024-09-14 23:30:00+00:00,3,239,Baylor,Big 12,2005,Air Force,home,False,False,True,STATUS_FINAL,31.0,3.0,True,46212,McLane Stadium
2024,401636874,2024-09-22 00:00:00+00:00,4,239,Baylor,Big 12,38,Colorado,away,False,False,True,STATUS_FINAL,31.0,38.0,False,52794,Folsom Field
2024,401636880,2024-09-28 16:00:00+00:00,5,239,Baylor,Big 12,252,BYU,home,False,False,True,STATUS_FINAL,28.0,34.0,False,39583,McLane Stadium
2024,401636889,2024-10-05 23:30:00+00:00,6,239,Baylor,Big 12,66,Iowa State,away,False,False,True,STATUS_FINAL,21.0,43.0,False,61500,Jack Trice Stadium
2024,401636902,2024-10-19 20:00:00+00:00,8,239,Baylor,Big 12,2641,Texas Tech,away,False,False,True,STATUS_FINAL,59.0,35.0,True,60229,Galaxy Stadium
2024,401636906,2024-10-26 19:30:00+00:00,9,239,Baylor,Big 12,197,Oklahoma State,home,False,False,True,STATUS_FINAL,38.0,28.0,True,44987,McLane Stadium
2024,401636912,2024-11-03 00:00:00+00:00,10,239,Baylor,Big 12,2628,TCU,home,False,False,True,STATUS_FINAL,37.0,34.0,True,44171,McLane Stadium
2024,401636929,2024-11-16 21:00:00+00:00,12,239,Baylor,Big 12,277,West Virginia,away,False,False,True,STATUS_FINAL,49.0,35.0,True,52376,Milan Puskar Stadium
2024,401636931,2024-11-24 00:00:00+00:00,13,239,Baylor,Big 12,248,Houston,away,False,False,True,STATUS_FINAL,20.0,10.0,True,34166,TDECU Stadium
2024,401636941,2024-11-30 17:00:00+00:00,14,239,Baylor,Big 12,2305,Kansas,home,False,False,True,STATUS_FINAL,45.0,17.0,True,36585,McLane Stadium
2024,401643700,2024-08-31 20:00:00+00:00,1,68,Boise State,Mountain West,290,Georgia Southern,away,False,False,True,STATUS_FINAL,56.0,45.0,True,24134,Allen E. Paulson Stadium
2024,401628469,2024-09-08 02:00:00+00:00,2,68,Boise State,Mountain West,2483,Oregon,away,False,False,True,STATUS_FINAL,34.0,37.0,False,58134,Autzen Stadium
2024,401637162,2024-09-22 01:45:00+00:00,4,68,Boise State,Mountain West,2502,Portland State,home,False,False,True,STATUS_FINAL,56.0,14.0,True,36972,Albertsons Stadium
2024,401643719,2024-09-29 02:00:00+00:00,5,68,Boise State,Mountain West,265,Washington State,home,False,False,True,STATUS_FINAL,45.0,24.0,True,37711,Albertsons Stadium
2024,401643723,2024-10-05 23:00:00+00:00,6,68,Boise State,Mountain West,328,Utah State,home,False,False,True,STATUS_FINAL,62.0,30.0,True,37210,Albertsons Stadium
2024,401643728,2024-10-13 03:00:00+00:00,7,68,Boise State,Mountain West,62,Hawai'i,away,False,False,True,STATUS_FINAL,28.0,7.0,True,15194,Clarence T.C. Ching Athletics Complex
2024,401643740,2024-10-26 02:30:00+00:00,9,68,Boise State,Mountain West,2439,UNLV,away,False,False,True,STATUS_FINAL,29.0,24.0,True,42228,Allegiant Stadium
2024,401643747,2024-11-02 00:00:00+00:00,10,68,Boise State,Mountain West,21,San Diego State,home,False,False,True,STATUS_FINAL,56.0,24.0,True,36838,Albertsons Stadium
2024,401643752,2024-11-10 01:00:00+00:00,11,68,Boise State,Mountain West,2440,Nevada,home,False,False,True,STATUS_FINAL,28.0,21.0,True,37143,Albertsons Stadium
2024,401643758,2024-11-17 00:00:00+00:00,12,68,Boise State,Mountain West,23,San José State,away,False,False,True,STATUS_FINAL,42.0,21.0,True,20517,CEFCU Stadium
2024,401643764,2024-11-24 00:00:00+00:00,13,68,Boise State,Mountain West,2751,Wyoming,away,False,False,True,STATUS_FINAL,17.0,13.0,True,18094,War Memorial Stadium
2024,401643769,2024-11-29 17:00:00+00:00,14,68,Boise State,Mountain West,204,Oregon State,home,False,False,True,STATUS_FINAL,34.0,18.0,True,37264,Albertsons Stadium
2024,401673468,2024-12-07 01:00:00+00:00,15,68,Boise State,Mountain West,2439,UNLV,home,False,False,True,STATUS_FINAL,21.0,7.0,True,36663,Albertsons Stadium
2024,401634306,2024-09-02 23:30:00+00:00,1,103,Boston College,ACC,52,Florida State,away,False,False,True,STATUS_FINAL,28.0,13.0,True,51719,Doak Campbell Stadium
2024,401635531,2024-09-07 19:30:00+00:00,2,103,Boston College,ACC,2184,Duquesne,home,False,False,True,STATUS_FINAL,56.0,0.0,True,38441,"Alumni Stadium (Chestnut Hill, MA)"
2024,401628357,2024-09-14 16:45:00+00:00,3,103,Boston College,ACC,142,Missouri,away,False,False,True,STATUS_FINAL,21.0,27.0,False,62621,Memorial Stadium
2024,401628490,2024-09-22 00:00:00+00:00,4,103,Boston College,ACC,127,Michigan State,home,False,False,True,STATUS_FINAL,23.0,19.0,True,44500,"Alumni Stadium (Chestnut Hill, MA)"
2024,401635560,2024-09-28 16:00:00+00:00,5,103,Boston College,ACC,98,Western Kentucky,home,False,False,True,STATUS_FINAL,21.0,20.0,True,41403,"Alumni Stadium (Chestnut Hill, MA)"
2024,401635567,2024-10-05 16:00:00+00:00,6,103,Boston College,ACC,258,Virginia,away,False,False,True,STATUS_FINAL,14.0,24.0,False,38285,Scott Stadium
2024,401634768,2024-10-17 23:30:00+00:00,8,103,Boston College,ACC,259,Virginia Tech,away,False,False,True,STATUS_FINAL,21.0,42.0,False,65632,Lane Stadium
2024,401634771,2024-10-25 23:30:00+00:00,9,103,Boston College,ACC,97,Louisville,home,False,False,True,STATUS_FINAL,27.0,31.0,False,42887,"Alumni Stadium (Chestnut Hill, MA)"
2024,401635606,2024-11-09 17:00:00+00:00,11,103,Boston College,ACC,183,Syracuse,home,False,False,True,STATUS_FINAL,37.0,31.0,True,44500,"Alumni Stadium (Chestnut Hill, MA)"
2024,401635580,2024-11-16 20:30:00+00:00,12,103,Boston College,ACC,2567,SMU,away,False,False,True,STATUS_FINAL,28.0,38.0,False,34438,Gerald J. Ford Stadium
2024,401635612,2024-11-23 17:00:00+00:00,13,103,Boston College,ACC,153,North Carolina,home,False,False,True,STATUS_FINAL,41.0,21.0,True,37801,"Alumni Stadium (Chestnut Hill, MA)"
2024,401635620,2024-11-30 20:00:00+00:00,14,103,Boston College,ACC,221,Pittsburgh,home,False,False,True,STATUS_FINAL,34.0,23.0,True,29704,"Alumni Stadium (Chestnut Hill, MA)"
2024,401644729,2024-08-29 23:00:00+00:00,1,189,Bowling Green,MAC,2230,Fordham,home,False,False,True,STATUS_FINAL,41.0,17.0,True,12786,Doyt L. Perry Stadium
2024,401628470,2024-09-07 16:00:00+00:00,2,189,Bowling Green,MAC,213,Penn State,away,False,False,True,STATUS_FINAL,27.0,34.0,False,103861,Beaver Stadium
2024,401628372,2024-09-21 23:30:00+00:00,4,189,Bowling Green,MAC,245,Texas A&M,away,False,False,True,STATUS_FINAL,20.0,26.0,False,99523,Kyle Field
2024,401643795,2024-09-28 21:00:00+00:00,5,189,Bowling Green,MAC,295,Old Dominion,home,False,False,True,STATUS_FINAL,27.0,30.0,False,19140,Doyt L. Perry Stadium
2024,401644740,2024-10-05 19:30:00+00:00,6,189,Bowling Green,MAC,2006,Akron,away,False,False,True,STATUS_FINAL,27.0,20.0,True,9337,InfoCision Stadium
2024,401644744,2024-10-12 19:30:00+00:00,7,189,Bowling Green,MAC,2459,Northern Illinois,home,False,False,True,STATUS_FINAL,7.0,17.0,False,9559,Doyt L. Perry Stadium
2024,401644748,2024-10-19 19:30:00+00:00,8,189,Bowling Green,MAC,2309,Kent State,home,False,False,True,STATUS_FINAL,27.0,6.0,True,20858,Doyt L. Perry Stadium
2024,401644754,2024-10-26 19:30:00+00:00,9,189,Bowling Green,MAC,2649,Toledo,away,False,False,True,STATUS_FINAL,41.0,26.0,True,29697,Glass Bowl
2024,401644760,2024-11-06 00:30:00+00:00,11,189,Bowling Green,MAC,2117,Central Michigan,away,False,False,True,STATUS_FINAL,23.0,13.0,True,7832,Kelly/Shorts Stadium
2024,401644764,2024-11-13 00:00:00+00:00,12,189,Bowling Green,MAC,2711,Western Michigan,home,False,False,True,STATUS_FINAL,31.0,13.0,True,1156,Doyt L. Perry Stadium
2024,401644774,2024-11-23 19:00:00+00:00,13,189,Bowling Green,MAC,2050,Ball State,away,False,False,True,STATUS_FINAL,38.0,13.0,True,7116,Scheumann Stadium
2024,401644691,2024-11-29 17:00:00+00:00,14,189,Bowling Green,MAC,193,Miami (OH),home,False,False,True,STATUS_FINAL,12.0,28.0,False,9345,Doyt L. Perry Stadium
2024,401644727,2024-08-29 23:00:00+00:00,1,2084,Buffalo,MAC,322,Lafayette,home,False,False,True,STATUS_FINAL,30.0,13.0,True,16400,Broadview Stadium
2024,401628344,2024-09-07 23:00:00+00:00,2,2084,Buffalo,MAC,142,Missouri,away,False,False,True,STATUS_FINAL,0.0,38.0,False,62621,Memorial Stadium
2024,401629041,2024-09-14 17:00:00+00:00,3,2084,Buffalo,MAC,113,Massachusetts,home,False,False,True,STATUS_FINAL,34.0,3.0,True,15204,Broadview Stadium
2024,401644736,2024-09-21 19:30:00+00:00,4,2084,Buffalo,MAC,2459,Northern Illinois,away,False,False,True,STATUS_FINAL,23.0,20.0,True,18688,Huskie Stadium
2024,401629032,2024-09-28 16:00:00+00:00,5,2084,Buffalo,MAC,41,UConn,away,False,False,True,STATUS_FINAL,3.0,47.0,False,20347,Pratt & Whitney Stadium
2024,401644745,2024-10-12 16:00:00+00:00,7,2084,Buffalo,MAC,2649,Toledo,home,False,False,True,STATUS_FINAL,30.0,15.0,True,13996,Broadview Stadium
2024,401644749,2024-10-19 19:30:00+00:00,8,2084,Buffalo,MAC,2711,Western Michigan,home,False,False,True,STATUS_FINAL,41.0,48.0,False,18487,Broadview Stadium
2024,401644755,2024-10-26 16:00:00+00:00,9,2084,Buffalo,MAC,195,Ohio,away,False,False,True,STATUS_FINAL,16.0,47.0,False,16048,Peden Stadium
2024,401644757,2024-11-02 16:00:00+00:00,10,2084,Buffalo,MAC,2006,Akron,away,False,False,True,STATUS_FINAL,41.0,30.0,True,4610,InfoCision Stadium
2024,401644763,2024-11-13 00:00:00+00:00,12,2084,Buffalo,MAC,2050,Ball State,home,False,False,True,STATUS_FINAL,51.0,48.0,True,12708,Broadview Stadium
2024,401644772,2024-11-21 00:00:00+00:00,13,2084,Buffalo,MAC,2199,Eastern Michigan,away,False,False,True,STATUS_FINAL,37.0,20.0,True,12004,Rynearson Stadium
2024,401644776,2024-11-27 00:00:00+00:00,14,2084,Buffalo,MAC,2309,Kent State,home,False,False,True,STATUS_FINAL,43.0,7.0,True,11916,Broadview Stadium
2024,401634301,2024-08-31 21:00:00+00:00,1,25,California,ACC,302,UC Davis,home,False,False,True,STATUS_FINAL,31.0,13.0,True,32275,California Memorial Stadium
2024,401628337,2024-09-07 19:30:00+00:00,2,25,California,ACC,2,Auburn,away,False,False,True,STATUS_FINAL,21.0,14.0,True,88043,Jordan-Hare Stadium
2024,401635541,2024-09-15 02:30:00+00:00,3,25,California,ACC,21,San Diego State,home,False,False,True,STATUS_FINAL,31.0,10.0,True,35197,California Memorial Stadium
2024,401635551,2024-09-21 23:00:00+00:00,4,25,California,ACC,52,Florida State,away,False,False,True,STATUS_FINAL,9.0,14.0,False,55107,Doak Campbell Stadium
2024,401635568,2024-10-06 02:30:00+00:00,6,25,California,ACC,2390,Miami,home,False,False,True,STATUS_FINAL,38.0,39.0,False,52428,California Memorial Stadium
2024,401635575,2024-10-12 19:30:00+00:00,7,25,California,ACC,221,Pittsburgh,away,False,False,True,STATUS_FINAL,15.0,17.0,False,49773,Acrisure Stadium
2024,401635587,2024-10-19 19:30:00+00:00,8,25,California,ACC,152,NC State,home,False,False,True,STATUS_FINAL,23.0,24.0,False,35303,California Memorial Stadium
2024,401635594,2024-10-26 20:00:00+00:00,9,25,California,ACC,204,Oregon State,home,False,False,True,STATUS_FINAL,44.0,7.0,True,33090,California Memorial Stadium
2024,401634773,2024-11-09 01:00:00+00:00,11,25,California,ACC,154,Wake Forest,away,False,False,True,STATUS_FINAL,46.0,36.0,True,28455,Allegacy Federal Credit Union Stadium
2024,401635581,2024-11-16 20:00:00+00:00,12,25,California,ACC,183,Syracuse,home,False,False,True,STATUS_FINAL,25.0,33.0,False,33493,California Memorial Stadium
2024,401635613,2024-11-23 20:30:00+00:00,13,25,California,ACC,24,Stanford,home,False,False,True,STATUS_FINAL,24.0,21.0,True,52428,California Memorial Stadium
2024,401635621,2024-11-30 20:30:00+00:00,14,25,California,ACC,2567,SMU,away,False,False,True,STATUS_FINAL,6.0,38.0,False,33178,Gerald J. Ford Stadium
2024,401644730,2024-08-29 23:00:00+00:00,1,2117,Central Michigan,MAC,2115,Central Connecticut,home,False,False,True,STATUS_FINAL,66.0,10.0,True,18055,Kelly/Shorts Stadium
2024,401640979,2024-09-07 22:00:00+00:00,2,2117,Central Michigan,MAC,2229,Florida International,away,False,False,True,STATUS_FINAL,16.0,52.0,False,17852,Pitbull Stadium
2024,401628475,2024-09-14 16:00:00+00:00,3,2117,Central Michigan,MAC,356,Illinois,away,False,False,True,STATUS_FINAL,9.0,30.0,False,0,Gies Memorial Stadium
2024,401644735,2024-09-21 17:00:00+00:00,4,2117,Central Michigan,MAC,2050,Ball State,home,False,False,True,STATUS_FINAL,37.0,34.0,True,18011,Kelly/Shorts Stadium
2024,401643721,2024-09-28 19:30:00+00:00,5,2117,Central Michigan,MAC,21,San Diego State,home,False,False,True,STATUS_FINAL,22.0,21.0,True,27072,Kelly/Shorts Stadium
2024,401644746,2024-10-12 20:00:00+00:00,7,2117,Central Michigan,MAC,195,Ohio,home,False,False,True,STATUS_FINAL,25.0,27.0,False,22437,Kelly/Shorts Stadium
2024,401644750,2024-10-19 18:00:00+00:00,8,2117,Central Michigan,MAC,2199,Eastern Michigan,away,False,False,True,STATUS_FINAL,34.0,38.0,False,17974,Rynearson Stadium
2024,401644687,2024-10-26 18:00:00+00:00,9,2117,Central Michigan,MAC,193,Miami (OH),away,False,False,True,STATUS_FINAL,7.0,46.0,False,10661,Yager Stadium
2024,401644760,2024-11-06 00:30:00+00:00,11,2117,Central Michigan,MAC,189,Bowling Green,home,False,False,True,STATUS_FINAL,13.0,23.0,False,7832,Kelly/Shorts Stadium
2024,401644765,2024-11-13 00:00:00+00:00,12,2117,Central Michigan,MAC,2649,Toledo,away,False,False,True,STATUS_FINAL,10.0,37.0,False,14661,Glass Bowl
2024,401644770,2024-11-20 00:30:00+00:00,13,2117,Central Michigan,MAC,2711,Western Michigan,home,False,False,True,STATUS_FINAL,16.0,14.0,True,13102,Kelly/Shorts Stadium
2024,401644779,2024-11-30 20:30:00+00:00,14,2117,Central Michigan,MAC,2459,Northern Illinois,away,False,False,True,STATUS_FINAL,16.0,24.0,False,5843,Huskie Stadium
2024,401643774,2024-09-01 00:00:00+00:00,1,2429,Charlotte,American,256,James Madison,home,False,False,True,STATUS_FINAL,7.0,30.0,False,15614,Jerry Richardson Stadium
2024,401635537,2024-09-07 19:30:00+00:00,2,2429,Charlotte,American,153,North Carolina,away,False,False,True,STATUS_FINAL,20.0,38.0,False,48431,Kenan Stadium
2024,401645327,2024-09-14 22:00:00+00:00,3,2429,Charlotte,American,2241,Gardner-Webb,home,False,False,True,STATUS_FINAL,27.0,26.0,True,0,Jerry Richardson Stadium
2024,401628486,2024-09-21 16:00:00+00:00,4,2429,Charlotte,American,84,Indiana,away,False,False,True,STATUS_FINAL,14.0,52.0,False,43109,"Memorial Stadium (Bloomington, IN)"
2024,401645333,2024-09-28 23:00:00+00:00,5,2429,Charlotte,American,242,Rice,away,False,False,True,STATUS_FINAL,21.0,20.0,True,17455,Rice Stadium
2024,401645340,2024-10-05 19:30:00+00:00,6,2429,Charlotte,American,151,East Carolina,home,False,False,True,STATUS_FINAL,55.0,24.0,True,17102,Jerry Richardson Stadium
2024,401645347,2024-10-19 19:30:00+00:00,8,2429,Charlotte,American,2426,Navy,away,False,False,True,STATUS_FINAL,17.0,51.0,False,35094,Navy-Marine Corps Memorial Stadium
2024,401645353,2024-10-26 16:00:00+00:00,9,2429,Charlotte,American,235,Memphis,away,False,False,True,STATUS_FINAL,28.0,33.0,False,25478,Simmons Bank Liberty Stadium
2024,401645356,2024-10-31 23:30:00+00:00,10,2429,Charlotte,American,2655,Tulane,home,False,False,True,STATUS_FINAL,3.0,34.0,False,12268,Jerry Richardson Stadium
2024,401645368,2024-11-16 20:30:00+00:00,12,2429,Charlotte,American,58,South Florida,home,False,False,True,STATUS_FINAL,24.0,59.0,False,15030,Jerry Richardson Stadium
2024,401645371,2024-11-23 20:00:00+00:00,13,2429,Charlotte,American,2226,Florida Atlantic,away,False,False,True,STATUS_FINAL,39.0,27.0,True,15066,Flagler Credit Union Stadium
2024,401645377,2024-11-30 20:30:00+00:00,14,2429,Charlotte,American,5,UAB,home,False,False,True,STATUS_FINAL,29.0,27.0,True,8091,Jerry Richardson Stadium
2024,401628591,2024-08-31 18:30:00+00:00,1,2132,Cincinnati,Big 12,119,Towson,home,False,False,True,STATUS_FINAL,38.0,20.0,True,37654,Nippert Stadium
2024,401635538,2024-09-07 16:00:00+00:00,2,2132,Cincinnati,Big 12,221,Pittsburgh,home,False,False,True,STATUS_FINAL,27.0,28.0,False,37992,Nippert Stadium
2024,401636865,2024-09-14 16:00:00+00:00,3,2132,Cincinnati,Big 12,193,Miami (OH),away,False,False,True,STATUS_FINAL,27.0,16.0,True,24717,Yager Stadium
2024,401636873,2024-09-21 16:00:00+00:00,4,2132,Cincinnati,Big 12,248,Houston,home,False,False,True,STATUS_FINAL,34.0,0.0,True,38007,Nippert Stadium
2024,401636884,2024-09-29 00:00:00+00:00,5,2132,Cincinnati,Big 12,2641,Texas Tech,away,False,False,True,STATUS_FINAL,41.0,44.0,False,60229,Galaxy Stadium
2024,401636895,2024-10-12 19:30:00+00:00,7,2132,Cincinnati,Big 12,2116,UCF,away,False,False,True,STATUS_FINAL,19.0,13.0,True,42611,Acrisure Bounce House
2024,401636899,2024-10-19 16:00:00+00:00,8,2132,Cincinnati,Big 12,9,Arizona State,home,False,False,True,STATUS_FINAL,24.0,14.0,True,38007,Nippert Stadium
2024,401636907,2024-10-27 02:15:00+00:00,9,2132,Cincinnati,Big 12,38,Colorado,away,False,False,True,STATUS_FINAL,23.0,34.0,False,53202,Folsom Field
2024,401636918,2024-11-09 17:00:00+00:00,11,2132,Cincinnati,Big 12,277,West Virginia,home,False,False,True,STATUS_FINAL,24.0,31.0,False,38007,Nippert Stadium
2024,401636926,2024-11-17 01:00:00+00:00,12,2132,Cincinnati,Big 12,66,Iowa State,away,False,False,True,STATUS_FINAL,17.0,34.0,False,52881,Jack Trice Stadium
2024,401636933,2024-11-24 01:00:00+00:00,13,2132,Cincinnati,Big 12,2306,Kansas State,away,False,False,True,STATUS_FINAL,15.0,41.0,False,50988,Bill Snyder Family Stadium
2024,401636943,2024-11-30 23:00:00+00:00,14,2132,Cincinnati,Big 12,2628,TCU,home,False,False,True,STATUS_FINAL,13.0,20.0,False,30021,Nippert Stadium
2024,401628323,2024-08-31 16:00:00+00:00,1,228,Clemson,ACC,61,Georgia,away,True,False,True,STATUS_FINAL,3.0,34.0,False,78827,Mercedes-Benz Stadium
2024,401635532,2024-09-08 00:00:00+00:00,2,228,Clemson,ACC,2026,App State,home,False,False,True,STATUS_FINAL,66.0,20.0,True,81500,"Memorial Stadium (Clemson, SC)"
2024,401635552,2024-09-21 16:00:00+00:00,4,228,Clemson,ACC,152,NC State,home,False,False,True,STATUS_FINAL,59.0,35.0,True,81500,"Memorial Stadium (Clemson, SC)"
2024,401635561,2024-09-28 23:00:00+00:00,5,228,Clemson,ACC,24,Stanford,home,False,False,True,STATUS_FINAL,40.0,14.0,True,80295,"Memorial Stadium (Clemson, SC)"
2024,401635569,2024-10-05 23:00:00+00:00,6,228,Clemson,ACC,52,Florida State,away,False,False,True,STATUS_FINAL,29.0,13.0,True,55107,Doak Campbell Stadium
2024,401635576,2024-10-12 16:00:00+00:00,7,228,Clemson,ACC,154,Wake Forest,away,False,False,True,STATUS_FINAL,49.0,14.0,True,31553,Allegacy Federal Credit Union Stadium
2024,401635588,2024-10-19 16:00:00+00:00,8,228,Clemson,ACC,258,Virginia,home,False,False,True,STATUS_FINAL,48.0,31.0,True,80100,"Memorial Stadium (Clemson, SC)"
2024,401635600,2024-11-02 23:30:00+00:00,10,228,Clemson,ACC,97,Louisville,home,False,False,True,STATUS_FINAL,21.0,33.0,False,80446,"Memorial Stadium (Clemson, SC)"
2024,401635607,2024-11-09 20:35:00+00:00,11,228,Clemson,ACC,259,Virginia Tech,away,False,False,True,STATUS_FINAL,24.0,14.0,True,65632,Lane Stadium
2024,401635582,2024-11-16 17:00:00+00:00,12,228,Clemson,ACC,221,Pittsburgh,away,False,False,True,STATUS_FINAL,24.0,20.0,True,58667,Acrisure Stadium
2024,401635614,2024-11-23 20:30:00+00:00,13,228,Clemson,ACC,2643,The Citadel,home,False,False,True,STATUS_FINAL,51.0,14.0,True,80300,"Memorial Stadium (Clemson, SC)"
2024,401628444,2024-11-30 17:00:00+00:00,14,228,Clemson,ACC,2579,South Carolina,home,False,False,True,STATUS_FINAL,14.0,17.0,False,81500,"Memorial Stadium (Clemson, SC)"
2024,401673463,2024-12-08 01:00:00+00:00,15,228,Clemson,ACC,2567,SMU,away,True,False,True,STATUS_FINAL,34.0,31.0,True,53808,Bank of America Stadium
2024,401640998,2024-08-30 00:00:00+00:00,1,324,Coastal Carolina,Sun Belt,55,Jacksonville State,away,False,False,True,STATUS_FINAL,55.0,27.0,True,18977,AmFirst Stadium
2024,401628603,2024-09-07 23:00:00+00:00,2,324,Coastal Carolina,Sun Belt,2729,William & Mary,home,False,False,True,STATUS_FINAL,40.0,21.0,True,19294,Brooks Stadium (SC)
2024,401643786,2024-09-14 18:00:00+00:00,3,324,Coastal Carolina,Sun Belt,218,Temple,away,False,False,True,STATUS_FINAL,28.0,20.0,True,13945,Lincoln Financial Field
2024,401635558,2024-09-21 18:00:00+00:00,4,324,Coastal Carolina,Sun Belt,258,Virginia,home,False,False,True,STATUS_FINAL,24.0,43.0,False,22104,Brooks Stadium (SC)
2024,401643798,2024-10-05 23:00:00+00:00,6,324,Coastal Carolina,Sun Belt,295,Old Dominion,home,False,False,True,STATUS_FINAL,45.0,37.0,True,18552,Brooks Stadium (SC)
2024,401643803,2024-10-10 23:30:00+00:00,7,324,Coastal Carolina,Sun Belt,256,James Madison,away,False,False,True,STATUS_FINAL,7.0,39.0,False,25622,Bridgeforth Stadium
2024,401643811,2024-10-19 16:00:00+00:00,8,324,Coastal Carolina,Sun Belt,309,Louisiana,home,False,False,True,STATUS_FINAL,24.0,34.0,False,17812,Brooks Stadium (SC)
2024,401643824,2024-11-02 20:00:00+00:00,10,324,Coastal Carolina,Sun Belt,2653,Troy,away,False,False,True,STATUS_FINAL,24.0,38.0,False,24223,Veterans Memorial Stadium (AL)
2024,401643825,2024-11-08 01:00:00+00:00,11,324,Coastal Carolina,Sun Belt,2026,App State,home,False,False,True,STATUS_FINAL,38.0,24.0,True,19415,Brooks Stadium (SC)
2024,401643832,2024-11-16 18:00:00+00:00,12,324,Coastal Carolina,Sun Belt,276,Marshall,away,False,False,True,STATUS_FINAL,19.0,31.0,False,24175,Joan C. Edwards Stadium
2024,401643837,2024-11-23 20:30:00+00:00,13,324,Coastal Carolina,Sun Belt,290,Georgia Southern,home,False,False,True,STATUS_FINAL,6.0,26.0,False,14556,Brooks Stadium (SC)
2024,401643845,2024-11-30 19:00:00+00:00,14,324,Coastal Carolina,Sun Belt,2247,Georgia State,away,False,False,True,STATUS_FINAL,48.0,27.0,True,12606,Center Parc Stadium
2024,401634206,2024-08-30 00:00:00+00:00,1,38,Colorado,Big 12,2449,North Dakota State,home,False,False,True,STATUS_FINAL,31.0,26.0,True,49438,Folsom Field
2024,401628467,2024-09-07 23:30:00+00:00,2,38,Colorado,Big 12,158,Nebraska,away,False,False,True,STATUS_FINAL,10.0,28.0,False,86906,"Memorial Stadium (Lincoln, NE)"
2024,401636861,2024-09-14 23:30:00+00:00,3,38,Colorado,Big 12,36,Colorado State,away,False,False,True,STATUS_FINAL,28.0,9.0,True,40099,Canvas Stadium
2024,401636874,2024-09-22 00:00:00+00:00,4,38,Colorado,Big 12,239,Baylor,home,False,False,True,STATUS_FINAL,38.0,31.0,True,52794,Folsom Field
2024,401636885,2024-09-28 20:20:00+00:00,5,38,Colorado,Big 12,2116,UCF,away,False,False,True,STATUS_FINAL,48.0,21.0,True,45702,Acrisure Bounce House
2024,401636894,2024-10-13 02:25:00+00:00,7,38,Colorado,Big 12,2306,Kansas State,home,False,False,True,STATUS_FINAL,28.0,31.0,False,53972,Folsom Field
2024,401636897,2024-10-19 20:00:00+00:00,8,38,Colorado,Big 12,12,Arizona,away,False,False,True,STATUS_FINAL,34.0,7.0,True,50724,Casino Del Sol Stadium
2024,401636907,2024-10-27 02:15:00+00:00,9,38,Colorado,Big 12,2132,Cincinnati,home,False,False,True,STATUS_FINAL,34.0,23.0,True,53202,Folsom Field
2024,401636921,2024-11-09 21:00:00+00:00,11,38,Colorado,Big 12,2641,Texas Tech,away,False,False,True,STATUS_FINAL,41.0,27.0,True,60229,Galaxy Stadium
2024,401636925,2024-11-16 17:00:00+00:00,12,38,Colorado,Big 12,254,Utah,home,False,False,True,STATUS_FINAL,49.0,24.0,True,54646,Folsom Field
2024,401636932,2024-11-23 20:30:00+00:00,13,38,Colorado,Big 12,2305,Kansas,away,False,False,True,STATUS_FINAL,21.0,37.0,False,56470,Arrowhead Stadium
2024,401636938,2024-11-29 17:00:00+00:00,14,38,Colorado,Big 12,197,Oklahoma State,home,False,False,True,STATUS_FINAL,52.0,0.0,True,51030,Folsom Field
2024,401628331,2024-08-31 19:30:00+00:00,1,36,Colorado State,Mountain West,251,Texas,away,False,False,True,STATUS_FINAL,0.0,52.0,False,99171,DKR-Texas Memorial Stadium
2024,401643706,2024-09-07 23:00:00+00:00,2,36,Colorado State,Mountain West,2458,Northern Colorado,home,False,False,True,STATUS_FINAL,38.0,17.0,True,36573,Canvas Stadium
2024,401636861,2024-09-14 23:30:00+00:00,3,36,Colorado State,Mountain West,38,Colorado,home,False,False,True,STATUS_FINAL,9.0,28.0,False,40099,Canvas Stadium
2024,401641028,2024-09-21 21:00:00+00:00,4,36,Colorado State,Mountain West,2638,UTEP,home,False,False,True,STATUS_FINAL,27.0,17.0,True,29151,Canvas Stadium
2024,401643724,2024-10-05 22:30:00+00:00,6,36,Colorado State,Mountain West,204,Oregon State,away,False,False,True,STATUS_FINAL,31.0,39.0,False,46433,Reser Stadium
2024,401643729,2024-10-12 19:30:00+00:00,7,36,Colorado State,Mountain West,23,San José State,home,False,False,True,STATUS_FINAL,31.0,24.0,True,27280,Canvas Stadium
2024,401643734,2024-10-20 00:00:00+00:00,8,36,Colorado State,Mountain West,2005,Air Force,away,False,False,True,STATUS_FINAL,21.0,13.0,True,27598,Falcon Stadium
2024,401643741,2024-10-26 21:00:00+00:00,9,36,Colorado State,Mountain West,167,New Mexico,home,False,False,True,STATUS_FINAL,17.0,6.0,True,36980,Canvas Stadium
2024,401643748,2024-11-03 00:00:00+00:00,10,36,Colorado State,Mountain West,2440,Nevada,away,False,False,True,STATUS_FINAL,38.0,21.0,True,16019,Mackay Stadium
2024,401643759,2024-11-16 01:00:00+00:00,12,36,Colorado State,Mountain West,2751,Wyoming,home,False,False,True,STATUS_FINAL,24.0,10.0,True,36720,Canvas Stadium
2024,401643765,2024-11-24 03:30:00+00:00,13,36,Colorado State,Mountain West,278,Fresno State,away,False,False,True,STATUS_FINAL,22.0,28.0,False,39543,Valley Children's Stadium
2024,401643770,2024-11-29 20:30:00+00:00,14,36,Colorado State,Mountain West,328,Utah State,home,False,False,True,STATUS_FINAL,42.0,37.0,True,24772,Canvas Stadium
2024,401628584,2024-08-30 23:30:00+00:00,1,150,Duke,ACC,2210,Elon,home,False,False,True,STATUS_FINAL,26.0,3.0,True,18466,Wallace Wade Stadium
2024,401635533,2024-09-07 01:00:00+00:00,2,150,Duke,ACC,77,Northwestern,away,False,False,True,STATUS_FINAL,26.0,20.0,True,11062,Northwestern Medicine Field at Martin Stadium
2024,401629030,2024-09-14 22:00:00+00:00,3,150,Duke,ACC,41,UConn,home,False,False,True,STATUS_FINAL,26.0,21.0,True,20174,Wallace Wade Stadium
2024,401635553,2024-09-21 20:00:00+00:00,4,150,Duke,ACC,2393,Middle Tennessee,away,False,False,True,STATUS_FINAL,45.0,17.0,True,15209,"Johnny ""Red"" Floyd Stadium"
2024,401635562,2024-09-28 20:00:00+00:00,5,150,Duke,ACC,153,North Carolina,home,False,False,True,STATUS_FINAL,21.0,20.0,True,35018,Wallace Wade Stadium
2024,401635570,2024-10-06 00:00:00+00:00,6,150,Duke,ACC,59,Georgia Tech,away,False,False,True,STATUS_FINAL,14.0,24.0,False,37287,Bobby Dodd Stadium
2024,401634769,2024-10-18 23:00:00+00:00,8,150,Duke,ACC,52,Florida State,home,False,False,True,STATUS_FINAL,23.0,16.0,True,30735,Wallace Wade Stadium
2024,401635595,2024-10-27 00:00:00+00:00,9,150,Duke,ACC,2567,SMU,home,False,False,True,STATUS_FINAL,27.0,28.0,False,30241,Wallace Wade Stadium
2024,401635601,2024-11-02 16:00:00+00:00,10,150,Duke,ACC,2390,Miami,away,False,False,True,STATUS_FINAL,31.0,53.0,False,60189,Hard Rock Stadium
2024,401635608,2024-11-09 20:30:00+00:00,11,150,Duke,ACC,152,NC State,away,False,False,True,STATUS_FINAL,29.0,19.0,True,56919,Carter-Finley Stadium
2024,401635615,2024-11-24 01:00:00+00:00,13,150,Duke,ACC,259,Virginia Tech,home,False,False,True,STATUS_FINAL,31.0,28.0,True,22462,Wallace Wade Stadium
2024,401635622,2024-11-30 17:00:00+00:00,14,150,Duke,ACC,154,Wake Forest,away,False,False,True,STATUS_FINAL,23.0,17.0,True,24776,Allegacy Federal Credit Union Stadium
2024,401645320,2024-08-31 22:00:00+00:00,1,151,East Carolina,American,2450,Norfolk State,home,False,False,True,STATUS_FINAL,42.0,3.0,True,36467,Dowdy-Ficklen Stadium
2024,401643778,2024-09-07 22:00:00+00:00,2,151,East Carolina,American,295,Old Dominion,away,False,False,True,STATUS_FINAL,20.0,14.0,True,21944,S.B. Ballard Stadium
2024,401643785,2024-09-14 20:00:00+00:00,3,151,East Carolina,American,2026,App State,home,False,False,True,STATUS_FINAL,19.0,21.0,False,46117,Dowdy-Ficklen Stadium
2024,401640991,2024-09-21 22:00:00+00:00,4,151,East Carolina,American,2335,Liberty,away,False,False,True,STATUS_FINAL,24.0,35.0,False,24076,Williams Stadium (VA)
2024,401645334,2024-09-28 20:00:00+00:00,5,151,East Carolina,American,2636,UTSA,home,False,False,True,STATUS_FINAL,30.0,20.0,True,41851,Dowdy-Ficklen Stadium
2024,401645340,2024-10-05 19:30:00+00:00,6,151,East Carolina,American,2429,Charlotte,away,False,False,True,STATUS_FINAL,24.0,55.0,False,17102,Jerry Richardson Stadium
2024,401645346,2024-10-19 16:00:00+00:00,8,151,East Carolina,American,349,Army,away,False,False,True,STATUS_FINAL,28.0,45.0,False,23044,Michie Stadium
2024,401645352,2024-10-26 18:00:00+00:00,9,151,East Carolina,American,218,Temple,home,False,False,True,STATUS_FINAL,56.0,34.0,True,33744,Dowdy-Ficklen Stadium
2024,401645361,2024-11-08 01:00:00+00:00,11,151,East Carolina,American,2226,Florida Atlantic,home,False,False,True,STATUS_FINAL,49.0,14.0,True,30573,Dowdy-Ficklen Stadium
2024,401645365,2024-11-15 00:30:00+00:00,12,151,East Carolina,American,202,Tulsa,away,False,False,True,STATUS_FINAL,38.0,31.0,True,17979,H. A. Chapman Stadium
2024,401645372,2024-11-23 20:30:00+00:00,13,151,East Carolina,American,249,North Texas,away,False,False,True,STATUS_FINAL,40.0,28.0,True,17387,DATCU Stadium
2024,401645379,2024-11-29 17:00:00+00:00,14,151,East Carolina,American,2426,Navy,home,False,False,True,STATUS_FINAL,20.0,34.0,False,35663,Dowdy-Ficklen Stadium
2024,401629039,2024-08-31 19:30:00+00:00,1,2199,Eastern Michigan,MAC,113,Massachusetts,away,False,False,True,STATUS_FINAL,28.0,14.0,True,12810,Warren McGuirk Alumni Stadium
2024,401628473,2024-09-07 19:30:00+00:00,2,2199,Eastern Michigan,MAC,264,Washington,away,False,False,True,STATUS_FINAL,9.0,30.0,False,64222,Husky Stadium
2024,401640999,2024-09-14 23:00:00+00:00,3,2199,Eastern Michigan,MAC,55,Jacksonville State,home,False,False,True,STATUS_FINAL,37.0,34.0,True,17501,Rynearson Stadium
2024,401644737,2024-09-21 18:00:00+00:00,4,2199,Eastern Michigan,MAC,2598,St. Francis (PA),home,False,False,True,STATUS_FINAL,36.0,0.0,True,15509,Rynearson Stadium
2024,401644739,2024-09-28 19:30:00+00:00,5,2199,Eastern Michigan,MAC,2309,Kent State,away,False,False,True,STATUS_FINAL,52.0,33.0,True,10899,Zoeller Field at Dix Stadium
2024,401644685,2024-10-12 18:00:00+00:00,7,2199,Eastern Michigan,MAC,193,Miami (OH),home,False,False,True,STATUS_FINAL,14.0,38.0,False,16903,Rynearson Stadium
2024,401644750,2024-10-19 18:00:00+00:00,8,2199,Eastern Michigan,MAC,2117,Central Michigan,home,False,False,True,STATUS_FINAL,38.0,34.0,True,17974,Rynearson Stadium
2024,401644752,2024-10-26 19:30:00+00:00,9,2199,Eastern Michigan,MAC,2006,Akron,away,False,False,True,STATUS_FINAL,21.0,25.0,False,4277,InfoCision Stadium
2024,401644758,2024-11-02 16:00:00+00:00,10,2199,Eastern Michigan,MAC,2649,Toledo,home,False,False,True,STATUS_FINAL,28.0,29.0,False,13044,Rynearson Stadium
2024,401644767,2024-11-14 00:00:00+00:00,12,2199,Eastern Michigan,MAC,195,Ohio,away,False,False,True,STATUS_FINAL,10.0,35.0,False,14133,Peden Stadium
2024,401644772,2024-11-21 00:00:00+00:00,13,2199,Eastern Michigan,MAC,2084,Buffalo,home,False,False,True,STATUS_FINAL,20.0,37.0,False,12004,Rynearson Stadium
2024,401644780,2024-11-30 18:30:00+00:00,14,2199,Eastern Michigan,MAC,2711,Western Michigan,away,False,False,True,STATUS_FINAL,18.0,26.0,False,0,Waldo Stadium
2024,401628322,2024-08-31 19:30:00+00:00,1,57,Florida,SEC,2390,Miami,home,False,False,True,STATUS_FINAL,17.0,41.0,False,90544,Ben Hill Griffin Stadium
2024,401628338,2024-09-07 23:00:00+00:00,2,57,Florida,SEC,2535,Samford,home,False,False,True,STATUS_FINAL,45.0,7.0,True,89295,Ben Hill Griffin Stadium
2024,401628353,2024-09-14 19:30:00+00:00,3,57,Florida,SEC,245,Texas A&M,home,False,False,True,STATUS_FINAL,20.0,33.0,False,89993,Ben Hill Griffin Stadium
2024,401628367,2024-09-21 16:00:00+00:00,4,57,Florida,SEC,344,Mississippi State,away,False,False,True,STATUS_FINAL,45.0,28.0,True,49655,Davis Wade Stadium
2024,401628380,2024-10-05 23:45:00+00:00,6,57,Florida,SEC,2116,UCF,home,False,False,True,STATUS_FINAL,24.0,13.0,True,90369,Ben Hill Griffin Stadium
2024,401628391,2024-10-12 23:00:00+00:00,7,57,Florida,SEC,2633,Tennessee,away,False,False,True,STATUS_FINAL,17.0,23.0,False,101915,Neyland Stadium
2024,401628393,2024-10-19 23:45:00+00:00,8,57,Florida,SEC,96,Kentucky,home,False,False,True,STATUS_FINAL,48.0,20.0,True,0,Ben Hill Griffin Stadium
2024,401628408,2024-11-02 19:30:00+00:00,10,57,Florida,SEC,61,Georgia,away,True,False,True,STATUS_FINAL,20.0,34.0,False,76307,EverBank Stadium
2024,401628417,2024-11-09 17:00:00+00:00,11,57,Florida,SEC,251,Texas,away,False,False,True,STATUS_FINAL,17.0,49.0,False,103375,DKR-Texas Memorial Stadium
2024,401628420,2024-11-16 20:30:00+00:00,12,57,Florida,SEC,99,LSU,home,False,False,True,STATUS_FINAL,27.0,16.0,True,90067,Ben Hill Griffin Stadium
2024,401628429,2024-11-23 17:00:00+00:00,13,57,Florida,SEC,145,Ole Miss,home,False,False,True,STATUS_FINAL,24.0,17.0,True,89942,Ben Hill Griffin Stadium
2024,401628438,2024-12-01 00:00:00+00:00,14,57,Florida,SEC,52,Florida State,away,False,False,True,STATUS_FINAL,31.0,11.0,True,55107,Doak Campbell Stadium
2024,401628453,2024-08-30 23:00:00+00:00,1,2226,Florida Atlantic,American,127,Michigan State,away,False,False,True,STATUS_FINAL,10.0,16.0,False,70271,Spartan Stadium
2024,401645323,2024-09-07 16:00:00+00:00,2,2226,Florida Atlantic,American,349,Army,home,False,False,True,STATUS_FINAL,7.0,24.0,False,21810,Flagler Credit Union Stadium
2024,401640980,2024-09-14 23:42:00+00:00,3,2226,Florida Atlantic,American,2229,Florida International,home,False,False,True,STATUS_FINAL,38.0,20.0,True,24283,Flagler Credit Union Stadium
2024,401629031,2024-09-21 23:00:00+00:00,4,2226,Florida Atlantic,American,41,UConn,away,False,False,True,STATUS_FINAL,14.0,48.0,False,20144,Pratt & Whitney Stadium
2024,401645335,2024-09-28 22:00:00+00:00,5,2226,Florida Atlantic,American,2681,Wagner,home,False,False,True,STATUS_FINAL,41.0,10.0,True,21151,Flagler Credit Union Stadium
2024,401645343,2024-10-12 23:00:00+00:00,7,2226,Florida Atlantic,American,249,North Texas,home,False,False,True,STATUS_FINAL,37.0,41.0,False,14576,Flagler Credit Union Stadium
2024,401645348,2024-10-19 19:30:00+00:00,8,2226,Florida Atlantic,American,2636,UTSA,away,False,False,True,STATUS_FINAL,24.0,38.0,False,20802,Alamodome
2024,401645357,2024-11-01 23:30:00+00:00,10,2226,Florida Atlantic,American,58,South Florida,home,False,False,True,STATUS_FINAL,21.0,44.0,False,20111,Flagler Credit Union Stadium
2024,401645361,2024-11-08 01:00:00+00:00,11,2226,Florida Atlantic,American,151,East Carolina,away,False,False,True,STATUS_FINAL,14.0,49.0,False,30573,Dowdy-Ficklen Stadium
2024,401645369,2024-11-16 19:00:00+00:00,12,2226,Florida Atlantic,American,218,Temple,away,False,False,True,STATUS_FINAL,15.0,18.0,False,12291,Lincoln Financial Field
2024,401645371,2024-11-23 20:00:00+00:00,13,2226,Florida Atlantic,American,2429,Charlotte,home,False,False,True,STATUS_FINAL,27.0,39.0,False,15066,Flagler Credit Union Stadium
2024,401645380,2024-11-30 20:30:00+00:00,14,2226,Florida Atlantic,American,202,Tulsa,away,False,False,True,STATUS_FINAL,63.0,16.0,True,15243,H. A. Chapman Stadium
2024,401628449,2024-08-31 19:30:00+00:00,1,2229,Florida International,Conference USA,84,Indiana,away,False,False,True,STATUS_FINAL,7.0,31.0,False,44150,"Memorial Stadium (Bloomington, IN)"
2024,401640979,2024-09-07 22:00:00+00:00,2,2229,Florida International,Conference USA,2117,Central Michigan,home,False,False,True,STATUS_FINAL,52.0,16.0,True,17852,Pitbull Stadium
2024,401640980,2024-09-14 23:42:00+00:00,3,2229,Florida International,Conference USA,2226,Florida Atlantic,away,False,False,True,STATUS_FINAL,20.0,38.0,False,24283,Flagler Credit Union Stadium
2024,401628625,2024-09-21 22:00:00+00:00,4,2229,Florida International,Conference USA,2405,Monmouth,home,False,False,True,STATUS_FINAL,42.0,45.0,False,17922,Pitbull Stadium
2024,401640981,2024-09-28 22:00:00+00:00,5,2229,Florida International,Conference USA,2348,Louisiana Tech,home,False,False,True,STATUS_FINAL,17.0,10.0,True,12425,Pitbull Stadium
2024,401640982,2024-10-08 23:00:00+00:00,7,2229,Florida International,Conference USA,2335,Liberty,away,False,False,True,STATUS_FINAL,24.0,31.0,False,16343,Williams Stadium (VA)
2024,401640983,2024-10-17 01:00:00+00:00,8,2229,Florida International,Conference USA,2638,UTEP,away,False,False,True,STATUS_FINAL,21.0,30.0,False,11373,Sun Bowl
2024,401640984,2024-10-22 23:30:00+00:00,9,2229,Florida International,Conference USA,2534,Sam Houston,home,False,False,True,STATUS_FINAL,7.0,10.0,False,10625,Pitbull Stadium
2024,401640985,2024-10-29 23:00:00+00:00,10,2229,Florida International,Conference USA,166,New Mexico State,home,False,False,True,STATUS_FINAL,34.0,13.0,True,9103,Pitbull Stadium
2024,401640986,2024-11-16 19:00:00+00:00,12,2229,Florida International,Conference USA,55,Jacksonville State,away,False,False,True,STATUS_FINAL,31.0,34.0,False,17688,AmFirst Stadium
2024,401640987,2024-11-23 20:00:00+00:00,13,2229,Florida International,Conference USA,338,Kennesaw State,away,False,False,True,STATUS_FINAL,26.0,27.0,False,6210,Walens Family Field at Fifth Third Stadium
2024,401640988,2024-11-30 19:00:00+00:00,14,2229,Florida International,Conference USA,2393,Middle Tennessee,home,False,False,True,STATUS_FINAL,35.0,24.0,True,8962,Pitbull Stadium
2024,401635525,2024-08-24 16:00:00+00:00,1,52,Florida State,ACC,59,Georgia Tech,away,True,False,True,STATUS_FINAL,21.0,24.0,False,47998,Aviva Stadium
2024,401634306,2024-09-02 23:30:00+00:00,1,52,Florida State,ACC,103,Boston College,home,False,False,True,STATUS_FINAL,13.0,28.0,False,51719,Doak Campbell Stadium
2024,401635542,2024-09-14 16:00:00+00:00,3,52,Florida State,ACC,235,Memphis,home,False,False,True,STATUS_FINAL,12.0,20.0,False,55107,Doak Campbell Stadium
2024,401635551,2024-09-21 23:00:00+00:00,4,52,Florida State,ACC,25,California,home,False,False,True,STATUS_FINAL,14.0,9.0,True,55107,Doak Campbell Stadium
2024,401635563,2024-09-29 00:00:00+00:00,5,52,Florida State,ACC,2567,SMU,away,False,False,True,STATUS_FINAL,16.0,42.0,False,34879,Gerald J. Ford Stadium
2024,401635569,2024-10-05 23:00:00+00:00,6,52,Florida State,ACC,228,Clemson,home,False,False,True,STATUS_FINAL,13.0,29.0,False,55107,Doak Campbell Stadium
2024,401634769,2024-10-18 23:00:00+00:00,8,52,Florida State,ACC,150,Duke,away,False,False,True,STATUS_FINAL,16.0,23.0,False,30735,Wallace Wade Stadium
2024,401635596,2024-10-26 23:00:00+00:00,9,52,Florida State,ACC,2390,Miami,away,False,False,True,STATUS_FINAL,14.0,36.0,False,66200,Hard Rock Stadium
2024,401635602,2024-11-02 19:30:00+00:00,10,52,Florida State,ACC,153,North Carolina,home,False,False,True,STATUS_FINAL,11.0,35.0,False,55107,Doak Campbell Stadium
2024,401628984,2024-11-10 00:30:00+00:00,11,52,Florida State,ACC,87,Notre Dame,away,False,False,True,STATUS_FINAL,3.0,52.0,False,77622,Notre Dame Stadium
2024,401635616,2024-11-23 18:30:00+00:00,13,52,Florida State,ACC,2127,Charleston Southern,home,False,False,True,STATUS_FINAL,41.0,7.0,True,43711,Doak Campbell Stadium
2024,401628438,2024-12-01 00:00:00+00:00,14,52,Florida State,ACC,57,Florida,home,False,False,True,STATUS_FINAL,11.0,31.0,False,55107,Doak Campbell Stadium
2024,401628452,2024-08-31 23:30:00+00:00,1,278,Fresno State,Mountain West,130,Michigan,away,False,False,True,STATUS_FINAL,10.0,30.0,False,110665,Michigan Stadium
2024,401643707,2024-09-08 02:00:00+00:00,2,278,Fresno State,Mountain West,16,Sacramento State,home,False,False,True,STATUS_FINAL,46.0,30.0,True,41031,Valley Children's Stadium
2024,401641033,2024-09-15 02:30:00+00:00,3,278,Fresno State,Mountain West,166,New Mexico State,home,False,False,True,STATUS_FINAL,48.0,0.0,True,39079,Valley Children's Stadium
2024,401643711,2024-09-22 00:30:00+00:00,4,278,Fresno State,Mountain West,167,New Mexico,away,False,False,True,STATUS_FINAL,38.0,21.0,True,18019,University Stadium (NM)
2024,401643720,2024-09-28 19:30:00+00:00,5,278,Fresno State,Mountain West,2439,UNLV,away,False,False,True,STATUS_FINAL,14.0,59.0,False,24638,Allegiant Stadium
2024,401643730,2024-10-12 23:00:00+00:00,7,278,Fresno State,Mountain West,265,Washington State,home,False,False,True,STATUS_FINAL,17.0,25.0,False,41031,Valley Children's Stadium
2024,401643735,2024-10-19 02:30:00+00:00,8,278,Fresno State,Mountain West,2440,Nevada,away,False,False,True,STATUS_FINAL,24.0,21.0,True,18319,Mackay Stadium
2024,401643742,2024-10-27 00:00:00+00:00,9,278,Fresno State,Mountain West,23,San José State,home,False,False,True,STATUS_FINAL,33.0,10.0,True,41343,Valley Children's Stadium
2024,401643749,2024-11-02 23:00:00+00:00,10,278,Fresno State,Mountain West,62,Hawai'i,home,False,False,True,STATUS_FINAL,20.0,21.0,False,41575,Valley Children's Stadium
2024,401643751,2024-11-10 02:45:00+00:00,11,278,Fresno State,Mountain West,2005,Air Force,away,False,False,True,STATUS_FINAL,28.0,36.0,False,14794,Falcon Stadium
2024,401643765,2024-11-24 03:30:00+00:00,13,278,Fresno State,Mountain West,36,Colorado State,home,False,False,True,STATUS_FINAL,28.0,22.0,True,39543,Valley Children's Stadium
2024,401628570,2024-11-30 20:30:00+00:00,14,278,Fresno State,Mountain West,26,UCLA,away,False,False,True,STATUS_FINAL,13.0,20.0,False,35018,Rose Bowl
2024,401628323,2024-08-31 16:00:00+00:00,1,61,Georgia,SEC,228,Clemson,home,True,False,True,STATUS_FINAL,34.0,3.0,True,78827,Mercedes-Benz Stadium
2024,401628339,2024-09-07 18:00:00+00:00,2,61,Georgia,SEC,2635,Tennessee Tech,home,False,False,True,STATUS_FINAL,48.0,3.0,True,93033,Sanford Stadium
2024,401628354,2024-09-14 23:30:00+00:00,3,61,Georgia,SEC,96,Kentucky,away,False,False,True,STATUS_FINAL,13.0,12.0,True,61663,Kroger Field
2024,401628374,2024-09-28 23:30:00+00:00,5,61,Georgia,SEC,333,Alabama,away,False,False,True,STATUS_FINAL,34.0,41.0,False,100077,Bryant-Denny Stadium
2024,401628381,2024-10-05 19:30:00+00:00,6,61,Georgia,SEC,2,Auburn,home,False,False,True,STATUS_FINAL,31.0,13.0,True,93033,Sanford Stadium
2024,401628386,2024-10-12 20:15:00+00:00,7,61,Georgia,SEC,344,Mississippi State,home,False,False,True,STATUS_FINAL,41.0,31.0,True,93033,Sanford Stadium
2024,401628398,2024-10-19 23:49:00+00:00,8,61,Georgia,SEC,251,Texas,away,False,False,True,STATUS_FINAL,30.0,15.0,True,105215,DKR-Texas Memorial Stadium
2024,401628408,2024-11-02 19:30:00+00:00,10,61,Georgia,SEC,57,Florida,home,True,False,True,STATUS_FINAL,34.0,20.0,True,76307,EverBank Stadium
2024,401628414,2024-11-09 20:30:00+00:00,11,61,Georgia,SEC,145,Ole Miss,away,False,False,True,STATUS_FINAL,10.0,28.0,False,68126,Vaught-Hemingway Stadium
2024,401628421,2024-11-17 00:30:00+00:00,12,61,Georgia,SEC,2633,Tennessee,home,False,False,True,STATUS_FINAL,31.0,17.0,True,93033,Sanford Stadium
2024,401628430,2024-11-23 17:45:00+00:00,13,61,Georgia,SEC,113,Massachusetts,home,False,False,True,STATUS_FINAL,59.0,21.0,True,93033,Sanford Stadium
2024,401628439,2024-11-30 00:30:00+00:00,14,61,Georgia,SEC,59,Georgia Tech,home,False,False,True,STATUS_FINAL,44.0,42.0,True,93033,Sanford Stadium
2024,401673469,2024-12-07 21:00:00+00:00,15,61,Georgia,SEC,251,Texas,away,True,False,True,STATUS_FINAL,22.0,19.0,True,74916,Mercedes-Benz Stadium
2024,401643700,2024-08-31 20:00:00+00:00,1,290,Georgia Southern,Sun Belt,68,Boise State,home,False,False,True,STATUS_FINAL,45.0,56.0,False,24134,Allen E. Paulson Stadium
2024,401643708,2024-09-07 23:00:00+00:00,2,290,Georgia Southern,Sun Belt,2440,Nevada,away,False,False,True,STATUS_FINAL,20.0,17.0,True,16245,Mackay Stadium
2024,401643787,2024-09-14 22:00:00+00:00,3,290,Georgia Southern,Sun Belt,2569,South Carolina State,home,False,False,True,STATUS_FINAL,42.0,14.0,True,21617,Allen E. Paulson Stadium
2024,401628366,2024-09-21 23:45:00+00:00,4,290,Georgia Southern,Sun Belt,145,Ole Miss,away,False,False,True,STATUS_FINAL,13.0,52.0,False,67505,Vaught-Hemingway Stadium
2024,401643792,2024-09-28 19:30:00+00:00,5,290,Georgia Southern,Sun Belt,2247,Georgia State,away,False,False,True,STATUS_FINAL,38.0,21.0,True,18808,Center Parc Stadium
2024,401643804,2024-10-13 00:00:00+00:00,7,290,Georgia Southern,Sun Belt,276,Marshall,home,False,False,True,STATUS_FINAL,24.0,23.0,True,24048,Allen E. Paulson Stadium
2024,401643812,2024-10-19 20:00:00+00:00,8,290,Georgia Southern,Sun Belt,256,James Madison,home,False,False,True,STATUS_FINAL,28.0,14.0,True,20153,Allen E. Paulson Stadium
2024,401643815,2024-10-24 23:00:00+00:00,9,290,Georgia Southern,Sun Belt,295,Old Dominion,away,False,False,True,STATUS_FINAL,19.0,47.0,False,18281,S.B. Ballard Stadium
2024,401643823,2024-11-02 23:30:00+00:00,10,290,Georgia Southern,Sun Belt,6,South Alabama,away,False,False,True,STATUS_FINAL,34.0,30.0,True,19667,Hancock Whitney Stadium
2024,401643830,2024-11-16 21:00:00+00:00,12,290,Georgia Southern,Sun Belt,2653,Troy,home,False,False,True,STATUS_FINAL,20.0,28.0,False,21762,Allen E. Paulson Stadium
2024,401643837,2024-11-23 20:30:00+00:00,13,290,Georgia Southern,Sun Belt,324,Coastal Carolina,away,False,False,True,STATUS_FINAL,26.0,6.0,True,14556,Brooks Stadium (SC)
2024,401643844,2024-11-30 23:00:00+00:00,14,290,Georgia Southern,Sun Belt,2026,App State,home,False,False,True,STATUS_FINAL,29.0,20.0,True,23383,Allen E. Paulson Stadium
2024,401634302,2024-09-01 00:00:00+00:00,1,2247,Georgia State,Sun Belt,59,Georgia Tech,away,False,False,True,STATUS_FINAL,12.0,35.0,False,40113,Bobby Dodd Stadium
2024,401632459,2024-09-07 23:00:00+00:00,2,2247,Georgia State,Sun Belt,236,Chattanooga,home,False,False,True,STATUS_FINAL,24.0,21.0,True,0,Center Parc Stadium
2024,401628362,2024-09-14 23:00:00+00:00,3,2247,Georgia State,Sun Belt,238,Vanderbilt,home,False,False,True,STATUS_FINAL,36.0,32.0,True,14413,Center Parc Stadium
2024,401643792,2024-09-28 19:30:00+00:00,5,2247,Georgia State,Sun Belt,290,Georgia Southern,home,False,False,True,STATUS_FINAL,21.0,38.0,False,18808,Center Parc Stadium
2024,401643805,2024-10-12 19:30:00+00:00,7,2247,Georgia State,Sun Belt,295,Old Dominion,home,False,False,True,STATUS_FINAL,14.0,21.0,False,12280,Center Parc Stadium
2024,401643810,2024-10-17 23:00:00+00:00,8,2247,Georgia State,Sun Belt,276,Marshall,away,False,False,True,STATUS_FINAL,20.0,35.0,False,20703,Joan C. Edwards Stadium
2024,401643816,2024-10-26 17:00:00+00:00,9,2247,Georgia State,Sun Belt,2026,App State,away,False,False,True,STATUS_FINAL,26.0,33.0,False,33783,Kidd Brewer Stadium
2024,401629036,2024-11-01 23:00:00+00:00,10,2247,Georgia State,Sun Belt,41,UConn,away,False,False,True,STATUS_FINAL,27.0,34.0,False,22028,Pratt & Whitney Stadium
2024,401643826,2024-11-09 20:30:00+00:00,11,2247,Georgia State,Sun Belt,256,James Madison,away,False,False,True,STATUS_FINAL,7.0,38.0,False,25709,Bridgeforth Stadium
2024,401643831,2024-11-16 22:00:00+00:00,12,2247,Georgia State,Sun Belt,2032,Arkansas State,home,False,False,True,STATUS_FINAL,20.0,27.0,False,14047,Center Parc Stadium
2024,401643842,2024-11-24 00:00:00+00:00,13,2247,Georgia State,Sun Belt,326,Texas State,away,False,False,True,STATUS_FINAL,52.0,44.0,True,18271,UFCU Stadium
2024,401643845,2024-11-30 19:00:00+00:00,14,2247,Georgia State,Sun Belt,324,Coastal Carolina,home,False,False,True,STATUS_FINAL,27.0,48.0,False,12606,Center Parc Stadium
2024,401635525,2024-08-24 16:00:00+00:00,1,59,Georgia Tech,ACC,52,Florida State,home,True,False,True,STATUS_FINAL,24.0,21.0,True,47998,Aviva Stadium
2024,401634302,2024-09-01 00:00:00+00:00,1,59,Georgia Tech,ACC,2247,Georgia State,home,False,False,True,STATUS_FINAL,35.0,12.0,True,40113,Bobby Dodd Stadium
2024,401635534,2024-09-07 16:00:00+00:00,2,59,Georgia Tech,ACC,183,Syracuse,away,False,False,True,STATUS_FINAL,28.0,31.0,False,39550,JMA Wireless Dome
2024,401635543,2024-09-14 19:30:00+00:00,3,59,Georgia Tech,ACC,2678,VMI,home,False,False,True,STATUS_FINAL,59.0,7.0,True,31729,Bobby Dodd Stadium
2024,401635554,2024-09-21 19:30:00+00:00,4,59,Georgia Tech,ACC,97,Louisville,away,False,False,True,STATUS_FINAL,19.0,31.0,False,50727,L&N Federal Credit Union Stadium
2024,401635570,2024-10-06 00:00:00+00:00,6,59,Georgia Tech,ACC,150,Duke,home,False,False,True,STATUS_FINAL,24.0,14.0,True,37287,Bobby Dodd Stadium
2024,401635577,2024-10-12 16:00:00+00:00,7,59,Georgia Tech,ACC,153,North Carolina,away,False,False,True,STATUS_FINAL,41.0,34.0,True,44482,Kenan Stadium
2024,401628982,2024-10-19 19:30:00+00:00,8,59,Georgia Tech,ACC,87,Notre Dame,home,True,False,True,STATUS_FINAL,13.0,31.0,False,59021,Mercedes-Benz Stadium
2024,401635597,2024-10-26 16:00:00+00:00,9,59,Georgia Tech,ACC,259,Virginia Tech,away,False,False,True,STATUS_FINAL,6.0,21.0,False,65633,Lane Stadium
2024,401635609,2024-11-09 17:00:00+00:00,11,59,Georgia Tech,ACC,2390,Miami,home,False,False,True,STATUS_FINAL,28.0,23.0,True,47358,Bobby Dodd Stadium
2024,401634772,2024-11-22 00:30:00+00:00,13,59,Georgia Tech,ACC,152,NC State,home,False,False,True,STATUS_FINAL,30.0,29.0,True,34591,Bobby Dodd Stadium
2024,401628439,2024-11-30 00:30:00+00:00,14,59,Georgia Tech,ACC,61,Georgia,away,False,False,True,STATUS_FINAL,42.0,44.0,False,93033,Sanford Stadium
2024,401643858,2024-08-25 03:59:00+00:00,1,62,Hawai'i,Mountain West,2169,Delaware State,home,False,False,True,STATUS_FINAL,35.0,14.0,True,12206,Clarence T.C. Ching Athletics Complex
2024,401628459,2024-08-31 23:30:00+00:00,1,62,Hawai'i,Mountain West,26,UCLA,home,False,False,True,STATUS_FINAL,13.0,16.0,False,15194,Clarence T.C. Ching Athletics Complex
2024,401641040,2024-09-14 23:00:00+00:00,3,62,Hawai'i,Mountain West,2534,Sam Houston,away,False,False,True,STATUS_FINAL,13.0,31.0,False,15134,Elliott T. Bowers Stadium
2024,401643712,2024-09-22 03:59:00+00:00,4,62,Hawai'i,Mountain West,2460,Northern Iowa,home,False,False,True,STATUS_FINAL,36.0,7.0,True,11402,Clarence T.C. Ching Athletics Complex
2024,401643725,2024-10-06 00:00:00+00:00,6,62,Hawai'i,Mountain West,21,San Diego State,away,False,False,True,STATUS_FINAL,24.0,27.0,False,31307,Snapdragon Stadium
2024,401643728,2024-10-13 03:00:00+00:00,7,62,Hawai'i,Mountain West,68,Boise State,home,False,False,True,STATUS_FINAL,7.0,28.0,False,15194,Clarence T.C. Ching Athletics Complex
2024,401643736,2024-10-19 19:30:00+00:00,8,62,Hawai'i,Mountain West,265,Washington State,away,False,False,True,STATUS_FINAL,10.0,42.0,False,25112,Martin Stadium
2024,401643743,2024-10-27 03:59:00+00:00,9,62,Hawai'i,Mountain West,2440,Nevada,home,False,False,True,STATUS_FINAL,34.0,13.0,True,12006,Clarence T.C. Ching Athletics Complex
2024,401643749,2024-11-02 23:00:00+00:00,10,62,Hawai'i,Mountain West,278,Fresno State,away,False,False,True,STATUS_FINAL,21.0,20.0,True,41575,Valley Children's Stadium
2024,401643753,2024-11-10 02:00:00+00:00,11,62,Hawai'i,Mountain West,2439,UNLV,home,False,False,True,STATUS_FINAL,27.0,29.0,False,12691,Clarence T.C. Ching Athletics Complex
2024,401643760,2024-11-16 20:00:00+00:00,12,62,Hawai'i,Mountain West,328,Utah State,away,False,False,True,STATUS_FINAL,10.0,55.0,False,0,Maverik Stadium
2024,401643771,2024-12-01 04:00:00+00:00,14,62,Hawai'i,Mountain West,167,New Mexico,home,False,False,True,STATUS_FINAL,38.0,30.0,True,12046,Clarence T.C. Ching Athletics Complex
2024,401636611,2024-08-31 23:00:00+00:00,1,248,Houston,Big 12,2439,UNLV,home,False,False,True,STATUS_FINAL,7.0,27.0,False,25750,TDECU Stadium
2024,401628345,2024-09-07 23:45:00+00:00,2,248,Houston,Big 12,201,Oklahoma,away,False,False,True,STATUS_FINAL,12.0,16.0,False,83653,"Memorial Stadium (Norman, OK)"
2024,401636862,2024-09-15 00:00:00+00:00,3,248,Houston,Big 12,242,Rice,home,False,False,True,STATUS_FINAL,33.0,7.0,True,28146,TDECU Stadium
2024,401636873,2024-09-21 16:00:00+00:00,4,248,Houston,Big 12,2132,Cincinnati,away,False,False,True,STATUS_FINAL,0.0,34.0,False,38007,Nippert Stadium
2024,401636881,2024-09-28 23:00:00+00:00,5,248,Houston,Big 12,66,Iowa State,home,False,False,True,STATUS_FINAL,0.0,20.0,False,25138,TDECU Stadium
2024,401636891,2024-10-04 23:30:00+00:00,6,248,Houston,Big 12,2628,TCU,away,False,False,True,STATUS_FINAL,30.0,19.0,True,44211,Amon G. Carter Stadium
2024,401636901,2024-10-19 19:30:00+00:00,8,248,Houston,Big 12,2305,Kansas,away,False,False,True,STATUS_FINAL,14.0,42.0,False,38619,Arrowhead Stadium
2024,401636908,2024-10-26 23:00:00+00:00,9,248,Houston,Big 12,254,Utah,home,False,False,True,STATUS_FINAL,17.0,14.0,True,28251,TDECU Stadium
2024,401636913,2024-11-02 19:30:00+00:00,10,248,Houston,Big 12,2306,Kansas State,home,False,False,True,STATUS_FINAL,24.0,19.0,True,23085,TDECU Stadium
2024,401636923,2024-11-16 03:15:00+00:00,12,248,Houston,Big 12,12,Arizona,away,False,False,True,STATUS_FINAL,3.0,27.0,False,38538,Casino Del Sol Stadium
2024,401636931,2024-11-24 00:00:00+00:00,13,248,Houston,Big 12,239,Baylor,home,False,False,True,STATUS_FINAL,10.0,20.0,False,34166,TDECU Stadium
2024,401636942,2024-12-01 03:15:00+00:00,14,248,Houston,Big 12,252,BYU,away,False,False,True,STATUS_FINAL,18.0,30.0,False,59213,LaVell Edwards Stadium
2024,401654845,2024-08-30 01:15:00+00:00,1,356,Illinois,Big Ten,2197,Eastern Illinois,home,False,False,True,STATUS_FINAL,45.0,0.0,True,43849,Gies Memorial Stadium
2024,401628462,2024-09-07 23:00:00+00:00,2,356,Illinois,Big Ten,2305,Kansas,home,False,False,True,STATUS_FINAL,23.0,17.0,True,60670,Gies Memorial Stadium
2024,401628475,2024-09-14 16:00:00+00:00,3,356,Illinois,Big Ten,2117,Central Michigan,home,False,False,True,STATUS_FINAL,30.0,9.0,True,0,Gies Memorial Stadium
2024,401628485,2024-09-21 00:00:00+00:00,4,356,Illinois,Big Ten,158,Nebraska,away,False,False,True,STATUS_FINAL,31.0,24.0,True,86936,"Memorial Stadium (Lincoln, NE)"
2024,401628495,2024-09-28 23:30:00+00:00,5,356,Illinois,Big Ten,213,Penn State,away,False,False,True,STATUS_FINAL,7.0,21.0,False,109911,Beaver Stadium
2024,401628511,2024-10-12 19:30:00+00:00,7,356,Illinois,Big Ten,2509,Purdue,home,False,False,True,STATUS_FINAL,50.0,49.0,True,55815,Gies Memorial Stadium
2024,401628518,2024-10-19 19:30:00+00:00,8,356,Illinois,Big Ten,130,Michigan,home,False,False,True,STATUS_FINAL,21.0,7.0,True,60670,Gies Memorial Stadium
2024,401628525,2024-10-26 19:30:00+00:00,9,356,Illinois,Big Ten,2483,Oregon,away,False,False,True,STATUS_FINAL,9.0,38.0,False,59830,Autzen Stadium
2024,401628533,2024-11-02 16:00:00+00:00,10,356,Illinois,Big Ten,135,Minnesota,home,False,False,True,STATUS_FINAL,17.0,25.0,False,58088,Gies Memorial Stadium
2024,401628547,2024-11-16 19:30:00+00:00,12,356,Illinois,Big Ten,127,Michigan State,home,False,False,True,STATUS_FINAL,38.0,16.0,True,52660,Gies Memorial Stadium
2024,401628554,2024-11-23 17:00:00+00:00,13,356,Illinois,Big Ten,164,Rutgers,away,False,False,True,STATUS_FINAL,38.0,31.0,True,47524,SHI Stadium
2024,401628563,2024-11-30 17:00:00+00:00,14,356,Illinois,Big Ten,77,Northwestern,away,True,False,True,STATUS_FINAL,38.0,28.0,True,26378,Wrigley Field
2024,401628449,2024-08-31 19:30:00+00:00,1,84,Indiana,Big Ten,2229,Florida International,home,False,False,True,STATUS_FINAL,31.0,7.0,True,44150,"Memorial Stadium (Bloomington, IN)"
2024,401628463,2024-09-06 23:00:00+00:00,2,84,Indiana,Big Ten,2710,Western Illinois,home,False,False,True,STATUS_FINAL,77.0,3.0,True,39082,"Memorial Stadium (Bloomington, IN)"
2024,401628476,2024-09-14 23:30:00+00:00,3,84,Indiana,Big Ten,26,UCLA,away,False,False,True,STATUS_FINAL,42.0,13.0,True,47811,Rose Bowl
2024,401628486,2024-09-21 16:00:00+00:00,4,84,Indiana,Big Ten,2429,Charlotte,home,False,False,True,STATUS_FINAL,52.0,14.0,True,43109,"Memorial Stadium (Bloomington, IN)"
2024,401628496,2024-09-28 16:00:00+00:00,5,84,Indiana,Big Ten,120,Maryland,home,False,False,True,STATUS_FINAL,42.0,28.0,True,48323,"Memorial Stadium (Bloomington, IN)"
2024,401628503,2024-10-05 19:30:00+00:00,6,84,Indiana,Big Ten,77,Northwestern,away,False,False,True,STATUS_FINAL,41.0,24.0,True,12023,Northwestern Medicine Field at Martin Stadium
2024,401628519,2024-10-19 16:00:00+00:00,8,84,Indiana,Big Ten,158,Nebraska,home,False,False,True,STATUS_FINAL,56.0,7.0,True,53082,"Memorial Stadium (Bloomington, IN)"
2024,401628526,2024-10-26 16:00:00+00:00,9,84,Indiana,Big Ten,264,Washington,home,False,False,True,STATUS_FINAL,31.0,17.0,True,53082,"Memorial Stadium (Bloomington, IN)"
2024,401628534,2024-11-02 19:30:00+00:00,10,84,Indiana,Big Ten,127,Michigan State,away,False,False,True,STATUS_FINAL,47.0,10.0,True,68423,Spartan Stadium
2024,401628541,2024-11-09 20:30:00+00:00,11,84,Indiana,Big Ten,130,Michigan,home,False,False,True,STATUS_FINAL,20.0,15.0,True,53082,"Memorial Stadium (Bloomington, IN)"
2024,401628555,2024-11-23 17:00:00+00:00,13,84,Indiana,Big Ten,194,Ohio State,away,False,False,True,STATUS_FINAL,15.0,38.0,False,105751,Ohio Stadium
2024,401628564,2024-12-01 00:00:00+00:00,14,84,Indiana,Big Ten,2509,Purdue,home,False,False,True,STATUS_FINAL,66.0,0.0,True,53082,"Memorial Stadium (Bloomington, IN)"
2024,401628450,2024-08-31 16:00:00+00:00,1,2294,Iowa,Big Ten,2287,Illinois State,home,False,False,True,STATUS_FINAL,40.0,0.0,True,69250,Kinnick Stadium
2024,401628464,2024-09-07 19:30:00+00:00,2,2294,Iowa,Big Ten,66,Iowa State,home,False,False,True,STATUS_FINAL,19.0,20.0,False,69250,Kinnick Stadium
2024,401628477,2024-09-14 20:00:00+00:00,3,2294,Iowa,Big Ten,2653,Troy,home,False,False,True,STATUS_FINAL,38.0,21.0,True,69250,Kinnick Stadium
2024,401628487,2024-09-21 23:30:00+00:00,4,2294,Iowa,Big Ten,135,Minnesota,away,False,False,True,STATUS_FINAL,31.0,14.0,True,52048,Huntington Bank Stadium
2024,401628504,2024-10-05 19:30:00+00:00,6,2294,Iowa,Big Ten,194,Ohio State,away,False,False,True,STATUS_FINAL,7.0,35.0,False,105135,Ohio Stadium
2024,401628512,2024-10-12 16:00:00+00:00,7,2294,Iowa,Big Ten,264,Washington,home,False,False,True,STATUS_FINAL,40.0,16.0,True,69250,Kinnick Stadium
2024,401628520,2024-10-19 23:30:00+00:00,8,2294,Iowa,Big Ten,127,Michigan State,away,False,False,True,STATUS_FINAL,20.0,32.0,False,69682,Spartan Stadium
2024,401628527,2024-10-26 19:30:00+00:00,9,2294,Iowa,Big Ten,77,Northwestern,home,False,False,True,STATUS_FINAL,40.0,14.0,True,69250,Kinnick Stadium
2024,401628535,2024-11-02 23:30:00+00:00,10,2294,Iowa,Big Ten,275,Wisconsin,home,False,False,True,STATUS_FINAL,42.0,10.0,True,69250,Kinnick Stadium
2024,401628542,2024-11-09 02:00:00+00:00,11,2294,Iowa,Big Ten,26,UCLA,away,False,False,True,STATUS_FINAL,17.0,20.0,False,53467,Rose Bowl
2024,401628556,2024-11-23 17:00:00+00:00,13,2294,Iowa,Big Ten,120,Maryland,away,False,False,True,STATUS_FINAL,29.0,13.0,True,30214,SECU Stadium
2024,401628562,2024-11-30 00:30:00+00:00,14,2294,Iowa,Big Ten,158,Nebraska,home,False,False,True,STATUS_FINAL,13.0,10.0,True,69250,Kinnick Stadium
2024,401634197,2024-08-31 19:30:00+00:00,1,66,Iowa State,Big 12,155,North Dakota,home,False,False,True,STATUS_FINAL,21.0,3.0,True,56148,Jack Trice Stadium
2024,401628464,2024-09-07 19:30:00+00:00,2,66,Iowa State,Big 12,2294,Iowa,away,False,False,True,STATUS_FINAL,20.0,19.0,True,69250,Kinnick Stadium
2024,401636875,2024-09-21 18:00:00+00:00,4,66,Iowa State,Big 12,2032,Arkansas State,home,False,False,True,STATUS_FINAL,52.0,7.0,True,55428,Jack Trice Stadium
2024,401636881,2024-09-28 23:00:00+00:00,5,66,Iowa State,Big 12,248,Houston,away,False,False,True,STATUS_FINAL,20.0,0.0,True,25138,TDECU Stadium
2024,401636889,2024-10-05 23:30:00+00:00,6,66,Iowa State,Big 12,239,Baylor,home,False,False,True,STATUS_FINAL,43.0,21.0,True,61500,Jack Trice Stadium
2024,401636896,2024-10-13 00:00:00+00:00,7,66,Iowa State,Big 12,277,West Virginia,away,False,False,True,STATUS_FINAL,28.0,16.0,True,55202,Milan Puskar Stadium
2024,401636900,2024-10-19 23:30:00+00:00,8,66,Iowa State,Big 12,2116,UCF,home,False,False,True,STATUS_FINAL,38.0,35.0,True,61500,Jack Trice Stadium
2024,401636914,2024-11-02 19:30:00+00:00,10,66,Iowa State,Big 12,2641,Texas Tech,home,False,False,True,STATUS_FINAL,22.0,23.0,False,61500,Jack Trice Stadium
2024,401636919,2024-11-09 20:30:00+00:00,11,66,Iowa State,Big 12,2305,Kansas,away,False,False,True,STATUS_FINAL,36.0,45.0,False,51109,Arrowhead Stadium
2024,401636926,2024-11-17 01:00:00+00:00,12,66,Iowa State,Big 12,2132,Cincinnati,home,False,False,True,STATUS_FINAL,34.0,17.0,True,52881,Jack Trice Stadium
2024,401636936,2024-11-24 00:30:00+00:00,13,66,Iowa State,Big 12,254,Utah,away,False,False,True,STATUS_FINAL,31.0,28.0,True,52152,Rice-Eccles Stadium
2024,401636944,2024-12-01 00:30:00+00:00,14,66,Iowa State,Big 12,2306,Kansas State,home,False,False,True,STATUS_FINAL,29.0,21.0,True,56228,Jack Trice Stadium
2024,401673465,2024-12-07 17:00:00+00:00,15,66,Iowa State,Big 12,9,Arizona State,away,True,False,True,STATUS_FINAL,19.0,45.0,False,55889,AT&T Stadium
2024,401640998,2024-08-30 00:00:00+00:00,1,55,Jacksonville State,Conference USA,324,Coastal Carolina,home,False,False,True,STATUS_FINAL,27.0,55.0,False,18977,AmFirst Stadium
2024,401635535,2024-09-07 19:30:00+00:00,2,55,Jacksonville State,Conference USA,97,Louisville,away,False,False,True,STATUS_FINAL,14.0,49.0,False,48575,L&N Federal Credit Union Stadium
2024,401640999,2024-09-14 23:00:00+00:00,3,55,Jacksonville State,Conference USA,2199,Eastern Michigan,away,False,False,True,STATUS_FINAL,34.0,37.0,False,17501,Rynearson Stadium
2024,401641000,2024-09-21 19:00:00+00:00,4,55,Jacksonville State,Conference USA,2572,Southern Miss,home,False,False,True,STATUS_FINAL,44.0,7.0,True,21788,AmFirst Stadium
2024,401641001,2024-10-04 23:00:00+00:00,6,55,Jacksonville State,Conference USA,338,Kennesaw State,away,False,False,True,STATUS_FINAL,63.0,24.0,True,10029,Walens Family Field at Fifth Third Stadium
2024,401641002,2024-10-09 23:30:00+00:00,7,55,Jacksonville State,Conference USA,166,New Mexico State,home,False,False,True,STATUS_FINAL,54.0,13.0,True,16555,AmFirst Stadium
2024,401641003,2024-10-23 23:30:00+00:00,9,55,Jacksonville State,Conference USA,2393,Middle Tennessee,home,False,False,True,STATUS_FINAL,42.0,20.0,True,17988,AmFirst Stadium
2024,401640994,2024-10-30 23:00:00+00:00,10,55,Jacksonville State,Conference USA,2335,Liberty,away,False,False,True,STATUS_FINAL,31.0,21.0,True,18069,Williams Stadium (VA)
2024,401641004,2024-11-09 21:30:00+00:00,11,55,Jacksonville State,Conference USA,2348,Louisiana Tech,away,False,False,True,STATUS_FINAL,44.0,37.0,True,16345,Joe Aillet Stadium
2024,401640986,2024-11-16 19:00:00+00:00,12,55,Jacksonville State,Conference USA,2229,Florida International,home,False,False,True,STATUS_FINAL,34.0,31.0,True,17688,AmFirst Stadium
2024,401641005,2024-11-23 17:00:00+00:00,13,55,Jacksonville State,Conference USA,2534,Sam Houston,home,False,False,True,STATUS_FINAL,21.0,11.0,True,16312,AmFirst Stadium
2024,401641006,2024-11-30 21:00:00+00:00,14,55,Jacksonville State,Conference USA,98,Western Kentucky,away,False,False,True,STATUS_FINAL,17.0,19.0,False,6547,Houchens Industries-L.T. Smith Stadium
2024,401673466,2024-12-07 00:00:00+00:00,15,55,Jacksonville State,Conference USA,98,Western Kentucky,home,False,False,True,STATUS_FINAL,52.0,12.0,True,15628,AmFirst Stadium
2024,401643774,2024-09-01 00:00:00+00:00,1,256,James Madison,Sun Belt,2429,Charlotte,away,False,False,True,STATUS_FINAL,30.0,7.0,True,15614,Jerry Richardson Stadium
2024,401643777,2024-09-07 22:00:00+00:00,2,256,James Madison,Sun Belt,2241,Gardner-Webb,home,False,False,True,STATUS_FINAL,13.0,6.0,True,24570,Bridgeforth Stadium
2024,401635556,2024-09-21 16:00:00+00:00,4,256,James Madison,Sun Belt,153,North Carolina,away,False,False,True,STATUS_FINAL,70.0,50.0,True,50500,Kenan Stadium
2024,401643793,2024-09-28 17:30:00+00:00,5,256,James Madison,Sun Belt,2050,Ball State,home,False,False,True,STATUS_FINAL,63.0,7.0,True,25786,Bridgeforth Stadium
2024,401643801,2024-10-05 23:00:00+00:00,6,256,James Madison,Sun Belt,2433,UL Monroe,away,False,False,True,STATUS_FINAL,19.0,21.0,False,19976,Malone Stadium
2024,401643803,2024-10-10 23:30:00+00:00,7,256,James Madison,Sun Belt,324,Coastal Carolina,home,False,False,True,STATUS_FINAL,39.0,7.0,True,25622,Bridgeforth Stadium
2024,401643812,2024-10-19 20:00:00+00:00,8,256,James Madison,Sun Belt,290,Georgia Southern,away,False,False,True,STATUS_FINAL,14.0,28.0,False,20153,Allen E. Paulson Stadium
2024,401643817,2024-10-26 19:30:00+00:00,9,256,James Madison,Sun Belt,2572,Southern Miss,home,False,False,True,STATUS_FINAL,32.0,15.0,True,25399,Bridgeforth Stadium
2024,401643826,2024-11-09 20:30:00+00:00,11,256,James Madison,Sun Belt,2247,Georgia State,home,False,False,True,STATUS_FINAL,38.0,7.0,True,25709,Bridgeforth Stadium
2024,401643833,2024-11-16 21:00:00+00:00,12,256,James Madison,Sun Belt,295,Old Dominion,away,False,False,True,STATUS_FINAL,35.0,32.0,True,21984,S.B. Ballard Stadium
2024,401643836,2024-11-23 19:30:00+00:00,13,256,James Madison,Sun Belt,2026,App State,away,False,False,True,STATUS_FINAL,20.0,34.0,False,34012,Kidd Brewer Stadium
2024,401643846,2024-12-01 01:00:00+00:00,14,256,James Madison,Sun Belt,276,Marshall,home,False,False,True,STATUS_FINAL,33.0,35.0,False,23341,Bridgeforth Stadium
2024,401636606,2024-08-30 00:00:00+00:00,1,2305,Kansas,Big 12,2815,Lindenwood,home,False,False,True,STATUS_FINAL,48.0,3.0,True,20829,Sporting Park
2024,401628462,2024-09-07 23:00:00+00:00,2,2305,Kansas,Big 12,356,Illinois,away,False,False,True,STATUS_FINAL,17.0,23.0,False,60670,Gies Memorial Stadium
2024,401636863,2024-09-13 23:00:00+00:00,3,2305,Kansas,Big 12,2439,UNLV,home,False,False,True,STATUS_FINAL,20.0,23.0,False,21493,Sporting Park
2024,401636879,2024-09-21 16:00:00+00:00,4,2305,Kansas,Big 12,277,West Virginia,away,False,False,True,STATUS_FINAL,28.0,32.0,False,52428,Milan Puskar Stadium
2024,401636882,2024-09-28 19:30:00+00:00,5,2305,Kansas,Big 12,2628,TCU,home,False,False,True,STATUS_FINAL,27.0,38.0,False,47928,Arrowhead Stadium
2024,401636888,2024-10-06 00:00:00+00:00,6,2305,Kansas,Big 12,9,Arizona State,away,False,False,True,STATUS_FINAL,31.0,35.0,False,54639,Mountain America Stadium
2024,401636901,2024-10-19 19:30:00+00:00,8,2305,Kansas,Big 12,248,Houston,home,False,False,True,STATUS_FINAL,42.0,14.0,True,38619,Arrowhead Stadium
2024,401636909,2024-10-27 00:00:00+00:00,9,2305,Kansas,Big 12,2306,Kansas State,away,False,False,True,STATUS_FINAL,27.0,29.0,False,52074,Bill Snyder Family Stadium
2024,401636919,2024-11-09 20:30:00+00:00,11,2305,Kansas,Big 12,66,Iowa State,home,False,False,True,STATUS_FINAL,45.0,36.0,True,51109,Arrowhead Stadium
2024,401636924,2024-11-17 03:15:00+00:00,12,2305,Kansas,Big 12,252,BYU,away,False,False,True,STATUS_FINAL,17.0,13.0,True,62704,LaVell Edwards Stadium
2024,401636932,2024-11-23 20:30:00+00:00,13,2305,Kansas,Big 12,38,Colorado,home,False,False,True,STATUS_FINAL,37.0,21.0,True,56470,Arrowhead Stadium
2024,401636941,2024-11-30 17:00:00+00:00,14,2305,Kansas,Big 12,239,Baylor,away,False,False,True,STATUS_FINAL,17.0,45.0,False,36585,McLane Stadium
2024,401636612,2024-08-31 23:00:00+00:00,1,2306,Kansas State,Big 12,2630,UT Martin,home,False,False,True,STATUS_FINAL,41.0,6.0,True,51240,Bill Snyder Family Stadium
2024,401636616,2024-09-07 16:00:00+00:00,2,2306,Kansas State,Big 12,2655,Tulane,away,False,False,True,STATUS_FINAL,34.0,27.0,True,25034,Yulman Stadium
2024,401636864,2024-09-14 00:00:00+00:00,3,2306,Kansas State,Big 12,12,Arizona,home,False,False,True,STATUS_FINAL,31.0,7.0,True,51290,Bill Snyder Family Stadium
2024,401636872,2024-09-22 02:30:00+00:00,4,2306,Kansas State,Big 12,252,BYU,away,False,False,True,STATUS_FINAL,9.0,38.0,False,64201,LaVell Edwards Stadium
2024,401636883,2024-09-28 16:00:00+00:00,5,2306,Kansas State,Big 12,197,Oklahoma State,home,False,False,True,STATUS_FINAL,42.0,20.0,True,0,Bill Snyder Family Stadium
2024,401636894,2024-10-13 02:25:00+00:00,7,2306,Kansas State,Big 12,38,Colorado,away,False,False,True,STATUS_FINAL,31.0,28.0,True,53972,Folsom Field
2024,401636904,2024-10-19 23:30:00+00:00,8,2306,Kansas State,Big 12,277,West Virginia,away,False,False,True,STATUS_FINAL,45.0,18.0,True,54327,Milan Puskar Stadium
2024,401636909,2024-10-27 00:00:00+00:00,9,2306,Kansas State,Big 12,2305,Kansas,home,False,False,True,STATUS_FINAL,29.0,27.0,True,52074,Bill Snyder Family Stadium
2024,401636913,2024-11-02 19:30:00+00:00,10,2306,Kansas State,Big 12,248,Houston,away,False,False,True,STATUS_FINAL,19.0,24.0,False,23085,TDECU Stadium
2024,401636927,2024-11-17 00:00:00+00:00,12,2306,Kansas State,Big 12,9,Arizona State,home,False,False,True,STATUS_FINAL,14.0,24.0,False,51880,Bill Snyder Family Stadium
2024,401636933,2024-11-24 01:00:00+00:00,13,2306,Kansas State,Big 12,2132,Cincinnati,home,False,False,True,STATUS_FINAL,41.0,15.0,True,50988,Bill Snyder Family Stadium
2024,401636944,2024-12-01 00:30:00+00:00,14,2306,Kansas State,Big 12,66,Iowa State,away,False,False,True,STATUS_FINAL,21.0,29.0,False,56228,Jack Trice Stadium
2024,401641015,2024-08-31 19:30:00+00:00,1,338,Kennesaw State,Conference USA,2636,UTSA,away,False,False,True,STATUS_FINAL,16.0,28.0,False,25911,Alamodome
2024,401641016,2024-09-07 23:00:00+00:00,2,338,Kennesaw State,Conference USA,309,Louisiana,home,False,False,True,STATUS_FINAL,10.0,34.0,False,11040,Walens Family Field at Fifth Third Stadium
2024,401641017,2024-09-14 23:00:00+00:00,3,338,Kennesaw State,Conference USA,23,San José State,away,False,False,True,STATUS_FINAL,10.0,31.0,False,11090,CEFCU Stadium
2024,401641018,2024-09-28 22:00:00+00:00,5,338,Kennesaw State,Conference USA,2630,UT Martin,home,False,False,True,STATUS_FINAL,13.0,24.0,False,0,Walens Family Field at Fifth Third Stadium
2024,401641001,2024-10-04 23:00:00+00:00,6,338,Kennesaw State,Conference USA,55,Jacksonville State,home,False,False,True,STATUS_FINAL,24.0,63.0,False,10029,Walens Family Field at Fifth Third Stadium
2024,401641019,2024-10-16 00:00:00+00:00,8,338,Kennesaw State,Conference USA,2393,Middle Tennessee,away,False,False,True,STATUS_FINAL,5.0,14.0,False,10200,"Johnny ""Red"" Floyd Stadium"
2024,401640993,2024-10-23 23:00:00+00:00,9,338,Kennesaw State,Conference USA,2335,Liberty,home,False,False,True,STATUS_FINAL,27.0,24.0,True,8209,Walens Family Field at Fifth Third Stadium
2024,401641020,2024-10-30 23:30:00+00:00,10,338,Kennesaw State,Conference USA,98,Western Kentucky,away,False,False,True,STATUS_FINAL,14.0,31.0,False,14547,Houchens Industries-L.T. Smith Stadium
2024,401641021,2024-11-09 21:00:00+00:00,11,338,Kennesaw State,Conference USA,2638,UTEP,away,False,False,True,STATUS_FINAL,35.0,43.0,False,14728,Sun Bowl
2024,401641022,2024-11-16 20:00:00+00:00,12,338,Kennesaw State,Conference USA,2534,Sam Houston,home,False,False,True,STATUS_FINAL,17.0,23.0,False,7736,Walens Family Field at Fifth Third Stadium
2024,401640987,2024-11-23 20:00:00+00:00,13,338,Kennesaw State,Conference USA,2229,Florida International,home,False,False,True,STATUS_FINAL,27.0,26.0,True,6210,Walens Family Field at Fifth Third Stadium
2024,401641014,2024-11-30 21:00:00+00:00,14,338,Kennesaw State,Conference USA,2348,Louisiana Tech,away,False,False,True,STATUS_FINAL,0.0,33.0,False,14686,Joe Aillet Stadium
2024,401634305,2024-08-31 16:00:00+00:00,1,2309,Kent State,MAC,221,Pittsburgh,away,False,False,True,STATUS_FINAL,24.0,55.0,False,44616,Acrisure Stadium
2024,401644732,2024-09-07 18:30:00+00:00,2,2309,Kent State,MAC,2598,St. Francis (PA),home,False,False,True,STATUS_FINAL,17.0,23.0,False,11585,Zoeller Field at Dix Stadium
2024,401628360,2024-09-14 23:45:00+00:00,3,2309,Kent State,MAC,2633,Tennessee,away,False,False,True,STATUS_FINAL,0.0,71.0,False,101915,Neyland Stadium
2024,401628493,2024-09-21 19:30:00+00:00,4,2309,Kent State,MAC,213,Penn State,away,False,False,True,STATUS_FINAL,0.0,56.0,False,109526,Beaver Stadium
2024,401644739,2024-09-28 19:30:00+00:00,5,2309,Kent State,MAC,2199,Eastern Michigan,home,False,False,True,STATUS_FINAL,33.0,52.0,False,10899,Zoeller Field at Dix Stadium
2024,401644743,2024-10-12 16:00:00+00:00,7,2309,Kent State,MAC,2050,Ball State,home,False,False,True,STATUS_FINAL,35.0,37.0,False,7322,Zoeller Field at Dix Stadium
2024,401644748,2024-10-19 19:30:00+00:00,8,2309,Kent State,MAC,189,Bowling Green,away,False,False,True,STATUS_FINAL,6.0,27.0,False,20858,Doyt L. Perry Stadium
2024,401644756,2024-10-26 19:30:00+00:00,9,2309,Kent State,MAC,2711,Western Michigan,away,False,False,True,STATUS_FINAL,21.0,52.0,False,23537,Waldo Stadium
2024,401644761,2024-11-07 00:00:00+00:00,11,2309,Kent State,MAC,195,Ohio,home,False,False,True,STATUS_FINAL,0.0,41.0,False,5662,Zoeller Field at Dix Stadium
2024,401644689,2024-11-14 00:00:00+00:00,12,2309,Kent State,MAC,193,Miami (OH),away,False,False,True,STATUS_FINAL,7.0,34.0,False,5328,Yager Stadium
2024,401644769,2024-11-20 00:00:00+00:00,13,2309,Kent State,MAC,2006,Akron,home,False,False,True,STATUS_FINAL,17.0,38.0,False,6768,Zoeller Field at Dix Stadium
2024,401644776,2024-11-27 00:00:00+00:00,14,2309,Kent State,MAC,2084,Buffalo,away,False,False,True,STATUS_FINAL,7.0,43.0,False,11916,Broadview Stadium
2024,401628324,2024-08-31 23:45:00+00:00,1,96,Kentucky,SEC,2572,Southern Miss,home,False,False,True,STATUS_FINAL,31.0,0.0,True,61627,Kroger Field
2024,401628340,2024-09-07 19:30:00+00:00,2,96,Kentucky,SEC,2579,South Carolina,home,False,False,True,STATUS_FINAL,6.0,31.0,False,61349,Kroger Field
2024,401628354,2024-09-14 23:30:00+00:00,3,96,Kentucky,SEC,61,Georgia,home,False,False,True,STATUS_FINAL,12.0,13.0,False,61663,Kroger Field
2024,401628364,2024-09-21 16:45:00+00:00,4,96,Kentucky,SEC,195,Ohio,home,False,False,True,STATUS_FINAL,41.0,6.0,True,61783,Kroger Field
2024,401628377,2024-09-28 16:00:00+00:00,5,96,Kentucky,SEC,145,Ole Miss,away,False,False,True,STATUS_FINAL,20.0,17.0,True,0,Vaught-Hemingway Stadium
2024,401628387,2024-10-12 23:55:00+00:00,7,96,Kentucky,SEC,238,Vanderbilt,home,False,False,True,STATUS_FINAL,13.0,20.0,False,62120,Kroger Field
2024,401628393,2024-10-19 23:45:00+00:00,8,96,Kentucky,SEC,57,Florida,away,False,False,True,STATUS_FINAL,20.0,48.0,False,0,Ben Hill Griffin Stadium
2024,401628401,2024-10-26 23:45:00+00:00,9,96,Kentucky,SEC,2,Auburn,home,False,False,True,STATUS_FINAL,10.0,24.0,False,60605,Kroger Field
2024,401628412,2024-11-02 23:45:00+00:00,10,96,Kentucky,SEC,2633,Tennessee,away,False,False,True,STATUS_FINAL,18.0,28.0,False,101915,Neyland Stadium
2024,401628422,2024-11-16 18:30:00+00:00,12,96,Kentucky,SEC,93,Murray State,home,False,False,True,STATUS_FINAL,48.0,6.0,True,48370,Kroger Field
2024,401628436,2024-11-23 20:30:00+00:00,13,96,Kentucky,SEC,251,Texas,away,False,False,True,STATUS_FINAL,14.0,31.0,False,102811,DKR-Texas Memorial Stadium
2024,401628440,2024-11-30 17:00:00+00:00,14,96,Kentucky,SEC,97,Louisville,home,False,False,True,STATUS_FINAL,14.0,41.0,False,58612,Kroger Field
2024,401628334,2024-09-01 23:30:00+00:00,1,99,LSU,SEC,30,USC,home,True,False,True,STATUS_FINAL,20.0,27.0,False,63969,Allegiant Stadium
2024,401628341,2024-09-07 23:30:00+00:00,2,99,LSU,SEC,2447,Nicholls,home,False,False,True,STATUS_FINAL,44.0,21.0,True,100242,Tiger Stadium (LA)
2024,401628359,2024-09-14 16:00:00+00:00,3,99,LSU,SEC,2579,South Carolina,away,False,False,True,STATUS_FINAL,36.0,33.0,True,79531,Williams-Brice Stadium
2024,401628365,2024-09-21 19:30:00+00:00,4,99,LSU,SEC,26,UCLA,home,False,False,True,STATUS_FINAL,34.0,17.0,True,100315,Tiger Stadium (LA)
2024,401628376,2024-09-28 23:45:00+00:00,5,99,LSU,SEC,6,South Alabama,home,False,False,True,STATUS_FINAL,42.0,10.0,True,102143,Tiger Stadium (LA)
2024,401628388,2024-10-12 23:30:00+00:00,7,99,LSU,SEC,145,Ole Miss,home,False,False,True,STATUS_FINAL,29.0,26.0,True,102212,Tiger Stadium (LA)
2024,401628392,2024-10-19 23:00:00+00:00,8,99,LSU,SEC,8,Arkansas,away,False,False,True,STATUS_FINAL,34.0,10.0,True,75893,Donald W. Reynolds Razorback Stadium
2024,401628404,2024-10-26 23:30:00+00:00,9,99,LSU,SEC,245,Texas A&M,away,False,False,True,STATUS_FINAL,23.0,38.0,False,108852,Kyle Field
2024,401628413,2024-11-10 00:30:00+00:00,11,99,LSU,SEC,333,Alabama,home,False,False,True,STATUS_FINAL,13.0,42.0,False,102283,Tiger Stadium (LA)
2024,401628420,2024-11-16 20:30:00+00:00,12,99,LSU,SEC,57,Florida,away,False,False,True,STATUS_FINAL,16.0,27.0,False,90067,Ben Hill Griffin Stadium
2024,401628431,2024-11-24 00:45:00+00:00,13,99,LSU,SEC,238,Vanderbilt,home,False,False,True,STATUS_FINAL,24.0,17.0,True,102086,Tiger Stadium (LA)
2024,401628441,2024-12-01 00:00:00+00:00,14,99,LSU,SEC,201,Oklahoma,home,False,False,True,STATUS_FINAL,37.0,17.0,True,99364,Tiger Stadium (LA)
2024,401628586,2024-08-31 22:00:00+00:00,1,2335,Liberty,Conference USA,2097,Campbell,home,False,False,True,STATUS_FINAL,41.0,24.0,True,21573,Williams Stadium (VA)
2024,401640989,2024-09-08 02:15:00+00:00,2,2335,Liberty,Conference USA,166,New Mexico State,away,False,False,True,STATUS_FINAL,30.0,24.0,True,16562,Aggie Memorial Stadium
2024,401640990,2024-09-14 22:00:00+00:00,3,2335,Liberty,Conference USA,2638,UTEP,home,False,False,True,STATUS_FINAL,28.0,10.0,True,21805,Williams Stadium (VA)
2024,401640991,2024-09-21 22:00:00+00:00,4,2335,Liberty,Conference USA,151,East Carolina,home,False,False,True,STATUS_FINAL,35.0,24.0,True,24076,Williams Stadium (VA)
2024,401640992,2024-09-28 19:30:00+00:00,5,2335,Liberty,Conference USA,2026,App State,away,False,False,False,STATUS_CANCELED,0.0,0.0,,0,Kidd Brewer Stadium
2024,401640982,2024-10-08 23:00:00+00:00,7,2335,Liberty,Conference USA,2229,Florida International,home,False,False,True,STATUS_FINAL,31.0,24.0,True,16343,Williams Stadium (VA)
2024,401640993,2024-10-23 23:00:00+00:00,9,2335,Liberty,Conference USA,338,Kennesaw State,away,False,False,True,STATUS_FINAL,24.0,27.0,False,8209,Walens Family Field at Fifth Third Stadium
2024,401640994,2024-10-30 23:00:00+00:00,10,2335,Liberty,Conference USA,55,Jacksonville State,home,False,False,True,STATUS_FINAL,21.0,31.0,False,18069,Williams Stadium (VA)
2024,401640995,2024-11-09 18:00:00+00:00,11,2335,Liberty,Conference USA,2393,Middle Tennessee,away,False,False,True,STATUS_FINAL,37.0,17.0,True,13500,"Johnny ""Red"" Floyd Stadium"
2024,401629046,2024-11-16 17:00:00+00:00,12,2335,Liberty,Conference USA,113,Massachusetts,away,False,False,True,STATUS_FINAL,35.0,34.0,True,9115,Warren McGuirk Alumni Stadium
2024,401640996,2024-11-23 18:00:00+00:00,13,2335,Liberty,Conference USA,98,Western Kentucky,home,False,False,True,STATUS_FINAL,38.0,21.0,True,17930,Williams Stadium (VA)
2024,401640997,2024-11-29 20:30:00+00:00,14,2335,Liberty,Conference USA,2534,Sam Houston,away,False,False,True,STATUS_FINAL,18.0,20.0,False,8651,Elliott T. Bowers Stadium
2024,401636380,2024-09-01 00:00:00+00:00,1,309,Louisiana,Sun Belt,2755,Grambling,home,False,False,True,STATUS_FINAL,40.0,10.0,True,23107,Our Lady of Lourdes Stadium
2024,401641016,2024-09-07 23:00:00+00:00,2,309,Louisiana,Sun Belt,338,Kennesaw State,away,False,False,True,STATUS_FINAL,34.0,10.0,True,11040,Walens Family Field at Fifth Third Stadium
2024,401643791,2024-09-21 16:00:00+00:00,4,309,Louisiana,Sun Belt,2655,Tulane,home,False,False,True,STATUS_FINAL,33.0,41.0,False,22534,Our Lady of Lourdes Stadium
2024,401635659,2024-09-28 19:30:00+00:00,5,309,Louisiana,Sun Belt,154,Wake Forest,away,False,False,True,STATUS_FINAL,41.0,38.0,True,31061,Allegacy Federal Credit Union Stadium
2024,401643802,2024-10-05 23:00:00+00:00,6,309,Louisiana,Sun Belt,2572,Southern Miss,away,False,False,True,STATUS_FINAL,23.0,13.0,True,24041,M. M. Roberts Stadium
2024,401643806,2024-10-12 23:30:00+00:00,7,309,Louisiana,Sun Belt,2026,App State,home,False,False,True,STATUS_FINAL,34.0,24.0,True,14058,Our Lady of Lourdes Stadium
2024,401643811,2024-10-19 16:00:00+00:00,8,309,Louisiana,Sun Belt,324,Coastal Carolina,away,False,False,True,STATUS_FINAL,34.0,24.0,True,17812,Brooks Stadium (SC)
2024,401643820,2024-10-29 23:30:00+00:00,10,309,Louisiana,Sun Belt,326,Texas State,away,False,False,True,STATUS_FINAL,23.0,17.0,True,16831,UFCU Stadium
2024,401643827,2024-11-09 22:00:00+00:00,11,309,Louisiana,Sun Belt,2032,Arkansas State,home,False,False,True,STATUS_FINAL,55.0,19.0,True,16451,Our Lady of Lourdes Stadium
2024,401643834,2024-11-17 00:00:00+00:00,12,309,Louisiana,Sun Belt,6,South Alabama,home,False,False,True,STATUS_FINAL,22.0,24.0,False,16063,Our Lady of Lourdes Stadium
2024,401643840,2024-11-23 22:00:00+00:00,13,309,Louisiana,Sun Belt,2653,Troy,home,False,False,True,STATUS_FINAL,51.0,30.0,True,15501,Our Lady of Lourdes Stadium
2024,401643848,2024-11-30 17:00:00+00:00,14,309,Louisiana,Sun Belt,2433,UL Monroe,away,False,False,True,STATUS_FINAL,37.0,23.0,True,15006,Malone Stadium
2024,401673470,2024-12-08 00:30:00+00:00,15,309,Louisiana,Sun Belt,276,Marshall,home,False,False,True,STATUS_FINAL,3.0,31.0,False,20067,Our Lady of Lourdes Stadium
2024,401641007,2024-09-01 00:00:00+00:00,1,2348,Louisiana Tech,Conference USA,2447,Nicholls,home,False,False,True,STATUS_FINAL,25.0,17.0,True,16570,Joe Aillet Stadium
2024,401635546,2024-09-14 16:00:00+00:00,3,2348,Louisiana Tech,Conference USA,152,NC State,away,False,False,True,STATUS_FINAL,20.0,30.0,False,56919,Carter-Finley Stadium
2024,401641008,2024-09-21 23:00:00+00:00,4,2348,Louisiana Tech,Conference USA,202,Tulsa,home,False,False,True,STATUS_FINAL,20.0,23.0,False,18152,Joe Aillet Stadium
2024,401640981,2024-09-28 22:00:00+00:00,5,2348,Louisiana Tech,Conference USA,2229,Florida International,away,False,False,True,STATUS_FINAL,10.0,17.0,False,12425,Pitbull Stadium
2024,401641009,2024-10-11 00:00:00+00:00,7,2348,Louisiana Tech,Conference USA,2393,Middle Tennessee,home,False,False,True,STATUS_FINAL,48.0,21.0,True,15072,Joe Aillet Stadium
2024,401641010,2024-10-16 01:00:00+00:00,8,2348,Louisiana Tech,Conference USA,166,New Mexico State,away,False,False,True,STATUS_FINAL,30.0,33.0,False,9671,Aggie Memorial Stadium
2024,401641011,2024-10-23 00:00:00+00:00,9,2348,Louisiana Tech,Conference USA,2638,UTEP,home,False,False,True,STATUS_FINAL,14.0,10.0,True,15168,Joe Aillet Stadium
2024,401641012,2024-10-30 00:00:00+00:00,10,2348,Louisiana Tech,Conference USA,2534,Sam Houston,away,False,False,True,STATUS_FINAL,3.0,9.0,False,9128,Elliott T. Bowers Stadium
2024,401641004,2024-11-09 21:30:00+00:00,11,2348,Louisiana Tech,Conference USA,55,Jacksonville State,home,False,False,True,STATUS_FINAL,37.0,44.0,False,16345,Joe Aillet Stadium
2024,401641013,2024-11-16 17:00:00+00:00,12,2348,Louisiana Tech,Conference USA,98,Western Kentucky,away,False,False,True,STATUS_FINAL,12.0,7.0,True,13312,Houchens Industries-L.T. Smith Stadium
2024,401628427,2024-11-23 21:00:00+00:00,13,2348,Louisiana Tech,Conference USA,8,Arkansas,away,False,False,True,STATUS_FINAL,14.0,35.0,False,66041,Donald W. Reynolds Razorback Stadium
2024,401641014,2024-11-30 21:00:00+00:00,14,2348,Louisiana Tech,Conference USA,338,Kennesaw State,home,False,False,True,STATUS_FINAL,33.0,0.0,True,14686,Joe Aillet Stadium
2024,401632062,2024-08-31 16:00:00+00:00,1,97,Louisville,ACC,2046,Austin Peay,home,False,False,True,STATUS_FINAL,62.0,0.0,True,47067,L&N Federal Credit Union Stadium
2024,401635535,2024-09-07 19:30:00+00:00,2,97,Louisville,ACC,55,Jacksonville State,home,False,False,True,STATUS_FINAL,49.0,14.0,True,48575,L&N Federal Credit Union Stadium
2024,401635554,2024-09-21 19:30:00+00:00,4,97,Louisville,ACC,59,Georgia Tech,home,False,False,True,STATUS_FINAL,31.0,19.0,True,50727,L&N Federal Credit Union Stadium
2024,401628980,2024-09-28 19:30:00+00:00,5,97,Louisville,ACC,87,Notre Dame,away,False,False,True,STATUS_FINAL,24.0,31.0,False,77622,Notre Dame Stadium
2024,401635571,2024-10-05 16:00:00+00:00,6,97,Louisville,ACC,2567,SMU,home,False,False,True,STATUS_FINAL,27.0,34.0,False,50254,L&N Federal Credit Union Stadium
2024,401635578,2024-10-12 19:30:00+00:00,7,97,Louisville,ACC,258,Virginia,away,False,False,True,STATUS_FINAL,24.0,20.0,True,32688,Scott Stadium
2024,401635589,2024-10-19 16:00:00+00:00,8,97,Louisville,ACC,2390,Miami,home,False,False,True,STATUS_FINAL,45.0,52.0,False,59115,L&N Federal Credit Union Stadium
2024,401634771,2024-10-25 23:30:00+00:00,9,97,Louisville,ACC,103,Boston College,away,False,False,True,STATUS_FINAL,31.0,27.0,True,42887,"Alumni Stadium (Chestnut Hill, MA)"
2024,401635600,2024-11-02 23:30:00+00:00,10,97,Louisville,ACC,228,Clemson,away,False,False,True,STATUS_FINAL,33.0,21.0,True,80446,"Memorial Stadium (Clemson, SC)"
2024,401635517,2024-11-16 20:30:00+00:00,12,97,Louisville,ACC,24,Stanford,away,False,False,True,STATUS_FINAL,35.0,38.0,False,18685,Stanford Stadium
2024,401635617,2024-11-23 21:00:00+00:00,13,97,Louisville,ACC,221,Pittsburgh,home,False,False,True,STATUS_FINAL,37.0,9.0,True,49441,L&N Federal Credit Union Stadium
2024,401628440,2024-11-30 17:00:00+00:00,14,97,Louisville,ACC,96,Kentucky,away,False,False,True,STATUS_FINAL,41.0,14.0,True,58612,Kroger Field
2024,401628590,2024-08-31 21:00:00+00:00,1,276,Marshall,Sun Belt,2619,Stony Brook,home,False,False,True,STATUS_FINAL,45.0,3.0,True,25032,Joan C. Edwards Stadium
2024,401635540,2024-09-07 20:30:00+00:00,2,276,Marshall,Sun Belt,259,Virginia Tech,away,False,False,True,STATUS_FINAL,14.0,31.0,False,65632,Lane Stadium
2024,401628492,2024-09-21 16:00:00+00:00,4,276,Marshall,Sun Belt,194,Ohio State,away,False,False,True,STATUS_FINAL,14.0,49.0,False,103871,Ohio Stadium
2024,401643794,2024-09-28 19:30:00+00:00,5,276,Marshall,Sun Belt,2711,Western Michigan,home,False,False,True,STATUS_FINAL,27.0,20.0,True,18723,Joan C. Edwards Stadium
2024,401643799,2024-10-05 19:30:00+00:00,6,276,Marshall,Sun Belt,2026,App State,home,False,False,True,STATUS_FINAL,52.0,37.0,True,28023,Joan C. Edwards Stadium
2024,401643804,2024-10-13 00:00:00+00:00,7,276,Marshall,Sun Belt,290,Georgia Southern,away,False,False,True,STATUS_FINAL,23.0,24.0,False,24048,Allen E. Paulson Stadium
2024,401643810,2024-10-17 23:00:00+00:00,8,276,Marshall,Sun Belt,2247,Georgia State,home,False,False,True,STATUS_FINAL,35.0,20.0,True,20703,Joan C. Edwards Stadium
2024,401643822,2024-11-02 19:30:00+00:00,10,276,Marshall,Sun Belt,2433,UL Monroe,home,False,False,True,STATUS_FINAL,28.0,23.0,True,21478,Joan C. Edwards Stadium
2024,401643829,2024-11-09 20:00:00+00:00,11,276,Marshall,Sun Belt,2572,Southern Miss,away,False,False,True,STATUS_FINAL,37.0,3.0,True,20502,M. M. Roberts Stadium
2024,401643832,2024-11-16 18:00:00+00:00,12,276,Marshall,Sun Belt,324,Coastal Carolina,home,False,False,True,STATUS_FINAL,31.0,19.0,True,24175,Joan C. Edwards Stadium
2024,401643838,2024-11-24 00:30:00+00:00,13,276,Marshall,Sun Belt,295,Old Dominion,away,False,False,True,STATUS_FINAL,42.0,35.0,True,18083,S.B. Ballard Stadium
2024,401643846,2024-12-01 01:00:00+00:00,14,276,Marshall,Sun Belt,256,James Madison,away,False,False,True,STATUS_FINAL,35.0,33.0,True,23341,Bridgeforth Stadium
2024,401673470,2024-12-08 00:30:00+00:00,15,276,Marshall,Sun Belt,309,Louisiana,away,False,False,True,STATUS_FINAL,31.0,3.0,True,20067,Our Lady of Lourdes Stadium
2024,401628451,2024-08-31 16:00:00+00:00,1,120,Maryland,Big Ten,41,UConn,home,False,False,True,STATUS_FINAL,50.0,7.0,True,35421,SECU Stadium
2024,401628465,2024-09-07 19:30:00+00:00,2,120,Maryland,Big Ten,127,Michigan State,home,False,False,True,STATUS_FINAL,24.0,27.0,False,34819,SECU Stadium
2024,401628478,2024-09-15 00:00:00+00:00,3,120,Maryland,Big Ten,258,Virginia,away,False,False,True,STATUS_FINAL,27.0,13.0,True,0,Scott Stadium
2024,401628488,2024-09-21 16:00:00+00:00,4,120,Maryland,Big Ten,222,Villanova,home,False,False,True,STATUS_FINAL,38.0,20.0,True,38006,SECU Stadium
2024,401628496,2024-09-28 16:00:00+00:00,5,120,Maryland,Big Ten,84,Indiana,away,False,False,True,STATUS_FINAL,28.0,42.0,False,48323,"Memorial Stadium (Bloomington, IN)"
2024,401628513,2024-10-12 00:00:00+00:00,7,120,Maryland,Big Ten,77,Northwestern,home,False,False,True,STATUS_FINAL,10.0,37.0,False,39371,SECU Stadium
2024,401628521,2024-10-19 20:00:00+00:00,8,120,Maryland,Big Ten,30,USC,home,False,False,True,STATUS_FINAL,29.0,28.0,True,43013,SECU Stadium
2024,401628528,2024-10-26 19:30:00+00:00,9,120,Maryland,Big Ten,135,Minnesota,away,False,False,True,STATUS_FINAL,23.0,48.0,False,48696,Huntington Bank Stadium
2024,401628543,2024-11-10 00:00:00+00:00,11,120,Maryland,Big Ten,2483,Oregon,away,False,False,True,STATUS_FINAL,18.0,39.0,False,59245,Autzen Stadium
2024,401628548,2024-11-16 23:00:00+00:00,12,120,Maryland,Big Ten,164,Rutgers,home,False,False,True,STATUS_FINAL,17.0,31.0,False,31433,SECU Stadium
2024,401628556,2024-11-23 17:00:00+00:00,13,120,Maryland,Big Ten,2294,Iowa,home,False,False,True,STATUS_FINAL,13.0,29.0,False,30214,SECU Stadium
2024,401628565,2024-11-30 20:30:00+00:00,14,120,Maryland,Big Ten,213,Penn State,away,False,False,True,STATUS_FINAL,7.0,44.0,False,104044,Beaver Stadium
2024,401629039,2024-08-31 19:30:00+00:00,1,113,Massachusetts,FBS Independents,2199,Eastern Michigan,home,False,False,True,STATUS_FINAL,14.0,28.0,False,12810,Warren McGuirk Alumni Stadium
2024,401629040,2024-09-07 19:30:00+00:00,2,113,Massachusetts,FBS Independents,2649,Toledo,away,False,False,True,STATUS_FINAL,23.0,38.0,False,21668,Glass Bowl
2024,401629041,2024-09-14 17:00:00+00:00,3,113,Massachusetts,FBS Independents,2084,Buffalo,away,False,False,True,STATUS_FINAL,3.0,34.0,False,15204,Broadview Stadium
2024,401629042,2024-09-21 19:30:00+00:00,4,113,Massachusetts,FBS Independents,2115,Central Connecticut,home,False,False,True,STATUS_FINAL,35.0,31.0,True,10847,Warren McGuirk Alumni Stadium
2024,401629043,2024-09-28 19:30:00+00:00,5,113,Massachusetts,FBS Independents,193,Miami (OH),away,False,False,True,STATUS_FINAL,20.0,23.0,False,9542,Yager Stadium
2024,401629044,2024-10-05 16:00:00+00:00,6,113,Massachusetts,FBS Independents,2459,Northern Illinois,away,False,False,True,STATUS_FINAL,20.0,34.0,False,12466,Huskie Stadium
2024,401628389,2024-10-12 16:00:00+00:00,7,113,Massachusetts,FBS Independents,142,Missouri,home,False,False,True,STATUS_FINAL,3.0,45.0,False,16102,Warren McGuirk Alumni Stadium
2024,401645308,2024-10-26 19:30:00+00:00,9,113,Massachusetts,FBS Independents,2681,Wagner,home,False,False,True,STATUS_FINAL,35.0,7.0,True,14374,Warren McGuirk Alumni Stadium
2024,401628409,2024-11-02 20:15:00+00:00,10,113,Massachusetts,FBS Independents,344,Mississippi State,away,False,False,True,STATUS_FINAL,20.0,45.0,False,48617,Davis Wade Stadium
2024,401629046,2024-11-16 17:00:00+00:00,12,113,Massachusetts,FBS Independents,2335,Liberty,home,False,False,True,STATUS_FINAL,34.0,35.0,False,9115,Warren McGuirk Alumni Stadium
2024,401628430,2024-11-23 17:45:00+00:00,13,113,Massachusetts,FBS Independents,61,Georgia,away,False,False,True,STATUS_FINAL,21.0,59.0,False,93033,Sanford Stadium
2024,401629038,2024-11-30 17:00:00+00:00,14,113,Massachusetts,FBS Independents,41,UConn,home,False,False,True,STATUS_FINAL,42.0,47.0,False,10365,Warren McGuirk Alumni Stadium
2024,401645321,2024-08-31 23:00:00+00:00,1,235,Memphis,American,2453,North Alabama,home,False,False,True,STATUS_FINAL,40.0,0.0,True,25849,Simmons Bank Liberty Stadium
2024,401643784,2024-09-07 16:00:00+00:00,2,235,Memphis,American,2653,Troy,home,False,False,True,STATUS_FINAL,38.0,17.0,True,23246,Simmons Bank Liberty Stadium
2024,401635542,2024-09-14 16:00:00+00:00,3,235,Memphis,American,52,Florida State,away,False,False,True,STATUS_FINAL,20.0,12.0,True,55107,Doak Campbell Stadium
2024,401645329,2024-09-21 19:30:00+00:00,4,235,Memphis,American,2426,Navy,away,False,False,True,STATUS_FINAL,44.0,56.0,False,31268,Navy-Marine Corps Memorial Stadium
2024,401641025,2024-09-28 23:30:00+00:00,5,235,Memphis,American,2393,Middle Tennessee,home,False,False,True,STATUS_FINAL,24.0,7.0,True,25266,Simmons Bank Liberty Stadium
2024,401645341,2024-10-12 19:30:00+00:00,7,235,Memphis,American,58,South Florida,away,False,False,True,STATUS_FINAL,21.0,3.0,True,3365,Camping World Stadium
2024,401645349,2024-10-19 23:30:00+00:00,8,235,Memphis,American,249,North Texas,home,False,False,True,STATUS_FINAL,52.0,44.0,True,24110,Simmons Bank Liberty Stadium
2024,401645353,2024-10-26 16:00:00+00:00,9,235,Memphis,American,2429,Charlotte,home,False,False,True,STATUS_FINAL,33.0,28.0,True,25478,Simmons Bank Liberty Stadium
2024,401645359,2024-11-02 16:00:00+00:00,10,235,Memphis,American,2636,UTSA,away,False,False,True,STATUS_FINAL,36.0,44.0,False,17198,Alamodome
2024,401645362,2024-11-09 02:00:00+00:00,11,235,Memphis,American,242,Rice,home,False,False,True,STATUS_FINAL,27.0,20.0,True,23692,Simmons Bank Liberty Stadium
2024,401645367,2024-11-17 01:00:00+00:00,12,235,Memphis,American,5,UAB,home,False,False,True,STATUS_FINAL,53.0,18.0,True,24225,Simmons Bank Liberty Stadium
2024,401645376,2024-11-29 00:30:00+00:00,14,235,Memphis,American,2655,Tulane,away,False,False,True,STATUS_FINAL,34.0,24.0,True,25021,Yulman Stadium
2024,401628322,2024-08-31 19:30:00+00:00,1,2390,Miami,ACC,57,Florida,away,False,False,True,STATUS_FINAL,41.0,17.0,True,90544,Ben Hill Griffin Stadium
2024,401635536,2024-09-07 22:00:00+00:00,2,2390,Miami,ACC,50,Florida A&M,home,False,False,True,STATUS_FINAL,56.0,9.0,True,57886,Hard Rock Stadium
2024,401635544,2024-09-14 21:55:00+00:00,3,2390,Miami,ACC,2050,Ball State,home,False,False,True,STATUS_FINAL,62.0,0.0,True,51564,Hard Rock Stadium
2024,401635555,2024-09-21 23:00:00+00:00,4,2390,Miami,ACC,58,South Florida,away,False,False,True,STATUS_FINAL,50.0,15.0,True,58616,Raymond James Stadium
2024,401634767,2024-09-27 23:30:00+00:00,5,2390,Miami,ACC,259,Virginia Tech,home,False,False,True,STATUS_FINAL,38.0,34.0,True,59539,Hard Rock Stadium
2024,401635568,2024-10-06 02:30:00+00:00,6,2390,Miami,ACC,25,California,away,False,False,True,STATUS_FINAL,39.0,38.0,True,52428,California Memorial Stadium
2024,401635589,2024-10-19 16:00:00+00:00,8,2390,Miami,ACC,97,Louisville,away,False,False,True,STATUS_FINAL,52.0,45.0,True,59115,L&N Federal Credit Union Stadium
2024,401635596,2024-10-26 23:00:00+00:00,9,2390,Miami,ACC,52,Florida State,home,False,False,True,STATUS_FINAL,36.0,14.0,True,66200,Hard Rock Stadium
2024,401635601,2024-11-02 16:00:00+00:00,10,2390,Miami,ACC,150,Duke,home,False,False,True,STATUS_FINAL,53.0,31.0,True,60189,Hard Rock Stadium
2024,401635609,2024-11-09 17:00:00+00:00,11,2390,Miami,ACC,59,Georgia Tech,away,False,False,True,STATUS_FINAL,23.0,28.0,False,47358,Bobby Dodd Stadium
2024,401635618,2024-11-23 17:00:00+00:00,13,2390,Miami,ACC,154,Wake Forest,home,False,False,True,STATUS_FINAL,42.0,14.0,True,64210,Hard Rock Stadium
2024,401635623,2024-11-30 20:30:00+00:00,14,2390,Miami,ACC,183,Syracuse,away,False,False,True,STATUS_FINAL,38.0,42.0,False,40486,JMA Wireless Dome
2024,401644683,2024-08-31 19:30:00+00:00,1,193,Miami (OH),MAC,77,Northwestern,away,False,False,True,STATUS_FINAL,6.0,13.0,False,12023,Northwestern Medicine Field at Martin Stadium
2024,401636865,2024-09-14 16:00:00+00:00,3,193,Miami (OH),MAC,2132,Cincinnati,home,False,False,True,STATUS_FINAL,16.0,27.0,False,24717,Yager Stadium
2024,401628979,2024-09-21 19:30:00+00:00,4,193,Miami (OH),MAC,87,Notre Dame,away,False,False,True,STATUS_FINAL,3.0,28.0,False,77622,Notre Dame Stadium
2024,401629043,2024-09-28 19:30:00+00:00,5,193,Miami (OH),MAC,113,Massachusetts,home,False,False,True,STATUS_FINAL,23.0,20.0,True,9542,Yager Stadium
2024,401644684,2024-10-05 19:30:00+00:00,6,193,Miami (OH),MAC,2649,Toledo,away,False,False,True,STATUS_FINAL,20.0,30.0,False,25027,Glass Bowl
2024,401644685,2024-10-12 18:00:00+00:00,7,193,Miami (OH),MAC,2199,Eastern Michigan,away,False,False,True,STATUS_FINAL,38.0,14.0,True,16903,Rynearson Stadium
2024,401644686,2024-10-19 19:30:00+00:00,8,193,Miami (OH),MAC,195,Ohio,home,False,False,True,STATUS_FINAL,30.0,20.0,True,17021,Yager Stadium
2024,401644687,2024-10-26 18:00:00+00:00,9,193,Miami (OH),MAC,2117,Central Michigan,home,False,False,True,STATUS_FINAL,46.0,7.0,True,10661,Yager Stadium
2024,401644688,2024-11-06 01:00:00+00:00,11,193,Miami (OH),MAC,2050,Ball State,away,False,False,True,STATUS_FINAL,27.0,21.0,True,6412,Scheumann Stadium
2024,401644689,2024-11-14 00:00:00+00:00,12,193,Miami (OH),MAC,2309,Kent State,home,False,False,True,STATUS_FINAL,34.0,7.0,True,5328,Yager Stadium
2024,401644690,2024-11-20 01:00:00+00:00,13,193,Miami (OH),MAC,2459,Northern Illinois,home,False,False,True,STATUS_FINAL,20.0,9.0,True,5891,Yager Stadium
2024,401644691,2024-11-29 17:00:00+00:00,14,193,Miami (OH),MAC,189,Bowling Green,away,False,False,True,STATUS_FINAL,28.0,12.0,True,9345,Doyt L. Perry Stadium
2024,401673467,2024-12-07 17:00:00+00:00,15,193,Miami (OH),MAC,195,Ohio,home,True,False,True,STATUS_FINAL,3.0,38.0,False,15478,Ford Field
2024,401628452,2024-08-31 23:30:00+00:00,1,130,Michigan,Big Ten,278,Fresno State,home,False,False,True,STATUS_FINAL,30.0,10.0,True,110665,Michigan Stadium
2024,401628347,2024-09-07 16:00:00+00:00,2,130,Michigan,Big Ten,251,Texas,home,False,False,True,STATUS_FINAL,12.0,31.0,False,111170,Michigan Stadium
2024,401628479,2024-09-14 16:00:00+00:00,3,130,Michigan,Big Ten,2032,Arkansas State,home,False,False,True,STATUS_FINAL,28.0,18.0,True,110250,Michigan Stadium
2024,401628489,2024-09-21 19:30:00+00:00,4,130,Michigan,Big Ten,30,USC,home,False,False,True,STATUS_FINAL,27.0,24.0,True,110702,Michigan Stadium
2024,401628497,2024-09-28 16:00:00+00:00,5,130,Michigan,Big Ten,135,Minnesota,home,False,False,True,STATUS_FINAL,27.0,24.0,True,110340,Michigan Stadium
2024,401628505,2024-10-05 23:30:00+00:00,6,130,Michigan,Big Ten,264,Washington,away,False,False,True,STATUS_FINAL,17.0,27.0,False,72132,Husky Stadium
2024,401628518,2024-10-19 19:30:00+00:00,8,130,Michigan,Big Ten,356,Illinois,away,False,False,True,STATUS_FINAL,7.0,21.0,False,60670,Gies Memorial Stadium
2024,401628529,2024-10-26 23:30:00+00:00,9,130,Michigan,Big Ten,127,Michigan State,home,False,False,True,STATUS_FINAL,24.0,17.0,True,110849,Michigan Stadium
2024,401628536,2024-11-02 19:30:00+00:00,10,130,Michigan,Big Ten,2483,Oregon,home,False,False,True,STATUS_FINAL,17.0,38.0,False,110576,Michigan Stadium
2024,401628541,2024-11-09 20:30:00+00:00,11,130,Michigan,Big Ten,84,Indiana,away,False,False,True,STATUS_FINAL,15.0,20.0,False,53082,"Memorial Stadium (Bloomington, IN)"
2024,401628557,2024-11-23 20:30:00+00:00,13,130,Michigan,Big Ten,77,Northwestern,home,False,False,True,STATUS_FINAL,50.0,6.0,True,109830,Michigan Stadium
2024,401628566,2024-11-30 17:00:00+00:00,14,130,Michigan,Big Ten,194,Ohio State,away,False,False,True,STATUS_FINAL,13.0,10.0,True,106005,Ohio Stadium
2024,401628453,2024-08-30 23:00:00+00:00,1,127,Michigan State,Big Ten,2226,Florida Atlantic,home,False,False,True,STATUS_FINAL,16.0,10.0,True,70271,Spartan Stadium
2024,401628465,2024-09-07 19:30:00+00:00,2,127,Michigan State,Big Ten,120,Maryland,away,False,False,True,STATUS_FINAL,27.0,24.0,True,34819,SECU Stadium
2024,401628480,2024-09-14 19:30:00+00:00,3,127,Michigan State,Big Ten,2504,Prairie View A&M,home,False,False,True,STATUS_FINAL,40.0,0.0,True,70066,Spartan Stadium
2024,401628490,2024-09-22 00:00:00+00:00,4,127,Michigan State,Big Ten,103,Boston College,away,False,False,True,STATUS_FINAL,19.0,23.0,False,44500,"Alumni Stadium (Chestnut Hill, MA)"
2024,401628498,2024-09-28 23:30:00+00:00,5,127,Michigan State,Big Ten,194,Ohio State,home,False,False,True,STATUS_FINAL,7.0,38.0,False,71114,Spartan Stadium
2024,401628506,2024-10-05 01:00:00+00:00,6,127,Michigan State,Big Ten,2483,Oregon,away,False,False,True,STATUS_FINAL,10.0,31.0,False,59802,Autzen Stadium
2024,401628520,2024-10-19 23:30:00+00:00,8,127,Michigan State,Big Ten,2294,Iowa,home,False,False,True,STATUS_FINAL,32.0,20.0,True,69682,Spartan Stadium
2024,401628529,2024-10-26 23:30:00+00:00,9,127,Michigan State,Big Ten,130,Michigan,away,False,False,True,STATUS_FINAL,17.0,24.0,False,110849,Michigan Stadium
2024,401628534,2024-11-02 19:30:00+00:00,10,127,Michigan State,Big Ten,84,Indiana,home,False,False,True,STATUS_FINAL,10.0,47.0,False,68423,Spartan Stadium
2024,401628547,2024-11-16 19:30:00+00:00,12,127,Michigan State,Big Ten,356,Illinois,away,False,False,True,STATUS_FINAL,16.0,38.0,False,52660,Gies Memorial Stadium
2024,401628558,2024-11-23 01:00:00+00:00,13,127,Michigan State,Big Ten,2509,Purdue,home,False,False,True,STATUS_FINAL,24.0,17.0,True,57558,Spartan Stadium
2024,401628567,2024-11-30 20:30:00+00:00,14,127,Michigan State,Big Ten,164,Rutgers,home,False,False,True,STATUS_FINAL,14.0,41.0,False,50038,Spartan Stadium
2024,401641023,2024-08-31 23:00:00+00:00,1,2393,Middle Tennessee,Conference USA,2635,Tennessee Tech,home,False,False,True,STATUS_FINAL,32.0,25.0,True,16000,"Johnny ""Red"" Floyd Stadium"
2024,401628342,2024-09-07 20:15:00+00:00,2,2393,Middle Tennessee,Conference USA,145,Ole Miss,away,False,False,True,STATUS_FINAL,3.0,52.0,False,66427,Vaught-Hemingway Stadium
2024,401641024,2024-09-14 23:00:00+00:00,3,2393,Middle Tennessee,Conference USA,98,Western Kentucky,home,False,False,True,STATUS_FINAL,21.0,49.0,False,12227,"Johnny ""Red"" Floyd Stadium"
2024,401635553,2024-09-21 20:00:00+00:00,4,2393,Middle Tennessee,Conference USA,150,Duke,home,False,False,True,STATUS_FINAL,17.0,45.0,False,15209,"Johnny ""Red"" Floyd Stadium"
2024,401641025,2024-09-28 23:30:00+00:00,5,2393,Middle Tennessee,Conference USA,235,Memphis,away,False,False,True,STATUS_FINAL,7.0,24.0,False,25266,Simmons Bank Liberty Stadium
2024,401641009,2024-10-11 00:00:00+00:00,7,2393,Middle Tennessee,Conference USA,2348,Louisiana Tech,away,False,False,True,STATUS_FINAL,21.0,48.0,False,15072,Joe Aillet Stadium
2024,401641019,2024-10-16 00:00:00+00:00,8,2393,Middle Tennessee,Conference USA,338,Kennesaw State,home,False,False,True,STATUS_FINAL,14.0,5.0,True,10200,"Johnny ""Red"" Floyd Stadium"
2024,401641003,2024-10-23 23:30:00+00:00,9,2393,Middle Tennessee,Conference USA,55,Jacksonville State,away,False,False,True,STATUS_FINAL,20.0,42.0,False,17988,AmFirst Stadium
2024,401641026,2024-11-02 19:30:00+00:00,10,2393,Middle Tennessee,Conference USA,2638,UTEP,away,False,False,True,STATUS_FINAL,20.0,13.0,True,14775,Sun Bowl
2024,401640995,2024-11-09 18:00:00+00:00,11,2393,Middle Tennessee,Conference USA,2335,Liberty,home,False,False,True,STATUS_FINAL,17.0,37.0,False,13500,"Johnny ""Red"" Floyd Stadium"
2024,401641027,2024-11-23 19:30:00+00:00,13,2393,Middle Tennessee,Conference USA,166,New Mexico State,home,False,False,True,STATUS_FINAL,21.0,36.0,False,10123,"Johnny ""Red"" Floyd Stadium"
2024,401640988,2024-11-30 19:00:00+00:00,14,2393,Middle Tennessee,Conference USA,2229,Florida International,away,False,False,True,STATUS_FINAL,24.0,35.0,False,8962,Pitbull Stadium
2024,401628448,2024-08-30 01:00:00+00:00,1,135,Minnesota,Big Ten,153,North Carolina,home,False,False,True,STATUS_FINAL,17.0,19.0,False,50805,Huntington Bank Stadium
2024,401628466,2024-09-07 16:00:00+00:00,2,135,Minnesota,Big Ten,227,Rhode Island,home,False,False,True,STATUS_FINAL,48.0,0.0,True,41006,Huntington Bank Stadium
2024,401628481,2024-09-14 19:30:00+00:00,3,135,Minnesota,Big Ten,2440,Nevada,home,False,False,True,STATUS_FINAL,27.0,0.0,True,44534,Huntington Bank Stadium
2024,401628487,2024-09-21 23:30:00+00:00,4,135,Minnesota,Big Ten,2294,Iowa,home,False,False,True,STATUS_FINAL,14.0,31.0,False,52048,Huntington Bank Stadium
2024,401628497,2024-09-28 16:00:00+00:00,5,135,Minnesota,Big Ten,130,Michigan,away,False,False,True,STATUS_FINAL,24.0,27.0,False,110340,Michigan Stadium
2024,401628507,2024-10-05 23:30:00+00:00,6,135,Minnesota,Big Ten,30,USC,home,False,False,True,STATUS_FINAL,24.0,17.0,True,50913,Huntington Bank Stadium
2024,401628514,2024-10-13 01:00:00+00:00,7,135,Minnesota,Big Ten,26,UCLA,away,False,False,True,STATUS_FINAL,21.0,17.0,True,42012,Rose Bowl
2024,401628528,2024-10-26 19:30:00+00:00,9,135,Minnesota,Big Ten,120,Maryland,home,False,False,True,STATUS_FINAL,48.0,23.0,True,48696,Huntington Bank Stadium
2024,401628533,2024-11-02 16:00:00+00:00,10,135,Minnesota,Big Ten,356,Illinois,away,False,False,True,STATUS_FINAL,25.0,17.0,True,58088,Gies Memorial Stadium
2024,401628544,2024-11-09 17:00:00+00:00,11,135,Minnesota,Big Ten,164,Rutgers,away,False,False,True,STATUS_FINAL,19.0,26.0,False,44120,SHI Stadium
2024,401628559,2024-11-23 20:30:00+00:00,13,135,Minnesota,Big Ten,213,Penn State,home,False,False,True,STATUS_FINAL,25.0,26.0,False,44266,Huntington Bank Stadium
2024,401628568,2024-11-29 17:00:00+00:00,14,135,Minnesota,Big Ten,275,Wisconsin,away,False,False,True,STATUS_FINAL,24.0,7.0,True,76059,Camp Randall Stadium
2024,401628326,2024-08-31 22:00:00+00:00,1,344,Mississippi State,SEC,2198,Eastern Kentucky,home,False,False,True,STATUS_FINAL,56.0,7.0,True,48724,Davis Wade Stadium
2024,401628343,2024-09-08 02:30:00+00:00,2,344,Mississippi State,SEC,9,Arizona State,away,False,False,True,STATUS_FINAL,23.0,30.0,False,45504,Mountain America Stadium
2024,401628356,2024-09-14 23:30:00+00:00,3,344,Mississippi State,SEC,2649,Toledo,home,False,False,True,STATUS_FINAL,17.0,41.0,False,47412,Davis Wade Stadium
2024,401628367,2024-09-21 16:00:00+00:00,4,344,Mississippi State,SEC,57,Florida,home,False,False,True,STATUS_FINAL,28.0,45.0,False,49655,Davis Wade Stadium
2024,401628378,2024-09-28 20:15:00+00:00,5,344,Mississippi State,SEC,251,Texas,away,False,False,True,STATUS_FINAL,13.0,35.0,False,101388,DKR-Texas Memorial Stadium
2024,401628386,2024-10-12 20:15:00+00:00,7,344,Mississippi State,SEC,61,Georgia,away,False,False,True,STATUS_FINAL,31.0,41.0,False,93033,Sanford Stadium
2024,401628394,2024-10-19 20:15:00+00:00,8,344,Mississippi State,SEC,245,Texas A&M,home,False,False,True,STATUS_FINAL,24.0,34.0,False,50127,Davis Wade Stadium
2024,401628403,2024-10-26 16:45:00+00:00,9,344,Mississippi State,SEC,8,Arkansas,home,False,False,True,STATUS_FINAL,25.0,58.0,False,49303,Davis Wade Stadium
2024,401628409,2024-11-02 20:15:00+00:00,10,344,Mississippi State,SEC,113,Massachusetts,home,False,False,True,STATUS_FINAL,45.0,20.0,True,48617,Davis Wade Stadium
2024,401628416,2024-11-10 00:00:00+00:00,11,344,Mississippi State,SEC,2633,Tennessee,away,False,False,True,STATUS_FINAL,14.0,33.0,False,101915,Neyland Stadium
2024,401628432,2024-11-23 21:15:00+00:00,13,344,Mississippi State,SEC,142,Missouri,home,False,False,True,STATUS_FINAL,20.0,39.0,False,47824,Davis Wade Stadium
2024,401628442,2024-11-29 20:30:00+00:00,14,344,Mississippi State,SEC,145,Ole Miss,away,False,False,True,STATUS_FINAL,14.0,26.0,False,67896,Vaught-Hemingway Stadium
2024,401628327,2024-08-30 00:00:00+00:00,1,142,Missouri,SEC,93,Murray State,home,False,False,True,STATUS_FINAL,51.0,0.0,True,62621,Memorial Stadium
2024,401628344,2024-09-07 23:00:00+00:00,2,142,Missouri,SEC,2084,Buffalo,home,False,False,True,STATUS_FINAL,38.0,0.0,True,62621,Memorial Stadium
2024,401628357,2024-09-14 16:45:00+00:00,3,142,Missouri,SEC,103,Boston College,home,False,False,True,STATUS_FINAL,27.0,21.0,True,62621,Memorial Stadium
2024,401628368,2024-09-21 20:15:00+00:00,4,142,Missouri,SEC,238,Vanderbilt,home,False,False,True,STATUS_FINAL,30.0,27.0,True,62621,Memorial Stadium
2024,401628383,2024-10-05 16:00:00+00:00,6,142,Missouri,SEC,245,Texas A&M,away,False,False,True,STATUS_FINAL,10.0,41.0,False,97049,Kyle Field
2024,401628389,2024-10-12 16:00:00+00:00,7,142,Missouri,SEC,113,Massachusetts,away,False,False,True,STATUS_FINAL,45.0,3.0,True,16102,Warren McGuirk Alumni Stadium
2024,401628395,2024-10-19 16:00:00+00:00,8,142,Missouri,SEC,2,Auburn,home,False,False,True,STATUS_FINAL,21.0,17.0,True,62621,Memorial Stadium
2024,401628400,2024-10-26 19:30:00+00:00,9,142,Missouri,SEC,333,Alabama,away,False,False,True,STATUS_FINAL,0.0,34.0,False,100077,Bryant-Denny Stadium
2024,401628415,2024-11-10 00:45:00+00:00,11,142,Missouri,SEC,201,Oklahoma,home,False,False,True,STATUS_FINAL,30.0,23.0,True,62621,Memorial Stadium
2024,401628423,2024-11-16 21:15:00+00:00,12,142,Missouri,SEC,2579,South Carolina,away,False,False,True,STATUS_FINAL,30.0,34.0,False,79361,Williams-Brice Stadium
2024,401628432,2024-11-23 21:15:00+00:00,13,142,Missouri,SEC,344,Mississippi State,away,False,False,True,STATUS_FINAL,39.0,20.0,True,47824,Davis Wade Stadium
2024,401628443,2024-11-30 20:30:00+00:00,14,142,Missouri,SEC,8,Arkansas,home,False,False,True,STATUS_FINAL,28.0,21.0,True,62621,Memorial Stadium
2024,401634299,2024-08-29 23:32:00+00:00,1,152,NC State,ACC,2717,Western Carolina,home,False,False,True,STATUS_FINAL,38.0,21.0,True,56919,Carter-Finley Stadium
2024,401628346,2024-09-07 23:30:00+00:00,2,152,NC State,ACC,2633,Tennessee,home,True,False,True,STATUS_FINAL,10.0,51.0,False,72730,Bank of America Stadium
2024,401635546,2024-09-14 16:00:00+00:00,3,152,NC State,ACC,2348,Louisiana Tech,home,False,False,True,STATUS_FINAL,30.0,20.0,True,56919,Carter-Finley Stadium
2024,401635552,2024-09-21 16:00:00+00:00,4,152,NC State,ACC,228,Clemson,away,False,False,True,STATUS_FINAL,35.0,59.0,False,81500,"Memorial Stadium (Clemson, SC)"
2024,401635564,2024-09-28 16:00:00+00:00,5,152,NC State,ACC,2459,Northern Illinois,home,False,False,True,STATUS_FINAL,24.0,17.0,True,56919,Carter-Finley Stadium
2024,401635638,2024-10-05 16:00:00+00:00,6,152,NC State,ACC,154,Wake Forest,home,False,False,True,STATUS_FINAL,30.0,34.0,False,56919,Carter-Finley Stadium
2024,401635574,2024-10-13 00:00:00+00:00,7,152,NC State,ACC,183,Syracuse,home,False,False,True,STATUS_FINAL,17.0,24.0,False,56919,Carter-Finley Stadium
2024,401635587,2024-10-19 19:30:00+00:00,8,152,NC State,ACC,25,California,away,False,False,True,STATUS_FINAL,24.0,23.0,True,35303,California Memorial Stadium
2024,401635516,2024-11-02 16:00:00+00:00,10,152,NC State,ACC,24,Stanford,home,False,False,True,STATUS_FINAL,59.0,28.0,True,56919,Carter-Finley Stadium
2024,401635608,2024-11-09 20:30:00+00:00,11,152,NC State,ACC,150,Duke,home,False,False,True,STATUS_FINAL,19.0,29.0,False,56919,Carter-Finley Stadium
2024,401634772,2024-11-22 00:30:00+00:00,13,152,NC State,ACC,59,Georgia Tech,away,False,False,True,STATUS_FINAL,29.0,30.0,False,34591,Bobby Dodd Stadium
2024,401635624,2024-11-30 20:30:00+00:00,14,152,NC State,ACC,153,North Carolina,away,False,False,True,STATUS_FINAL,35.0,30.0,True,50500,Kenan Stadium
2024,401645322,2024-08-31 16:00:00+00:00,1,2426,Navy,American,2083,Bucknell,home,False,False,True,STATUS_FINAL,49.0,21.0,True,28763,Navy-Marine Corps Memorial Stadium
2024,401645324,2024-09-07 19:30:00+00:00,2,2426,Navy,American,218,Temple,home,False,False,True,STATUS_FINAL,38.0,11.0,True,28889,Navy-Marine Corps Memorial Stadium
2024,401645329,2024-09-21 19:30:00+00:00,4,2426,Navy,American,235,Memphis,home,False,False,True,STATUS_FINAL,56.0,44.0,True,31268,Navy-Marine Corps Memorial Stadium
2024,401645332,2024-09-28 16:00:00+00:00,5,2426,Navy,American,5,UAB,away,False,False,True,STATUS_FINAL,41.0,18.0,True,21536,Protective Stadium
2024,401643722,2024-10-05 16:00:00+00:00,6,2426,Navy,American,2005,Air Force,away,False,False,True,STATUS_FINAL,34.0,7.0,True,39441,Falcon Stadium
2024,401645347,2024-10-19 19:30:00+00:00,8,2426,Navy,American,2429,Charlotte,home,False,False,True,STATUS_FINAL,51.0,17.0,True,35094,Navy-Marine Corps Memorial Stadium
2024,401628983,2024-10-26 16:00:00+00:00,9,2426,Navy,American,87,Notre Dame,home,True,False,True,STATUS_FINAL,14.0,51.0,False,76112,MetLife Stadium
2024,401645360,2024-11-02 20:00:00+00:00,10,2426,Navy,American,242,Rice,away,False,False,True,STATUS_FINAL,10.0,24.0,False,21253,Rice Stadium
2024,401645363,2024-11-09 17:00:00+00:00,11,2426,Navy,American,58,South Florida,away,False,False,True,STATUS_FINAL,28.0,7.0,True,34091,Raymond James Stadium
2024,401645370,2024-11-16 17:00:00+00:00,12,2426,Navy,American,2655,Tulane,home,False,False,True,STATUS_FINAL,0.0,35.0,False,38914,Navy-Marine Corps Memorial Stadium
2024,401645379,2024-11-29 17:00:00+00:00,14,2426,Navy,American,151,East Carolina,away,False,False,True,STATUS_FINAL,34.0,20.0,True,35663,Dowdy-Ficklen Stadium
2024,401645383,2024-12-14 20:00:00+00:00,16,2426,Navy,American,349,Army,away,True,False,True,STATUS_FINAL,31.0,13.0,True,60726,Northwest Stadium
2024,401628454,2024-08-31 19:30:00+00:00,1,158,Nebraska,Big Ten,2638,UTEP,home,False,False,True,STATUS_FINAL,40.0,7.0,True,86072,"Memorial Stadium (Lincoln, NE)"
2024,401628467,2024-09-07 23:30:00+00:00,2,158,Nebraska,Big Ten,38,Colorado,home,False,False,True,STATUS_FINAL,28.0,10.0,True,86906,"Memorial Stadium (Lincoln, NE)"
2024,401628482,2024-09-14 23:30:00+00:00,3,158,Nebraska,Big Ten,2460,Northern Iowa,home,False,False,True,STATUS_FINAL,34.0,3.0,True,86546,"Memorial Stadium (Lincoln, NE)"
2024,401628485,2024-09-21 00:00:00+00:00,4,158,Nebraska,Big Ten,356,Illinois,home,False,False,True,STATUS_FINAL,24.0,31.0,False,86936,"Memorial Stadium (Lincoln, NE)"
2024,401628499,2024-09-28 16:00:00+00:00,5,158,Nebraska,Big Ten,2509,Purdue,away,False,False,True,STATUS_FINAL,28.0,10.0,True,61441,Ross-Ade Stadium
2024,401628508,2024-10-05 20:00:00+00:00,6,158,Nebraska,Big Ten,164,Rutgers,home,False,False,True,STATUS_FINAL,14.0,7.0,True,87464,"Memorial Stadium (Lincoln, NE)"
2024,401628519,2024-10-19 16:00:00+00:00,8,158,Nebraska,Big Ten,84,Indiana,away,False,False,True,STATUS_FINAL,7.0,56.0,False,53082,"Memorial Stadium (Bloomington, IN)"
2024,401628530,2024-10-26 16:00:00+00:00,9,158,Nebraska,Big Ten,194,Ohio State,away,False,False,True,STATUS_FINAL,17.0,21.0,False,104830,Ohio Stadium
2024,401628537,2024-11-02 19:30:00+00:00,10,158,Nebraska,Big Ten,26,UCLA,home,False,False,True,STATUS_FINAL,20.0,27.0,False,87453,"Memorial Stadium (Lincoln, NE)"
2024,401628549,2024-11-16 21:00:00+00:00,12,158,Nebraska,Big Ten,30,USC,away,False,False,True,STATUS_FINAL,20.0,28.0,False,75304,Los Angeles Memorial Coliseum
2024,401628560,2024-11-23 20:30:00+00:00,13,158,Nebraska,Big Ten,275,Wisconsin,home,False,False,True,STATUS_FINAL,44.0,25.0,True,86923,"Memorial Stadium (Lincoln, NE)"
2024,401628562,2024-11-30 00:30:00+00:00,14,158,Nebraska,Big Ten,2294,Iowa,away,False,False,True,STATUS_FINAL,10.0,13.0,False,69250,Kinnick Stadium
2024,401643696,2024-08-25 00:00:00+00:00,1,2440,Nevada,Mountain West,2567,SMU,home,False,False,True,STATUS_FINAL,24.0,29.0,False,20263,Mackay Stadium
2024,401643701,2024-08-31 23:00:00+00:00,1,2440,Nevada,Mountain West,2653,Troy,away,False,False,True,STATUS_FINAL,28.0,26.0,True,27412,Veterans Memorial Stadium (AL)
2024,401643708,2024-09-07 23:00:00+00:00,2,2440,Nevada,Mountain West,290,Georgia Southern,home,False,False,True,STATUS_FINAL,17.0,20.0,False,16245,Mackay Stadium
2024,401628481,2024-09-14 19:30:00+00:00,3,2440,Nevada,Mountain West,135,Minnesota,away,False,False,True,STATUS_FINAL,0.0,27.0,False,44534,Huntington Bank Stadium
2024,401643713,2024-09-21 19:00:00+00:00,4,2440,Nevada,Mountain West,331,Eastern Washington,home,False,False,True,STATUS_FINAL,49.0,16.0,True,16399,Mackay Stadium
2024,401643726,2024-10-05 23:30:00+00:00,6,2440,Nevada,Mountain West,23,San José State,away,False,False,True,STATUS_FINAL,31.0,35.0,False,17099,CEFCU Stadium
2024,401643731,2024-10-12 23:30:00+00:00,7,2440,Nevada,Mountain West,204,Oregon State,home,False,False,True,STATUS_FINAL,42.0,37.0,True,21541,Mackay Stadium
2024,401643735,2024-10-19 02:30:00+00:00,8,2440,Nevada,Mountain West,278,Fresno State,home,False,False,True,STATUS_FINAL,21.0,24.0,False,18319,Mackay Stadium
2024,401643743,2024-10-27 03:59:00+00:00,9,2440,Nevada,Mountain West,62,Hawai'i,away,False,False,True,STATUS_FINAL,13.0,34.0,False,12006,Clarence T.C. Ching Athletics Complex
2024,401643748,2024-11-03 00:00:00+00:00,10,2440,Nevada,Mountain West,36,Colorado State,home,False,False,True,STATUS_FINAL,21.0,38.0,False,16019,Mackay Stadium
2024,401643752,2024-11-10 01:00:00+00:00,11,2440,Nevada,Mountain West,68,Boise State,away,False,False,True,STATUS_FINAL,21.0,28.0,False,37143,Albertsons Stadium
2024,401643763,2024-11-24 03:30:00+00:00,13,2440,Nevada,Mountain West,2005,Air Force,home,False,False,True,STATUS_FINAL,19.0,22.0,False,12228,Mackay Stadium
2024,401643772,2024-12-01 01:00:00+00:00,14,2440,Nevada,Mountain West,2439,UNLV,away,False,False,True,STATUS_FINAL,14.0,38.0,False,40122,Allegiant Stadium
2024,401643697,2024-08-24 20:00:00+00:00,1,167,New Mexico,Mountain West,147,Montana State,home,False,False,True,STATUS_FINAL,31.0,35.0,False,17314,University Stadium (NM)
2024,401636608,2024-09-01 02:30:00+00:00,1,167,New Mexico,Mountain West,12,Arizona,away,False,False,True,STATUS_FINAL,39.0,61.0,False,44748,Casino Del Sol Stadium
2024,401628352,2024-09-14 23:30:00+00:00,3,167,New Mexico,Mountain West,2,Auburn,away,False,False,True,STATUS_FINAL,19.0,45.0,False,88043,Jordan-Hare Stadium
2024,401643711,2024-09-22 00:30:00+00:00,4,167,New Mexico,Mountain West,278,Fresno State,home,False,False,True,STATUS_FINAL,21.0,38.0,False,18019,University Stadium (NM)
2024,401641035,2024-09-29 00:00:00+00:00,5,167,New Mexico,Mountain West,166,New Mexico State,away,False,False,True,STATUS_FINAL,50.0,40.0,True,21062,Aggie Memorial Stadium
2024,401643727,2024-10-12 23:00:00+00:00,7,167,New Mexico,Mountain West,2005,Air Force,home,False,False,True,STATUS_FINAL,52.0,37.0,True,15561,University Stadium (NM)
2024,401643737,2024-10-19 20:00:00+00:00,8,167,New Mexico,Mountain West,328,Utah State,away,False,False,True,STATUS_FINAL,50.0,45.0,True,14584,Maverik Stadium
2024,401643741,2024-10-26 21:00:00+00:00,9,167,New Mexico,Mountain West,36,Colorado State,away,False,False,True,STATUS_FINAL,6.0,17.0,False,36980,Canvas Stadium
2024,401643750,2024-11-02 20:00:00+00:00,10,167,New Mexico,Mountain West,2751,Wyoming,home,False,False,True,STATUS_FINAL,45.0,49.0,False,15046,University Stadium (NM)
2024,401643754,2024-11-09 03:30:00+00:00,11,167,New Mexico,Mountain West,21,San Diego State,away,False,False,True,STATUS_FINAL,21.0,16.0,True,21832,Snapdragon Stadium
2024,401643761,2024-11-17 02:30:00+00:00,12,167,New Mexico,Mountain West,265,Washington State,home,False,False,True,STATUS_FINAL,38.0,35.0,True,14067,University Stadium (NM)
2024,401643771,2024-12-01 04:00:00+00:00,14,167,New Mexico,Mountain West,62,Hawai'i,away,False,False,True,STATUS_FINAL,30.0,38.0,False,12046,Clarence T.C. Ching Athletics Complex
2024,401641032,2024-09-01 01:00:00+00:00,1,166,New Mexico State,Conference USA,2546,Southeast Missouri State,home,False,False,True,STATUS_FINAL,23.0,16.0,True,10738,Aggie Memorial Stadium
2024,401640989,2024-09-08 02:15:00+00:00,2,166,New Mexico State,Conference USA,2335,Liberty,home,False,False,True,STATUS_FINAL,24.0,30.0,False,16562,Aggie Memorial Stadium
2024,401641033,2024-09-15 02:30:00+00:00,3,166,New Mexico State,Conference USA,278,Fresno State,away,False,False,True,STATUS_FINAL,0.0,48.0,False,39079,Valley Children's Stadium
2024,401641034,2024-09-21 23:00:00+00:00,4,166,New Mexico State,Conference USA,2534,Sam Houston,away,False,False,True,STATUS_FINAL,11.0,31.0,False,0,Elliott T. Bowers Stadium
2024,401641035,2024-09-29 00:00:00+00:00,5,166,New Mexico State,Conference USA,167,New Mexico,home,False,False,True,STATUS_FINAL,40.0,50.0,False,21062,Aggie Memorial Stadium
2024,401641002,2024-10-09 23:30:00+00:00,7,166,New Mexico State,Conference USA,55,Jacksonville State,away,False,False,True,STATUS_FINAL,13.0,54.0,False,16555,AmFirst Stadium
2024,401641010,2024-10-16 01:00:00+00:00,8,166,New Mexico State,Conference USA,2348,Louisiana Tech,home,False,False,True,STATUS_FINAL,33.0,30.0,True,9671,Aggie Memorial Stadium
2024,401640985,2024-10-29 23:00:00+00:00,10,166,New Mexico State,Conference USA,2229,Florida International,away,False,False,True,STATUS_FINAL,13.0,34.0,False,9103,Pitbull Stadium
2024,401641036,2024-11-09 23:00:00+00:00,11,166,New Mexico State,Conference USA,98,Western Kentucky,home,False,False,True,STATUS_FINAL,28.0,41.0,False,12710,Aggie Memorial Stadium
2024,401628424,2024-11-17 00:45:00+00:00,12,166,New Mexico State,Conference USA,245,Texas A&M,away,False,False,True,STATUS_FINAL,3.0,38.0,False,105815,Kyle Field
2024,401641027,2024-11-23 19:30:00+00:00,13,166,New Mexico State,Conference USA,2393,Middle Tennessee,away,False,False,True,STATUS_FINAL,36.0,21.0,True,10123,"Johnny ""Red"" Floyd Stadium"
2024,401641031,2024-11-30 21:00:00+00:00,14,166,New Mexico State,Conference USA,2638,UTEP,home,False,False,True,STATUS_FINAL,35.0,42.0,False,15358,Aggie Memorial Stadium
2024,401628448,2024-08-30 01:00:00+00:00,1,153,North Carolina,ACC,135,Minnesota,away,False,False,True,STATUS_FINAL,19.0,17.0,True,50805,Huntington Bank Stadium
2024,401635537,2024-09-07 19:30:00+00:00,2,153,North Carolina,ACC,2429,Charlotte,home,False,False,True,STATUS_FINAL,38.0,20.0,True,48431,Kenan Stadium
2024,401635545,2024-09-14 22:00:00+00:00,3,153,North Carolina,ACC,2428,North Carolina Central,home,False,False,True,STATUS_FINAL,45.0,10.0,True,45491,Kenan Stadium
2024,401635556,2024-09-21 16:00:00+00:00,4,153,North Carolina,ACC,256,James Madison,home,False,False,True,STATUS_FINAL,50.0,70.0,False,50500,Kenan Stadium
2024,401635562,2024-09-28 20:00:00+00:00,5,153,North Carolina,ACC,150,Duke,away,False,False,True,STATUS_FINAL,20.0,21.0,False,35018,Wallace Wade Stadium
2024,401635572,2024-10-05 16:00:00+00:00,6,153,North Carolina,ACC,221,Pittsburgh,home,False,False,True,STATUS_FINAL,24.0,34.0,False,46033,Kenan Stadium
2024,401635577,2024-10-12 16:00:00+00:00,7,153,North Carolina,ACC,59,Georgia Tech,home,False,False,True,STATUS_FINAL,34.0,41.0,False,44482,Kenan Stadium
2024,401635598,2024-10-26 16:00:00+00:00,9,153,North Carolina,ACC,258,Virginia,away,False,False,True,STATUS_FINAL,41.0,14.0,True,44550,Scott Stadium
2024,401635602,2024-11-02 19:30:00+00:00,10,153,North Carolina,ACC,52,Florida State,away,False,False,True,STATUS_FINAL,35.0,11.0,True,55107,Doak Campbell Stadium
2024,401635583,2024-11-17 01:00:00+00:00,12,153,North Carolina,ACC,154,Wake Forest,home,False,False,True,STATUS_FINAL,31.0,24.0,True,48364,Kenan Stadium
2024,401635612,2024-11-23 17:00:00+00:00,13,153,North Carolina,ACC,103,Boston College,away,False,False,True,STATUS_FINAL,21.0,41.0,False,37801,"Alumni Stadium (Chestnut Hill, MA)"
2024,401635624,2024-11-30 20:30:00+00:00,14,153,North Carolina,ACC,152,NC State,home,False,False,True,STATUS_FINAL,30.0,35.0,False,50500,Kenan Stadium
2024,401643775,2024-08-31 21:00:00+00:00,1,249,North Texas,American,6,South Alabama,away,False,False,True,STATUS_FINAL,52.0,38.0,True,15559,Hancock Whitney Stadium
2024,401645325,2024-09-07 23:30:00+00:00,2,249,North Texas,American,2617,Stephen F. Austin,home,False,False,True,STATUS_FINAL,35.0,20.0,True,23510,DATCU Stadium
2024,401636868,2024-09-14 16:00:00+00:00,3,249,North Texas,American,2641,Texas Tech,away,False,False,True,STATUS_FINAL,21.0,66.0,False,57865,Galaxy Stadium
2024,401643716,2024-09-21 23:00:00+00:00,4,249,North Texas,American,2751,Wyoming,home,False,False,True,STATUS_FINAL,44.0,17.0,True,27049,DATCU Stadium
2024,401645336,2024-09-28 23:00:00+00:00,5,249,North Texas,American,202,Tulsa,home,False,False,True,STATUS_FINAL,52.0,20.0,True,18529,DATCU Stadium
2024,401645343,2024-10-12 23:00:00+00:00,7,249,North Texas,American,2226,Florida Atlantic,away,False,False,True,STATUS_FINAL,41.0,37.0,True,14576,Flagler Credit Union Stadium
2024,401645349,2024-10-19 23:30:00+00:00,8,249,North Texas,American,235,Memphis,away,False,False,True,STATUS_FINAL,44.0,52.0,False,24110,Simmons Bank Liberty Stadium
2024,401645354,2024-10-26 16:00:00+00:00,9,249,North Texas,American,2655,Tulane,home,False,False,True,STATUS_FINAL,37.0,45.0,False,23138,DATCU Stadium
2024,401629045,2024-11-09 20:30:00+00:00,11,249,North Texas,American,349,Army,home,False,False,True,STATUS_FINAL,3.0,14.0,False,28519,DATCU Stadium
2024,401645366,2024-11-16 01:00:00+00:00,12,249,North Texas,American,2636,UTSA,away,False,False,True,STATUS_FINAL,27.0,48.0,False,21350,Alamodome
2024,401645372,2024-11-23 20:30:00+00:00,13,249,North Texas,American,151,East Carolina,home,False,False,True,STATUS_FINAL,28.0,40.0,False,17387,DATCU Stadium
2024,401645381,2024-11-30 17:00:00+00:00,14,249,North Texas,American,218,Temple,away,False,False,True,STATUS_FINAL,24.0,17.0,True,0,Lincoln Financial Field
2024,401644731,2024-08-31 19:30:00+00:00,1,2459,Northern Illinois,MAC,2710,Western Illinois,home,False,False,True,STATUS_FINAL,54.0,15.0,True,10828,Huskie Stadium
2024,401628977,2024-09-07 19:30:00+00:00,2,2459,Northern Illinois,MAC,87,Notre Dame,away,False,False,True,STATUS_FINAL,16.0,14.0,True,77622,Notre Dame Stadium
2024,401644736,2024-09-21 19:30:00+00:00,4,2459,Northern Illinois,MAC,2084,Buffalo,home,False,False,True,STATUS_FINAL,20.0,23.0,False,18688,Huskie Stadium
2024,401635564,2024-09-28 16:00:00+00:00,5,2459,Northern Illinois,MAC,152,NC State,away,False,False,True,STATUS_FINAL,17.0,24.0,False,56919,Carter-Finley Stadium
2024,401629044,2024-10-05 16:00:00+00:00,6,2459,Northern Illinois,MAC,113,Massachusetts,home,False,False,True,STATUS_FINAL,34.0,20.0,True,12466,Huskie Stadium
2024,401644744,2024-10-12 19:30:00+00:00,7,2459,Northern Illinois,MAC,189,Bowling Green,away,False,False,True,STATUS_FINAL,17.0,7.0,True,9559,Doyt L. Perry Stadium
2024,401644751,2024-10-19 19:30:00+00:00,8,2459,Northern Illinois,MAC,2649,Toledo,home,False,False,True,STATUS_FINAL,6.0,13.0,False,18350,Huskie Stadium
2024,401644753,2024-10-26 19:30:00+00:00,9,2459,Northern Illinois,MAC,2050,Ball State,away,False,False,True,STATUS_FINAL,23.0,25.0,False,15318,Scheumann Stadium
2024,401644762,2024-11-07 00:00:00+00:00,11,2459,Northern Illinois,MAC,2711,Western Michigan,away,False,False,True,STATUS_FINAL,42.0,28.0,True,10346,Waldo Stadium
2024,401644766,2024-11-14 00:00:00+00:00,12,2459,Northern Illinois,MAC,2006,Akron,home,False,False,True,STATUS_FINAL,29.0,16.0,True,6795,Huskie Stadium
2024,401644690,2024-11-20 01:00:00+00:00,13,2459,Northern Illinois,MAC,193,Miami (OH),away,False,False,True,STATUS_FINAL,9.0,20.0,False,5891,Yager Stadium
2024,401644779,2024-11-30 20:30:00+00:00,14,2459,Northern Illinois,MAC,2117,Central Michigan,home,False,False,True,STATUS_FINAL,24.0,16.0,True,5843,Huskie Stadium
2024,401644683,2024-08-31 19:30:00+00:00,1,77,Northwestern,Big Ten,193,Miami (OH),home,False,False,True,STATUS_FINAL,13.0,6.0,True,12023,Northwestern Medicine Field at Martin Stadium
2024,401635533,2024-09-07 01:00:00+00:00,2,77,Northwestern,Big Ten,150,Duke,home,False,False,True,STATUS_FINAL,20.0,26.0,False,11062,Northwestern Medicine Field at Martin Stadium
2024,401655632,2024-09-14 23:30:00+00:00,3,77,Northwestern,Big Ten,2197,Eastern Illinois,home,False,False,True,STATUS_FINAL,31.0,7.0,True,10631,Northwestern Medicine Field at Martin Stadium
2024,401628491,2024-09-21 23:00:00+00:00,4,77,Northwestern,Big Ten,264,Washington,away,False,False,True,STATUS_FINAL,5.0,24.0,False,69788,Husky Stadium
2024,401628503,2024-10-05 19:30:00+00:00,6,77,Northwestern,Big Ten,84,Indiana,home,False,False,True,STATUS_FINAL,24.0,41.0,False,12023,Northwestern Medicine Field at Martin Stadium
2024,401628513,2024-10-12 00:00:00+00:00,7,77,Northwestern,Big Ten,120,Maryland,away,False,False,True,STATUS_FINAL,37.0,10.0,True,39371,SECU Stadium
2024,401628522,2024-10-19 16:00:00+00:00,8,77,Northwestern,Big Ten,275,Wisconsin,home,False,False,True,STATUS_FINAL,3.0,23.0,False,12023,Northwestern Medicine Field at Martin Stadium
2024,401628527,2024-10-26 19:30:00+00:00,9,77,Northwestern,Big Ten,2294,Iowa,away,False,False,True,STATUS_FINAL,14.0,40.0,False,69250,Kinnick Stadium
2024,401628538,2024-11-02 16:00:00+00:00,10,77,Northwestern,Big Ten,2509,Purdue,away,False,False,True,STATUS_FINAL,26.0,20.0,True,61141,Ross-Ade Stadium
2024,401628550,2024-11-16 17:00:00+00:00,12,77,Northwestern,Big Ten,194,Ohio State,home,False,False,True,STATUS_FINAL,7.0,31.0,False,38147,Wrigley Field
2024,401628557,2024-11-23 20:30:00+00:00,13,77,Northwestern,Big Ten,130,Michigan,away,False,False,True,STATUS_FINAL,6.0,50.0,False,109830,Michigan Stadium
2024,401628563,2024-11-30 17:00:00+00:00,14,77,Northwestern,Big Ten,356,Illinois,home,True,False,True,STATUS_FINAL,28.0,38.0,False,26378,Wrigley Field
2024,401628332,2024-08-31 23:30:00+00:00,1,87,Notre Dame,FBS Independents,245,Texas A&M,away,False,False,True,STATUS_FINAL,23.0,13.0,True,0,Kyle Field
2024,401628977,2024-09-07 19:30:00+00:00,2,87,Notre Dame,FBS Independents,2459,Northern Illinois,home,False,False,True,STATUS_FINAL,14.0,16.0,False,77622,Notre Dame Stadium
2024,401628978,2024-09-14 19:30:00+00:00,3,87,Notre Dame,FBS Independents,2509,Purdue,away,False,False,True,STATUS_FINAL,66.0,7.0,True,61441,Ross-Ade Stadium
2024,401628979,2024-09-21 19:30:00+00:00,4,87,Notre Dame,FBS Independents,193,Miami (OH),home,False,False,True,STATUS_FINAL,28.0,3.0,True,77622,Notre Dame Stadium
2024,401628980,2024-09-28 19:30:00+00:00,5,87,Notre Dame,FBS Independents,97,Louisville,home,False,False,True,STATUS_FINAL,31.0,24.0,True,77622,Notre Dame Stadium
2024,401628981,2024-10-12 19:30:00+00:00,7,87,Notre Dame,FBS Independents,24,Stanford,home,False,False,True,STATUS_FINAL,49.0,7.0,True,77622,Notre Dame Stadium
2024,401628982,2024-10-19 19:30:00+00:00,8,87,Notre Dame,FBS Independents,59,Georgia Tech,away,True,False,True,STATUS_FINAL,31.0,13.0,True,59021,Mercedes-Benz Stadium
2024,401628983,2024-10-26 16:00:00+00:00,9,87,Notre Dame,FBS Independents,2426,Navy,away,True,False,True,STATUS_FINAL,51.0,14.0,True,76112,MetLife Stadium
2024,401628984,2024-11-10 00:30:00+00:00,11,87,Notre Dame,FBS Independents,52,Florida State,home,False,False,True,STATUS_FINAL,52.0,3.0,True,77622,Notre Dame Stadium
2024,401628985,2024-11-16 20:30:00+00:00,12,87,Notre Dame,FBS Independents,258,Virginia,home,False,False,True,STATUS_FINAL,35.0,14.0,True,77622,Notre Dame Stadium
2024,401640959,2024-11-24 00:00:00+00:00,13,87,Notre Dame,FBS Independents,349,Army,home,True,False,True,STATUS_FINAL,49.0,14.0,True,47342,Yankee Stadium
2024,401628571,2024-11-30 20:30:00+00:00,14,87,Notre Dame,FBS Independents,30,USC,away,False,False,True,STATUS_FINAL,49.0,35.0,True,73241,Los Angeles Memorial Coliseum
2024,401634304,2024-08-31 19:30:00+00:00,1,195,Ohio,MAC,183,Syracuse,away,False,False,True,STATUS_FINAL,22.0,38.0,False,37225,JMA Wireless Dome
2024,401643781,2024-09-07 22:00:00+00:00,2,195,Ohio,MAC,6,South Alabama,home,False,False,True,STATUS_FINAL,27.0,20.0,True,22158,Peden Stadium
2024,401644734,2024-09-14 19:30:00+00:00,3,195,Ohio,MAC,2415,Morgan State,home,False,False,True,STATUS_FINAL,21.0,6.0,True,20438,Peden Stadium
2024,401628364,2024-09-21 16:45:00+00:00,4,195,Ohio,MAC,96,Kentucky,away,False,False,True,STATUS_FINAL,6.0,41.0,False,61783,Kroger Field
2024,401644738,2024-09-28 19:30:00+00:00,5,195,Ohio,MAC,2006,Akron,home,False,False,True,STATUS_FINAL,30.0,10.0,True,21265,Peden Stadium
2024,401644746,2024-10-12 20:00:00+00:00,7,195,Ohio,MAC,2117,Central Michigan,away,False,False,True,STATUS_FINAL,27.0,25.0,True,22437,Kelly/Shorts Stadium
2024,401644686,2024-10-19 19:30:00+00:00,8,195,Ohio,MAC,193,Miami (OH),away,False,False,True,STATUS_FINAL,20.0,30.0,False,17021,Yager Stadium
2024,401644755,2024-10-26 16:00:00+00:00,9,195,Ohio,MAC,2084,Buffalo,home,False,False,True,STATUS_FINAL,47.0,16.0,True,16048,Peden Stadium
2024,401644761,2024-11-07 00:00:00+00:00,11,195,Ohio,MAC,2309,Kent State,away,False,False,True,STATUS_FINAL,41.0,0.0,True,5662,Zoeller Field at Dix Stadium
2024,401644767,2024-11-14 00:00:00+00:00,12,195,Ohio,MAC,2199,Eastern Michigan,home,False,False,True,STATUS_FINAL,35.0,10.0,True,14133,Peden Stadium
2024,401644773,2024-11-21 00:00:00+00:00,13,195,Ohio,MAC,2649,Toledo,away,False,False,True,STATUS_FINAL,24.0,7.0,True,14543,Glass Bowl
2024,401644777,2024-11-29 17:00:00+00:00,14,195,Ohio,MAC,2050,Ball State,home,False,False,True,STATUS_FINAL,42.0,21.0,True,11804,Peden Stadium
2024,401673467,2024-12-07 17:00:00+00:00,15,195,Ohio,MAC,193,Miami (OH),away,True,False,True,STATUS_FINAL,38.0,3.0,True,15478,Ford Field
2024,401628455,2024-08-31 19:30:00+00:00,1,194,Ohio State,Big Ten,2006,Akron,home,False,False,True,STATUS_FINAL,52.0,6.0,True,102011,Ohio Stadium
2024,401628468,2024-09-07 23:30:00+00:00,2,194,Ohio State,Big Ten,2711,Western Michigan,home,False,False,True,STATUS_FINAL,56.0,0.0,True,102665,Ohio Stadium
2024,401628492,2024-09-21 16:00:00+00:00,4,194,Ohio State,Big Ten,276,Marshall,home,False,False,True,STATUS_FINAL,49.0,14.0,True,103871,Ohio Stadium
2024,401628498,2024-09-28 23:30:00+00:00,5,194,Ohio State,Big Ten,127,Michigan State,away,False,False,True,STATUS_FINAL,38.0,7.0,True,71114,Spartan Stadium
2024,401628504,2024-10-05 19:30:00+00:00,6,194,Ohio State,Big Ten,2294,Iowa,home,False,False,True,STATUS_FINAL,35.0,7.0,True,105135,Ohio Stadium
2024,401628515,2024-10-12 23:30:00+00:00,7,194,Ohio State,Big Ten,2483,Oregon,away,False,False,True,STATUS_FINAL,31.0,32.0,False,60129,Autzen Stadium
2024,401628530,2024-10-26 16:00:00+00:00,9,194,Ohio State,Big Ten,158,Nebraska,home,False,False,True,STATUS_FINAL,21.0,17.0,True,104830,Ohio Stadium
2024,401628539,2024-11-02 16:00:00+00:00,10,194,Ohio State,Big Ten,213,Penn State,away,False,False,True,STATUS_FINAL,20.0,13.0,True,111030,Beaver Stadium
2024,401628545,2024-11-09 17:00:00+00:00,11,194,Ohio State,Big Ten,2509,Purdue,home,False,False,True,STATUS_FINAL,45.0,0.0,True,103463,Ohio Stadium
2024,401628550,2024-11-16 17:00:00+00:00,12,194,Ohio State,Big Ten,77,Northwestern,away,False,False,True,STATUS_FINAL,31.0,7.0,True,38147,Wrigley Field
2024,401628555,2024-11-23 17:00:00+00:00,13,194,Ohio State,Big Ten,84,Indiana,home,False,False,True,STATUS_FINAL,38.0,15.0,True,105751,Ohio Stadium
2024,401628566,2024-11-30 17:00:00+00:00,14,194,Ohio State,Big Ten,130,Michigan,home,False,False,True,STATUS_FINAL,10.0,13.0,False,106005,Ohio Stadium
2024,401628328,2024-08-30 23:00:00+00:00,1,201,Oklahoma,SEC,218,Temple,home,False,False,True,STATUS_FINAL,51.0,3.0,True,83329,"Memorial Stadium (Norman, OK)"
2024,401628345,2024-09-07 23:45:00+00:00,2,201,Oklahoma,SEC,248,Houston,home,False,False,True,STATUS_FINAL,16.0,12.0,True,83653,"Memorial Stadium (Norman, OK)"
2024,401628358,2024-09-14 19:30:00+00:00,3,201,Oklahoma,SEC,2655,Tulane,home,False,False,True,STATUS_FINAL,34.0,19.0,True,83325,"Memorial Stadium (Norman, OK)"
2024,401628369,2024-09-21 23:30:00+00:00,4,201,Oklahoma,SEC,2633,Tennessee,home,False,False,True,STATUS_FINAL,15.0,25.0,False,84701,"Memorial Stadium (Norman, OK)"
2024,401628375,2024-09-28 19:30:00+00:00,5,201,Oklahoma,SEC,2,Auburn,away,False,False,True,STATUS_FINAL,27.0,21.0,True,88043,Jordan-Hare Stadium
2024,401628390,2024-10-12 19:30:00+00:00,7,201,Oklahoma,SEC,251,Texas,home,True,False,True,STATUS_FINAL,3.0,34.0,False,92100,Cotton Bowl
2024,401628396,2024-10-19 16:45:00+00:00,8,201,Oklahoma,SEC,2579,South Carolina,home,False,False,True,STATUS_FINAL,9.0,35.0,False,83331,"Memorial Stadium (Norman, OK)"
2024,401628402,2024-10-26 16:00:00+00:00,9,201,Oklahoma,SEC,145,Ole Miss,away,False,False,True,STATUS_FINAL,14.0,26.0,False,67926,Vaught-Hemingway Stadium
2024,401628410,2024-11-02 16:00:00+00:00,10,201,Oklahoma,SEC,311,Maine,home,False,False,True,STATUS_FINAL,59.0,14.0,True,82831,"Memorial Stadium (Norman, OK)"
2024,401628415,2024-11-10 00:45:00+00:00,11,201,Oklahoma,SEC,142,Missouri,away,False,False,True,STATUS_FINAL,23.0,30.0,False,62621,Memorial Stadium
2024,401628433,2024-11-24 00:30:00+00:00,13,201,Oklahoma,SEC,333,Alabama,home,False,False,True,STATUS_FINAL,24.0,3.0,True,84053,"Memorial Stadium (Norman, OK)"
2024,401628441,2024-12-01 00:00:00+00:00,14,201,Oklahoma,SEC,99,LSU,away,False,False,True,STATUS_FINAL,17.0,37.0,False,99364,Tiger Stadium (LA)
2024,401634212,2024-08-31 18:00:00+00:00,1,197,Oklahoma State,Big 12,2571,South Dakota State,home,False,False,True,STATUS_FINAL,44.0,20.0,True,52202,Boone Pickens Stadium
2024,401628336,2024-09-07 16:00:00+00:00,2,197,Oklahoma State,Big 12,8,Arkansas,home,False,False,True,STATUS_FINAL,39.0,31.0,True,52202,Boone Pickens Stadium
2024,401636869,2024-09-14 16:00:00+00:00,3,197,Oklahoma State,Big 12,202,Tulsa,away,False,False,True,STATUS_FINAL,45.0,10.0,True,30915,H. A. Chapman Stadium
2024,401636876,2024-09-21 20:00:00+00:00,4,197,Oklahoma State,Big 12,254,Utah,home,False,False,True,STATUS_FINAL,19.0,22.0,False,52202,Boone Pickens Stadium
2024,401636883,2024-09-28 16:00:00+00:00,5,197,Oklahoma State,Big 12,2306,Kansas State,away,False,False,True,STATUS_FINAL,20.0,42.0,False,0,Bill Snyder Family Stadium
2024,401636890,2024-10-05 20:00:00+00:00,6,197,Oklahoma State,Big 12,277,West Virginia,home,False,False,True,STATUS_FINAL,14.0,38.0,False,52202,Boone Pickens Stadium
2024,401636898,2024-10-19 02:15:00+00:00,8,197,Oklahoma State,Big 12,252,BYU,away,False,False,True,STATUS_FINAL,35.0,38.0,False,62841,LaVell Edwards Stadium
2024,401636906,2024-10-26 19:30:00+00:00,9,197,Oklahoma State,Big 12,239,Baylor,away,False,False,True,STATUS_FINAL,28.0,38.0,False,44987,McLane Stadium
2024,401636915,2024-11-02 19:30:00+00:00,10,197,Oklahoma State,Big 12,9,Arizona State,home,False,False,True,STATUS_FINAL,21.0,42.0,False,52202,Boone Pickens Stadium
2024,401636920,2024-11-10 00:00:00+00:00,11,197,Oklahoma State,Big 12,2628,TCU,away,False,False,True,STATUS_FINAL,13.0,38.0,False,45348,Amon G. Carter Stadium
2024,401636934,2024-11-23 20:30:00+00:00,13,197,Oklahoma State,Big 12,2641,Texas Tech,home,False,False,True,STATUS_FINAL,48.0,56.0,False,52202,Boone Pickens Stadium
2024,401636938,2024-11-29 17:00:00+00:00,14,197,Oklahoma State,Big 12,38,Colorado,away,False,False,True,STATUS_FINAL,0.0,52.0,False,51030,Folsom Field
2024,401628329,2024-08-31 20:15:00+00:00,1,295,Old Dominion,Sun Belt,2579,South Carolina,away,False,False,True,STATUS_FINAL,19.0,23.0,False,78496,Williams-Brice Stadium
2024,401643778,2024-09-07 22:00:00+00:00,2,295,Old Dominion,Sun Belt,151,East Carolina,home,False,False,True,STATUS_FINAL,14.0,20.0,False,21944,S.B. Ballard Stadium
2024,401635548,2024-09-14 22:00:00+00:00,3,295,Old Dominion,Sun Belt,259,Virginia Tech,home,False,False,True,STATUS_FINAL,17.0,37.0,False,22208,S.B. Ballard Stadium
2024,401643795,2024-09-28 21:00:00+00:00,5,295,Old Dominion,Sun Belt,189,Bowling Green,away,False,False,True,STATUS_FINAL,30.0,27.0,True,19140,Doyt L. Perry Stadium
2024,401643798,2024-10-05 23:00:00+00:00,6,295,Old Dominion,Sun Belt,324,Coastal Carolina,away,False,False,True,STATUS_FINAL,37.0,45.0,False,18552,Brooks Stadium (SC)
2024,401643805,2024-10-12 19:30:00+00:00,7,295,Old Dominion,Sun Belt,2247,Georgia State,away,False,False,True,STATUS_FINAL,21.0,14.0,True,12280,Center Parc Stadium
2024,401643813,2024-10-19 19:30:00+00:00,8,295,Old Dominion,Sun Belt,326,Texas State,home,False,False,True,STATUS_FINAL,24.0,14.0,True,19129,S.B. Ballard Stadium
2024,401643815,2024-10-24 23:00:00+00:00,9,295,Old Dominion,Sun Belt,290,Georgia Southern,home,False,False,True,STATUS_FINAL,47.0,19.0,True,18281,S.B. Ballard Stadium
2024,401643821,2024-11-02 18:30:00+00:00,10,295,Old Dominion,Sun Belt,2026,App State,away,False,False,True,STATUS_FINAL,20.0,28.0,False,34954,Kidd Brewer Stadium
2024,401643833,2024-11-16 21:00:00+00:00,12,295,Old Dominion,Sun Belt,256,James Madison,home,False,False,True,STATUS_FINAL,32.0,35.0,False,21984,S.B. Ballard Stadium
2024,401643838,2024-11-24 00:30:00+00:00,13,295,Old Dominion,Sun Belt,276,Marshall,home,False,False,True,STATUS_FINAL,35.0,42.0,False,18083,S.B. Ballard Stadium
2024,401643847,2024-11-30 20:00:00+00:00,14,295,Old Dominion,Sun Belt,2032,Arkansas State,away,False,False,True,STATUS_FINAL,40.0,32.0,True,13584,Centennial Bank Stadium
2024,401628325,2024-08-31 23:00:00+00:00,1,145,Ole Miss,SEC,231,Furman,home,False,False,True,STATUS_FINAL,76.0,0.0,True,66105,Vaught-Hemingway Stadium
2024,401628342,2024-09-07 20:15:00+00:00,2,145,Ole Miss,SEC,2393,Middle Tennessee,home,False,False,True,STATUS_FINAL,52.0,3.0,True,66427,Vaught-Hemingway Stadium
2024,401628355,2024-09-14 22:30:00+00:00,3,145,Ole Miss,SEC,154,Wake Forest,away,False,False,True,STATUS_FINAL,40.0,6.0,True,32849,Allegacy Federal Credit Union Stadium
2024,401628366,2024-09-21 23:45:00+00:00,4,145,Ole Miss,SEC,290,Georgia Southern,home,False,False,True,STATUS_FINAL,52.0,13.0,True,67505,Vaught-Hemingway Stadium
2024,401628377,2024-09-28 16:00:00+00:00,5,145,Ole Miss,SEC,96,Kentucky,home,False,False,True,STATUS_FINAL,17.0,20.0,False,0,Vaught-Hemingway Stadium
2024,401628382,2024-10-05 19:30:00+00:00,6,145,Ole Miss,SEC,2579,South Carolina,away,False,False,True,STATUS_FINAL,27.0,3.0,True,79837,Williams-Brice Stadium
2024,401628388,2024-10-12 23:30:00+00:00,7,145,Ole Miss,SEC,99,LSU,away,False,False,True,STATUS_FINAL,26.0,29.0,False,102212,Tiger Stadium (LA)
2024,401628402,2024-10-26 16:00:00+00:00,9,145,Ole Miss,SEC,201,Oklahoma,home,False,False,True,STATUS_FINAL,26.0,14.0,True,67926,Vaught-Hemingway Stadium
2024,401628406,2024-11-02 16:00:00+00:00,10,145,Ole Miss,SEC,8,Arkansas,away,False,False,True,STATUS_FINAL,63.0,31.0,True,72894,Donald W. Reynolds Razorback Stadium
2024,401628414,2024-11-09 20:30:00+00:00,11,145,Ole Miss,SEC,61,Georgia,home,False,False,True,STATUS_FINAL,28.0,10.0,True,68126,Vaught-Hemingway Stadium
2024,401628429,2024-11-23 17:00:00+00:00,13,145,Ole Miss,SEC,57,Florida,away,False,False,True,STATUS_FINAL,17.0,24.0,False,89942,Ben Hill Griffin Stadium
2024,401628442,2024-11-29 20:30:00+00:00,14,145,Ole Miss,SEC,344,Mississippi State,home,False,False,True,STATUS_FINAL,26.0,14.0,True,67896,Vaught-Hemingway Stadium
2024,401628456,2024-08-31 23:30:00+00:00,1,2483,Oregon,Big Ten,70,Idaho,home,False,False,True,STATUS_FINAL,24.0,14.0,True,57435,Autzen Stadium
2024,401628469,2024-09-08 02:00:00+00:00,2,2483,Oregon,Big Ten,68,Boise State,home,False,False,True,STATUS_FINAL,37.0,34.0,True,58134,Autzen Stadium
2024,401628483,2024-09-14 19:30:00+00:00,3,2483,Oregon,Big Ten,204,Oregon State,away,False,False,True,STATUS_FINAL,49.0,14.0,True,38419,Reser Stadium
2024,401628500,2024-09-29 03:00:00+00:00,5,2483,Oregon,Big Ten,26,UCLA,away,False,False,True,STATUS_FINAL,34.0,13.0,True,43051,Rose Bowl
2024,401628506,2024-10-05 01:00:00+00:00,6,2483,Oregon,Big Ten,127,Michigan State,home,False,False,True,STATUS_FINAL,31.0,10.0,True,59802,Autzen Stadium
2024,401628515,2024-10-12 23:30:00+00:00,7,2483,Oregon,Big Ten,194,Ohio State,home,False,False,True,STATUS_FINAL,32.0,31.0,True,60129,Autzen Stadium
2024,401628523,2024-10-19 00:00:00+00:00,8,2483,Oregon,Big Ten,2509,Purdue,away,False,False,True,STATUS_FINAL,35.0,0.0,True,57463,Ross-Ade Stadium
2024,401628525,2024-10-26 19:30:00+00:00,9,2483,Oregon,Big Ten,356,Illinois,home,False,False,True,STATUS_FINAL,38.0,9.0,True,59830,Autzen Stadium
2024,401628536,2024-11-02 19:30:00+00:00,10,2483,Oregon,Big Ten,130,Michigan,away,False,False,True,STATUS_FINAL,38.0,17.0,True,110576,Michigan Stadium
2024,401628543,2024-11-10 00:00:00+00:00,11,2483,Oregon,Big Ten,120,Maryland,home,False,False,True,STATUS_FINAL,39.0,18.0,True,59245,Autzen Stadium
2024,401628551,2024-11-17 00:30:00+00:00,12,2483,Oregon,Big Ten,275,Wisconsin,away,False,False,True,STATUS_FINAL,16.0,13.0,True,76298,Camp Randall Stadium
2024,401628569,2024-12-01 00:30:00+00:00,14,2483,Oregon,Big Ten,264,Washington,home,False,False,True,STATUS_FINAL,49.0,21.0,True,59603,Autzen Stadium
2024,401673464,2024-12-08 01:00:00+00:00,15,2483,Oregon,Big Ten,213,Penn State,home,True,False,True,STATUS_FINAL,45.0,37.0,True,67469,Lucas Oil Stadium
2024,401643704,2024-08-31 22:30:00+00:00,1,204,Oregon State,Pac-12,304,Idaho State,home,False,False,True,STATUS_FINAL,38.0,15.0,True,31013,Reser Stadium
2024,401643709,2024-09-08 02:30:00+00:00,2,204,Oregon State,Pac-12,21,San Diego State,away,False,False,True,STATUS_FINAL,21.0,0.0,True,25318,Snapdragon Stadium
2024,401628483,2024-09-14 19:30:00+00:00,3,204,Oregon State,Pac-12,2483,Oregon,home,False,False,True,STATUS_FINAL,14.0,49.0,False,38419,Reser Stadium
2024,401643717,2024-09-22 00:30:00+00:00,4,204,Oregon State,Pac-12,2509,Purdue,home,False,False,True,STATUS_FINAL,38.0,21.0,True,34340,Reser Stadium
2024,401643724,2024-10-05 22:30:00+00:00,6,204,Oregon State,Pac-12,36,Colorado State,home,False,False,True,STATUS_FINAL,39.0,31.0,True,46433,Reser Stadium
2024,401643731,2024-10-12 23:30:00+00:00,7,204,Oregon State,Pac-12,2440,Nevada,away,False,False,True,STATUS_FINAL,37.0,42.0,False,21541,Mackay Stadium
2024,401643739,2024-10-20 02:00:00+00:00,8,204,Oregon State,Pac-12,2439,UNLV,home,False,False,True,STATUS_FINAL,25.0,33.0,False,35195,Reser Stadium
2024,401635594,2024-10-26 20:00:00+00:00,9,204,Oregon State,Pac-12,25,California,away,False,False,True,STATUS_FINAL,7.0,44.0,False,33090,California Memorial Stadium
2024,401643755,2024-11-09 20:30:00+00:00,11,204,Oregon State,Pac-12,23,San José State,home,False,False,True,STATUS_FINAL,13.0,24.0,False,37187,Reser Stadium
2024,401643757,2024-11-16 20:30:00+00:00,12,204,Oregon State,Pac-12,2005,Air Force,away,False,False,True,STATUS_FINAL,0.0,28.0,False,21385,Falcon Stadium
2024,401628572,2024-11-24 00:00:00+00:00,13,204,Oregon State,Pac-12,265,Washington State,home,False,False,True,STATUS_FINAL,41.0,38.0,True,38008,Reser Stadium
2024,401643769,2024-11-29 17:00:00+00:00,14,204,Oregon State,Pac-12,68,Boise State,away,False,False,True,STATUS_FINAL,18.0,34.0,False,37264,Albertsons Stadium
2024,401628457,2024-08-31 16:00:00+00:00,1,213,Penn State,Big Ten,277,West Virginia,away,False,False,True,STATUS_FINAL,34.0,12.0,True,62084,Milan Puskar Stadium
2024,401628470,2024-09-07 16:00:00+00:00,2,213,Penn State,Big Ten,189,Bowling Green,home,False,False,True,STATUS_FINAL,34.0,27.0,True,103861,Beaver Stadium
2024,401628493,2024-09-21 19:30:00+00:00,4,213,Penn State,Big Ten,2309,Kent State,home,False,False,True,STATUS_FINAL,56.0,0.0,True,109526,Beaver Stadium
2024,401628495,2024-09-28 23:30:00+00:00,5,213,Penn State,Big Ten,356,Illinois,home,False,False,True,STATUS_FINAL,21.0,7.0,True,109911,Beaver Stadium
2024,401628510,2024-10-05 16:00:00+00:00,6,213,Penn State,Big Ten,26,UCLA,home,False,False,True,STATUS_FINAL,27.0,11.0,True,110047,Beaver Stadium
2024,401628516,2024-10-12 19:30:00+00:00,7,213,Penn State,Big Ten,30,USC,away,False,False,True,STATUS_FINAL,33.0,30.0,True,75250,Los Angeles Memorial Coliseum
2024,401628531,2024-10-26 23:30:00+00:00,9,213,Penn State,Big Ten,275,Wisconsin,away,False,False,True,STATUS_FINAL,28.0,13.0,True,76403,Camp Randall Stadium
2024,401628539,2024-11-02 16:00:00+00:00,10,213,Penn State,Big Ten,194,Ohio State,home,False,False,True,STATUS_FINAL,13.0,20.0,False,111030,Beaver Stadium
2024,401628546,2024-11-10 01:00:00+00:00,11,213,Penn State,Big Ten,264,Washington,home,False,False,True,STATUS_FINAL,35.0,6.0,True,110233,Beaver Stadium
2024,401628552,2024-11-16 20:30:00+00:00,12,213,Penn State,Big Ten,2509,Purdue,away,False,False,True,STATUS_FINAL,49.0,10.0,True,58346,Ross-Ade Stadium
2024,401628559,2024-11-23 20:30:00+00:00,13,213,Penn State,Big Ten,135,Minnesota,away,False,False,True,STATUS_FINAL,26.0,25.0,True,44266,Huntington Bank Stadium
2024,401628565,2024-11-30 20:30:00+00:00,14,213,Penn State,Big Ten,120,Maryland,home,False,False,True,STATUS_FINAL,44.0,7.0,True,104044,Beaver Stadium
2024,401673464,2024-12-08 01:00:00+00:00,15,213,Penn State,Big Ten,2483,Oregon,away,True,False,True,STATUS_FINAL,37.0,45.0,False,67469,Lucas Oil Stadium
2024,401634305,2024-08-31 16:00:00+00:00,1,221,Pittsburgh,ACC,2309,Kent State,home,False,False,True,STATUS_FINAL,55.0,24.0,True,44616,Acrisure Stadium
2024,401635538,2024-09-07 16:00:00+00:00,2,221,Pittsburgh,ACC,2132,Cincinnati,away,False,False,True,STATUS_FINAL,28.0,27.0,True,37992,Nippert Stadium
2024,401635547,2024-09-14 19:30:00+00:00,3,221,Pittsburgh,ACC,277,West Virginia,home,False,False,True,STATUS_FINAL,38.0,34.0,True,66087,Acrisure Stadium
2024,401634247,2024-09-21 19:30:00+00:00,4,221,Pittsburgh,ACC,2754,Youngstown State,home,False,False,True,STATUS_FINAL,73.0,17.0,True,48437,Acrisure Stadium
2024,401635572,2024-10-05 16:00:00+00:00,6,221,Pittsburgh,ACC,153,North Carolina,away,False,False,True,STATUS_FINAL,34.0,24.0,True,46033,Kenan Stadium
2024,401635575,2024-10-12 19:30:00+00:00,7,221,Pittsburgh,ACC,25,California,home,False,False,True,STATUS_FINAL,17.0,15.0,True,49773,Acrisure Stadium
2024,401634770,2024-10-24 23:30:00+00:00,9,221,Pittsburgh,ACC,183,Syracuse,home,False,False,True,STATUS_FINAL,41.0,13.0,True,47266,Acrisure Stadium
2024,401635627,2024-11-03 00:00:00+00:00,10,221,Pittsburgh,ACC,2567,SMU,away,False,False,True,STATUS_FINAL,25.0,48.0,False,34648,Gerald J. Ford Stadium
2024,401635610,2024-11-10 01:00:00+00:00,11,221,Pittsburgh,ACC,258,Virginia,home,False,False,True,STATUS_FINAL,19.0,24.0,False,56693,Acrisure Stadium
2024,401635582,2024-11-16 17:00:00+00:00,12,221,Pittsburgh,ACC,228,Clemson,home,False,False,True,STATUS_FINAL,20.0,24.0,False,58667,Acrisure Stadium
2024,401635617,2024-11-23 21:00:00+00:00,13,221,Pittsburgh,ACC,97,Louisville,away,False,False,True,STATUS_FINAL,9.0,37.0,False,49441,L&N Federal Credit Union Stadium
2024,401635620,2024-11-30 20:00:00+00:00,14,221,Pittsburgh,ACC,103,Boston College,away,False,False,True,STATUS_FINAL,23.0,34.0,False,29704,"Alumni Stadium (Chestnut Hill, MA)"
2024,401634169,2024-08-31 16:00:00+00:00,1,2509,Purdue,Big Ten,282,Indiana State,home,False,False,True,STATUS_FINAL,49.0,0.0,True,59488,Ross-Ade Stadium
2024,401628978,2024-09-14 19:30:00+00:00,3,2509,Purdue,Big Ten,87,Notre Dame,home,False,False,True,STATUS_FINAL,7.0,66.0,False,61441,Ross-Ade Stadium
2024,401643717,2024-09-22 00:30:00+00:00,4,2509,Purdue,Big Ten,204,Oregon State,away,False,False,True,STATUS_FINAL,21.0,38.0,False,34340,Reser Stadium
2024,401628499,2024-09-28 16:00:00+00:00,5,2509,Purdue,Big Ten,158,Nebraska,home,False,False,True,STATUS_FINAL,10.0,28.0,False,61441,Ross-Ade Stadium
2024,401628509,2024-10-05 16:00:00+00:00,6,2509,Purdue,Big Ten,275,Wisconsin,away,False,False,True,STATUS_FINAL,6.0,52.0,False,76091,Camp Randall Stadium
2024,401628511,2024-10-12 19:30:00+00:00,7,2509,Purdue,Big Ten,356,Illinois,away,False,False,True,STATUS_FINAL,49.0,50.0,False,55815,Gies Memorial Stadium
2024,401628523,2024-10-19 00:00:00+00:00,8,2509,Purdue,Big Ten,2483,Oregon,home,False,False,True,STATUS_FINAL,0.0,35.0,False,57463,Ross-Ade Stadium
2024,401628538,2024-11-02 16:00:00+00:00,10,2509,Purdue,Big Ten,77,Northwestern,home,False,False,True,STATUS_FINAL,20.0,26.0,False,61141,Ross-Ade Stadium
2024,401628545,2024-11-09 17:00:00+00:00,11,2509,Purdue,Big Ten,194,Ohio State,away,False,False,True,STATUS_FINAL,0.0,45.0,False,103463,Ohio Stadium
2024,401628552,2024-11-16 20:30:00+00:00,12,2509,Purdue,Big Ten,213,Penn State,home,False,False,True,STATUS_FINAL,10.0,49.0,False,58346,Ross-Ade Stadium
2024,401628558,2024-11-23 01:00:00+00:00,13,2509,Purdue,Big Ten,127,Michigan State,away,False,False,True,STATUS_FINAL,17.0,24.0,False,57558,Spartan Stadium
2024,401628564,2024-12-01 00:00:00+00:00,14,2509,Purdue,Big Ten,84,Indiana,away,False,False,True,STATUS_FINAL,0.0,66.0,False,53082,"Memorial Stadium (Bloomington, IN)"
2024,401641039,2024-08-31 23:00:00+00:00,1,242,Rice,American,2534,Sam Houston,home,False,False,True,STATUS_FINAL,14.0,34.0,False,17298,Rice Stadium
2024,401645326,2024-09-07 23:00:00+00:00,2,242,Rice,American,2640,Texas Southern,home,False,False,True,STATUS_FINAL,69.0,7.0,True,17760,Rice Stadium
2024,401636862,2024-09-15 00:00:00+00:00,3,242,Rice,American,248,Houston,away,False,False,True,STATUS_FINAL,7.0,33.0,False,28146,TDECU Stadium
2024,401645328,2024-09-21 16:00:00+00:00,4,242,Rice,American,349,Army,away,False,False,True,STATUS_FINAL,14.0,37.0,False,26654,Michie Stadium
2024,401645333,2024-09-28 23:00:00+00:00,5,242,Rice,American,2429,Charlotte,home,False,False,True,STATUS_FINAL,20.0,21.0,False,17455,Rice Stadium
2024,401645344,2024-10-12 23:00:00+00:00,7,242,Rice,American,2636,UTSA,home,False,False,True,STATUS_FINAL,29.0,27.0,True,18660,Rice Stadium
2024,401645350,2024-10-19 19:30:00+00:00,8,242,Rice,American,2655,Tulane,away,False,False,True,STATUS_FINAL,10.0,24.0,False,22897,Yulman Stadium
2024,401629035,2024-10-26 19:30:00+00:00,9,242,Rice,American,41,UConn,away,False,False,True,STATUS_FINAL,10.0,17.0,False,23711,Pratt & Whitney Stadium
2024,401645360,2024-11-02 20:00:00+00:00,10,242,Rice,American,2426,Navy,home,False,False,True,STATUS_FINAL,24.0,10.0,True,21253,Rice Stadium
2024,401645362,2024-11-09 02:00:00+00:00,11,242,Rice,American,235,Memphis,away,False,False,True,STATUS_FINAL,20.0,27.0,False,23692,Simmons Bank Liberty Stadium
2024,401645373,2024-11-23 19:00:00+00:00,13,242,Rice,American,5,UAB,away,False,False,True,STATUS_FINAL,14.0,40.0,False,16181,Protective Stadium
2024,401645382,2024-11-30 19:00:00+00:00,14,242,Rice,American,58,South Florida,home,False,False,True,STATUS_FINAL,35.0,28.0,True,16430,Rice Stadium
2024,401628458,2024-08-29 22:00:00+00:00,1,164,Rutgers,Big Ten,47,Howard,home,False,False,True,STATUS_FINAL,44.0,7.0,True,47803,SHI Stadium
2024,401628471,2024-09-07 16:00:00+00:00,2,164,Rutgers,Big Ten,2006,Akron,home,False,False,True,STATUS_FINAL,49.0,17.0,True,41021,SHI Stadium
2024,401628494,2024-09-21 19:30:00+00:00,4,164,Rutgers,Big Ten,259,Virginia Tech,away,False,False,True,STATUS_FINAL,26.0,23.0,True,65632,Lane Stadium
2024,401628501,2024-09-28 00:00:00+00:00,5,164,Rutgers,Big Ten,264,Washington,home,False,False,True,STATUS_FINAL,21.0,18.0,True,54079,SHI Stadium
2024,401628508,2024-10-05 20:00:00+00:00,6,164,Rutgers,Big Ten,158,Nebraska,away,False,False,True,STATUS_FINAL,7.0,14.0,False,87464,"Memorial Stadium (Lincoln, NE)"
2024,401628517,2024-10-12 16:00:00+00:00,7,164,Rutgers,Big Ten,275,Wisconsin,home,False,False,True,STATUS_FINAL,7.0,42.0,False,50111,SHI Stadium
2024,401628524,2024-10-19 16:00:00+00:00,8,164,Rutgers,Big Ten,26,UCLA,home,False,False,True,STATUS_FINAL,32.0,35.0,False,53726,SHI Stadium
2024,401628532,2024-10-26 03:00:00+00:00,9,164,Rutgers,Big Ten,30,USC,away,False,False,True,STATUS_FINAL,20.0,42.0,False,63404,Los Angeles Memorial Coliseum
2024,401628544,2024-11-09 17:00:00+00:00,11,164,Rutgers,Big Ten,135,Minnesota,home,False,False,True,STATUS_FINAL,26.0,19.0,True,44120,SHI Stadium
2024,401628548,2024-11-16 23:00:00+00:00,12,164,Rutgers,Big Ten,120,Maryland,away,False,False,True,STATUS_FINAL,31.0,17.0,True,31433,SECU Stadium
2024,401628554,2024-11-23 17:00:00+00:00,13,164,Rutgers,Big Ten,356,Illinois,home,False,False,True,STATUS_FINAL,31.0,38.0,False,47524,SHI Stadium
2024,401628567,2024-11-30 20:30:00+00:00,14,164,Rutgers,Big Ten,127,Michigan State,away,False,False,True,STATUS_FINAL,41.0,14.0,True,50038,Spartan Stadium
2024,401643696,2024-08-25 00:00:00+00:00,1,2567,SMU,ACC,2440,Nevada,away,False,False,True,STATUS_FINAL,29.0,24.0,True,20263,Mackay Stadium
2024,401634303,2024-09-01 00:00:00+00:00,1,2567,SMU,ACC,2277,Houston Christian,home,False,False,True,STATUS_FINAL,59.0,7.0,True,27080,Gerald J. Ford Stadium
2024,401634765,2024-09-06 23:00:00+00:00,2,2567,SMU,ACC,252,BYU,home,False,False,True,STATUS_FINAL,15.0,18.0,False,31172,Gerald J. Ford Stadium
2024,401635557,2024-09-21 21:00:00+00:00,4,2567,SMU,ACC,2628,TCU,home,False,False,True,STATUS_FINAL,66.0,42.0,True,33168,Gerald J. Ford Stadium
2024,401635563,2024-09-29 00:00:00+00:00,5,2567,SMU,ACC,52,Florida State,home,False,False,True,STATUS_FINAL,42.0,16.0,True,34879,Gerald J. Ford Stadium
2024,401635571,2024-10-05 16:00:00+00:00,6,2567,SMU,ACC,97,Louisville,away,False,False,True,STATUS_FINAL,34.0,27.0,True,50254,L&N Federal Credit Union Stadium
2024,401635590,2024-10-20 00:00:00+00:00,8,2567,SMU,ACC,24,Stanford,away,False,False,True,STATUS_FINAL,40.0,10.0,True,19117,Stanford Stadium
2024,401635595,2024-10-27 00:00:00+00:00,9,2567,SMU,ACC,150,Duke,away,False,False,True,STATUS_FINAL,28.0,27.0,True,30241,Wallace Wade Stadium
2024,401635627,2024-11-03 00:00:00+00:00,10,2567,SMU,ACC,221,Pittsburgh,home,False,False,True,STATUS_FINAL,48.0,25.0,True,34648,Gerald J. Ford Stadium
2024,401635580,2024-11-16 20:30:00+00:00,12,2567,SMU,ACC,103,Boston College,home,False,False,True,STATUS_FINAL,38.0,28.0,True,34438,Gerald J. Ford Stadium
2024,401635619,2024-11-23 17:00:00+00:00,13,2567,SMU,ACC,258,Virginia,away,False,False,True,STATUS_FINAL,33.0,7.0,True,36305,Scott Stadium
2024,401635621,2024-11-30 20:30:00+00:00,14,2567,SMU,ACC,25,California,home,False,False,True,STATUS_FINAL,38.0,6.0,True,33178,Gerald J. Ford Stadium
2024,401673463,2024-12-08 01:00:00+00:00,15,2567,SMU,ACC,228,Clemson,home,True,False,True,STATUS_FINAL,31.0,34.0,False,53808,Bank of America Stadium
2024,401641039,2024-08-31 23:00:00+00:00,1,2534,Sam Houston,Conference USA,242,Rice,away,False,False,True,STATUS_FINAL,34.0,14.0,True,17298,Rice Stadium
2024,401636617,2024-09-07 23:02:00+00:00,2,2534,Sam Houston,Conference USA,2116,UCF,away,False,False,True,STATUS_FINAL,14.0,45.0,False,43807,Acrisure Bounce House
2024,401641040,2024-09-14 23:00:00+00:00,3,2534,Sam Houston,Conference USA,62,Hawai'i,home,False,False,True,STATUS_FINAL,31.0,13.0,True,15134,Elliott T. Bowers Stadium
2024,401641034,2024-09-21 23:00:00+00:00,4,2534,Sam Houston,Conference USA,166,New Mexico State,home,False,False,True,STATUS_FINAL,31.0,11.0,True,0,Elliott T. Bowers Stadium
2024,401641041,2024-09-28 19:00:00+00:00,5,2534,Sam Houston,Conference USA,326,Texas State,home,True,False,True,STATUS_FINAL,40.0,39.0,True,27225,Reliant Stadium
2024,401641029,2024-10-04 01:00:00+00:00,6,2534,Sam Houston,Conference USA,2638,UTEP,away,False,False,True,STATUS_FINAL,41.0,21.0,True,14454,Sun Bowl
2024,401641038,2024-10-16 23:00:00+00:00,8,2534,Sam Houston,Conference USA,98,Western Kentucky,home,False,False,True,STATUS_FINAL,14.0,31.0,False,8914,Elliott T. Bowers Stadium
2024,401640984,2024-10-22 23:30:00+00:00,9,2534,Sam Houston,Conference USA,2229,Florida International,away,False,False,True,STATUS_FINAL,10.0,7.0,True,10625,Pitbull Stadium
2024,401641012,2024-10-30 00:00:00+00:00,10,2534,Sam Houston,Conference USA,2348,Louisiana Tech,home,False,False,True,STATUS_FINAL,9.0,3.0,True,9128,Elliott T. Bowers Stadium
2024,401641022,2024-11-16 20:00:00+00:00,12,2534,Sam Houston,Conference USA,338,Kennesaw State,away,False,False,True,STATUS_FINAL,23.0,17.0,True,7736,Walens Family Field at Fifth Third Stadium
2024,401641005,2024-11-23 17:00:00+00:00,13,2534,Sam Houston,Conference USA,55,Jacksonville State,away,False,False,True,STATUS_FINAL,11.0,21.0,False,16312,AmFirst Stadium
2024,401640997,2024-11-29 20:30:00+00:00,14,2534,Sam Houston,Conference USA,2335,Liberty,home,False,False,True,STATUS_FINAL,20.0,18.0,True,8651,Elliott T. Bowers Stadium
2024,401643702,2024-09-01 00:00:00+00:00,1,21,San Diego State,Mountain West,2837,East Texas A&M,home,False,False,True,STATUS_FINAL,45.0,14.0,True,25180,Snapdragon Stadium
2024,401643709,2024-09-08 02:30:00+00:00,2,21,San Diego State,Mountain West,204,Oregon State,home,False,False,True,STATUS_FINAL,0.0,21.0,False,25318,Snapdragon Stadium
2024,401635541,2024-09-15 02:30:00+00:00,3,21,San Diego State,Mountain West,25,California,away,False,False,True,STATUS_FINAL,10.0,31.0,False,35197,California Memorial Stadium
2024,401643721,2024-09-28 19:30:00+00:00,5,21,San Diego State,Mountain West,2117,Central Michigan,away,False,False,True,STATUS_FINAL,21.0,22.0,False,27072,Kelly/Shorts Stadium
2024,401643725,2024-10-06 00:00:00+00:00,6,21,San Diego State,Mountain West,62,Hawai'i,home,False,False,True,STATUS_FINAL,27.0,24.0,True,31307,Snapdragon Stadium
2024,401643732,2024-10-12 19:30:00+00:00,7,21,San Diego State,Mountain West,2751,Wyoming,away,False,False,True,STATUS_FINAL,27.0,24.0,True,23155,War Memorial Stadium
2024,401643744,2024-10-27 02:30:00+00:00,9,21,San Diego State,Mountain West,265,Washington State,home,False,False,True,STATUS_FINAL,26.0,29.0,False,26937,Snapdragon Stadium
2024,401643747,2024-11-02 00:00:00+00:00,10,21,San Diego State,Mountain West,68,Boise State,away,False,False,True,STATUS_FINAL,24.0,56.0,False,36838,Albertsons Stadium
2024,401643754,2024-11-09 03:30:00+00:00,11,21,San Diego State,Mountain West,167,New Mexico,home,False,False,True,STATUS_FINAL,16.0,21.0,False,21832,Snapdragon Stadium
2024,401643762,2024-11-17 03:30:00+00:00,12,21,San Diego State,Mountain West,2439,UNLV,away,False,False,True,STATUS_FINAL,20.0,41.0,False,30386,Allegiant Stadium
2024,401643766,2024-11-23 20:30:00+00:00,13,21,San Diego State,Mountain West,328,Utah State,away,False,False,True,STATUS_FINAL,20.0,41.0,False,12583,Maverik Stadium
2024,401643768,2024-12-01 03:30:00+00:00,14,21,San Diego State,Mountain West,2005,Air Force,home,False,False,True,STATUS_FINAL,20.0,31.0,False,18045,Snapdragon Stadium
2024,401643698,2024-08-30 02:00:00+00:00,1,23,San José State,Mountain West,16,Sacramento State,home,False,False,True,STATUS_FINAL,42.0,24.0,True,13811,CEFCU Stadium
2024,401643705,2024-09-07 23:00:00+00:00,2,23,San José State,Mountain West,2005,Air Force,away,False,False,True,STATUS_FINAL,17.0,7.0,True,22478,Falcon Stadium
2024,401641017,2024-09-14 23:00:00+00:00,3,23,San José State,Mountain West,338,Kennesaw State,home,False,False,True,STATUS_FINAL,31.0,10.0,True,11090,CEFCU Stadium
2024,401643714,2024-09-21 02:00:00+00:00,4,23,San José State,Mountain West,265,Washington State,away,False,False,True,STATUS_FINAL,52.0,54.0,False,24808,Martin Stadium
2024,401643726,2024-10-05 23:30:00+00:00,6,23,San José State,Mountain West,2440,Nevada,home,False,False,True,STATUS_FINAL,35.0,31.0,True,17099,CEFCU Stadium
2024,401643729,2024-10-12 19:30:00+00:00,7,23,San José State,Mountain West,36,Colorado State,away,False,False,True,STATUS_FINAL,24.0,31.0,False,27280,Canvas Stadium
2024,401643738,2024-10-19 20:00:00+00:00,8,23,San José State,Mountain West,2751,Wyoming,home,False,False,True,STATUS_FINAL,24.0,14.0,True,17101,CEFCU Stadium
2024,401643742,2024-10-27 00:00:00+00:00,9,23,San José State,Mountain West,278,Fresno State,away,False,False,True,STATUS_FINAL,10.0,33.0,False,41343,Valley Children's Stadium
2024,401643755,2024-11-09 20:30:00+00:00,11,23,San José State,Mountain West,204,Oregon State,away,False,False,True,STATUS_FINAL,24.0,13.0,True,37187,Reser Stadium
2024,401643758,2024-11-17 00:00:00+00:00,12,23,San José State,Mountain West,68,Boise State,home,False,False,True,STATUS_FINAL,21.0,42.0,False,20517,CEFCU Stadium
2024,401643767,2024-11-23 03:00:00+00:00,13,23,San José State,Mountain West,2439,UNLV,home,False,False,True,STATUS_FINAL,16.0,27.0,False,13671,CEFCU Stadium
2024,401635625,2024-11-29 21:00:00+00:00,14,23,San José State,Mountain West,24,Stanford,home,False,False,True,STATUS_FINAL,34.0,31.0,True,19117,CEFCU Stadium
2024,401643775,2024-08-31 21:00:00+00:00,1,6,South Alabama,Sun Belt,249,North Texas,home,False,False,True,STATUS_FINAL,38.0,52.0,False,15559,Hancock Whitney Stadium
2024,401643781,2024-09-07 22:00:00+00:00,2,6,South Alabama,Sun Belt,195,Ohio,away,False,False,True,STATUS_FINAL,20.0,27.0,False,22158,Peden Stadium
2024,401643788,2024-09-12 23:30:00+00:00,3,6,South Alabama,Sun Belt,2466,Northwestern State,home,False,False,True,STATUS_FINAL,87.0,10.0,True,0,Hancock Whitney Stadium
2024,401643790,2024-09-19 23:30:00+00:00,4,6,South Alabama,Sun Belt,2026,App State,away,False,False,True,STATUS_FINAL,48.0,14.0,True,34133,Kidd Brewer Stadium
2024,401628376,2024-09-28 23:45:00+00:00,5,6,South Alabama,Sun Belt,99,LSU,away,False,False,True,STATUS_FINAL,10.0,42.0,False,102143,Tiger Stadium (LA)
2024,401643800,2024-10-05 23:00:00+00:00,6,6,South Alabama,Sun Belt,2032,Arkansas State,away,False,False,True,STATUS_FINAL,16.0,18.0,False,21427,Centennial Bank Stadium
2024,401643809,2024-10-15 23:30:00+00:00,8,6,South Alabama,Sun Belt,2653,Troy,home,False,False,True,STATUS_FINAL,25.0,9.0,True,25450,Hancock Whitney Stadium
2024,401643819,2024-10-26 21:00:00+00:00,9,6,South Alabama,Sun Belt,2433,UL Monroe,home,False,False,True,STATUS_FINAL,46.0,17.0,True,16746,Hancock Whitney Stadium
2024,401643823,2024-11-02 23:30:00+00:00,10,6,South Alabama,Sun Belt,290,Georgia Southern,home,False,False,True,STATUS_FINAL,30.0,34.0,False,19667,Hancock Whitney Stadium
2024,401643834,2024-11-17 00:00:00+00:00,12,6,South Alabama,Sun Belt,309,Louisiana,away,False,False,True,STATUS_FINAL,24.0,22.0,True,16063,Our Lady of Lourdes Stadium
2024,401643841,2024-11-23 20:00:00+00:00,13,6,South Alabama,Sun Belt,2572,Southern Miss,away,False,False,True,STATUS_FINAL,35.0,14.0,True,20074,M. M. Roberts Stadium
2024,401643843,2024-11-29 20:30:00+00:00,14,6,South Alabama,Sun Belt,326,Texas State,home,False,False,True,STATUS_FINAL,38.0,45.0,False,15569,Hancock Whitney Stadium
2024,401628329,2024-08-31 20:15:00+00:00,1,2579,South Carolina,SEC,295,Old Dominion,home,False,False,True,STATUS_FINAL,23.0,19.0,True,78496,Williams-Brice Stadium
2024,401628340,2024-09-07 19:30:00+00:00,2,2579,South Carolina,SEC,96,Kentucky,away,False,False,True,STATUS_FINAL,31.0,6.0,True,61349,Kroger Field
2024,401628359,2024-09-14 16:00:00+00:00,3,2579,South Carolina,SEC,99,LSU,home,False,False,True,STATUS_FINAL,33.0,36.0,False,79531,Williams-Brice Stadium
2024,401628370,2024-09-21 23:30:00+00:00,4,2579,South Carolina,SEC,2006,Akron,home,False,False,True,STATUS_FINAL,50.0,7.0,True,78704,Williams-Brice Stadium
2024,401628382,2024-10-05 19:30:00+00:00,6,2579,South Carolina,SEC,145,Ole Miss,home,False,False,True,STATUS_FINAL,3.0,27.0,False,79837,Williams-Brice Stadium
2024,401628385,2024-10-12 16:00:00+00:00,7,2579,South Carolina,SEC,333,Alabama,away,False,False,True,STATUS_FINAL,25.0,27.0,False,100077,Bryant-Denny Stadium
2024,401628396,2024-10-19 16:45:00+00:00,8,2579,South Carolina,SEC,201,Oklahoma,away,False,False,True,STATUS_FINAL,35.0,9.0,True,83331,"Memorial Stadium (Norman, OK)"
2024,401628411,2024-11-02 23:30:00+00:00,10,2579,South Carolina,SEC,245,Texas A&M,home,False,False,True,STATUS_FINAL,44.0,20.0,True,80298,Williams-Brice Stadium
2024,401628418,2024-11-09 21:15:00+00:00,11,2579,South Carolina,SEC,238,Vanderbilt,away,False,False,True,STATUS_FINAL,28.0,7.0,True,28934,FirstBank Stadium
2024,401628423,2024-11-16 21:15:00+00:00,12,2579,South Carolina,SEC,142,Missouri,home,False,False,True,STATUS_FINAL,34.0,30.0,True,79361,Williams-Brice Stadium
2024,401628434,2024-11-23 21:00:00+00:00,13,2579,South Carolina,SEC,2747,Wofford,home,False,False,True,STATUS_FINAL,56.0,12.0,True,79078,Williams-Brice Stadium
2024,401628444,2024-11-30 17:00:00+00:00,14,2579,South Carolina,SEC,228,Clemson,away,False,False,True,STATUS_FINAL,17.0,14.0,True,81500,"Memorial Stadium (Clemson, SC)"
2024,401636363,2024-08-31 23:00:00+00:00,1,58,South Florida,American,2065,Bethune-Cookman,home,False,False,True,STATUS_FINAL,48.0,3.0,True,0,Raymond James Stadium
2024,401628335,2024-09-07 23:00:00+00:00,2,58,South Florida,American,333,Alabama,away,False,False,True,STATUS_FINAL,16.0,42.0,False,100077,Bryant-Denny Stadium
2024,401643789,2024-09-14 23:00:00+00:00,3,58,South Florida,American,2572,Southern Miss,away,False,False,True,STATUS_FINAL,49.0,24.0,True,23537,M. M. Roberts Stadium
2024,401635555,2024-09-21 23:00:00+00:00,4,58,South Florida,American,2390,Miami,home,False,False,True,STATUS_FINAL,15.0,50.0,False,58616,Raymond James Stadium
2024,401645337,2024-09-28 16:00:00+00:00,5,58,South Florida,American,2655,Tulane,away,False,False,True,STATUS_FINAL,10.0,45.0,False,20783,Yulman Stadium
2024,401645341,2024-10-12 19:30:00+00:00,7,58,South Florida,American,235,Memphis,home,False,False,True,STATUS_FINAL,3.0,21.0,False,3365,Camping World Stadium
2024,401645345,2024-10-19 19:30:00+00:00,8,58,South Florida,American,5,UAB,home,False,False,True,STATUS_FINAL,35.0,25.0,True,28154,Raymond James Stadium
2024,401645357,2024-11-01 23:30:00+00:00,10,58,South Florida,American,2226,Florida Atlantic,away,False,False,True,STATUS_FINAL,44.0,21.0,True,20111,Flagler Credit Union Stadium
2024,401645363,2024-11-09 17:00:00+00:00,11,58,South Florida,American,2426,Navy,home,False,False,True,STATUS_FINAL,7.0,28.0,False,34091,Raymond James Stadium
2024,401645368,2024-11-16 20:30:00+00:00,12,58,South Florida,American,2429,Charlotte,away,False,False,True,STATUS_FINAL,59.0,24.0,True,15030,Jerry Richardson Stadium
2024,401645375,2024-11-23 20:30:00+00:00,13,58,South Florida,American,202,Tulsa,home,False,False,True,STATUS_FINAL,63.0,30.0,True,27623,Raymond James Stadium
2024,401645382,2024-11-30 19:00:00+00:00,14,58,South Florida,American,242,Rice,away,False,False,True,STATUS_FINAL,28.0,35.0,False,16430,Rice Stadium
2024,401628324,2024-08-31 23:45:00+00:00,1,2572,Southern Miss,Sun Belt,96,Kentucky,away,False,False,True,STATUS_FINAL,0.0,31.0,False,61627,Kroger Field
2024,401643782,2024-09-07 23:00:00+00:00,2,2572,Southern Miss,Sun Belt,2545,SE Louisiana,home,False,False,True,STATUS_FINAL,35.0,10.0,True,22044,M. M. Roberts Stadium
2024,401643789,2024-09-14 23:00:00+00:00,3,2572,Southern Miss,Sun Belt,58,South Florida,home,False,False,True,STATUS_FINAL,24.0,49.0,False,23537,M. M. Roberts Stadium
2024,401641000,2024-09-21 19:00:00+00:00,4,2572,Southern Miss,Sun Belt,55,Jacksonville State,away,False,False,True,STATUS_FINAL,7.0,44.0,False,21788,AmFirst Stadium
2024,401643802,2024-10-05 23:00:00+00:00,6,2572,Southern Miss,Sun Belt,309,Louisiana,home,False,False,True,STATUS_FINAL,13.0,23.0,False,24041,M. M. Roberts Stadium
2024,401643807,2024-10-12 21:00:00+00:00,7,2572,Southern Miss,Sun Belt,2433,UL Monroe,away,False,False,True,STATUS_FINAL,21.0,38.0,False,22645,Malone Stadium
2024,401643814,2024-10-19 23:00:00+00:00,8,2572,Southern Miss,Sun Belt,2032,Arkansas State,home,False,False,True,STATUS_FINAL,28.0,44.0,False,24542,M. M. Roberts Stadium
2024,401643817,2024-10-26 19:30:00+00:00,9,2572,Southern Miss,Sun Belt,256,James Madison,away,False,False,True,STATUS_FINAL,15.0,32.0,False,25399,Bridgeforth Stadium
2024,401643829,2024-11-09 20:00:00+00:00,11,2572,Southern Miss,Sun Belt,276,Marshall,home,False,False,True,STATUS_FINAL,3.0,37.0,False,20502,M. M. Roberts Stadium
2024,401643835,2024-11-17 00:00:00+00:00,12,2572,Southern Miss,Sun Belt,326,Texas State,away,False,False,True,STATUS_FINAL,3.0,58.0,False,22618,UFCU Stadium
2024,401643841,2024-11-23 20:00:00+00:00,13,2572,Southern Miss,Sun Belt,6,South Alabama,home,False,False,True,STATUS_FINAL,14.0,35.0,False,20074,M. M. Roberts Stadium
2024,401643849,2024-11-30 19:00:00+00:00,14,2572,Southern Miss,Sun Belt,2653,Troy,away,False,False,True,STATUS_FINAL,20.0,52.0,False,19521,Veterans Memorial Stadium (AL)
2024,401634300,2024-08-31 02:30:00+00:00,1,24,Stanford,ACC,2628,TCU,home,False,False,True,STATUS_FINAL,27.0,34.0,False,36026,Stanford Stadium
2024,401635539,2024-09-07 23:00:00+00:00,2,24,Stanford,ACC,13,Cal Poly,home,False,False,True,STATUS_FINAL,41.0,7.0,True,22634,Stanford Stadium
2024,401634766,2024-09-20 23:30:00+00:00,4,24,Stanford,ACC,183,Syracuse,away,False,False,True,STATUS_FINAL,26.0,24.0,True,39290,JMA Wireless Dome
2024,401635561,2024-09-28 23:00:00+00:00,5,24,Stanford,ACC,228,Clemson,away,False,False,True,STATUS_FINAL,14.0,40.0,False,80295,"Memorial Stadium (Clemson, SC)"
2024,401635573,2024-10-05 19:30:00+00:00,6,24,Stanford,ACC,259,Virginia Tech,home,False,False,True,STATUS_FINAL,7.0,31.0,False,36277,Stanford Stadium
2024,401628981,2024-10-12 19:30:00+00:00,7,24,Stanford,ACC,87,Notre Dame,away,False,False,True,STATUS_FINAL,7.0,49.0,False,77622,Notre Dame Stadium
2024,401635590,2024-10-20 00:00:00+00:00,8,24,Stanford,ACC,2567,SMU,home,False,False,True,STATUS_FINAL,10.0,40.0,False,19117,Stanford Stadium
2024,401635599,2024-10-26 19:30:00+00:00,9,24,Stanford,ACC,154,Wake Forest,home,False,False,True,STATUS_FINAL,24.0,27.0,False,23471,Stanford Stadium
2024,401635516,2024-11-02 16:00:00+00:00,10,24,Stanford,ACC,152,NC State,away,False,False,True,STATUS_FINAL,28.0,59.0,False,56919,Carter-Finley Stadium
2024,401635517,2024-11-16 20:30:00+00:00,12,24,Stanford,ACC,97,Louisville,home,False,False,True,STATUS_FINAL,38.0,35.0,True,18685,Stanford Stadium
2024,401635613,2024-11-23 20:30:00+00:00,13,24,Stanford,ACC,25,California,away,False,False,True,STATUS_FINAL,21.0,24.0,False,52428,California Memorial Stadium
2024,401635625,2024-11-29 21:00:00+00:00,14,24,Stanford,ACC,23,San José State,away,False,False,True,STATUS_FINAL,31.0,34.0,False,19117,CEFCU Stadium
2024,401634304,2024-08-31 19:30:00+00:00,1,183,Syracuse,ACC,195,Ohio,home,False,False,True,STATUS_FINAL,38.0,22.0,True,37225,JMA Wireless Dome
2024,401635534,2024-09-07 16:00:00+00:00,2,183,Syracuse,ACC,59,Georgia Tech,home,False,False,True,STATUS_FINAL,31.0,28.0,True,39550,JMA Wireless Dome
2024,401634766,2024-09-20 23:30:00+00:00,4,183,Syracuse,ACC,24,Stanford,home,False,False,True,STATUS_FINAL,24.0,26.0,False,39290,JMA Wireless Dome
2024,401635565,2024-09-28 16:00:00+00:00,5,183,Syracuse,ACC,107,Holy Cross,home,False,False,True,STATUS_FINAL,42.0,14.0,True,43455,JMA Wireless Dome
2024,401634779,2024-10-05 01:00:00+00:00,6,183,Syracuse,ACC,2439,UNLV,away,False,False,True,STATUS_FINAL,44.0,41.0,True,31329,Allegiant Stadium
2024,401635574,2024-10-13 00:00:00+00:00,7,183,Syracuse,ACC,152,NC State,away,False,False,True,STATUS_FINAL,24.0,17.0,True,56919,Carter-Finley Stadium
2024,401634770,2024-10-24 23:30:00+00:00,9,183,Syracuse,ACC,221,Pittsburgh,away,False,False,True,STATUS_FINAL,13.0,41.0,False,47266,Acrisure Stadium
2024,401635604,2024-11-02 16:00:00+00:00,10,183,Syracuse,ACC,259,Virginia Tech,home,False,False,True,STATUS_FINAL,38.0,31.0,True,38454,JMA Wireless Dome
2024,401635606,2024-11-09 17:00:00+00:00,11,183,Syracuse,ACC,103,Boston College,away,False,False,True,STATUS_FINAL,31.0,37.0,False,44500,"Alumni Stadium (Chestnut Hill, MA)"
2024,401635581,2024-11-16 20:00:00+00:00,12,183,Syracuse,ACC,25,California,away,False,False,True,STATUS_FINAL,33.0,25.0,True,33493,California Memorial Stadium
2024,401635518,2024-11-23 17:00:00+00:00,13,183,Syracuse,ACC,41,UConn,home,False,False,True,STATUS_FINAL,31.0,24.0,True,35453,JMA Wireless Dome
2024,401635623,2024-11-30 20:30:00+00:00,14,183,Syracuse,ACC,2390,Miami,home,False,False,True,STATUS_FINAL,42.0,38.0,True,40486,JMA Wireless Dome
2024,401634300,2024-08-31 02:30:00+00:00,1,2628,TCU,Big 12,24,Stanford,away,False,False,True,STATUS_FINAL,34.0,27.0,True,36026,Stanford Stadium
2024,401636615,2024-09-08 00:00:00+00:00,2,2628,TCU,Big 12,2341,Long Island University,home,False,False,True,STATUS_FINAL,45.0,0.0,True,44063,Amon G. Carter Stadium
2024,401636866,2024-09-14 23:30:00+00:00,3,2628,TCU,Big 12,2116,UCF,home,False,False,True,STATUS_FINAL,34.0,35.0,False,48889,Amon G. Carter Stadium
2024,401635557,2024-09-21 21:00:00+00:00,4,2628,TCU,Big 12,2567,SMU,away,False,False,True,STATUS_FINAL,42.0,66.0,False,33168,Gerald J. Ford Stadium
2024,401636882,2024-09-28 19:30:00+00:00,5,2628,TCU,Big 12,2305,Kansas,away,False,False,True,STATUS_FINAL,38.0,27.0,True,47928,Arrowhead Stadium
2024,401636891,2024-10-04 23:30:00+00:00,6,2628,TCU,Big 12,248,Houston,home,False,False,True,STATUS_FINAL,19.0,30.0,False,44211,Amon G. Carter Stadium
2024,401636903,2024-10-20 02:30:00+00:00,8,2628,TCU,Big 12,254,Utah,away,False,False,True,STATUS_FINAL,13.0,7.0,True,53299,Rice-Eccles Stadium
2024,401636910,2024-10-26 19:30:00+00:00,9,2628,TCU,Big 12,2641,Texas Tech,home,False,False,True,STATUS_FINAL,35.0,34.0,True,42144,Amon G. Carter Stadium
2024,401636912,2024-11-03 00:00:00+00:00,10,2628,TCU,Big 12,239,Baylor,away,False,False,True,STATUS_FINAL,34.0,37.0,False,44171,McLane Stadium
2024,401636920,2024-11-10 00:00:00+00:00,11,2628,TCU,Big 12,197,Oklahoma State,home,False,False,True,STATUS_FINAL,38.0,13.0,True,45348,Amon G. Carter Stadium
2024,401636935,2024-11-23 20:00:00+00:00,13,2628,TCU,Big 12,12,Arizona,home,False,False,True,STATUS_FINAL,49.0,28.0,True,42977,Amon G. Carter Stadium
2024,401636943,2024-11-30 23:00:00+00:00,14,2628,TCU,Big 12,2132,Cincinnati,away,False,False,True,STATUS_FINAL,20.0,13.0,True,30021,Nippert Stadium
2024,401628328,2024-08-30 23:00:00+00:00,1,218,Temple,American,201,Oklahoma,away,False,False,True,STATUS_FINAL,3.0,51.0,False,83329,"Memorial Stadium (Norman, OK)"
2024,401645324,2024-09-07 19:30:00+00:00,2,218,Temple,American,2426,Navy,away,False,False,True,STATUS_FINAL,11.0,38.0,False,28889,Navy-Marine Corps Memorial Stadium
2024,401643786,2024-09-14 18:00:00+00:00,3,218,Temple,American,324,Coastal Carolina,home,False,False,True,STATUS_FINAL,20.0,28.0,False,13945,Lincoln Financial Field
2024,401643715,2024-09-21 18:00:00+00:00,4,218,Temple,American,328,Utah State,home,False,False,True,STATUS_FINAL,45.0,29.0,True,11384,Lincoln Financial Field
2024,401645331,2024-09-26 23:30:00+00:00,5,218,Temple,American,349,Army,home,False,False,True,STATUS_FINAL,14.0,42.0,False,13255,Lincoln Financial Field
2024,401629033,2024-10-05 19:30:00+00:00,6,218,Temple,American,41,UConn,away,False,False,True,STATUS_FINAL,20.0,29.0,False,28921,Pratt & Whitney Stadium
2024,401645351,2024-10-19 18:00:00+00:00,8,218,Temple,American,202,Tulsa,home,False,False,True,STATUS_FINAL,20.0,10.0,True,18721,Lincoln Financial Field
2024,401645352,2024-10-26 18:00:00+00:00,9,218,Temple,American,151,East Carolina,away,False,False,True,STATUS_FINAL,34.0,56.0,False,33744,Dowdy-Ficklen Stadium
2024,401645364,2024-11-09 21:00:00+00:00,11,218,Temple,American,2655,Tulane,away,False,False,True,STATUS_FINAL,6.0,52.0,False,30000,Yulman Stadium
2024,401645369,2024-11-16 19:00:00+00:00,12,218,Temple,American,2226,Florida Atlantic,home,False,False,True,STATUS_FINAL,18.0,15.0,True,12291,Lincoln Financial Field
2024,401645374,2024-11-23 00:00:00+00:00,13,218,Temple,American,2636,UTSA,away,False,False,True,STATUS_FINAL,27.0,51.0,False,20121,Alamodome
2024,401645381,2024-11-30 17:00:00+00:00,14,218,Temple,American,249,North Texas,home,False,False,True,STATUS_FINAL,17.0,24.0,False,0,Lincoln Financial Field
2024,401628330,2024-08-31 16:45:00+00:00,1,2633,Tennessee,SEC,236,Chattanooga,home,False,False,True,STATUS_FINAL,69.0,3.0,True,101915,Neyland Stadium
2024,401628346,2024-09-07 23:30:00+00:00,2,2633,Tennessee,SEC,152,NC State,away,True,False,True,STATUS_FINAL,51.0,10.0,True,72730,Bank of America Stadium
2024,401628360,2024-09-14 23:45:00+00:00,3,2633,Tennessee,SEC,2309,Kent State,home,False,False,True,STATUS_FINAL,71.0,0.0,True,101915,Neyland Stadium
2024,401628369,2024-09-21 23:30:00+00:00,4,2633,Tennessee,SEC,201,Oklahoma,away,False,False,True,STATUS_FINAL,25.0,15.0,True,84701,"Memorial Stadium (Norman, OK)"
2024,401628379,2024-10-05 23:30:00+00:00,6,2633,Tennessee,SEC,8,Arkansas,away,False,False,True,STATUS_FINAL,14.0,19.0,False,75573,Donald W. Reynolds Razorback Stadium
2024,401628391,2024-10-12 23:00:00+00:00,7,2633,Tennessee,SEC,57,Florida,home,False,False,True,STATUS_FINAL,23.0,17.0,True,101915,Neyland Stadium
2024,401628397,2024-10-19 19:30:00+00:00,8,2633,Tennessee,SEC,333,Alabama,home,False,False,True,STATUS_FINAL,24.0,17.0,True,101915,Neyland Stadium
2024,401628412,2024-11-02 23:45:00+00:00,10,2633,Tennessee,SEC,96,Kentucky,home,False,False,True,STATUS_FINAL,28.0,18.0,True,101915,Neyland Stadium
2024,401628416,2024-11-10 00:00:00+00:00,11,2633,Tennessee,SEC,344,Mississippi State,home,False,False,True,STATUS_FINAL,33.0,14.0,True,101915,Neyland Stadium
2024,401628421,2024-11-17 00:30:00+00:00,12,2633,Tennessee,SEC,61,Georgia,away,False,False,True,STATUS_FINAL,17.0,31.0,False,93033,Sanford Stadium
2024,401628435,2024-11-23 18:00:00+00:00,13,2633,Tennessee,SEC,2638,UTEP,home,False,False,True,STATUS_FINAL,56.0,0.0,True,101915,Neyland Stadium
2024,401628446,2024-11-30 17:00:00+00:00,14,2633,Tennessee,SEC,238,Vanderbilt,away,False,False,True,STATUS_FINAL,36.0,23.0,True,28934,FirstBank Stadium
2024,401628331,2024-08-31 19:30:00+00:00,1,251,Texas,SEC,36,Colorado State,home,False,False,True,STATUS_FINAL,52.0,0.0,True,99171,DKR-Texas Memorial Stadium
2024,401628347,2024-09-07 16:00:00+00:00,2,251,Texas,SEC,130,Michigan,away,False,False,True,STATUS_FINAL,31.0,12.0,True,111170,Michigan Stadium
2024,401628361,2024-09-14 23:00:00+00:00,3,251,Texas,SEC,2636,UTSA,home,False,False,True,STATUS_FINAL,56.0,7.0,True,101892,DKR-Texas Memorial Stadium
2024,401628371,2024-09-22 00:00:00+00:00,4,251,Texas,SEC,2433,UL Monroe,home,False,False,True,STATUS_FINAL,51.0,3.0,True,102850,DKR-Texas Memorial Stadium
2024,401628378,2024-09-28 20:15:00+00:00,5,251,Texas,SEC,344,Mississippi State,home,False,False,True,STATUS_FINAL,35.0,13.0,True,101388,DKR-Texas Memorial Stadium
2024,401628390,2024-10-12 19:30:00+00:00,7,251,Texas,SEC,201,Oklahoma,away,True,False,True,STATUS_FINAL,34.0,3.0,True,92100,Cotton Bowl
2024,401628398,2024-10-19 23:49:00+00:00,8,251,Texas,SEC,61,Georgia,home,False,False,True,STATUS_FINAL,15.0,30.0,False,105215,DKR-Texas Memorial Stadium
2024,401628405,2024-10-26 20:15:00+00:00,9,251,Texas,SEC,238,Vanderbilt,away,False,False,True,STATUS_FINAL,27.0,24.0,True,28934,FirstBank Stadium
2024,401628417,2024-11-09 17:00:00+00:00,11,251,Texas,SEC,57,Florida,home,False,False,True,STATUS_FINAL,49.0,17.0,True,103375,DKR-Texas Memorial Stadium
2024,401628419,2024-11-16 17:00:00+00:00,12,251,Texas,SEC,8,Arkansas,away,False,False,True,STATUS_FINAL,20.0,10.0,True,74929,Donald W. Reynolds Razorback Stadium
2024,401628436,2024-11-23 20:30:00+00:00,13,251,Texas,SEC,96,Kentucky,home,False,False,True,STATUS_FINAL,31.0,14.0,True,102811,DKR-Texas Memorial Stadium
2024,401628445,2024-12-01 00:30:00+00:00,14,251,Texas,SEC,245,Texas A&M,away,False,False,True,STATUS_FINAL,17.0,7.0,True,109028,Kyle Field
2024,401673469,2024-12-07 21:00:00+00:00,15,251,Texas,SEC,61,Georgia,home,True,False,True,STATUS_FINAL,19.0,22.0,False,74916,Mercedes-Benz Stadium
2024,401628332,2024-08-31 23:30:00+00:00,1,245,Texas A&M,SEC,87,Notre Dame,home,False,False,True,STATUS_FINAL,13.0,23.0,False,0,Kyle Field
2024,401628348,2024-09-07 16:45:00+00:00,2,245,Texas A&M,SEC,2377,McNeese,home,False,False,True,STATUS_FINAL,52.0,10.0,True,92345,Kyle Field
2024,401628353,2024-09-14 19:30:00+00:00,3,245,Texas A&M,SEC,57,Florida,away,False,False,True,STATUS_FINAL,33.0,20.0,True,89993,Ben Hill Griffin Stadium
2024,401628372,2024-09-21 23:30:00+00:00,4,245,Texas A&M,SEC,189,Bowling Green,home,False,False,True,STATUS_FINAL,26.0,20.0,True,99523,Kyle Field
2024,401628373,2024-09-28 19:30:00+00:00,5,245,Texas A&M,SEC,8,Arkansas,home,True,False,True,STATUS_FINAL,21.0,17.0,True,60928,AT&T Stadium
2024,401628383,2024-10-05 16:00:00+00:00,6,245,Texas A&M,SEC,142,Missouri,home,False,False,True,STATUS_FINAL,41.0,10.0,True,97049,Kyle Field
2024,401628394,2024-10-19 20:15:00+00:00,8,245,Texas A&M,SEC,344,Mississippi State,away,False,False,True,STATUS_FINAL,34.0,24.0,True,50127,Davis Wade Stadium
2024,401628404,2024-10-26 23:30:00+00:00,9,245,Texas A&M,SEC,99,LSU,home,False,False,True,STATUS_FINAL,38.0,23.0,True,108852,Kyle Field
2024,401628411,2024-11-02 23:30:00+00:00,10,245,Texas A&M,SEC,2579,South Carolina,away,False,False,True,STATUS_FINAL,20.0,44.0,False,80298,Williams-Brice Stadium
2024,401628424,2024-11-17 00:45:00+00:00,12,245,Texas A&M,SEC,166,New Mexico State,home,False,False,True,STATUS_FINAL,38.0,3.0,True,105815,Kyle Field
2024,401628428,2024-11-24 00:30:00+00:00,13,245,Texas A&M,SEC,2,Auburn,away,False,False,True,STATUS_FINAL,41.0,43.0,False,88043,Jordan-Hare Stadium
2024,401628445,2024-12-01 00:30:00+00:00,14,245,Texas A&M,SEC,251,Texas,home,False,False,True,STATUS_FINAL,7.0,17.0,False,109028,Kyle Field
2024,401643776,2024-09-01 00:00:00+00:00,1,326,Texas State,Sun Belt,2320,Lamar,home,False,False,True,STATUS_FINAL,34.0,27.0,True,19637,UFCU Stadium
2024,401643783,2024-09-07 20:00:00+00:00,2,326,Texas State,Sun Belt,2636,UTSA,home,False,False,True,STATUS_FINAL,49.0,10.0,True,28000,UFCU Stadium
2024,401636867,2024-09-12 23:30:00+00:00,3,326,Texas State,Sun Belt,9,Arizona State,home,False,False,True,STATUS_FINAL,28.0,31.0,False,25187,UFCU Stadium
2024,401641041,2024-09-28 19:00:00+00:00,5,326,Texas State,Sun Belt,2534,Sam Houston,away,True,False,True,STATUS_FINAL,39.0,40.0,False,27225,Reliant Stadium
2024,401643797,2024-10-03 23:00:00+00:00,6,326,Texas State,Sun Belt,2653,Troy,away,False,False,True,STATUS_FINAL,38.0,17.0,True,20349,Veterans Memorial Stadium (AL)
2024,401643808,2024-10-12 23:00:00+00:00,7,326,Texas State,Sun Belt,2032,Arkansas State,home,False,False,True,STATUS_FINAL,41.0,9.0,True,28000,UFCU Stadium
2024,401643813,2024-10-19 19:30:00+00:00,8,326,Texas State,Sun Belt,295,Old Dominion,away,False,False,True,STATUS_FINAL,14.0,24.0,False,19129,S.B. Ballard Stadium
2024,401643820,2024-10-29 23:30:00+00:00,10,326,Texas State,Sun Belt,309,Louisiana,home,False,False,True,STATUS_FINAL,17.0,23.0,False,16831,UFCU Stadium
2024,401643828,2024-11-09 17:00:00+00:00,11,326,Texas State,Sun Belt,2433,UL Monroe,away,False,False,True,STATUS_FINAL,38.0,17.0,True,13720,Malone Stadium
2024,401643835,2024-11-17 00:00:00+00:00,12,326,Texas State,Sun Belt,2572,Southern Miss,home,False,False,True,STATUS_FINAL,58.0,3.0,True,22618,UFCU Stadium
2024,401643842,2024-11-24 00:00:00+00:00,13,326,Texas State,Sun Belt,2247,Georgia State,home,False,False,True,STATUS_FINAL,44.0,52.0,False,18271,UFCU Stadium
2024,401643843,2024-11-29 20:30:00+00:00,14,326,Texas State,Sun Belt,6,South Alabama,away,False,False,True,STATUS_FINAL,45.0,38.0,True,15569,Hancock Whitney Stadium
2024,401636613,2024-08-31 23:30:00+00:00,1,2641,Texas Tech,Big 12,2000,Abilene Christian,home,False,False,True,STATUS_FINAL,52.0,51.0,True,0,Galaxy Stadium
2024,401636859,2024-09-08 02:00:00+00:00,2,2641,Texas Tech,Big 12,265,Washington State,away,False,False,True,STATUS_FINAL,16.0,37.0,False,27372,Martin Stadium
2024,401636868,2024-09-14 16:00:00+00:00,3,2641,Texas Tech,Big 12,249,North Texas,home,False,False,True,STATUS_FINAL,66.0,21.0,True,57865,Galaxy Stadium
2024,401636877,2024-09-21 19:30:00+00:00,4,2641,Texas Tech,Big 12,9,Arizona State,home,False,False,True,STATUS_FINAL,30.0,22.0,True,58795,Galaxy Stadium
2024,401636884,2024-09-29 00:00:00+00:00,5,2641,Texas Tech,Big 12,2132,Cincinnati,home,False,False,True,STATUS_FINAL,44.0,41.0,True,60229,Galaxy Stadium
2024,401636887,2024-10-06 03:00:00+00:00,6,2641,Texas Tech,Big 12,12,Arizona,away,False,False,True,STATUS_FINAL,28.0,22.0,True,45773,Casino Del Sol Stadium
2024,401636902,2024-10-19 20:00:00+00:00,8,2641,Texas Tech,Big 12,239,Baylor,home,False,False,True,STATUS_FINAL,35.0,59.0,False,60229,Galaxy Stadium
2024,401636910,2024-10-26 19:30:00+00:00,9,2641,Texas Tech,Big 12,2628,TCU,away,False,False,True,STATUS_FINAL,34.0,35.0,False,42144,Amon G. Carter Stadium
2024,401636914,2024-11-02 19:30:00+00:00,10,2641,Texas Tech,Big 12,66,Iowa State,away,False,False,True,STATUS_FINAL,23.0,22.0,True,61500,Jack Trice Stadium
2024,401636921,2024-11-09 21:00:00+00:00,11,2641,Texas Tech,Big 12,38,Colorado,home,False,False,True,STATUS_FINAL,27.0,41.0,False,60229,Galaxy Stadium
2024,401636934,2024-11-23 20:30:00+00:00,13,2641,Texas Tech,Big 12,197,Oklahoma State,away,False,False,True,STATUS_FINAL,56.0,48.0,True,52202,Boone Pickens Stadium
2024,401636945,2024-11-30 17:00:00+00:00,14,2641,Texas Tech,Big 12,277,West Virginia,home,False,False,True,STATUS_FINAL,52.0,15.0,True,52785,Galaxy Stadium
2024,401644728,2024-08-29 23:30:00+00:00,1,2649,Toledo,MAC,2184,Duquesne,home,False,False,True,STATUS_FINAL,49.0,10.0,True,23515,Glass Bowl
2024,401629040,2024-09-07 19:30:00+00:00,2,2649,Toledo,MAC,113,Massachusetts,home,False,False,True,STATUS_FINAL,38.0,23.0,True,21668,Glass Bowl
2024,401628356,2024-09-14 23:30:00+00:00,3,2649,Toledo,MAC,344,Mississippi State,away,False,False,True,STATUS_FINAL,41.0,17.0,True,47412,Davis Wade Stadium
2024,401641037,2024-09-21 23:00:00+00:00,4,2649,Toledo,MAC,98,Western Kentucky,away,False,False,True,STATUS_FINAL,21.0,26.0,False,19127,Houchens Industries-L.T. Smith Stadium
2024,401644684,2024-10-05 19:30:00+00:00,6,2649,Toledo,MAC,193,Miami (OH),home,False,False,True,STATUS_FINAL,30.0,20.0,True,25027,Glass Bowl
2024,401644745,2024-10-12 16:00:00+00:00,7,2649,Toledo,MAC,2084,Buffalo,away,False,False,True,STATUS_FINAL,15.0,30.0,False,13996,Broadview Stadium
2024,401644751,2024-10-19 19:30:00+00:00,8,2649,Toledo,MAC,2459,Northern Illinois,away,False,False,True,STATUS_FINAL,13.0,6.0,True,18350,Huskie Stadium
2024,401644754,2024-10-26 19:30:00+00:00,9,2649,Toledo,MAC,189,Bowling Green,home,False,False,True,STATUS_FINAL,26.0,41.0,False,29697,Glass Bowl
2024,401644758,2024-11-02 16:00:00+00:00,10,2649,Toledo,MAC,2199,Eastern Michigan,away,False,False,True,STATUS_FINAL,29.0,28.0,True,13044,Rynearson Stadium
2024,401644765,2024-11-13 00:00:00+00:00,12,2649,Toledo,MAC,2117,Central Michigan,home,False,False,True,STATUS_FINAL,37.0,10.0,True,14661,Glass Bowl
2024,401644773,2024-11-21 00:00:00+00:00,13,2649,Toledo,MAC,195,Ohio,home,False,False,True,STATUS_FINAL,7.0,24.0,False,14543,Glass Bowl
2024,401644775,2024-11-27 00:00:00+00:00,14,2649,Toledo,MAC,2006,Akron,away,False,False,True,STATUS_FINAL,14.0,21.0,False,4716,InfoCision Stadium
2024,401643701,2024-08-31 23:00:00+00:00,1,2653,Troy,Sun Belt,2440,Nevada,home,False,False,True,STATUS_FINAL,26.0,28.0,False,27412,Veterans Memorial Stadium (AL)
2024,401643784,2024-09-07 16:00:00+00:00,2,2653,Troy,Sun Belt,235,Memphis,away,False,False,True,STATUS_FINAL,17.0,38.0,False,23246,Simmons Bank Liberty Stadium
2024,401628477,2024-09-14 20:00:00+00:00,3,2653,Troy,Sun Belt,2294,Iowa,away,False,False,True,STATUS_FINAL,21.0,38.0,False,69250,Kinnick Stadium
2024,401636374,2024-09-21 23:00:00+00:00,4,2653,Troy,Sun Belt,50,Florida A&M,home,False,False,True,STATUS_FINAL,34.0,12.0,True,29024,Veterans Memorial Stadium (AL)
2024,401643796,2024-09-28 23:00:00+00:00,5,2653,Troy,Sun Belt,2433,UL Monroe,home,False,False,True,STATUS_FINAL,9.0,13.0,False,21253,Veterans Memorial Stadium (AL)
2024,401643797,2024-10-03 23:00:00+00:00,6,2653,Troy,Sun Belt,326,Texas State,home,False,False,True,STATUS_FINAL,17.0,38.0,False,20349,Veterans Memorial Stadium (AL)
2024,401643809,2024-10-15 23:30:00+00:00,8,2653,Troy,Sun Belt,6,South Alabama,away,False,False,True,STATUS_FINAL,9.0,25.0,False,25450,Hancock Whitney Stadium
2024,401643818,2024-10-26 23:00:00+00:00,9,2653,Troy,Sun Belt,2032,Arkansas State,away,False,False,True,STATUS_FINAL,31.0,34.0,False,17162,Centennial Bank Stadium
2024,401643824,2024-11-02 20:00:00+00:00,10,2653,Troy,Sun Belt,324,Coastal Carolina,home,False,False,True,STATUS_FINAL,38.0,24.0,True,24223,Veterans Memorial Stadium (AL)
2024,401643830,2024-11-16 21:00:00+00:00,12,2653,Troy,Sun Belt,290,Georgia Southern,away,False,False,True,STATUS_FINAL,28.0,20.0,True,21762,Allen E. Paulson Stadium
2024,401643840,2024-11-23 22:00:00+00:00,13,2653,Troy,Sun Belt,309,Louisiana,away,False,False,True,STATUS_FINAL,30.0,51.0,False,15501,Our Lady of Lourdes Stadium
2024,401643849,2024-11-30 19:00:00+00:00,14,2653,Troy,Sun Belt,2572,Southern Miss,home,False,False,True,STATUS_FINAL,52.0,20.0,True,19521,Veterans Memorial Stadium (AL)
2024,401645317,2024-08-30 00:00:00+00:00,1,2655,Tulane,American,2545,SE Louisiana,home,False,False,True,STATUS_FINAL,52.0,0.0,True,20143,Yulman Stadium
2024,401636616,2024-09-07 16:00:00+00:00,2,2655,Tulane,American,2306,Kansas State,home,False,False,True,STATUS_FINAL,27.0,34.0,False,25034,Yulman Stadium
2024,401628358,2024-09-14 19:30:00+00:00,3,2655,Tulane,American,201,Oklahoma,away,False,False,True,STATUS_FINAL,19.0,34.0,False,83325,"Memorial Stadium (Norman, OK)"
2024,401643791,2024-09-21 16:00:00+00:00,4,2655,Tulane,American,309,Louisiana,away,False,False,True,STATUS_FINAL,41.0,33.0,True,22534,Our Lady of Lourdes Stadium
2024,401645337,2024-09-28 16:00:00+00:00,5,2655,Tulane,American,58,South Florida,home,False,False,True,STATUS_FINAL,45.0,10.0,True,20783,Yulman Stadium
2024,401645338,2024-10-05 17:00:00+00:00,6,2655,Tulane,American,5,UAB,away,False,False,True,STATUS_FINAL,71.0,20.0,True,19724,Protective Stadium
2024,401645350,2024-10-19 19:30:00+00:00,8,2655,Tulane,American,242,Rice,home,False,False,True,STATUS_FINAL,24.0,10.0,True,22897,Yulman Stadium
2024,401645354,2024-10-26 16:00:00+00:00,9,2655,Tulane,American,249,North Texas,away,False,False,True,STATUS_FINAL,45.0,37.0,True,23138,DATCU Stadium
2024,401645356,2024-10-31 23:30:00+00:00,10,2655,Tulane,American,2429,Charlotte,away,False,False,True,STATUS_FINAL,34.0,3.0,True,12268,Jerry Richardson Stadium
2024,401645364,2024-11-09 21:00:00+00:00,11,2655,Tulane,American,218,Temple,home,False,False,True,STATUS_FINAL,52.0,6.0,True,30000,Yulman Stadium
2024,401645370,2024-11-16 17:00:00+00:00,12,2655,Tulane,American,2426,Navy,away,False,False,True,STATUS_FINAL,35.0,0.0,True,38914,Navy-Marine Corps Memorial Stadium
2024,401645376,2024-11-29 00:30:00+00:00,14,2655,Tulane,American,235,Memphis,home,False,False,True,STATUS_FINAL,24.0,34.0,False,25021,Yulman Stadium
2024,401673462,2024-12-07 01:00:00+00:00,15,2655,Tulane,American,349,Army,away,False,False,True,STATUS_FINAL,14.0,35.0,False,14016,Michie Stadium
2024,401645318,2024-08-30 00:00:00+00:00,1,202,Tulsa,American,2466,Northwestern State,home,False,False,True,STATUS_FINAL,62.0,28.0,True,16483,H. A. Chapman Stadium
2024,401643779,2024-09-07 23:00:00+00:00,2,202,Tulsa,American,2032,Arkansas State,away,False,False,True,STATUS_FINAL,24.0,28.0,False,19316,Centennial Bank Stadium
2024,401636869,2024-09-14 16:00:00+00:00,3,202,Tulsa,American,197,Oklahoma State,home,False,False,True,STATUS_FINAL,10.0,45.0,False,30915,H. A. Chapman Stadium
2024,401641008,2024-09-21 23:00:00+00:00,4,202,Tulsa,American,2348,Louisiana Tech,away,False,False,True,STATUS_FINAL,23.0,20.0,True,18152,Joe Aillet Stadium
2024,401645336,2024-09-28 23:00:00+00:00,5,202,Tulsa,American,249,North Texas,away,False,False,True,STATUS_FINAL,20.0,52.0,False,18529,DATCU Stadium
2024,401645339,2024-10-05 16:00:00+00:00,6,202,Tulsa,American,349,Army,home,False,False,True,STATUS_FINAL,7.0,49.0,False,0,H. A. Chapman Stadium
2024,401645351,2024-10-19 18:00:00+00:00,8,202,Tulsa,American,218,Temple,away,False,False,True,STATUS_FINAL,10.0,20.0,False,18721,Lincoln Financial Field
2024,401645355,2024-10-26 19:30:00+00:00,9,202,Tulsa,American,2636,UTSA,home,False,False,True,STATUS_FINAL,46.0,45.0,True,17439,H. A. Chapman Stadium
2024,401645358,2024-11-02 18:30:00+00:00,10,202,Tulsa,American,5,UAB,away,False,False,True,STATUS_FINAL,21.0,59.0,False,17944,Protective Stadium
2024,401645365,2024-11-15 00:30:00+00:00,12,202,Tulsa,American,151,East Carolina,home,False,False,True,STATUS_FINAL,31.0,38.0,False,17979,H. A. Chapman Stadium
2024,401645375,2024-11-23 20:30:00+00:00,13,202,Tulsa,American,58,South Florida,away,False,False,True,STATUS_FINAL,30.0,63.0,False,27623,Raymond James Stadium
2024,401645380,2024-11-30 20:30:00+00:00,14,202,Tulsa,American,2226,Florida Atlantic,home,False,False,True,STATUS_FINAL,16.0,63.0,False,15243,H. A. Chapman Stadium
2024,401645316,2024-08-30 00:00:00+00:00,1,5,UAB,American,2016,Alcorn State,home,False,False,True,STATUS_FINAL,41.0,3.0,True,21267,Protective Stadium
2024,401643780,2024-09-07 23:00:00+00:00,2,5,UAB,American,2433,UL Monroe,away,False,False,True,STATUS_FINAL,6.0,32.0,False,12327,Malone Stadium
2024,401628351,2024-09-14 20:15:00+00:00,3,5,UAB,American,8,Arkansas,away,False,False,True,STATUS_FINAL,27.0,37.0,False,75021,Donald W. Reynolds Razorback Stadium
2024,401645332,2024-09-28 16:00:00+00:00,5,5,UAB,American,2426,Navy,home,False,False,True,STATUS_FINAL,18.0,41.0,False,21536,Protective Stadium
2024,401645338,2024-10-05 17:00:00+00:00,6,5,UAB,American,2655,Tulane,home,False,False,True,STATUS_FINAL,20.0,71.0,False,19724,Protective Stadium
2024,401645342,2024-10-12 16:00:00+00:00,7,5,UAB,American,349,Army,away,False,False,True,STATUS_FINAL,10.0,44.0,False,29002,Michie Stadium
2024,401645345,2024-10-19 19:30:00+00:00,8,5,UAB,American,58,South Florida,away,False,False,True,STATUS_FINAL,25.0,35.0,False,28154,Raymond James Stadium
2024,401645358,2024-11-02 18:30:00+00:00,10,5,UAB,American,202,Tulsa,home,False,False,True,STATUS_FINAL,59.0,21.0,True,17944,Protective Stadium
2024,401629037,2024-11-09 19:30:00+00:00,11,5,UAB,American,41,UConn,home,False,False,True,STATUS_FINAL,23.0,31.0,False,18351,Protective Stadium
2024,401645367,2024-11-17 01:00:00+00:00,12,5,UAB,American,235,Memphis,away,False,False,True,STATUS_FINAL,18.0,53.0,False,24225,Simmons Bank Liberty Stadium
2024,401645373,2024-11-23 19:00:00+00:00,13,5,UAB,American,242,Rice,home,False,False,True,STATUS_FINAL,40.0,14.0,True,16181,Protective Stadium
2024,401645377,2024-11-30 20:30:00+00:00,14,5,UAB,American,2429,Charlotte,away,False,False,True,STATUS_FINAL,27.0,29.0,False,8091,Jerry Richardson Stadium
2024,401628582,2024-08-29 23:00:00+00:00,1,2116,UCF,Big 12,160,New Hampshire,home,False,False,True,STATUS_FINAL,57.0,3.0,True,44206,Acrisure Bounce House
2024,401636617,2024-09-07 23:02:00+00:00,2,2116,UCF,Big 12,2534,Sam Houston,home,False,False,True,STATUS_FINAL,45.0,14.0,True,43807,Acrisure Bounce House
2024,401636866,2024-09-14 23:30:00+00:00,3,2116,UCF,Big 12,2628,TCU,away,False,False,True,STATUS_FINAL,35.0,34.0,True,48889,Amon G. Carter Stadium
2024,401636885,2024-09-28 20:20:00+00:00,5,2116,UCF,Big 12,38,Colorado,home,False,False,True,STATUS_FINAL,21.0,48.0,False,45702,Acrisure Bounce House
2024,401628380,2024-10-05 23:45:00+00:00,6,2116,UCF,Big 12,57,Florida,away,False,False,True,STATUS_FINAL,13.0,24.0,False,90369,Ben Hill Griffin Stadium
2024,401636895,2024-10-12 19:30:00+00:00,7,2116,UCF,Big 12,2132,Cincinnati,home,False,False,True,STATUS_FINAL,13.0,19.0,False,42611,Acrisure Bounce House
2024,401636900,2024-10-19 23:30:00+00:00,8,2116,UCF,Big 12,66,Iowa State,away,False,False,True,STATUS_FINAL,35.0,38.0,False,61500,Jack Trice Stadium
2024,401636911,2024-10-26 19:30:00+00:00,9,2116,UCF,Big 12,252,BYU,home,False,False,True,STATUS_FINAL,24.0,37.0,False,42144,Acrisure Bounce House
2024,401636916,2024-11-02 19:30:00+00:00,10,2116,UCF,Big 12,12,Arizona,home,False,False,True,STATUS_FINAL,56.0,12.0,True,42110,Acrisure Bounce House
2024,401636917,2024-11-10 00:00:00+00:00,11,2116,UCF,Big 12,9,Arizona State,away,False,False,True,STATUS_FINAL,31.0,35.0,False,44940,Mountain America Stadium
2024,401636937,2024-11-23 20:30:00+00:00,13,2116,UCF,Big 12,277,West Virginia,away,False,False,True,STATUS_FINAL,21.0,31.0,False,40722,Milan Puskar Stadium
2024,401636939,2024-11-30 01:00:00+00:00,14,2116,UCF,Big 12,254,Utah,home,False,False,True,STATUS_FINAL,14.0,28.0,False,40747,Acrisure Bounce House
2024,401628459,2024-08-31 23:30:00+00:00,1,26,UCLA,Big Ten,62,Hawai'i,away,False,False,True,STATUS_FINAL,16.0,13.0,True,15194,Clarence T.C. Ching Athletics Complex
2024,401628476,2024-09-14 23:30:00+00:00,3,26,UCLA,Big Ten,84,Indiana,home,False,False,True,STATUS_FINAL,13.0,42.0,False,47811,Rose Bowl
2024,401628365,2024-09-21 19:30:00+00:00,4,26,UCLA,Big Ten,99,LSU,away,False,False,True,STATUS_FINAL,17.0,34.0,False,100315,Tiger Stadium (LA)
2024,401628500,2024-09-29 03:00:00+00:00,5,26,UCLA,Big Ten,2483,Oregon,home,False,False,True,STATUS_FINAL,13.0,34.0,False,43051,Rose Bowl
2024,401628510,2024-10-05 16:00:00+00:00,6,26,UCLA,Big Ten,213,Penn State,away,False,False,True,STATUS_FINAL,11.0,27.0,False,110047,Beaver Stadium
2024,401628514,2024-10-13 01:00:00+00:00,7,26,UCLA,Big Ten,135,Minnesota,home,False,False,True,STATUS_FINAL,17.0,21.0,False,42012,Rose Bowl
2024,401628524,2024-10-19 16:00:00+00:00,8,26,UCLA,Big Ten,164,Rutgers,away,False,False,True,STATUS_FINAL,35.0,32.0,True,53726,SHI Stadium
2024,401628537,2024-11-02 19:30:00+00:00,10,26,UCLA,Big Ten,158,Nebraska,away,False,False,True,STATUS_FINAL,27.0,20.0,True,87453,"Memorial Stadium (Lincoln, NE)"
2024,401628542,2024-11-09 02:00:00+00:00,11,26,UCLA,Big Ten,2294,Iowa,home,False,False,True,STATUS_FINAL,20.0,17.0,True,53467,Rose Bowl
2024,401628553,2024-11-16 02:00:00+00:00,12,26,UCLA,Big Ten,264,Washington,away,False,False,True,STATUS_FINAL,19.0,31.0,False,68811,Husky Stadium
2024,401628561,2024-11-24 03:30:00+00:00,13,26,UCLA,Big Ten,30,USC,home,False,False,True,STATUS_FINAL,13.0,19.0,False,59473,Rose Bowl
2024,401628570,2024-11-30 20:30:00+00:00,14,26,UCLA,Big Ten,278,Fresno State,home,False,False,True,STATUS_FINAL,20.0,13.0,True,35018,Rose Bowl
2024,401628451,2024-08-31 16:00:00+00:00,1,41,UConn,FBS Independents,120,Maryland,away,False,False,True,STATUS_FINAL,7.0,50.0,False,35421,SECU Stadium
2024,401636999,2024-09-07 16:00:00+00:00,2,41,UConn,FBS Independents,2771,Merrimack,home,False,False,True,STATUS_FINAL,63.0,17.0,True,32351,Pratt & Whitney Stadium
2024,401629030,2024-09-14 22:00:00+00:00,3,41,UConn,FBS Independents,150,Duke,away,False,False,True,STATUS_FINAL,21.0,26.0,False,20174,Wallace Wade Stadium
2024,401629031,2024-09-21 23:00:00+00:00,4,41,UConn,FBS Independents,2226,Florida Atlantic,home,False,False,True,STATUS_FINAL,48.0,14.0,True,20144,Pratt & Whitney Stadium
2024,401629032,2024-09-28 16:00:00+00:00,5,41,UConn,FBS Independents,2084,Buffalo,home,False,False,True,STATUS_FINAL,47.0,3.0,True,20347,Pratt & Whitney Stadium
2024,401629033,2024-10-05 19:30:00+00:00,6,41,UConn,FBS Independents,218,Temple,home,False,False,True,STATUS_FINAL,29.0,20.0,True,28921,Pratt & Whitney Stadium
2024,401629034,2024-10-19 16:00:00+00:00,8,41,UConn,FBS Independents,154,Wake Forest,home,False,False,True,STATUS_FINAL,20.0,23.0,False,30122,Pratt & Whitney Stadium
2024,401629035,2024-10-26 19:30:00+00:00,9,41,UConn,FBS Independents,242,Rice,home,False,False,True,STATUS_FINAL,17.0,10.0,True,23711,Pratt & Whitney Stadium
2024,401629036,2024-11-01 23:00:00+00:00,10,41,UConn,FBS Independents,2247,Georgia State,home,False,False,True,STATUS_FINAL,34.0,27.0,True,22028,Pratt & Whitney Stadium
2024,401629037,2024-11-09 19:30:00+00:00,11,41,UConn,FBS Independents,5,UAB,away,False,False,True,STATUS_FINAL,31.0,23.0,True,18351,Protective Stadium
2024,401635518,2024-11-23 17:00:00+00:00,13,41,UConn,FBS Independents,183,Syracuse,away,False,False,True,STATUS_FINAL,24.0,31.0,False,35453,JMA Wireless Dome
2024,401629038,2024-11-30 17:00:00+00:00,14,41,UConn,FBS Independents,113,Massachusetts,away,False,False,True,STATUS_FINAL,47.0,42.0,True,10365,Warren McGuirk Alumni Stadium
2024,401636387,2024-08-30 01:00:00+00:00,1,2433,UL Monroe,Sun Belt,2296,Jackson State,home,False,False,True,STATUS_FINAL,30.0,14.0,True,11145,Malone Stadium
2024,401643780,2024-09-07 23:00:00+00:00,2,2433,UL Monroe,Sun Belt,5,UAB,home,False,False,True,STATUS_FINAL,32.0,6.0,True,12327,Malone Stadium
2024,401628371,2024-09-22 00:00:00+00:00,4,2433,UL Monroe,Sun Belt,251,Texas,away,False,False,True,STATUS_FINAL,3.0,51.0,False,102850,DKR-Texas Memorial Stadium
2024,401643796,2024-09-28 23:00:00+00:00,5,2433,UL Monroe,Sun Belt,2653,Troy,away,False,False,True,STATUS_FINAL,13.0,9.0,True,21253,Veterans Memorial Stadium (AL)
2024,401643801,2024-10-05 23:00:00+00:00,6,2433,UL Monroe,Sun Belt,256,James Madison,home,False,False,True,STATUS_FINAL,21.0,19.0,True,19976,Malone Stadium
2024,401643807,2024-10-12 21:00:00+00:00,7,2433,UL Monroe,Sun Belt,2572,Southern Miss,home,False,False,True,STATUS_FINAL,38.0,21.0,True,22645,Malone Stadium
2024,401643819,2024-10-26 21:00:00+00:00,9,2433,UL Monroe,Sun Belt,6,South Alabama,away,False,False,True,STATUS_FINAL,17.0,46.0,False,16746,Hancock Whitney Stadium
2024,401643822,2024-11-02 19:30:00+00:00,10,2433,UL Monroe,Sun Belt,276,Marshall,away,False,False,True,STATUS_FINAL,23.0,28.0,False,21478,Joan C. Edwards Stadium
2024,401643828,2024-11-09 17:00:00+00:00,11,2433,UL Monroe,Sun Belt,326,Texas State,home,False,False,True,STATUS_FINAL,17.0,38.0,False,13720,Malone Stadium
2024,401628426,2024-11-16 17:45:00+00:00,12,2433,UL Monroe,Sun Belt,2,Auburn,away,False,False,True,STATUS_FINAL,14.0,48.0,False,88043,Jordan-Hare Stadium
2024,401643839,2024-11-23 20:00:00+00:00,13,2433,UL Monroe,Sun Belt,2032,Arkansas State,away,False,False,True,STATUS_FINAL,21.0,28.0,False,14029,Centennial Bank Stadium
2024,401643848,2024-11-30 17:00:00+00:00,14,2433,UL Monroe,Sun Belt,309,Louisiana,home,False,False,True,STATUS_FINAL,23.0,37.0,False,15006,Malone Stadium
2024,401636611,2024-08-31 23:00:00+00:00,1,2439,UNLV,Mountain West,248,Houston,away,False,False,True,STATUS_FINAL,27.0,7.0,True,25750,TDECU Stadium
2024,401632071,2024-09-07 19:00:00+00:00,2,2439,UNLV,Mountain West,3101,Utah Tech,home,False,False,True,STATUS_FINAL,72.0,14.0,True,24512,Allegiant Stadium
2024,401636863,2024-09-13 23:00:00+00:00,3,2439,UNLV,Mountain West,2305,Kansas,away,False,False,True,STATUS_FINAL,23.0,20.0,True,21493,Sporting Park
2024,401643720,2024-09-28 19:30:00+00:00,5,2439,UNLV,Mountain West,278,Fresno State,home,False,False,True,STATUS_FINAL,59.0,14.0,True,24638,Allegiant Stadium
2024,401634779,2024-10-05 01:00:00+00:00,6,2439,UNLV,Mountain West,183,Syracuse,home,False,False,True,STATUS_FINAL,41.0,44.0,False,31329,Allegiant Stadium
2024,401643733,2024-10-12 01:00:00+00:00,7,2439,UNLV,Mountain West,328,Utah State,away,False,False,True,STATUS_FINAL,50.0,34.0,True,20295,Maverik Stadium
2024,401643739,2024-10-20 02:00:00+00:00,8,2439,UNLV,Mountain West,204,Oregon State,away,False,False,True,STATUS_FINAL,33.0,25.0,True,35195,Reser Stadium
2024,401643740,2024-10-26 02:30:00+00:00,9,2439,UNLV,Mountain West,68,Boise State,home,False,False,True,STATUS_FINAL,24.0,29.0,False,42228,Allegiant Stadium
2024,401643753,2024-11-10 02:00:00+00:00,11,2439,UNLV,Mountain West,62,Hawai'i,away,False,False,True,STATUS_FINAL,29.0,27.0,True,12691,Clarence T.C. Ching Athletics Complex
2024,401643762,2024-11-17 03:30:00+00:00,12,2439,UNLV,Mountain West,21,San Diego State,home,False,False,True,STATUS_FINAL,41.0,20.0,True,30386,Allegiant Stadium
2024,401643767,2024-11-23 03:00:00+00:00,13,2439,UNLV,Mountain West,23,San José State,away,False,False,True,STATUS_FINAL,27.0,16.0,True,13671,CEFCU Stadium
2024,401643772,2024-12-01 01:00:00+00:00,14,2439,UNLV,Mountain West,2440,Nevada,home,False,False,True,STATUS_FINAL,38.0,14.0,True,40122,Allegiant Stadium
2024,401673468,2024-12-07 01:00:00+00:00,15,2439,UNLV,Mountain West,68,Boise State,away,False,False,True,STATUS_FINAL,7.0,21.0,False,36663,Albertsons Stadium
2024,401628334,2024-09-01 23:30:00+00:00,1,30,USC,Big Ten,99,LSU,away,True,False,True,STATUS_FINAL,27.0,20.0,True,63969,Allegiant Stadium
2024,401628472,2024-09-08 03:00:00+00:00,2,30,USC,Big Ten,328,Utah State,home,False,False,True,STATUS_FINAL,48.0,0.0,True,68110,Los Angeles Memorial Coliseum
2024,401628489,2024-09-21 19:30:00+00:00,4,30,USC,Big Ten,130,Michigan,away,False,False,True,STATUS_FINAL,24.0,27.0,False,110702,Michigan Stadium
2024,401628502,2024-09-28 19:30:00+00:00,5,30,USC,Big Ten,275,Wisconsin,home,False,False,True,STATUS_FINAL,38.0,21.0,True,74118,Los Angeles Memorial Coliseum
2024,401628507,2024-10-05 23:30:00+00:00,6,30,USC,Big Ten,135,Minnesota,away,False,False,True,STATUS_FINAL,17.0,24.0,False,50913,Huntington Bank Stadium
2024,401628516,2024-10-12 19:30:00+00:00,7,30,USC,Big Ten,213,Penn State,home,False,False,True,STATUS_FINAL,30.0,33.0,False,75250,Los Angeles Memorial Coliseum
2024,401628521,2024-10-19 20:00:00+00:00,8,30,USC,Big Ten,120,Maryland,away,False,False,True,STATUS_FINAL,28.0,29.0,False,43013,SECU Stadium
2024,401628532,2024-10-26 03:00:00+00:00,9,30,USC,Big Ten,164,Rutgers,home,False,False,True,STATUS_FINAL,42.0,20.0,True,63404,Los Angeles Memorial Coliseum
2024,401628540,2024-11-02 23:30:00+00:00,10,30,USC,Big Ten,264,Washington,away,False,False,True,STATUS_FINAL,21.0,26.0,False,71251,Husky Stadium
2024,401628549,2024-11-16 21:00:00+00:00,12,30,USC,Big Ten,158,Nebraska,home,False,False,True,STATUS_FINAL,28.0,20.0,True,75304,Los Angeles Memorial Coliseum
2024,401628561,2024-11-24 03:30:00+00:00,13,30,USC,Big Ten,26,UCLA,away,False,False,True,STATUS_FINAL,19.0,13.0,True,59473,Rose Bowl
2024,401628571,2024-11-30 20:30:00+00:00,14,30,USC,Big Ten,87,Notre Dame,home,False,False,True,STATUS_FINAL,35.0,49.0,False,73241,Los Angeles Memorial Coliseum
2024,401628454,2024-08-31 19:30:00+00:00,1,2638,UTEP,Conference USA,158,Nebraska,away,False,False,True,STATUS_FINAL,7.0,40.0,False,86072,"Memorial Stadium (Lincoln, NE)"
2024,401632072,2024-09-08 01:00:00+00:00,2,2638,UTEP,Conference USA,253,Southern Utah,home,False,False,True,STATUS_FINAL,24.0,27.0,False,41609,Sun Bowl
2024,401640990,2024-09-14 22:00:00+00:00,3,2638,UTEP,Conference USA,2335,Liberty,away,False,False,True,STATUS_FINAL,10.0,28.0,False,21805,Williams Stadium (VA)
2024,401641028,2024-09-21 21:00:00+00:00,4,2638,UTEP,Conference USA,36,Colorado State,away,False,False,True,STATUS_FINAL,17.0,27.0,False,29151,Canvas Stadium
2024,401641029,2024-10-04 01:00:00+00:00,6,2638,UTEP,Conference USA,2534,Sam Houston,home,False,False,True,STATUS_FINAL,21.0,41.0,False,14454,Sun Bowl
2024,401641030,2024-10-11 00:00:00+00:00,7,2638,UTEP,Conference USA,98,Western Kentucky,away,False,False,True,STATUS_FINAL,17.0,44.0,False,12723,Houchens Industries-L.T. Smith Stadium
2024,401640983,2024-10-17 01:00:00+00:00,8,2638,UTEP,Conference USA,2229,Florida International,home,False,False,True,STATUS_FINAL,30.0,21.0,True,11373,Sun Bowl
2024,401641011,2024-10-23 00:00:00+00:00,9,2638,UTEP,Conference USA,2348,Louisiana Tech,away,False,False,True,STATUS_FINAL,10.0,14.0,False,15168,Joe Aillet Stadium
2024,401641026,2024-11-02 19:30:00+00:00,10,2638,UTEP,Conference USA,2393,Middle Tennessee,home,False,False,True,STATUS_FINAL,13.0,20.0,False,14775,Sun Bowl
2024,401641021,2024-11-09 21:00:00+00:00,11,2638,UTEP,Conference USA,338,Kennesaw State,home,False,False,True,STATUS_FINAL,43.0,35.0,True,14728,Sun Bowl
2024,401628435,2024-11-23 18:00:00+00:00,13,2638,UTEP,Conference USA,2633,Tennessee,away,False,False,True,STATUS_FINAL,0.0,56.0,False,101915,Neyland Stadium
2024,401641031,2024-11-30 21:00:00+00:00,14,2638,UTEP,Conference USA,166,New Mexico State,away,False,False,True,STATUS_FINAL,42.0,35.0,True,15358,Aggie Memorial Stadium
2024,401641015,2024-08-31 19:30:00+00:00,1,2636,UTSA,American,338,Kennesaw State,home,False,False,True,STATUS_FINAL,28.0,16.0,True,25911,Alamodome
2024,401643783,2024-09-07 20:00:00+00:00,2,2636,UTSA,American,326,Texas State,away,False,False,True,STATUS_FINAL,10.0,49.0,False,28000,UFCU Stadium
2024,401628361,2024-09-14 23:00:00+00:00,3,2636,UTSA,American,251,Texas,away,False,False,True,STATUS_FINAL,7.0,56.0,False,101892,DKR-Texas Memorial Stadium
2024,401645330,2024-09-21 19:30:00+00:00,4,2636,UTSA,American,2277,Houston Christian,home,False,False,True,STATUS_FINAL,45.0,7.0,True,20973,Alamodome
2024,401645334,2024-09-28 20:00:00+00:00,5,2636,UTSA,American,151,East Carolina,away,False,False,True,STATUS_FINAL,20.0,30.0,False,41851,Dowdy-Ficklen Stadium
2024,401645344,2024-10-12 23:00:00+00:00,7,2636,UTSA,American,242,Rice,away,False,False,True,STATUS_FINAL,27.0,29.0,False,18660,Rice Stadium
2024,401645348,2024-10-19 19:30:00+00:00,8,2636,UTSA,American,2226,Florida Atlantic,home,False,False,True,STATUS_FINAL,38.0,24.0,True,20802,Alamodome
2024,401645355,2024-10-26 19:30:00+00:00,9,2636,UTSA,American,202,Tulsa,away,False,False,True,STATUS_FINAL,45.0,46.0,False,17439,H. A. Chapman Stadium
2024,401645359,2024-11-02 16:00:00+00:00,10,2636,UTSA,American,235,Memphis,home,False,False,True,STATUS_FINAL,44.0,36.0,True,17198,Alamodome
2024,401645366,2024-11-16 01:00:00+00:00,12,2636,UTSA,American,249,North Texas,home,False,False,True,STATUS_FINAL,48.0,27.0,True,21350,Alamodome
2024,401645374,2024-11-23 00:00:00+00:00,13,2636,UTSA,American,218,Temple,home,False,False,True,STATUS_FINAL,51.0,27.0,True,20121,Alamodome
2024,401645378,2024-11-30 17:00:00+00:00,14,2636,UTSA,American,349,Army,away,False,False,True,STATUS_FINAL,24.0,29.0,False,22120,Michie Stadium
2024,401636607,2024-08-30 01:00:00+00:00,1,254,Utah,Big 12,253,Southern Utah,home,False,False,True,STATUS_FINAL,49.0,0.0,True,52210,Rice-Eccles Stadium
2024,401636618,2024-09-07 19:30:00+00:00,2,254,Utah,Big 12,239,Baylor,home,False,False,True,STATUS_FINAL,23.0,12.0,True,52827,Rice-Eccles Stadium
2024,401636870,2024-09-14 20:30:00+00:00,3,254,Utah,Big 12,328,Utah State,away,False,False,True,STATUS_FINAL,38.0,21.0,True,0,Maverik Stadium
2024,401636876,2024-09-21 20:00:00+00:00,4,254,Utah,Big 12,197,Oklahoma State,away,False,False,True,STATUS_FINAL,22.0,19.0,True,52202,Boone Pickens Stadium
2024,401636886,2024-09-29 02:15:00+00:00,5,254,Utah,Big 12,12,Arizona,home,False,False,True,STATUS_FINAL,10.0,23.0,False,52898,Rice-Eccles Stadium
2024,401636892,2024-10-12 02:30:00+00:00,7,254,Utah,Big 12,9,Arizona State,away,False,False,True,STATUS_FINAL,19.0,27.0,False,45310,Mountain America Stadium
2024,401636903,2024-10-20 02:30:00+00:00,8,254,Utah,Big 12,2628,TCU,home,False,False,True,STATUS_FINAL,7.0,13.0,False,53299,Rice-Eccles Stadium
2024,401636908,2024-10-26 23:00:00+00:00,9,254,Utah,Big 12,248,Houston,away,False,False,True,STATUS_FINAL,14.0,17.0,False,28251,TDECU Stadium
2024,401636922,2024-11-10 03:15:00+00:00,11,254,Utah,Big 12,252,BYU,home,False,False,True,STATUS_FINAL,21.0,22.0,False,54383,Rice-Eccles Stadium
2024,401636925,2024-11-16 17:00:00+00:00,12,254,Utah,Big 12,38,Colorado,away,False,False,True,STATUS_FINAL,24.0,49.0,False,54646,Folsom Field
2024,401636936,2024-11-24 00:30:00+00:00,13,254,Utah,Big 12,66,Iowa State,home,False,False,True,STATUS_FINAL,28.0,31.0,False,52152,Rice-Eccles Stadium
2024,401636939,2024-11-30 01:00:00+00:00,14,254,Utah,Big 12,2116,UCF,away,False,False,True,STATUS_FINAL,28.0,14.0,True,40747,Acrisure Bounce House
2024,401643703,2024-09-01 00:00:00+00:00,1,328,Utah State,Mountain West,2523,Robert Morris,home,False,False,True,STATUS_FINAL,36.0,14.0,True,17037,Maverik Stadium
2024,401628472,2024-09-08 03:00:00+00:00,2,328,Utah State,Mountain West,30,USC,away,False,False,True,STATUS_FINAL,0.0,48.0,False,68110,Los Angeles Memorial Coliseum
2024,401636870,2024-09-14 20:30:00+00:00,3,328,Utah State,Mountain West,254,Utah,home,False,False,True,STATUS_FINAL,21.0,38.0,False,0,Maverik Stadium
2024,401643715,2024-09-21 18:00:00+00:00,4,328,Utah State,Mountain West,218,Temple,away,False,False,True,STATUS_FINAL,29.0,45.0,False,11384,Lincoln Financial Field
2024,401643723,2024-10-05 23:00:00+00:00,6,328,Utah State,Mountain West,68,Boise State,away,False,False,True,STATUS_FINAL,30.0,62.0,False,37210,Albertsons Stadium
2024,401643733,2024-10-12 01:00:00+00:00,7,328,Utah State,Mountain West,2439,UNLV,home,False,False,True,STATUS_FINAL,34.0,50.0,False,20295,Maverik Stadium
2024,401643737,2024-10-19 20:00:00+00:00,8,328,Utah State,Mountain West,167,New Mexico,home,False,False,True,STATUS_FINAL,45.0,50.0,False,14584,Maverik Stadium
2024,401643745,2024-10-26 23:00:00+00:00,9,328,Utah State,Mountain West,2751,Wyoming,away,False,False,True,STATUS_FINAL,27.0,25.0,True,17724,War Memorial Stadium
2024,401643756,2024-11-10 03:30:00+00:00,11,328,Utah State,Mountain West,265,Washington State,away,False,False,True,STATUS_FINAL,28.0,49.0,False,20011,Martin Stadium
2024,401643760,2024-11-16 20:00:00+00:00,12,328,Utah State,Mountain West,62,Hawai'i,home,False,False,True,STATUS_FINAL,55.0,10.0,True,0,Maverik Stadium
2024,401643766,2024-11-23 20:30:00+00:00,13,328,Utah State,Mountain West,21,San Diego State,home,False,False,True,STATUS_FINAL,41.0,20.0,True,12583,Maverik Stadium
2024,401643770,2024-11-29 20:30:00+00:00,14,328,Utah State,Mountain West,36,Colorado State,away,False,False,True,STATUS_FINAL,37.0,42.0,False,24772,Canvas Stadium
2024,401628333,2024-08-31 16:00:00+00:00,1,238,Vanderbilt,SEC,259,Virginia Tech,home,False,False,True,STATUS_FINAL,34.0,27.0,True,0,FirstBank Stadium
2024,401628349,2024-09-07 23:30:00+00:00,2,238,Vanderbilt,SEC,2016,Alcorn State,home,False,False,True,STATUS_FINAL,55.0,0.0,True,24080,FirstBank Stadium
2024,401628362,2024-09-14 23:00:00+00:00,3,238,Vanderbilt,SEC,2247,Georgia State,away,False,False,True,STATUS_FINAL,32.0,36.0,False,14413,Center Parc Stadium
2024,401628368,2024-09-21 20:15:00+00:00,4,238,Vanderbilt,SEC,142,Missouri,away,False,False,True,STATUS_FINAL,27.0,30.0,False,62621,Memorial Stadium
2024,401628384,2024-10-05 20:15:00+00:00,6,238,Vanderbilt,SEC,333,Alabama,home,False,False,True,STATUS_FINAL,40.0,35.0,True,28934,FirstBank Stadium
2024,401628387,2024-10-12 23:55:00+00:00,7,238,Vanderbilt,SEC,96,Kentucky,away,False,False,True,STATUS_FINAL,20.0,13.0,True,62120,Kroger Field
2024,401628399,2024-10-19 23:00:00+00:00,8,238,Vanderbilt,SEC,2050,Ball State,home,False,False,True,STATUS_FINAL,24.0,14.0,True,27884,FirstBank Stadium
2024,401628405,2024-10-26 20:15:00+00:00,9,238,Vanderbilt,SEC,251,Texas,home,False,False,True,STATUS_FINAL,24.0,27.0,False,28934,FirstBank Stadium
2024,401628407,2024-11-02 16:45:00+00:00,10,238,Vanderbilt,SEC,2,Auburn,away,False,False,True,STATUS_FINAL,17.0,7.0,True,88043,Jordan-Hare Stadium
2024,401628418,2024-11-09 21:15:00+00:00,11,238,Vanderbilt,SEC,2579,South Carolina,home,False,False,True,STATUS_FINAL,7.0,28.0,False,28934,FirstBank Stadium
2024,401628431,2024-11-24 00:45:00+00:00,13,238,Vanderbilt,SEC,99,LSU,away,False,False,True,STATUS_FINAL,17.0,24.0,False,102086,Tiger Stadium (LA)
2024,401628446,2024-11-30 17:00:00+00:00,14,238,Vanderbilt,SEC,2633,Tennessee,home,False,False,True,STATUS_FINAL,23.0,36.0,False,28934,FirstBank Stadium
2024,401628589,2024-08-31 22:00:00+00:00,1,258,Virginia,ACC,257,Richmond,home,False,False,True,STATUS_FINAL,34.0,13.0,True,40811,Scott Stadium
2024,401635639,2024-09-07 23:00:00+00:00,2,258,Virginia,ACC,154,Wake Forest,away,False,False,True,STATUS_FINAL,31.0,30.0,True,30012,Allegacy Federal Credit Union Stadium
2024,401628478,2024-09-15 00:00:00+00:00,3,258,Virginia,ACC,120,Maryland,home,False,False,True,STATUS_FINAL,13.0,27.0,False,0,Scott Stadium
2024,401635558,2024-09-21 18:00:00+00:00,4,258,Virginia,ACC,324,Coastal Carolina,away,False,False,True,STATUS_FINAL,43.0,24.0,True,22104,Brooks Stadium (SC)
2024,401635567,2024-10-05 16:00:00+00:00,6,258,Virginia,ACC,103,Boston College,home,False,False,True,STATUS_FINAL,24.0,14.0,True,38285,Scott Stadium
2024,401635578,2024-10-12 19:30:00+00:00,7,258,Virginia,ACC,97,Louisville,home,False,False,True,STATUS_FINAL,20.0,24.0,False,32688,Scott Stadium
2024,401635588,2024-10-19 16:00:00+00:00,8,258,Virginia,ACC,228,Clemson,away,False,False,True,STATUS_FINAL,31.0,48.0,False,80100,"Memorial Stadium (Clemson, SC)"
2024,401635598,2024-10-26 16:00:00+00:00,9,258,Virginia,ACC,153,North Carolina,home,False,False,True,STATUS_FINAL,14.0,41.0,False,44550,Scott Stadium
2024,401635610,2024-11-10 01:00:00+00:00,11,258,Virginia,ACC,221,Pittsburgh,away,False,False,True,STATUS_FINAL,24.0,19.0,True,56693,Acrisure Stadium
2024,401628985,2024-11-16 20:30:00+00:00,12,258,Virginia,ACC,87,Notre Dame,away,False,False,True,STATUS_FINAL,14.0,35.0,False,77622,Notre Dame Stadium
2024,401635619,2024-11-23 17:00:00+00:00,13,258,Virginia,ACC,2567,SMU,home,False,False,True,STATUS_FINAL,7.0,33.0,False,36305,Scott Stadium
2024,401635640,2024-12-01 01:00:00+00:00,14,258,Virginia,ACC,259,Virginia Tech,away,False,False,True,STATUS_FINAL,17.0,37.0,False,65632,Lane Stadium
2024,401628333,2024-08-31 16:00:00+00:00,1,259,Virginia Tech,ACC,238,Vanderbilt,away,False,False,True,STATUS_FINAL,27.0,34.0,False,0,FirstBank Stadium
2024,401635540,2024-09-07 20:30:00+00:00,2,259,Virginia Tech,ACC,276,Marshall,home,False,False,True,STATUS_FINAL,31.0,14.0,True,65632,Lane Stadium
2024,401635548,2024-09-14 22:00:00+00:00,3,259,Virginia Tech,ACC,295,Old Dominion,away,False,False,True,STATUS_FINAL,37.0,17.0,True,22208,S.B. Ballard Stadium
2024,401628494,2024-09-21 19:30:00+00:00,4,259,Virginia Tech,ACC,164,Rutgers,home,False,False,True,STATUS_FINAL,23.0,26.0,False,65632,Lane Stadium
2024,401634767,2024-09-27 23:30:00+00:00,5,259,Virginia Tech,ACC,2390,Miami,away,False,False,True,STATUS_FINAL,34.0,38.0,False,59539,Hard Rock Stadium
2024,401635573,2024-10-05 19:30:00+00:00,6,259,Virginia Tech,ACC,24,Stanford,away,False,False,True,STATUS_FINAL,31.0,7.0,True,36277,Stanford Stadium
2024,401634768,2024-10-17 23:30:00+00:00,8,259,Virginia Tech,ACC,103,Boston College,home,False,False,True,STATUS_FINAL,42.0,21.0,True,65632,Lane Stadium
2024,401635597,2024-10-26 16:00:00+00:00,9,259,Virginia Tech,ACC,59,Georgia Tech,home,False,False,True,STATUS_FINAL,21.0,6.0,True,65633,Lane Stadium
2024,401635604,2024-11-02 16:00:00+00:00,10,259,Virginia Tech,ACC,183,Syracuse,away,False,False,True,STATUS_FINAL,31.0,38.0,False,38454,JMA Wireless Dome
2024,401635607,2024-11-09 20:35:00+00:00,11,259,Virginia Tech,ACC,228,Clemson,home,False,False,True,STATUS_FINAL,14.0,24.0,False,65632,Lane Stadium
2024,401635615,2024-11-24 01:00:00+00:00,13,259,Virginia Tech,ACC,150,Duke,away,False,False,True,STATUS_FINAL,28.0,31.0,False,22462,Wallace Wade Stadium
2024,401635640,2024-12-01 01:00:00+00:00,14,259,Virginia Tech,ACC,258,Virginia,home,False,False,True,STATUS_FINAL,37.0,17.0,True,65632,Lane Stadium
2024,401628581,2024-08-29 23:00:00+00:00,1,154,Wake Forest,ACC,2448,North Carolina A&T,home,False,False,True,STATUS_FINAL,45.0,13.0,True,29450,Allegacy Federal Credit Union Stadium
2024,401635639,2024-09-07 23:00:00+00:00,2,154,Wake Forest,ACC,258,Virginia,home,False,False,True,STATUS_FINAL,30.0,31.0,False,30012,Allegacy Federal Credit Union Stadium
2024,401628355,2024-09-14 22:30:00+00:00,3,154,Wake Forest,ACC,145,Ole Miss,home,False,False,True,STATUS_FINAL,6.0,40.0,False,32849,Allegacy Federal Credit Union Stadium
2024,401635659,2024-09-28 19:30:00+00:00,5,154,Wake Forest,ACC,309,Louisiana,home,False,False,True,STATUS_FINAL,38.0,41.0,False,31061,Allegacy Federal Credit Union Stadium
2024,401635638,2024-10-05 16:00:00+00:00,6,154,Wake Forest,ACC,152,NC State,away,False,False,True,STATUS_FINAL,34.0,30.0,True,56919,Carter-Finley Stadium
2024,401635576,2024-10-12 16:00:00+00:00,7,154,Wake Forest,ACC,228,Clemson,home,False,False,True,STATUS_FINAL,14.0,49.0,False,31553,Allegacy Federal Credit Union Stadium
2024,401629034,2024-10-19 16:00:00+00:00,8,154,Wake Forest,ACC,41,UConn,away,False,False,True,STATUS_FINAL,23.0,20.0,True,30122,Pratt & Whitney Stadium
2024,401635599,2024-10-26 19:30:00+00:00,9,154,Wake Forest,ACC,24,Stanford,away,False,False,True,STATUS_FINAL,27.0,24.0,True,23471,Stanford Stadium
2024,401634773,2024-11-09 01:00:00+00:00,11,154,Wake Forest,ACC,25,California,home,False,False,True,STATUS_FINAL,36.0,46.0,False,28455,Allegacy Federal Credit Union Stadium
2024,401635583,2024-11-17 01:00:00+00:00,12,154,Wake Forest,ACC,153,North Carolina,away,False,False,True,STATUS_FINAL,24.0,31.0,False,48364,Kenan Stadium
2024,401635618,2024-11-23 17:00:00+00:00,13,154,Wake Forest,ACC,2390,Miami,away,False,False,True,STATUS_FINAL,14.0,42.0,False,64210,Hard Rock Stadium
2024,401635622,2024-11-30 17:00:00+00:00,14,154,Wake Forest,ACC,150,Duke,home,False,False,True,STATUS_FINAL,17.0,23.0,False,24776,Allegacy Federal Credit Union Stadium
2024,401628460,2024-09-01 03:00:00+00:00,1,264,Washington,Big Ten,2692,Weber State,home,False,False,True,STATUS_FINAL,35.0,3.0,True,66984,Husky Stadium
2024,401628473,2024-09-07 19:30:00+00:00,2,264,Washington,Big Ten,2199,Eastern Michigan,home,False,False,True,STATUS_FINAL,30.0,9.0,True,64222,Husky Stadium
2024,401628484,2024-09-14 19:30:00+00:00,3,264,Washington,Big Ten,265,Washington State,home,True,False,True,STATUS_FINAL,19.0,24.0,False,57567,Lumen Field
2024,401628491,2024-09-21 23:00:00+00:00,4,264,Washington,Big Ten,77,Northwestern,home,False,False,True,STATUS_FINAL,24.0,5.0,True,69788,Husky Stadium
2024,401628501,2024-09-28 00:00:00+00:00,5,264,Washington,Big Ten,164,Rutgers,away,False,False,True,STATUS_FINAL,18.0,21.0,False,54079,SHI Stadium
2024,401628505,2024-10-05 23:30:00+00:00,6,264,Washington,Big Ten,130,Michigan,home,False,False,True,STATUS_FINAL,27.0,17.0,True,72132,Husky Stadium
2024,401628512,2024-10-12 16:00:00+00:00,7,264,Washington,Big Ten,2294,Iowa,away,False,False,True,STATUS_FINAL,16.0,40.0,False,69250,Kinnick Stadium
2024,401628526,2024-10-26 16:00:00+00:00,9,264,Washington,Big Ten,84,Indiana,away,False,False,True,STATUS_FINAL,17.0,31.0,False,53082,"Memorial Stadium (Bloomington, IN)"
2024,401628540,2024-11-02 23:30:00+00:00,10,264,Washington,Big Ten,30,USC,home,False,False,True,STATUS_FINAL,26.0,21.0,True,71251,Husky Stadium
2024,401628546,2024-11-10 01:00:00+00:00,11,264,Washington,Big Ten,213,Penn State,away,False,False,True,STATUS_FINAL,6.0,35.0,False,110233,Beaver Stadium
2024,401628553,2024-11-16 02:00:00+00:00,12,264,Washington,Big Ten,26,UCLA,home,False,False,True,STATUS_FINAL,31.0,19.0,True,68811,Husky Stadium
2024,401628569,2024-12-01 00:30:00+00:00,14,264,Washington,Big Ten,2483,Oregon,away,False,False,True,STATUS_FINAL,21.0,49.0,False,59603,Autzen Stadium
2024,401637159,2024-08-31 19:00:00+00:00,1,265,Washington State,Pac-12,2502,Portland State,home,False,False,True,STATUS_FINAL,70.0,30.0,True,20089,Martin Stadium
2024,401636859,2024-09-08 02:00:00+00:00,2,265,Washington State,Pac-12,2641,Texas Tech,home,False,False,True,STATUS_FINAL,37.0,16.0,True,27372,Martin Stadium
2024,401628484,2024-09-14 19:30:00+00:00,3,265,Washington State,Pac-12,264,Washington,away,True,False,True,STATUS_FINAL,24.0,19.0,True,57567,Lumen Field
2024,401643714,2024-09-21 02:00:00+00:00,4,265,Washington State,Pac-12,23,San José State,home,False,False,True,STATUS_FINAL,54.0,52.0,True,24808,Martin Stadium
2024,401643719,2024-09-29 02:00:00+00:00,5,265,Washington State,Pac-12,68,Boise State,away,False,False,True,STATUS_FINAL,24.0,45.0,False,37711,Albertsons Stadium
2024,401643730,2024-10-12 23:00:00+00:00,7,265,Washington State,Pac-12,278,Fresno State,away,False,False,True,STATUS_FINAL,25.0,17.0,True,41031,Valley Children's Stadium
2024,401643736,2024-10-19 19:30:00+00:00,8,265,Washington State,Pac-12,62,Hawai'i,home,False,False,True,STATUS_FINAL,42.0,10.0,True,25112,Martin Stadium
2024,401643744,2024-10-27 02:30:00+00:00,9,265,Washington State,Pac-12,21,San Diego State,away,False,False,True,STATUS_FINAL,29.0,26.0,True,26937,Snapdragon Stadium
2024,401643756,2024-11-10 03:30:00+00:00,11,265,Washington State,Pac-12,328,Utah State,home,False,False,True,STATUS_FINAL,49.0,28.0,True,20011,Martin Stadium
2024,401643761,2024-11-17 02:30:00+00:00,12,265,Washington State,Pac-12,167,New Mexico,away,False,False,True,STATUS_FINAL,35.0,38.0,False,14067,University Stadium (NM)
2024,401628572,2024-11-24 00:00:00+00:00,13,265,Washington State,Pac-12,204,Oregon State,away,False,False,True,STATUS_FINAL,38.0,41.0,False,38008,Reser Stadium
2024,401643773,2024-11-30 23:30:00+00:00,14,265,Washington State,Pac-12,2751,Wyoming,home,False,False,True,STATUS_FINAL,14.0,15.0,False,17088,Martin Stadium
2024,401628457,2024-08-31 16:00:00+00:00,1,277,West Virginia,Big 12,213,Penn State,home,False,False,True,STATUS_FINAL,12.0,34.0,False,62084,Milan Puskar Stadium
2024,401628593,2024-09-07 22:00:00+00:00,2,277,West Virginia,Big 12,399,UAlbany,home,False,False,True,STATUS_FINAL,49.0,14.0,True,50073,Milan Puskar Stadium
2024,401635547,2024-09-14 19:30:00+00:00,3,277,West Virginia,Big 12,221,Pittsburgh,away,False,False,True,STATUS_FINAL,34.0,38.0,False,66087,Acrisure Stadium
2024,401636879,2024-09-21 16:00:00+00:00,4,277,West Virginia,Big 12,2305,Kansas,home,False,False,True,STATUS_FINAL,32.0,28.0,True,52428,Milan Puskar Stadium
2024,401636890,2024-10-05 20:00:00+00:00,6,277,West Virginia,Big 12,197,Oklahoma State,away,False,False,True,STATUS_FINAL,38.0,14.0,True,52202,Boone Pickens Stadium
2024,401636896,2024-10-13 00:00:00+00:00,7,277,West Virginia,Big 12,66,Iowa State,home,False,False,True,STATUS_FINAL,16.0,28.0,False,55202,Milan Puskar Stadium
2024,401636904,2024-10-19 23:30:00+00:00,8,277,West Virginia,Big 12,2306,Kansas State,home,False,False,True,STATUS_FINAL,18.0,45.0,False,54327,Milan Puskar Stadium
2024,401636905,2024-10-26 23:00:00+00:00,9,277,West Virginia,Big 12,12,Arizona,away,False,False,True,STATUS_FINAL,31.0,26.0,True,49888,Casino Del Sol Stadium
2024,401636918,2024-11-09 17:00:00+00:00,11,277,West Virginia,Big 12,2132,Cincinnati,away,False,False,True,STATUS_FINAL,31.0,24.0,True,38007,Nippert Stadium
2024,401636929,2024-11-16 21:00:00+00:00,12,277,West Virginia,Big 12,239,Baylor,home,False,False,True,STATUS_FINAL,35.0,49.0,False,52376,Milan Puskar Stadium
2024,401636937,2024-11-23 20:30:00+00:00,13,277,West Virginia,Big 12,2116,UCF,home,False,False,True,STATUS_FINAL,31.0,21.0,True,40722,Milan Puskar Stadium
2024,401636945,2024-11-30 17:00:00+00:00,14,277,West Virginia,Big 12,2641,Texas Tech,away,False,False,True,STATUS_FINAL,15.0,52.0,False,52785,Galaxy Stadium
2024,401628319,2024-08-31 23:00:00+00:00,1,98,Western Kentucky,Conference USA,333,Alabama,away,False,False,True,STATUS_FINAL,0.0,63.0,False,100077,Bryant-Denny Stadium
2024,401632068,2024-09-07 23:00:00+00:00,2,98,Western Kentucky,Conference USA,2198,Eastern Kentucky,home,False,False,True,STATUS_FINAL,31.0,0.0,True,16712,Houchens Industries-L.T. Smith Stadium
2024,401641024,2024-09-14 23:00:00+00:00,3,98,Western Kentucky,Conference USA,2393,Middle Tennessee,away,False,False,True,STATUS_FINAL,49.0,21.0,True,12227,"Johnny ""Red"" Floyd Stadium"
2024,401641037,2024-09-21 23:00:00+00:00,4,98,Western Kentucky,Conference USA,2649,Toledo,home,False,False,True,STATUS_FINAL,26.0,21.0,True,19127,Houchens Industries-L.T. Smith Stadium
2024,401635560,2024-09-28 16:00:00+00:00,5,98,Western Kentucky,Conference USA,103,Boston College,away,False,False,True,STATUS_FINAL,20.0,21.0,False,41403,"Alumni Stadium (Chestnut Hill, MA)"
2024,401641030,2024-10-11 00:00:00+00:00,7,98,Western Kentucky,Conference USA,2638,UTEP,home,False,False,True,STATUS_FINAL,44.0,17.0,True,12723,Houchens Industries-L.T. Smith Stadium
2024,401641038,2024-10-16 23:00:00+00:00,8,98,Western Kentucky,Conference USA,2534,Sam Houston,away,False,False,True,STATUS_FINAL,31.0,14.0,True,8914,Elliott T. Bowers Stadium
2024,401641020,2024-10-30 23:30:00+00:00,10,98,Western Kentucky,Conference USA,338,Kennesaw State,home,False,False,True,STATUS_FINAL,31.0,14.0,True,14547,Houchens Industries-L.T. Smith Stadium
2024,401641036,2024-11-09 23:00:00+00:00,11,98,Western Kentucky,Conference USA,166,New Mexico State,away,False,False,True,STATUS_FINAL,41.0,28.0,True,12710,Aggie Memorial Stadium
2024,401641013,2024-11-16 17:00:00+00:00,12,98,Western Kentucky,Conference USA,2348,Louisiana Tech,home,False,False,True,STATUS_FINAL,7.0,12.0,False,13312,Houchens Industries-L.T. Smith Stadium
2024,401640996,2024-11-23 18:00:00+00:00,13,98,Western Kentucky,Conference USA,2335,Liberty,away,False,False,True,STATUS_FINAL,21.0,38.0,False,17930,Williams Stadium (VA)
2024,401641006,2024-11-30 21:00:00+00:00,14,98,Western Kentucky,Conference USA,55,Jacksonville State,home,False,False,True,STATUS_FINAL,19.0,17.0,True,6547,Houchens Industries-L.T. Smith Stadium
2024,401673466,2024-12-07 00:00:00+00:00,15,98,Western Kentucky,Conference USA,55,Jacksonville State,away,False,False,True,STATUS_FINAL,12.0,52.0,False,15628,AmFirst Stadium
2024,401628461,2024-08-31 01:00:00+00:00,1,2711,Western Michigan,MAC,275,Wisconsin,away,False,False,True,STATUS_FINAL,14.0,28.0,False,75158,Camp Randall Stadium
2024,401628468,2024-09-07 23:30:00+00:00,2,2711,Western Michigan,MAC,194,Ohio State,away,False,False,True,STATUS_FINAL,0.0,56.0,False,102665,Ohio Stadium
2024,401636364,2024-09-14 22:30:00+00:00,3,2711,Western Michigan,MAC,2065,Bethune-Cookman,home,False,False,True,STATUS_FINAL,59.0,31.0,True,23476,Waldo Stadium
2024,401643794,2024-09-28 19:30:00+00:00,5,2711,Western Michigan,MAC,276,Marshall,away,False,False,True,STATUS_FINAL,20.0,27.0,False,18723,Joan C. Edwards Stadium
2024,401644741,2024-10-05 18:00:00+00:00,6,2711,Western Michigan,MAC,2050,Ball State,away,False,False,True,STATUS_FINAL,45.0,42.0,True,10342,Scheumann Stadium
2024,401644742,2024-10-12 19:30:00+00:00,7,2711,Western Michigan,MAC,2006,Akron,home,False,False,True,STATUS_FINAL,34.0,24.0,True,19507,Waldo Stadium
2024,401644749,2024-10-19 19:30:00+00:00,8,2711,Western Michigan,MAC,2084,Buffalo,away,False,False,True,STATUS_FINAL,48.0,41.0,True,18487,Broadview Stadium
2024,401644756,2024-10-26 19:30:00+00:00,9,2711,Western Michigan,MAC,2309,Kent State,home,False,False,True,STATUS_FINAL,52.0,21.0,True,23537,Waldo Stadium
2024,401644762,2024-11-07 00:00:00+00:00,11,2711,Western Michigan,MAC,2459,Northern Illinois,home,False,False,True,STATUS_FINAL,28.0,42.0,False,10346,Waldo Stadium
2024,401644764,2024-11-13 00:00:00+00:00,12,2711,Western Michigan,MAC,189,Bowling Green,away,False,False,True,STATUS_FINAL,13.0,31.0,False,1156,Doyt L. Perry Stadium
2024,401644770,2024-11-20 00:30:00+00:00,13,2711,Western Michigan,MAC,2117,Central Michigan,away,False,False,True,STATUS_FINAL,14.0,16.0,False,13102,Kelly/Shorts Stadium
2024,401644780,2024-11-30 18:30:00+00:00,14,2711,Western Michigan,MAC,2199,Eastern Michigan,home,False,False,True,STATUS_FINAL,26.0,18.0,True,0,Waldo Stadium
2024,401628461,2024-08-31 01:00:00+00:00,1,275,Wisconsin,Big Ten,2711,Western Michigan,home,False,False,True,STATUS_FINAL,28.0,14.0,True,75158,Camp Randall Stadium
2024,401628474,2024-09-07 19:30:00+00:00,2,275,Wisconsin,Big Ten,233,South Dakota,home,False,False,True,STATUS_FINAL,27.0,13.0,True,76069,Camp Randall Stadium
2024,401628350,2024-09-14 16:00:00+00:00,3,275,Wisconsin,Big Ten,333,Alabama,home,False,False,True,STATUS_FINAL,10.0,42.0,False,76323,Camp Randall Stadium
2024,401628502,2024-09-28 19:30:00+00:00,5,275,Wisconsin,Big Ten,30,USC,away,False,False,True,STATUS_FINAL,21.0,38.0,False,74118,Los Angeles Memorial Coliseum
2024,401628509,2024-10-05 16:00:00+00:00,6,275,Wisconsin,Big Ten,2509,Purdue,home,False,False,True,STATUS_FINAL,52.0,6.0,True,76091,Camp Randall Stadium
2024,401628517,2024-10-12 16:00:00+00:00,7,275,Wisconsin,Big Ten,164,Rutgers,away,False,False,True,STATUS_FINAL,42.0,7.0,True,50111,SHI Stadium
2024,401628522,2024-10-19 16:00:00+00:00,8,275,Wisconsin,Big Ten,77,Northwestern,away,False,False,True,STATUS_FINAL,23.0,3.0,True,12023,Northwestern Medicine Field at Martin Stadium
2024,401628531,2024-10-26 23:30:00+00:00,9,275,Wisconsin,Big Ten,213,Penn State,home,False,False,True,STATUS_FINAL,13.0,28.0,False,76403,Camp Randall Stadium
2024,401628535,2024-11-02 23:30:00+00:00,10,275,Wisconsin,Big Ten,2294,Iowa,away,False,False,True,STATUS_FINAL,10.0,42.0,False,69250,Kinnick Stadium
2024,401628551,2024-11-17 00:30:00+00:00,12,275,Wisconsin,Big Ten,2483,Oregon,home,False,False,True,STATUS_FINAL,13.0,16.0,False,76298,Camp Randall Stadium
2024,401628560,2024-11-23 20:30:00+00:00,13,275,Wisconsin,Big Ten,158,Nebraska,away,False,False,True,STATUS_FINAL,25.0,44.0,False,86923,"Memorial Stadium (Lincoln, NE)"
2024,401628568,2024-11-29 17:00:00+00:00,14,275,Wisconsin,Big Ten,135,Minnesota,home,False,False,True,STATUS_FINAL,7.0,24.0,False,76059,Camp Randall Stadium
2024,401636609,2024-09-01 02:30:00+00:00,1,2751,Wyoming,Mountain West,9,Arizona State,away,False,False,True,STATUS_FINAL,7.0,48.0,False,48108,Mountain America Stadium
2024,401643710,2024-09-07 19:30:00+00:00,2,2751,Wyoming,Mountain West,70,Idaho,home,False,False,True,STATUS_FINAL,13.0,17.0,False,25070,War Memorial Stadium
2024,401636871,2024-09-15 01:00:00+00:00,3,2751,Wyoming,Mountain West,252,BYU,home,False,False,True,STATUS_FINAL,14.0,34.0,False,24513,War Memorial Stadium
2024,401643716,2024-09-21 23:00:00+00:00,4,2751,Wyoming,Mountain West,249,North Texas,away,False,False,True,STATUS_FINAL,17.0,44.0,False,27049,DATCU Stadium
2024,401643718,2024-09-29 00:00:00+00:00,5,2751,Wyoming,Mountain West,2005,Air Force,home,False,False,True,STATUS_FINAL,31.0,19.0,True,23068,War Memorial Stadium
2024,401643732,2024-10-12 19:30:00+00:00,7,2751,Wyoming,Mountain West,21,San Diego State,home,False,False,True,STATUS_FINAL,24.0,27.0,False,23155,War Memorial Stadium
2024,401643738,2024-10-19 20:00:00+00:00,8,2751,Wyoming,Mountain West,23,San José State,away,False,False,True,STATUS_FINAL,14.0,24.0,False,17101,CEFCU Stadium
2024,401643745,2024-10-26 23:00:00+00:00,9,2751,Wyoming,Mountain West,328,Utah State,home,False,False,True,STATUS_FINAL,25.0,27.0,False,17724,War Memorial Stadium
2024,401643750,2024-11-02 20:00:00+00:00,10,2751,Wyoming,Mountain West,167,New Mexico,away,False,False,True,STATUS_FINAL,49.0,45.0,True,15046,University Stadium (NM)
2024,401643759,2024-11-16 01:00:00+00:00,12,2751,Wyoming,Mountain West,36,Colorado State,away,False,False,True,STATUS_FINAL,10.0,24.0,False,36720,Canvas Stadium
2024,401643764,2024-11-24 00:00:00+00:00,13,2751,Wyoming,Mountain West,68,Boise State,home,False,False,True,STATUS_FINAL,13.0,17.0,False,18094,War Memorial Stadium
2024,401643773,2024-11-30 23:30:00+00:00,14,2751,Wyoming,Mountain West,265,Washington State,away,False,False,True,STATUS_FINAL,15.0,14.0,True,17088,Martin Stadium
