team_id,school,mascot,display_name,abbreviation,conference,conference_group_id,is_power,games_played,wins,points_for,points_against,losses,win_pct,points_per_game,points_allowed_per_game,point_margin_per_game,games_scheduled,opponent_win_pct,fumbles_lost,completion_pct,interceptions_thrown,pass_yards_per_game,passer_rating,rush_yards_per_game,yards_per_carry,sacks,tackles_for_loss,total_tackles,interceptions_caught,season,espn_school,institution_name,state,classification,sector,football_revenue,dept_total_revenue,football_expenses,football_spend_per_player,football_nonoperating_spend,football_operating_expenses,football_opexp_per_participant,football_coach_payroll_est,mens_coaching_payroll,avg_head_coach_salary_men,avg_asst_coach_salary_men,recruiting_expenses_men,dept_total_expenses,football_net,football_participants,football_head_coaches,football_assistant_coaches,money_report_year,money_lag_years,log_football_revenue,log_dept_total_revenue,football_share_of_dept,football_margin_usd,spend_to_revenue_ratio,head_coach_pay,head_coach,head_coach_pay_confidence,revshare_cap,football_allocation_est,roster_payroll_est,talent_composite
130,Michigan,Wolverines,Michigan Wolverines,MICH,Big Ten,5,True,13,13,477.0,123.0,0,1.0,36.69230769230769,9.461538461538462,27.230769230769234,13,0.5226824457593688,2.0,73.968,5.0,218.76923,168.6376,161.769,4.266,33.0,73.0,724.0,16.0,2023,Michigan,University of Michigan-Ann Arbor,MI,NCAA Division I-FBS,"Public, 4-year or above",149104336.0,221371145.0,72291729.0,475603.4802631579,63756397.0,8535332.0,56154.0,5545755.0,34752180.0,1404807.0,295782.0,2965947.0,220814081.0,76812607.0,152.0,1.0,14.0,2024.0,0.0,8.173490273053885,8.345121011375747,0.673549102345746,76812607.0,0.4848398842002824,,,,,,,
52,Florida State,Seminoles,Florida State Seminoles,FSU,ACC,1,True,13,13,481.0,207.0,0,1.0,37.0,15.923076923076923,21.076923076923077,13,0.5085470085470085,3.0,61.576,2.0,259.46155,150.69739,156.846,4.666,45.0,96.0,835.0,10.0,2023,Florida State,Florida State University,FL,NCAA Division I-FBS,"Public, 4-year or above",95016739.0,169896350.0,61092937.0,488743.496,47036384.0,14056553.0,112452.0,6169701.0,20983248.0,1440641.0,337790.0,2357890.0,169896350.0,33923802.0,125.0,1.0,14.0,2024.0,0.0,7.977800121235702,8.230184048722569,0.5592629800463635,33923802.0,0.6429702560093122,,,,,,,
2335,Liberty,Flames,Liberty Flames,LIB,Conference USA,12,False,13,13,530.0,295.0,0,1.0,40.76923076923077,22.692307692307693,18.076923076923073,13,0.4368131868131868,11.0,58.423,5.0,212.0,174.48087,302.923,6.134,25.0,76.0,790.0,21.0,2023,Liberty,Liberty University,VA,NCAA Division I-FBS,"Private nonprofit, 4-year or above",27972039.0,69076595.0,27972039.0,239077.2564102564,24039347.0,3932692.0,33613.0,2441280.0,10274160.0,926880.0,151440.0,1160745.0,69076595.0,0.0,117.0,1.0,10.0,2024.0,0.0,7.446724125083466,7.8393309216985925,0.4049423542083972,0.0,1.0,,,,,,,
264,Washington,Huskies,Washington Huskies,WASH,Pac-12,9,False,13,13,490.0,307.0,0,1.0,37.69230769230769,23.615384615384617,14.076923076923077,13,0.5428994082840236,7.0,66.116,10.0,343.84616,163.43002,125.231,4.522,19.0,57.0,836.0,16.0,2023,Washington,University of Washington-Seattle Campus,WA,NCAA Division I-FBS,"Public, 4-year or above",127773249.0,187686516.0,75962361.0,617580.1707317074,54390563.0,21571798.0,175380.0,5206550.0,21663704.0,1362570.0,384398.0,3620674.0,187686516.0,51810888.0,123.0,1.0,10.0,2024.0,0.0,8.106439938112123,8.273433072636546,0.6807801206134595,51810888.0,0.5945091135625736,,,,,,,
61,Georgia,Bulldogs,Georgia Bulldogs,UGA,SEC,8,True,13,12,499.0,216.0,1,0.9230769230769232,38.38461538461539,16.615384615384617,21.76923076923077,13,0.5422008547008547,7.0,71.963,7.0,305.6154,165.94388,177.308,5.077,29.0,68.0,687.0,12.0,2023,Georgia,University of Georgia,GA,NCAA Division I-FBS,"Public, 4-year or above",133656737.0,241843474.0,68931272.0,518280.24060150376,58222917.0,10708355.0,80514.0,6887051.0,31043741.0,2485611.0,440144.0,5069281.0,182882099.0,64725465.0,133.0,1.0,10.0,2024.0,0.0,8.125990854362174,8.38353437270844,0.5526580262405593,64725465.0,0.5157336139367221,,,,,,,
251,Texas,Longhorns,Texas Longhorns,TEX,Big 12,4,True,13,12,470.0,228.0,1,0.9230769230769232,36.15384615384615,17.53846153846154,18.615384615384613,13,0.5729783037475346,7.0,67.824,9.0,286.84616,154.50012,189.077,4.926,32.0,82.0,800.0,16.0,2023,Texas,The University of Texas at Austin,TX,NCAA Division I-FBS,"Public, 4-year or above",200736464.0,320312665.0,61775571.0,510541.9090909091,58601754.0,3173817.0,26230.0,8950540.0,29703382.0,2264952.0,477542.0,4802626.0,237475591.0,138960893.0,121.0,1.0,14.0,2024.0,0.0,8.30262626972504,8.50557411078643,0.6266891257640406,138960893.0,0.30774464075445707,,,,,,,
333,Alabama,Crimson Tide,Alabama Crimson Tide,ALA,SEC,8,True,13,12,456.0,239.0,1,0.9230769230769232,35.07692307692308,18.384615384615383,16.692307692307697,13,0.6121794871794872,4.0,63.576,6.0,228.46153,167.34004,172.692,4.334,38.0,82.0,842.0,12.0,2023,Alabama,The University of Alabama,AL,NCAA Division I-FBS,"Public, 4-year or above",138657460.0,243096720.0,112230118.0,790352.9436619718,99196463.0,13033655.0,91786.0,7673734.0,32336975.0,2459304.0,521443.0,6454846.0,243096720.0,26427342.0,142.0,1.0,10.0,2024.0,0.0,8.141943240301757,8.385779099133297,0.5703798060294685,26427342.0,0.8094055523590292,,,,,,,
194,Ohio State,Buckeyes,Ohio State Buckeyes,OSU,Big Ten,5,True,12,11,394.0,132.0,1,0.9166666666666666,32.833333333333336,11.0,21.833333333333336,12,0.5606060606060607,5.0,65.16,7.0,282.66666,160.03156,142.333,4.291,22.0,62.0,721.0,7.0,2023,Ohio State,Ohio State University-Main Campus,OH,NCAA Division I-FBS,"Public, 4-year or above",111646810.0,262172467.0,78586384.0,654886.5333333333,70064482.0,8521902.0,71016.0,5093871.0,36521751.0,1144731.0,394914.0,3045168.0,262172467.0,33060426.0,120.0,1.0,10.0,2024.0,0.0,8.047846318816422,8.418587080726205,0.42585253622379804,33060426.0,0.703883827939195,,,,,,,
256,James Madison,Dukes,James Madison Dukes,JMU,Sun Belt,37,False,12,11,422.0,222.0,1,0.9166666666666666,35.166666666666664,18.5,16.666666666666664,12,0.492948717948718,4.0,67.848,10.0,287.08334,163.61842,143.167,4.023,45.0,110.0,808.0,13.0,2023,James Madison,James Madison University,VA,NCAA Division I-FCS,"Public, 4-year or above",15874372.0,66110281.0,15874372.0,133398.08403361344,12673003.0,3201369.0,26902.0,1549208.0,4470081.0,372338.0,117687.0,582241.0,66110281.0,0.0,119.0,1.0,10.0,2024.0,0.0,7.200696553344839,7.820269003122091,0.24011956627441955,0.0,1.0,,,,,,,
2483,Oregon,Ducks,Oregon Ducks,ORE,Pac-12,9,False,13,11,574.0,225.0,2,0.8461538461538461,44.15384615384615,17.307692307692307,26.846153846153847,13,0.5459401709401709,2.0,77.119,5.0,342.76923,185.06812,184.615,5.882,34.0,67.0,810.0,11.0,2023,Oregon,University of Oregon,OR,NCAA Division I-FBS,"Public, 4-year or above",109244128.0,150908401.0,53914776.0,417944.0,45300682.0,8614094.0,66776.0,7662713.0,23342996.0,2199507.0,390229.0,2857946.0,148961287.0,55329352.0,129.0,1.0,14.0,2024.0,0.0,8.03839810243208,8.178713417418964,0.7239101817797406,55329352.0,0.4935256199765721,,,,,,,
2567,SMU,Mustangs,SMU Mustangs,SMU,American,151,False,13,11,528.0,226.0,2,0.8461538461538461,40.61538461538461,17.384615384615383,23.23076923076923,13,0.4524572649572649,5.0,59.952,8.0,285.07693,156.09055,181.077,4.492,47.0,95.0,783.0,11.0,2023,SMU,Southern Methodist University,TX,NCAA Division I-FBS,"Private nonprofit, 4-year or above",31960585.0,99506414.0,31960585.0,249692.0703125,24187518.0,7773067.0,60727.0,4760497.0,13445048.0,903488.0,296693.0,1097872.0,99506414.0,0.0,128.0,1.0,13.0,2024.0,0.0,7.5046147199519275,7.997851075469633,0.32119120482022395,0.0,1.0,,,,,,,
2653,Troy,Trojans,Troy Trojans,TROY,Sun Belt,37,False,13,11,405.0,223.0,2,0.8461538461538461,31.153846153846153,17.153846153846153,14.0,13,0.5151515151515151,12.0,61.575,5.0,267.92307,151.85828,158.385,4.476,45.0,97.0,845.0,9.0,2023,Troy,Troy University,AL,NCAA Division I-FBS,"Public, 4-year or above",9718291.0,36937664.0,10125953.0,78495.75968992247,9156519.0,969434.0,7515.0,2974509.0,7093854.0,378909.0,185400.0,401673.0,36937664.0,-407662.0,129.0,1.0,14.0,2024.0,0.0,6.987589899234303,7.567469426459156,0.26309977263315837,-407662.0,1.041947910388771,,,,,,,
2649,Toledo,Rockets,Toledo Rockets,TOL,MAC,15,False,13,11,437.0,268.0,2,0.8461538461538461,33.61538461538461,20.615384615384617,12.999999999999996,13,0.4882478632478633,11.0,63.557,9.0,223.46153,154.46317,202.615,5.216,35.0,72.0,908.0,11.0,2023,Toledo,University of Toledo,OH,NCAA Division I-FBS,"Public, 4-year or above",12031877.0,37298170.0,12031877.0,100265.64166666666,10467750.0,1564127.0,13034.0,1221970.0,3576138.0,327760.0,89421.0,545584.0,37298170.0,0.0,120.0,1.0,10.0,2024.0,0.0,7.08033338354558,7.571687524076821,0.32258625557232434,0.0,1.0,,,,,,,
193,Miami (OH),RedHawks,Miami (OH) RedHawks,M-OH,MAC,15,False,13,11,350.0,210.0,2,0.8461538461538461,26.923076923076923,16.153846153846153,10.76923076923077,13,0.4396367521367521,6.0,56.184,7.0,174.76923,137.33044,156.154,4.403,34.0,71.0,887.0,10.0,2023,Miami (OH),Miami University-Oxford,OH,NCAA Division I-FBS,"Public, 4-year or above",10598976.0,40819194.0,10598977.0,82162.61240310078,9162410.0,1436567.0,11136.0,1386884.0,4375152.0,288906.0,78427.0,649731.0,40819194.0,-1.0,129.0,1.0,14.0,2024.0,0.0,7.02526390875236,7.610864425054028,0.2596566703399386,-1.0,1.000000094348737,,,,,,,
2655,Tulane,Green Wave,Tulane Green Wave,TULN,American,151,False,13,11,349.0,246.0,2,0.8461538461538461,26.846153846153847,18.923076923076923,7.923076923076923,13,0.4941239316239316,10.0,62.248,7.0,222.38461,151.9696,156.769,4.126,34.0,82.0,796.0,17.0,2023,Tulane,Tulane University of Louisiana,LA,NCAA Division I-FBS,"Private nonprofit, 4-year or above",6893919.0,39305494.0,12979136.0,103833.088,11349392.0,1629744.0,13038.0,3698939.0,8800876.0,807800.0,170067.0,1043218.0,39305494.0,-6085217.0,125.0,1.0,17.0,2024.0,0.0,6.838466176365272,7.594453258953569,0.1753932669056392,-6085217.0,1.8826934288029784,,,,,,,
213,Penn State,Nittany Lions,Penn State Nittany Lions,PSU,Big Ten,5,True,12,10,446.0,137.0,2,0.8333333333333334,37.166666666666664,11.416666666666666,25.75,12,0.5699300699300699,5.0,60.753,1.0,204.33333,139.53102,186.667,4.6,49.0,102.0,653.0,12.0,2023,Penn State,Pennsylvania State University-Main Campus,PA,NCAA Division I-FBS,"Public, 4-year or above",120244417.0,220283390.0,61584152.0,481126.1875,43680556.0,17903596.0,139872.0,3882615.0,29325894.0,1161885.0,272073.0,3926554.0,199046216.0,58660265.0,128.0,1.0,10.0,2024.0,0.0,8.080064921034387,8.3429817513346,0.5458623866284245,58660265.0,0.5121580987830812,,,,,,,
201,Oklahoma,Sooners,Oklahoma Sooners,OU,Big 12,4,True,12,10,518.0,267.0,2,0.8333333333333334,43.166666666666664,22.25,20.916666666666664,12,0.5662393162393162,8.0,69.608,6.0,321.83334,172.06276,180.583,4.45,19.0,88.0,850.0,19.0,2023,Oklahoma,University of Oklahoma-Norman Campus,OK,NCAA Division I-FBS,"Public, 4-year or above",124879959.0,188933196.0,65814050.0,522333.7301587302,58465795.0,7348255.0,58319.0,5590911.0,23031672.0,1486335.0,293184.0,4937958.0,188623620.0,59065909.0,126.0,1.0,14.0,2024.0,0.0,8.096492747468865,8.276308271172288,0.6609741519431027,59065909.0,0.5270185106322784,,,,,,,
145,Ole Miss,Rebels,Ole Miss Rebels,MISS,SEC,8,True,12,10,418.0,268.0,2,0.8333333333333334,34.833333333333336,22.333333333333332,12.500000000000004,12,0.5553613053613055,1.0,65.156,6.0,276.58334,162.23422,179.0,4.402,34.0,77.0,883.0,12.0,2023,Ole Miss,University of Mississippi,MS,NCAA Division I-FBS,"Public, 4-year or above",75260713.0,145401658.0,57122596.0,449784.22047244094,49383666.0,7738930.0,60936.0,8777227.0,28685002.0,2782637.0,428185.0,2663873.0,145401658.0,18138117.0,127.0,1.0,14.0,2024.0,0.0,7.8765683283938746,8.162569358766111,0.5176056039195922,18138117.0,0.7589962109447461,,,,,,,
142,Missouri,Tigers,Missouri Tigers,MIZ,SEC,8,True,12,10,409.0,268.0,2,0.8333333333333334,34.083333333333336,22.333333333333332,11.750000000000004,12,0.546037296037296,2.0,65.833,7.0,273.5,158.69447,169.417,4.589,35.0,78.0,756.0,9.0,2023,Missouri,University of Missouri-Columbia,MO,NCAA Division I-FBS,"Public, 4-year or above",52195922.0,157734870.0,52195922.0,431371.2561983471,47698851.0,4497071.0,37166.0,4280436.0,21784454.0,1874966.0,240547.0,2526096.0,157734870.0,0.0,121.0,1.0,10.0,2024.0,0.0,7.717636573460491,8.197927712191026,0.3309092149376989,0.0,1.0,,,,,,,
97,Louisville,Cardinals,Louisville Cardinals,LOU,ACC,1,True,13,10,402.0,256.0,3,0.7692307692307693,30.923076923076923,19.692307692307693,11.23076923076923,13,0.5416666666666666,5.0,63.969,12.0,244.0,146.2274,175.308,4.67,34.0,83.0,717.0,12.0,2023,Louisville,University of Louisville,KY,NCAA Division I-FBS,"Public, 4-year or above",37682973.0,165168798.0,37682973.0,327678.0260869565,31363591.0,6319382.0,54951.0,3954177.0,19786893.0,1320727.0,263345.0,2175799.0,165168798.0,0.0,115.0,1.0,10.0,2024.0,0.0,7.576145159156944,8.217928008261069,0.22814825473271289,0.0,1.0,,,,,,,
2294,Iowa,Hawkeyes,Iowa Hawkeyes,IOWA,Big Ten,5,True,13,10,216.0,172.0,3,0.7692307692307693,16.615384615384617,13.23076923076923,3.384615384615387,13,0.5256410256410257,10.0,49.845,9.0,123.15385,95.10684,117.077,3.382,27.0,69.0,883.0,10.0,2023,Iowa,University of Iowa,IA,NCAA Division I-FBS,"Public, 4-year or above",91827582.0,173213951.0,55519658.0,430384.94573643414,48791054.0,6728604.0,52160.0,8649481.0,24196445.0,2076495.0,469499.0,1474938.0,150493777.0,36307924.0,129.0,1.0,14.0,2024.0,0.0,7.962973148643655,8.238582868041114,0.5301396421585003,36307924.0,0.6046076439211914,,,,,,,
87,Notre Dame,Fighting Irish,Notre Dame Fighting Irish,ND,FBS Independents,18,False,12,9,469.0,199.0,3,0.75,39.083333333333336,16.583333333333332,22.500000000000004,12,0.5396270396270396,8.0,63.855,9.0,247.75,161.48633,181.5,5.325,27.0,67.0,736.0,15.0,2023,Notre Dame,University of Notre Dame,IN,NCAA Division I-FBS,"Private nonprofit, 4-year or above",150214795.0,234746127.0,68796341.0,554809.2016129033,47128886.0,21667455.0,174738.0,5259182.0,25765326.0,1142426.0,294054.0,3293015.0,209049397.0,81418454.0,124.0,1.0,14.0,2024.0,0.0,8.176712709435286,8.37059843571385,0.6399031878383238,81418454.0,0.457986452000284,,,,,,,
99,LSU,Tigers,LSU Tigers,LSU,SEC,8,True,12,9,557.0,333.0,3,0.75,46.416666666666664,27.75,18.666666666666664,12,0.6217948717948718,3.0,69.672,4.0,334.25,196.5088,213.5,6.326,26.0,65.0,884.0,10.0,2023,LSU,Louisiana State University and Agricultural & Mechanical College,LA,NCAA Division I-FBS,"Public, 4-year or above",107950137.0,220281227.0,58303320.0,498318.9743589744,52527049.0,5776271.0,49370.0,6979059.0,31491085.0,2011429.0,496763.0,4089873.0,218545643.0,49646817.0,117.0,1.0,10.0,2024.0,0.0,8.033223197835662,8.342977486902422,0.4900560000966401,49646817.0,0.5400949143769961,,,,,,,
12,Arizona,Wildcats,Arizona Wildcats,ARIZ,Pac-12,9,False,12,9,412.0,250.0,3,0.75,34.333333333333336,20.833333333333332,13.500000000000004,12,0.4924242424242424,3.0,72.3,10.0,304.5,165.99083,148.917,4.804,31.0,69.0,757.0,6.0,2023,Arizona,University of Arizona,AZ,NCAA Division I-FBS,"Public, 4-year or above",37131453.0,138959027.0,37131453.0,328596.9292035398,30876131.0,6255322.0,55357.0,3743548.0,18665694.0,1196728.0,254682.0,2460752.0,138959027.0,0.0,113.0,1.0,10.0,2024.0,0.0,7.5697419440426295,8.142886764491934,0.2672115212781391,0.0,1.0,,,,,,,
235,Memphis,Tigers,Memphis Tigers,MEM,American,151,False,12,9,476.0,348.0,3,0.75,39.666666666666664,29.0,10.666666666666664,12,0.5279720279720279,5.0,66.443,10.0,301.66666,151.40158,150.833,4.559,21.0,66.0,744.0,11.0,2023,Memphis,University of Memphis,TN,NCAA Division I-FBS,"Public, 4-year or above",22107916.0,62737618.0,22107916.0,133987.3696969697,19502283.0,2605633.0,15792.0,3068545.0,9273640.0,790059.0,162749.0,1052981.0,62737618.0,0.0,165.0,1.0,14.0,2024.0,0.0,7.344547805791871,7.79752802553332,0.3523869203959895,0.0,1.0,,,,,,,
195,Ohio,Bobcats,Ohio Bobcats,OHIO,MAC,15,False,12,9,275.0,185.0,3,0.75,22.916666666666668,15.416666666666666,7.500000000000002,12,0.4026806526806527,4.0,62.125,9.0,210.58333,128.55113,137.083,3.747,31.0,87.0,740.0,12.0,2023,Ohio,Ohio University-Main Campus,OH,NCAA Division I-FBS,"Public, 4-year or above",11443834.0,32958838.0,11443834.0,90108.92913385828,8794991.0,2648843.0,20857.0,1339632.0,3693476.0,291004.0,74902.0,641309.0,32958838.0,0.0,127.0,1.0,14.0,2024.0,0.0,7.058571549464676,7.517971891766466,0.3472159425037982,0.0,1.0,,,,,,,
152,NC State,Wolfpack,NC State Wolfpack,NCSU,ACC,1,True,12,9,322.0,242.0,3,0.75,26.833333333333332,20.166666666666668,6.666666666666664,12,0.532051282051282,3.0,60.0,11.0,196.41667,128.1939,149.917,4.043,33.0,71.0,745.0,17.0,2023,NC State,North Carolina State University at Raleigh,NC,NCAA Division I-FBS,"Public, 4-year or above",77855260.0,133227278.0,36498949.0,285148.0390625,31000245.0,5498704.0,42959.0,3493982.0,21059008.0,1141302.0,235268.0,2393323.0,124901094.0,41356311.0,128.0,1.0,10.0,2024.0,0.0,7.891287959380761,8.124593154804273,0.5843792740402607,41356311.0,0.4688051777105362,,,,,,,
166,New Mexico State,Aggies,New Mexico State Aggies,NMSU,Conference USA,12,False,14,10,402.0,305.0,4,0.7142857142857143,28.714285714285715,21.785714285714285,6.928571428571431,14,0.4718934911242604,5.0,60.87,9.0,224.85715,152.94029,203.786,5.811,31.0,75.0,876.0,6.0,2023,New Mexico State,New Mexico State University-Main Campus,NM,NCAA Division I-FBS,"Public, 4-year or above",12576528.0,38923972.0,12576528.0,92474.4705882353,10247189.0,2329339.0,17127.0,1441910.0,3304624.0,226720.0,121519.0,531249.0,38923972.0,0.0,136.0,1.0,10.0,2024.0,0.0,7.099560762050364,7.590217151474637,0.32310494930990086,0.0,1.0,,,,,,,
2439,UNLV,Rebels,UNLV Rebels,UNLV,Mountain West,17,False,13,9,446.0,351.0,4,0.6923076923076923,34.30769230769231,27.0,7.307692307692307,13,0.4930555555555556,7.0,61.518,10.0,235.23077,138.22913,179.538,4.541,25.0,68.0,907.0,14.0,2023,UNLV,University of Nevada-Las Vegas,NV,NCAA Division I-FBS,"Public, 4-year or above",19389498.0,65376772.0,19389498.0,176268.16363636364,15279017.0,4110481.0,37368.0,1905696.0,7578032.0,465236.0,144046.0,1088887.0,65376772.0,0.0,110.0,1.0,10.0,2024.0,0.0,7.287566565208043,7.8154234733383126,0.2965808406692212,0.0,1.0,,,,,,,
197,Oklahoma State,Cowboys,Oklahoma State Cowboys,OKST,Big 12,4,True,13,9,383.0,377.0,4,0.6923076923076923,29.46153846153846,29.0,0.4615384615384599,13,0.5491452991452991,5.0,59.423,14.0,264.23077,119.68324,156.923,4.857,25.0,80.0,846.0,12.0,2023,Oklahoma State,Oklahoma State University-Main Campus,OK,NCAA Division I-FBS,"Public, 4-year or above",66900325.0,131559155.0,33952496.0,267342.48818897636,27330576.0,6621920.0,52141.0,4381820.0,20475364.0,1698300.0,268352.0,1742483.0,130346189.0,32947829.0,127.0,1.0,10.0,2024.0,0.0,7.825428227563993,8.119121075360816,0.508518962439368,32947829.0,0.5075086854959224,,,,,,,
2306,Kansas State,Wildcats,Kansas State Wildcats,KSU,Big 12,4,True,12,8,454.0,254.0,4,0.6666666666666666,37.833333333333336,21.166666666666668,16.666666666666668,12,0.594988344988345,2.0,61.772,10.0,246.41667,142.9828,199.667,4.86,24.0,73.0,664.0,12.0,2023,Kansas State,Kansas State University,KS,NCAA Division I-FBS,"Public, 4-year or above",40378631.0,106312406.0,16697101.0,134654.04032258064,11219269.0,5477832.0,44176.0,5340426.0,15278280.0,1532476.0,380795.0,1383037.0,87502697.0,23681530.0,124.0,1.0,10.0,2024.0,0.0,7.606151590505975,8.026583946959473,0.379811091849431,23681530.0,0.41351330113197743,,,,,,,
204,Oregon State,Beavers,Oregon State Beavers,ORST,Pac-12,9,False,12,8,406.0,258.0,4,0.6666666666666666,33.833333333333336,21.5,12.333333333333336,12,0.5693473193473193,5.0,58.239,7.0,246.08333,148.1661,180.833,5.058,36.0,71.0,766.0,12.0,2023,Oregon State,Oregon State University,OR,NCAA Division I-FBS,"Public, 4-year or above",47424861.0,120225018.0,25813332.0,203254.58267716537,21039072.0,4774260.0,37593.0,3474882.0,12910224.0,1046382.0,242850.0,1452949.0,112813895.0,21611529.0,127.0,1.0,10.0,2024.0,0.0,7.676006066666204,8.079994850768095,0.3944674892874626,21611529.0,0.5442995816055212,,,,,,,
2005,Air Force,Falcons,Air Force Falcons,AFA,Mountain West,17,False,12,8,331.0,215.0,4,0.6666666666666666,27.583333333333332,17.916666666666668,9.666666666666664,12,0.4871794871794872,11.0,52.0,6.0,88.333336,148.84001,275.75,5.044,26.0,59.0,677.0,9.0,2023,,,,,,,,,,,,,,,,,,,,,,,,,,,,,,,,,,,,
153,North Carolina,Tar Heels,North Carolina Tar Heels,UNC,ACC,1,True,12,8,439.0,325.0,4,0.6666666666666666,36.583333333333336,27.083333333333332,9.500000000000004,12,0.4916666666666667,5.0,63.279,9.0,306.83334,149.5993,197.083,5.175,27.0,70.0,824.0,12.0,2023,North Carolina,University of North Carolina at Chapel Hill,NC,NCAA Division I-FBS,"Public, 4-year or above",66848688.0,157614732.0,40068730.0,315501.81102362205,32325567.0,7743163.0,60970.0,3517061.0,19762961.0,813531.0,270353.0,2332231.0,149062850.0,26779958.0,127.0,1.0,10.0,2024.0,0.0,7.825092888038516,8.197596807869852,0.42412715582957056,26779958.0,0.5993944114505284,,,,,,,
55,Jacksonville State,Gamecocks,Jacksonville State Gamecocks,JVST,Conference USA,12,False,12,8,358.0,244.0,4,0.6666666666666666,29.833333333333332,20.333333333333332,9.5,12,0.474025974025974,7.0,51.429,9.0,165.58333,110.22601,232.25,4.864,36.0,85.0,885.0,16.0,2023,Jacksonville State,Jacksonville State University,AL,NCAA Division I-FBS,"Public, 4-year or above",12388628.0,29060404.0,12388628.0,86032.13888888889,10940337.0,1448291.0,10058.0,1168704.0,3236928.0,269824.0,89888.0,515204.0,29060404.0,0.0,144.0,1.0,10.0,2024.0,0.0,7.093023212346823,7.463301647599686,0.4263061174235568,0.0,1.0,,,,,,,
2633,Tennessee,Volunteers,Tennessee Volunteers,TENN,SEC,8,True,12,8,378.0,264.0,4,0.6666666666666666,31.5,22.0,9.5,12,0.5466200466200466,7.0,64.103,5.0,250.91667,144.16463,202.583,5.589,36.0,93.0,801.0,10.0,2023,Tennessee,The University of Tennessee-Knoxville,TN,NCAA Division I-FBS,"Public, 4-year or above",143399351.0,204906178.0,56987228.0,452279.5873015873,50957750.0,6029478.0,47853.0,5351480.0,26874698.0,2238050.0,311343.0,3359080.0,204906178.0,86412123.0,126.0,1.0,10.0,2024.0,0.0,8.15654718579652,8.3115550527441,0.6998293189578696,86412123.0,0.39740227276202944,,,,,,,
228,Clemson,Tigers,Clemson Tigers,CLEM,ACC,1,True,12,8,350.0,239.0,4,0.6666666666666666,29.166666666666668,19.916666666666668,9.25,12,0.5833333333333334,13.0,62.818,8.0,225.41667,126.839294,180.25,4.46,30.0,88.0,607.0,14.0,2023,Clemson,Clemson University,SC,NCAA Division I-FBS,"Public, 4-year or above",87272466.0,171016070.0,67787017.0,498433.94852941175,60874470.0,6912547.0,50828.0,5261425.0,22571535.0,1696815.0,356461.0,3737556.0,171016070.0,19485449.0,136.0,1.0,10.0,2024.0,0.0,7.940877247710292,8.233036921996879,0.5103173403528686,19485449.0,0.7767285617894651,,,,,,,
2305,Kansas,Jayhawks,Kansas Jayhawks,KU,Big 12,4,True,12,8,403.0,309.0,4,0.6666666666666666,33.583333333333336,25.75,7.833333333333336,12,0.5407925407925408,6.0,63.958,8.0,222.66667,158.60619,211.333,5.513,25.0,70.0,721.0,12.0,2023,Kansas,University of Kansas,KS,NCAA Division I-FBS,"Public, 4-year or above",39365810.0,215031889.0,31326379.0,265477.78813559323,27122022.0,4204357.0,35630.0,4252949.0,12290585.0,801349.0,345160.0,1751293.0,156040840.0,8039431.0,118.0,1.0,10.0,2024.0,0.0,7.595119192013557,8.332502870100585,0.1830696376387225,8039431.0,0.7957763094421276,,,,,,,
2636,UTSA,Roadrunners,UTSA Roadrunners,UTSA,American,151,False,12,8,380.0,296.0,4,0.6666666666666666,31.666666666666668,24.666666666666668,7.0,12,0.4524572649572649,7.0,64.578,12.0,249.75,137.74796,174.833,4.417,40.0,90.0,776.0,9.0,2023,UTSA,The University of Texas at San Antonio,TX,NCAA Division I-FBS,"Public, 4-year or above",17814255.0,48689117.0,17814255.0,154906.5652173913,14150358.0,3663897.0,31860.0,2671176.0,5183874.0,261580.0,172114.0,705368.0,48689117.0,0.0,115.0,1.0,14.0,2024.0,0.0,7.250767664680051,7.687431898482949,0.3658775532938911,0.0,1.0,,,,,,,
278,Fresno State,Bulldogs,Fresno State Bulldogs,FRES,Mountain West,17,False,12,8,359.0,295.0,4,0.6666666666666666,29.916666666666668,24.583333333333332,5.333333333333336,12,0.4143356643356643,1.0,64.017,11.0,274.08334,135.16518,104.333,3.672,26.0,65.0,766.0,16.0,2023,Fresno State,California State University-Fresno,CA,NCAA Division I-FBS,"Public, 4-year or above",18792911.0,55761420.0,18792911.0,167793.8482142857,15672188.0,3120723.0,27864.0,2889978.0,6051864.0,557193.0,155519.0,593757.0,55761420.0,0.0,112.0,1.0,15.0,2024.0,0.0,7.2739940570200465,7.7463338248157765,0.3370235370620045,0.0,1.0,,,,,,,
254,Utah,Utes,Utah Utes,UTAH,Pac-12,9,False,12,8,294.0,237.0,4,0.6666666666666666,24.5,19.75,4.75,12,0.5617715617715618,1.0,57.325,9.0,173.58333,123.082924,186.25,4.374,33.0,69.0,688.0,8.0,2023,Utah,University of Utah,UT,NCAA Division I-FBS,"Public, 4-year or above",72804610.0,111749094.0,43371848.0,341510.6141732283,36189306.0,7182542.0,56555.0,4786378.0,20383852.0,1126128.0,366025.0,1979263.0,111749094.0,29432762.0,127.0,1.0,10.0,2024.0,0.0,7.862158879782456,8.048244010798197,0.651500673464073,29432762.0,0.5957294187826843,,,,,,,
277,West Virginia,Mountaineers,West Virginia Mountaineers,WVU,Big 12,4,True,12,8,379.0,330.0,4,0.6666666666666666,31.583333333333332,27.5,4.083333333333332,12,0.4796037296037296,6.0,53.896,7.0,203.83333,134.27708,234.333,5.256,26.0,73.0,750.0,9.0,2023,West Virginia,West Virginia University,WV,NCAA Division I-FBS,"Public, 4-year or above",44818776.0,106013297.0,23220348.0,200175.41379310345,18297192.0,4923156.0,42441.0,2564528.0,7914266.0,382478.0,218205.0,1286773.0,106013297.0,21598428.0,116.0,1.0,10.0,2024.0,0.0,7.651459991786181,8.02536034122279,0.4227656083557141,21598428.0,0.5180942023048555,,,,,,,
2751,Wyoming,Cowboys,Wyoming Cowboys,WYO,Mountain West,17,False,12,8,313.0,275.0,4,0.6666666666666666,26.083333333333332,22.916666666666668,3.1666666666666643,12,0.5365384615384615,5.0,60.65,6.0,167.25,141.00272,157.5,4.426,24.0,58.0,811.0,10.0,2023,Wyoming,University of Wyoming,WY,NCAA Division I-FBS,"Public, 4-year or above",18588805.0,53042120.0,15712482.0,135452.43103448275,14255850.0,1456632.0,12557.0,1781506.0,6028452.0,502130.0,91384.0,834487.0,53042120.0,2876323.0,116.0,1.0,14.0,2024.0,0.0,7.2692514716122885,7.724620873728201,0.35045365833793973,2876323.0,0.8452658468363082,,,,,,,
68,Boise State,Broncos,Boise State Broncos,BOIS,Mountain West,17,False,13,8,428.0,323.0,5,0.6153846153846154,32.92307692307692,24.846153846153847,8.076923076923073,13,0.5924145299145299,8.0,58.12,12.0,229.3077,141.42662,214.846,5.34,36.0,80.5,784.0,11.0,2023,Boise State,Boise State University,ID,NCAA Division I-FBS,"Public, 4-year or above",26458436.0,59885466.0,20475343.0,179608.27192982455,17950970.0,2524373.0,22144.0,3054919.0,7883309.0,591157.0,175983.0,739398.0,59885465.0,5983093.0,114.0,1.0,14.0,2024.0,0.0,7.422564168776476,7.777321433376074,0.44181731841245087,5983093.0,0.7738682286435978,,,,,,,
2026,App State,Mountaineers,App State Mountaineers,APP,Sun Belt,37,False,13,8,452.0,369.0,5,0.6153846153846154,34.76923076923077,28.384615384615383,6.384615384615383,13,0.5219017094017094,10.0,64.091,9.0,278.3846,154.591,171.923,4.533,33.0,80.0,875.0,15.0,2023,App State,Appalachian State University,NC,NCAA Division I-FBS,"Public, 4-year or above",12186327.0,43110256.0,12186327.0,105968.06086956522,9450478.0,2735849.0,23790.0,1584671.0,5049642.0,346231.0,123844.0,609765.0,43110256.0,0.0,115.0,1.0,10.0,2024.0,0.0,7.085872827521439,7.6345806018160145,0.2826781404406413,0.0,1.0,,,,,,,
245,Texas A&M,Aggies,Texas A&M Aggies,TA&M,SEC,8,True,12,7,410.0,256.0,5,0.5833333333333334,34.166666666666664,21.333333333333332,12.833333333333332,12,0.5384615384615384,4.0,64.706,9.0,262.33334,147.98615,141.417,3.937,42.0,96.0,720.0,7.0,2023,Texas A&M,Texas A & M University-College Station,TX,NCAA Division I-FBS,"Public, 4-year or above",122362503.0,231773287.0,82167511.0,574597.979020979,72059903.0,10107608.0,70683.0,6694805.0,31370033.0,2507345.0,418746.0,5325502.0,223847369.0,40194992.0,143.0,1.0,10.0,2024.0,0.0,8.087648352163328,8.365063379957935,0.5279404912611866,40194992.0,0.6715089098823027,,,,,,,
2390,Miami,Hurricanes,Miami Hurricanes,MIA,ACC,1,True,12,7,385.0,265.0,5,0.5833333333333334,32.083333333333336,22.083333333333332,10.000000000000004,12,0.6165501165501165,8.0,64.938,13.0,264.41666,142.25792,176.75,5.199,34.0,78.0,634.0,12.0,2023,Miami,University of Miami,FL,NCAA Division I-FBS,"Private nonprofit, 4-year or above",78100432.0,182459468.0,78100431.0,619844.6904761905,72697902.0,5402529.0,42877.0,5832619.0,21831129.0,2071309.0,376131.0,5596372.0,182459468.0,1.0,126.0,1.0,10.0,2024.0,0.0,7.892653436114141,8.261166404250229,0.4280426379408275,1.0,0.9999999871959735,,,,,,,
150,Duke,Blue Devils,Duke Blue Devils,DUKE,ACC,1,True,12,7,333.0,237.0,5,0.5833333333333334,27.75,19.75,8.0,12,0.5699300699300699,6.0,55.183,7.0,180.66667,120.52437,168.917,4.944,27.0,76.0,820.0,9.0,2023,Duke,Duke University,NC,NCAA Division I-FBS,"Private nonprofit, 4-year or above",68359472.0,166864316.0,44119045.0,377085.8547008547,38900346.0,5218699.0,44604.0,2677901.0,18584214.0,835071.0,184283.0,3446592.0,166757447.0,24240427.0,117.0,1.0,10.0,2024.0,0.0,7.834798699625469,8.222363472561614,0.4096710047940987,24240427.0,0.6453976853419816,,,,,,,
26,UCLA,Bruins,UCLA Bruins,UCLA,Pac-12,9,False,12,7,309.0,217.0,5,0.5833333333333334,25.75,18.083333333333332,7.666666666666668,12,0.4848484848484848,8.0,57.068,14.0,229.08333,128.32576,191.083,4.67,41.0,99.0,746.0,14.0,2023,UCLA,University of California-Los Angeles,CA,NCAA Division I-FBS,"Public, 4-year or above",45783508.0,170897220.0,45783508.0,360500.062992126,38879553.0,6903955.0,54362.0,3599579.0,20250369.0,1350349.0,224923.0,1936519.0,170897220.0,0.0,127.0,1.0,10.0,2024.0,0.0,7.660709065898035,8.232734998071939,0.26790083536759696,0.0,1.0,,,,,,,
23,San José State,Spartans,San José State Spartans,SJSU,Mountain West,17,False,12,7,400.0,309.0,5,0.5833333333333334,33.333333333333336,25.75,7.583333333333336,12,0.5716783216783217,4.0,61.85,4.0,219.83333,142.65474,186.167,5.53,21.0,62.0,751.0,12.0,2023,San José State,San Jose State University,CA,NCAA Division I-FBS,"Public, 4-year or above",8889840.0,30593724.0,8889840.0,81558.16513761468,7354840.0,1535000.0,14083.0,2265890.0,7192350.0,295690.0,197020.0,412187.0,30593724.0,0.0,109.0,1.0,10.0,2024.0,0.0,6.948893944576241,7.485632344399307,0.2905772438817844,0.0,1.0,,,,,,,
30,USC,Trojans,USC Trojans,USC,Pac-12,9,False,12,7,502.0,419.0,5,0.5833333333333334,41.833333333333336,34.916666666666664,6.916666666666671,12,0.5566239316239316,11.0,67.991,5.0,329.75,167.21486,138.833,4.857,27.0,80.0,802.0,7.0,2023,USC,University of Southern California,CA,NCAA Division I-FBS,"Private nonprofit, 4-year or above",74868267.0,242378198.0,74868267.0,662551.0353982301,70390035.0,4478232.0,39630.0,5896533.0,28626625.0,1773757.0,294484.0,5119176.0,242378198.0,0.0,113.0,1.0,14.0,2024.0,0.0,7.874297780489495,8.384493552317151,0.30889026990785695,0.0,1.0,,,,,,,
120,Maryland,Terrapins,Maryland Terrapins,MD,Big Ten,5,True,12,7,355.0,279.0,5,0.5833333333333334,29.583333333333332,23.25,6.333333333333332,12,0.5227272727272727,8.0,65.854,12.0,284.83334,142.48827,108.917,3.745,31.0,61.5,770.0,15.0,2023,Maryland,University of Maryland-College Park,MD,NCAA Division I-FBS,"Public, 4-year or above",65913616.0,132764504.0,37007117.0,313619.63559322036,32395984.0,4611133.0,39077.0,3932042.0,20234406.0,1492492.0,243955.0,2419826.0,132764504.0,28906499.0,118.0,1.0,10.0,2024.0,0.0,7.818975137550804,8.123081977309681,0.4964701709728076,28906499.0,0.5614487452789724,,,,,,,
66,Iowa State,Cyclones,Iowa State Cyclones,ISU,Big 12,4,True,12,7,315.0,260.0,5,0.5833333333333334,26.25,21.666666666666668,4.583333333333332,12,0.6031468531468532,3.0,64.223,8.0,228.25,146.35464,129.917,4.307,21.0,63.0,803.0,16.0,2023,Iowa State,Iowa State University,IA,NCAA Division I-FBS,"Public, 4-year or above",56607092.0,100543747.0,30019709.0,215969.1294964029,24348419.0,5671290.0,40801.0,5159363.0,16114555.0,1701413.0,345795.0,1088663.0,100471526.0,26587383.0,139.0,1.0,10.0,2024.0,0.0,7.7528708450313495,8.002355066202387,0.5630095723406847,26587383.0,0.5303171023164377,,,,,,,
275,Wisconsin,Badgers,Wisconsin Badgers,WIS,Big Ten,5,True,12,7,274.0,227.0,5,0.5833333333333334,22.833333333333332,18.916666666666668,3.916666666666664,12,0.4807692307692308,11.0,59.207,5.0,206.91667,113.95574,163.917,4.683,29.0,75.0,765.0,12.0,2023,Wisconsin,University of Wisconsin-Madison,WI,NCAA Division I-FBS,"Public, 4-year or above",106732837.0,183762847.0,42297448.0,341108.4516129032,35240988.0,7056460.0,56907.0,4306163.0,22247375.0,1332698.0,198231.0,2012068.0,172873023.0,64435389.0,124.0,1.0,15.0,2024.0,0.0,8.02829805329464,8.264257710674192,0.5808183685791503,64435389.0,0.3962927360396126,,,,,,,
96,Kentucky,Wildcats,Kentucky Wildcats,UK,SEC,8,True,12,7,343.0,298.0,5,0.5833333333333334,28.583333333333332,24.833333333333332,3.75,12,0.5483682983682984,6.0,56.196,10.0,203.75,131.49161,130.667,4.962,27.0,73.0,789.0,10.0,2023,Kentucky,University of Kentucky,KY,NCAA Division I-FBS,"Public, 4-year or above",46617232.0,193967575.0,46617232.0,385266.3801652893,40873472.0,5743760.0,47469.0,7237264.0,32682376.0,2592260.0,331786.0,2790829.0,193915782.0,0.0,121.0,1.0,14.0,2024.0,0.0,7.668546482766397,8.287729136241909,0.24033517973300433,0.0,1.0,,,,,,,
324,Coastal Carolina,Chanticleers,Coastal Carolina Chanticleers,CCU,Sun Belt,37,False,12,7,336.0,296.0,5,0.5833333333333334,28.0,24.666666666666668,3.333333333333332,12,0.575,8.0,67.109,9.0,266.83334,152.05815,156.083,4.407,20.0,56.0,818.0,14.0,2023,Coastal Carolina,Coastal Carolina University,SC,NCAA Division I-FBS,"Public, 4-year or above",17343575.0,43509290.0,17343575.0,143335.3305785124,13781395.0,3562180.0,29440.0,1947110.0,6649822.0,429730.0,151738.0,865301.0,43509290.0,0.0,121.0,1.0,10.0,2024.0,0.0,7.239138622710215,7.6385819963794095,0.39861774347501416,0.0,1.0,,,,,,,
189,Bowling Green,Falcons,Bowling Green Falcons,BGSU,MAC,15,False,12,7,316.0,282.0,5,0.5833333333333334,26.333333333333332,23.5,2.833333333333332,12,0.5553613053613053,5.0,60.188,14.0,186.08333,126.76172,142.167,4.181,33.0,64.0,773.0,16.0,2023,Bowling Green,Bowling Green State University-Main Campus,OH,NCAA Division I-FBS,"Public, 4-year or above",10099082.0,32044229.0,10099082.0,93510.01851851853,8457681.0,1641401.0,15198.0,1007482.0,3185294.0,218282.0,78920.0,623303.0,31864946.0,0.0,108.0,1.0,10.0,2024.0,0.0,7.004281898490185,7.505749826705739,0.315160711153325,0.0,1.0,,,,,,,
326,Texas State,Bobcats,Texas State Bobcats,TXST,Sun Belt,37,False,12,7,432.0,406.0,5,0.5833333333333334,36.0,33.833333333333336,2.1666666666666643,12,0.4481351981351981,14.0,68.0,9.0,280.83334,154.06999,190.917,4.704,34.0,101.0,874.0,6.0,2023,Texas State,Texas State University,TX,NCAA Division I-FBS,"Public, 4-year or above",14291224.0,46310998.0,14291224.0,119093.53333333334,9363128.0,4928096.0,41067.0,1563785.0,4212655.0,361695.0,120209.0,681719.0,46310998.0,0.0,120.0,1.0,10.0,2024.0,0.0,7.155069426389378,7.665684140122003,0.3085924427713693,0.0,1.0,,,,,,,
98,Western Kentucky,Hilltoppers,Western Kentucky Hilltoppers,WKU,Conference USA,12,False,12,7,358.0,338.0,5,0.5833333333333334,29.833333333333332,28.166666666666668,1.6666666666666643,12,0.5509490509490509,6.0,62.112,12.0,287.91666,139.77577,108.083,4.028,24.0,48.0,738.0,14.0,2023,Western Kentucky,Western Kentucky University,KY,NCAA Division I-FBS,"Public, 4-year or above",11025519.0,36875120.0,11025519.0,94235.20512820513,8603483.0,2422036.0,20701.0,1592814.0,4799846.0,462734.0,113008.0,452574.0,36875120.0,0.0,117.0,1.0,10.0,2024.0,0.0,7.042399041997561,7.566733442281217,0.2989961524193006,0.0,1.0,,,,,,,
77,Northwestern,Wildcats,Northwestern Wildcats,NU,Big Ten,5,True,12,7,273.0,286.0,5,0.5833333333333334,22.75,23.833333333333332,-1.083333333333332,12,0.5168997668997669,1.0,62.0,8.0,200.08333,132.02342,105.0,2.951,25.0,58.0,824.0,11.0,2023,Northwestern,Northwestern University,IL,NCAA Division I-FBS,"Private nonprofit, 4-year or above",74048991.0,124080838.0,39114872.0,379756.03883495147,34427714.0,4687158.0,45506.0,3920848.0,14890070.0,1000924.0,208566.0,1739285.0,124080838.0,34934119.0,103.0,1.0,14.0,2024.0,0.0,7.869519145151384,8.09370471789345,0.5967802296757538,34934119.0,0.5282296419136893,,,,,,,
6,South Alabama,Jaguars,South Alabama Jaguars,USA,Sun Belt,37,False,12,6,371.0,263.0,6,0.5,30.916666666666668,21.916666666666668,9.0,12,0.5652680652680653,9.0,68.367,10.0,264.91666,151.59308,160.0,4.444,27.0,75.0,767.0,11.0,2023,South Alabama,University of South Alabama,AL,NCAA Division I-FBS,"Public, 4-year or above",14295303.0,30591632.0,14499007.0,118844.31967213115,11571623.0,2927384.0,23995.0,1173628.0,4484796.0,236055.0,72121.0,582805.0,30591632.0,-203704.0,122.0,1.0,13.0,2024.0,0.0,7.155193364998898,7.485602646310879,0.46729455296794886,-203704.0,1.0142497154484937,,,,,,,
2116,UCF,Knights,UCF Knights,UCF,Big 12,4,True,12,6,390.0,305.0,6,0.5,32.5,25.416666666666668,7.083333333333332,12,0.5052447552447552,6.0,63.664,10.0,259.08334,157.8822,233.167,5.653,27.0,64.0,758.0,11.0,2023,UCF,University of Central Florida,FL,NCAA Division I-FBS,"Public, 4-year or above",30249823.0,93417587.0,30249823.0,249998.53719008263,24418911.0,5830912.0,48189.0,4572124.0,13891544.0,1186824.0,338530.0,1413208.0,90055820.0,0.0,121.0,1.0,10.0,2024.0,0.0,7.480722837819952,7.970428645159865,0.32381293471003486,0.0,1.0,,,,,,,
2,Auburn,Tigers,Auburn Tigers,AUB,SEC,8,True,12,6,327.0,263.0,6,0.5,27.25,21.916666666666668,5.333333333333332,12,0.5812520812520813,5.0,61.091,11.0,157.08333,131.073,198.417,4.981,28.0,71.0,710.0,11.0,2023,Auburn,Auburn University,AL,NCAA Division I-FBS,"Public, 4-year or above",120416776.0,193417486.0,60089633.0,500746.94166666665,53001906.0,7087727.0,59064.0,5057073.0,25071886.0,2106323.0,295075.0,2104442.0,182486390.0,60327143.0,120.0,1.0,10.0,2024.0,0.0,8.08068699536612,8.286495734121477,0.62257440364001,60327143.0,0.4990138002033869,,,,,,,
259,Virginia Tech,Hokies,Virginia Tech Hokies,VT,ACC,1,True,12,6,343.0,291.0,6,0.5,28.583333333333332,24.25,4.333333333333332,12,0.515491452991453,8.0,57.143,5.0,210.83333,138.044,175.417,4.699,38.0,88.0,694.0,7.0,2023,Virginia Tech,Virginia Polytechnic Institute and State University,VA,NCAA Division I-FBS,"Public, 4-year or above",77050782.0,139458791.0,38930135.0,308969.3253968254,30899424.0,8030711.0,63736.0,2828941.0,16911216.0,1009951.0,181899.0,2179443.0,126337823.0,38120647.0,126.0,1.0,10.0,2024.0,0.0,7.886777050796962,8.144445895887511,0.552498565687408,38120647.0,0.50525295122897,,,,,,,
2459,Northern Illinois,Huskies,Northern Illinois Huskies,NIU,MAC,15,False,12,6,303.0,254.0,6,0.5,25.25,21.166666666666668,4.083333333333332,12,0.4254079254079254,9.0,57.143,7.0,186.25,121.62166,178.833,5.049,22.0,54.0,768.0,9.0,2023,Northern Illinois,Northern Illinois University,IL,NCAA Division I-FBS,"Public, 4-year or above",9254076.0,24939848.0,9254076.0,78424.37288135593,6640228.0,2613848.0,22151.0,1222950.0,3574600.0,225740.0,99721.0,335213.0,24939848.0,0.0,118.0,1.0,10.0,2024.0,0.0,6.966333061864233,7.396893802271537,0.371055830011474,0.0,1.0,,,,,,,
309,Louisiana,Ragin' Cajuns,Louisiana Ragin' Cajuns,UL,Sun Belt,37,False,12,6,387.0,338.0,6,0.5,32.25,28.166666666666668,4.083333333333332,12,0.4405594405594405,11.0,66.176,9.0,221.83333,148.96913,183.5,5.074,33.0,64.0,846.0,10.0,2023,Louisiana,University of Louisiana at Lafayette,LA,NCAA Division I-FBS,"Public, 4-year or above",14747542.0,42952287.0,14747542.0,107646.29197080292,11466355.0,3281187.0,23950.0,3186794.0,6466302.0,435824.0,183398.0,539292.0,42952287.0,0.0,137.0,1.0,15.0,2024.0,0.0,7.168719641684194,7.632986292847989,0.34334707253190033,0.0,1.0,,,,,,,
242,Rice,Owls,Rice Owls,RICE,American,151,False,12,6,363.0,320.0,6,0.5,30.25,26.666666666666668,3.583333333333332,12,0.4953379953379953,8.0,62.963,11.0,264.16666,146.0926,112.583,3.795,21.0,62.0,762.0,5.0,2023,Rice,Rice University,TX,NCAA Division I-FBS,"Private nonprofit, 4-year or above",17681106.0,64414381.0,17681106.0,152423.3275862069,14938546.0,2742560.0,23643.0,1943442.0,5683442.0,370492.0,157295.0,648190.0,64414381.0,0.0,116.0,1.0,10.0,2024.0,0.0,7.247509427796609,7.808982837727899,0.27449003973196606,0.0,1.0,,,,,,,
183,Syracuse,Orange,Syracuse Orange,SYR,ACC,1,True,12,6,306.0,285.0,6,0.5,25.5,23.75,1.75,12,0.5075757575757576,7.0,62.329,13.0,173.66667,132.58812,185.0,4.549,26.0,72.0,825.0,9.0,2023,Syracuse,Syracuse University,NY,NCAA Division I-FBS,"Private nonprofit, 4-year or above",56819598.0,111504051.0,43995922.0,318811.02898550726,37966627.0,6029295.0,43691.0,4405006.0,13867426.0,1099056.0,330595.0,1467363.0,108152358.0,12823676.0,138.0,1.0,10.0,2024.0,0.0,7.754498156754053,8.047290645814558,0.509574293403923,12823676.0,0.7743089277048387,,,,,,,
164,Rutgers,Scarlet Knights,Rutgers Scarlet Knights,RUTG,Big Ten,5,True,12,6,271.0,252.0,6,0.5,22.583333333333332,21.0,1.583333333333332,12,0.6002331002331003,5.0,48.387,8.0,142.0,105.788155,165.417,4.206,19.0,47.0,748.0,8.0,2023,Rutgers,Rutgers University-New Brunswick,NJ,NCAA Division I-FBS,"Public, 4-year or above",61952063.0,155852426.0,61952063.0,465804.984962406,51611428.0,10340635.0,77749.0,4887132.0,23385186.0,1273272.0,361386.0,2766967.0,155852426.0,0.0,133.0,1.0,10.0,2024.0,0.0,7.792055772933204,8.192713566896547,0.39750464327067964,0.0,1.0,,,,,,,
290,Georgia Southern,Eagles,Georgia Southern Eagles,GASO,Sun Belt,37,False,12,6,371.0,355.0,6,0.5,30.916666666666668,29.583333333333332,1.3333333333333357,12,0.5,9.0,64.299,17.0,298.25,128.94273,124.25,4.188,23.0,83.0,744.0,13.0,2023,Georgia Southern,Georgia Southern University,GA,NCAA Division I-FBS,"Public, 4-year or above",11165922.0,36967213.0,11165922.0,85236.04580152672,9533161.0,1632761.0,12464.0,2239562.0,3624054.0,254846.0,110262.0,386209.0,36967213.0,0.0,131.0,1.0,18.0,2024.0,0.0,7.047894589743328,7.5678167098550695,0.3020493322014835,0.0,1.0,,,,,,,
59,Georgia Tech,Yellow Jackets,Georgia Tech Yellow Jackets,GT,ACC,1,True,12,6,374.0,366.0,6,0.5,31.166666666666668,30.5,0.6666666666666679,12,0.6008158508158509,4.0,61.202,16.0,232.0,139.79942,197.083,5.387,18.0,50.0,776.0,13.0,2023,Georgia Tech,Georgia Institute of Technology-Main Campus,GA,NCAA Division I-FBS,"Public, 4-year or above",65424854.0,128210764.0,37704644.0,301637.152,24333367.0,13371277.0,106970.0,5106664.0,19037262.0,1031204.0,407546.0,2574425.0,127823348.0,27720210.0,125.0,1.0,10.0,2024.0,0.0,7.815742762155402,8.107924488127903,0.5102914291970057,27720210.0,0.5763045951925242,,,,,,,
328,Utah State,Aggies,Utah State Aggies,USU,Mountain West,17,False,12,6,409.0,406.0,6,0.5,34.083333333333336,33.833333333333336,0.25,12,0.5198135198135199,6.0,61.881,18.0,259.75,144.73244,186.583,4.825,24.0,71.0,914.0,10.0,2023,Utah State,Utah State University,UT,NCAA Division I-FBS,"Public, 4-year or above",17406324.0,42936608.0,17406324.0,151359.3391304348,15438053.0,1968271.0,17115.0,2167573.0,5743139.0,508825.0,118482.0,516618.0,42936608.0,0.0,115.0,1.0,14.0,2024.0,0.0,7.240707063186224,7.632827732110716,0.40539588036390767,0.0,1.0,,,,,,,
2641,Texas Tech,Red Raiders,Texas Tech Red Raiders,TTU,Big 12,4,True,12,6,322.0,324.0,6,0.5,26.833333333333332,27.0,-0.1666666666666678,12,0.5775058275058275,4.0,60.329,17.0,221.08333,120.9298,165.833,4.554,22.0,56.0,808.0,10.0,2023,Texas Tech,Texas Tech University,TX,NCAA Division I-FBS,"Public, 4-year or above",62265520.0,115268119.0,34401458.0,281979.1639344262,26734625.0,7666833.0,62843.0,4956551.0,17786082.0,1636211.0,332034.0,2660211.0,114344886.0,27864062.0,122.0,1.0,10.0,2024.0,0.0,7.794247619386542,8.061709206193768,0.5401798913713514,27864062.0,0.5524961166308416,,,,,,,
349,Army,Black Knights,Army Black Knights,ARMY,FBS Independents,18,False,12,6,246.0,253.0,6,0.5,20.5,21.083333333333332,-0.5833333333333321,12,0.5346153846153846,11.0,50.61,11.0,102.833336,114.48296,208.667,4.362,21.0,52.0,765.0,9.0,2023,,,,,,,,,,,,,,,,,,,,,,,,,,,,,,,,,,,,
25,California,Golden Bears,California Golden Bears,CAL,Pac-12,9,False,12,6,379.0,392.0,6,0.5,31.583333333333332,32.666666666666664,-1.083333333333332,12,0.5617715617715618,11.0,59.0,13.0,214.58333,123.904205,181.083,4.673,23.0,49.0,832.0,11.0,2023,California,University of California-Berkeley,CA,NCAA Division I-FBS,"Public, 4-year or above",45082235.0,146563317.0,45082235.0,372580.4545454546,38030199.0,7052036.0,58281.0,2870022.0,16991039.0,817172.0,205285.0,2578213.0,146563317.0,0.0,121.0,1.0,10.0,2024.0,0.0,7.6540054385210565,8.166025285325516,0.3075956243539439,0.0,1.0,,,,,,,
295,Old Dominion,Monarchs,Old Dominion Monarchs,ODU,Sun Belt,37,False,12,6,275.0,315.0,6,0.5,22.916666666666668,26.25,-3.333333333333332,12,0.5583333333333333,7.0,56.342,10.0,200.75,128.62798,150.0,4.063,15.0,72.0,1061.0,9.0,2023,Old Dominion,Old Dominion University,VA,NCAA Division I-FBS,"Public, 4-year or above",14079638.0,51827948.0,14079638.0,121376.18965517242,10814378.0,3265260.0,28149.0,1853158.0,5085072.0,303582.0,110684.0,719457.0,51827948.0,0.0,116.0,1.0,14.0,2024.0,0.0,7.14859148885272,7.714564014359143,0.27166111226321366,0.0,1.0,,,,,,,
2032,Arkansas State,Red Wolves,Arkansas State Red Wolves,ARST,Sun Belt,37,False,12,6,333.0,374.0,6,0.5,27.75,31.166666666666668,-3.416666666666668,12,0.5238927738927739,4.0,56.471,8.0,224.0,132.73422,151.5,4.208,24.0,80.0,911.0,6.0,2023,Arkansas State,Arkansas State University,AR,NCAA Division I-FBS,"Public, 4-year or above",10096300.0,28162528.0,10096300.0,68682.31292517007,6888439.0,3207861.0,21822.0,1607406.0,2073894.0,116622.0,62116.0,610208.0,28162528.0,0.0,147.0,1.0,24.0,2024.0,0.0,7.004162246655295,7.449671636520239,0.3585011970516283,0.0,1.0,,,,,,,
2199,Eastern Michigan,Eagles,Eastern Michigan Eagles,EMU,MAC,15,False,12,6,244.0,288.0,6,0.5,20.333333333333332,24.0,-3.666666666666668,12,0.3875291375291375,5.0,56.402,10.0,158.58333,109.10177,115.0,3.476,21.0,57.0,920.0,7.0,2023,Eastern Michigan,Eastern Michigan University,MI,NCAA Division I-FBS,"Public, 4-year or above",11290296.0,37094526.0,11290296.0,99037.68421052632,9819269.0,1471027.0,12904.0,1094738.0,3010390.0,273638.0,82110.0,791940.0,37094526.0,0.0,114.0,1.0,10.0,2024.0,0.0,7.052705328061505,7.56930982596558,0.3043655551765239,0.0,1.0,,,,,,,
58,South Florida,Bulls,South Florida Bulls,USF,American,151,False,12,6,370.0,419.0,6,0.5,30.833333333333332,34.916666666666664,-4.083333333333332,12,0.4778554778554778,9.0,63.702,11.0,270.66666,143.03967,184.667,4.134,21.0,88.0,820.0,12.0,2023,South Florida,University of South Florida,FL,NCAA Division I-FBS,"Public, 4-year or above",31067491.0,95425212.0,31067491.0,261071.35294117648,23160379.0,7907112.0,66446.0,2310228.0,8772786.0,666048.0,164418.0,2240004.0,95425212.0,0.0,119.0,1.0,10.0,2024.0,0.0,7.492306181196604,7.979663133466071,0.3255690016177276,0.0,1.0,,,,,,,
103,Boston College,Eagles,Boston College Eagles,BC,ACC,1,True,12,6,300.0,354.0,6,0.5,25.0,29.5,-4.5,12,0.5093240093240093,5.0,56.268,13.0,189.16667,118.710686,193.0,4.577,12.0,39.0,712.0,8.0,2023,Boston College,Boston College,MA,NCAA Division I-FBS,"Private nonprofit, 4-year or above",47231996.0,136563473.0,38139875.0,291144.08396946563,30434366.0,7705509.0,58821.0,3112944.0,15162066.0,674124.0,243882.0,1681051.0,136563473.0,9092121.0,131.0,1.0,10.0,2024.0,0.0,7.674236299027245,8.135334552962831,0.3458611220293145,9092121.0,0.8075008094089439,,,,,,,
276,Marshall,Thundering Herd,Marshall Thundering Herd,MRSH,Sun Belt,37,False,12,6,279.0,338.0,6,0.5,23.25,28.166666666666668,-4.916666666666668,12,0.5416666666666667,11.0,64.706,17.0,223.5,123.75348,134.25,3.854,33.0,79.0,877.0,11.0,2023,Marshall,Marshall University,WV,NCAA Division I-FBS,"Public, 4-year or above",15542536.0,45966327.0,15542536.0,108689.06293706292,11597681.0,3944855.0,27586.0,1680140.0,4438679.0,236306.0,103131.0,902539.0,45966327.0,0.0,143.0,1.0,14.0,2024.0,0.0,7.191521881964803,7.662439802263206,0.3381287349759314,0.0,1.0,,,,,,,
2247,Georgia State,Panthers,Georgia State Panthers,GAST,Sun Belt,37,False,12,6,309.0,369.0,6,0.5,25.75,30.75,-5.0,12,0.5596153846153846,7.0,66.667,7.0,200.91667,137.56906,171.583,4.438,27.0,73.0,776.0,10.0,2023,Georgia State,Georgia State University,GA,NCAA Division I-FBS,"Public, 4-year or above",10836069.0,39204432.0,10836069.0,92615.97435897436,8814697.0,2021372.0,17277.0,1950547.0,4257060.0,295831.0,118194.0,454731.0,39204432.0,0.0,117.0,1.0,14.0,2024.0,0.0,7.034871761793379,7.593335166110821,0.2763990816140379,0.0,1.0,,,,,,,
265,Washington State,Cougars,Washington State Cougars,WSU,Pac-12,9,False,12,5,380.0,337.0,7,0.4166666666666667,31.666666666666668,28.083333333333332,3.5833333333333357,12,0.5617715617715618,12.0,66.667,9.0,336.75,147.16919,85.0,2.982,24.0,62.0,815.0,8.0,2023,Washington State,Washington State University,WA,NCAA Division I-FBS,"Public, 4-year or above",57025563.0,89041553.0,20256043.0,151164.5,16254280.0,4001763.0,29864.0,4017688.0,9671031.0,914630.0,221647.0,1192046.0,78538161.0,36769520.0,134.0,1.0,14.0,2024.0,0.0,7.756069581657346,7.949592726050918,0.6404376504978524,36769520.0,0.3552098731581133,,,,,,,
2628,TCU,Horned Frogs,TCU Horned Frogs,TCU,Big 12,4,True,12,5,376.0,334.0,7,0.4166666666666667,31.333333333333332,27.833333333333332,3.5,12,0.5775058275058275,4.0,63.419,15.0,312.16666,137.72351,154.5,4.567,26.0,66.0,794.0,8.0,2023,TCU,Texas Christian University,TX,NCAA Division I-FBS,"Private nonprofit, 4-year or above",75279255.0,141889741.0,54129228.0,358471.7086092715,44821996.0,9307232.0,61637.0,5906341.0,25347175.0,2044945.0,275814.0,1811880.0,141889741.0,21150027.0,151.0,1.0,14.0,2024.0,0.0,7.876675312451746,8.151950995963778,0.5305475538220906,21150027.0,0.719045745072796,,,,,,,
57,Florida,Gators,Florida Gators,FLA,SEC,8,True,12,5,341.0,331.0,7,0.4166666666666667,28.416666666666668,27.583333333333332,0.8333333333333357,12,0.599067599067599,7.0,72.308,5.0,259.25,153.67387,149.5,4.261,22.0,58.0,688.0,3.0,2023,Florida,University of Florida,FL,NCAA Division I-FBS,"Public, 4-year or above",97895142.0,180556616.0,45681605.0,368400.04032258067,35778422.0,9903183.0,79864.0,4711167.0,22594149.0,1826717.0,288445.0,3528622.0,180556616.0,52213537.0,124.0,1.0,10.0,2024.0,0.0,7.990761140680143,8.256613406579792,0.5421852943898772,52213537.0,0.4666381197955666,,,,,,,
158,Nebraska,Cornhuskers,Nebraska Cornhuskers,NEB,Big Ten,5,True,12,5,216.0,219.0,7,0.4166666666666667,18.0,18.25,-0.25,12,0.5085470085470085,15.0,52.107,16.0,135.91667,104.98228,176.833,4.439,32.0,76.0,774.0,9.0,2023,Nebraska,University of Nebraska-Lincoln,NE,NCAA Division I-FBS,"Public, 4-year or above",126225245.0,211778141.0,52429432.0,369221.3521126761,45340748.0,7088684.0,49920.0,5356458.0,20715526.0,1467677.0,299137.0,2832460.0,175438100.0,73795813.0,142.0,1.0,13.0,2024.0,0.0,8.10114622232292,8.32588113172523,0.5960258429126545,73795813.0,0.4153640739615914,,,,,,,
2579,South Carolina,Gamecocks,South Carolina Gamecocks,SC,SEC,8,True,12,5,312.0,316.0,7,0.4166666666666667,26.0,26.333333333333332,-0.3333333333333321,12,0.599067599067599,5.0,68.689,8.0,278.0,149.64018,85.083,2.767,21.0,53.0,790.0,10.0,2023,South Carolina,University of South Carolina-Columbia,SC,NCAA Division I-FBS,"Public, 4-year or above",78496729.0,183652273.0,47559965.0,406495.4273504274,43774518.0,3785447.0,32354.0,3937464.0,13118852.0,460004.0,248390.0,2558812.0,183652273.0,30936764.0,117.0,1.0,14.0,2024.0,0.0,7.8948515598427305,8.2639963078256,0.4274204055182045,30936764.0,0.6058846732326897,,,,,,,
249,North Texas,Mean Green,North Texas Mean Green,UNT,American,151,False,12,5,414.0,445.0,7,0.4166666666666667,34.5,37.083333333333336,-2.5833333333333357,12,0.5023310023310024,10.0,61.472,9.0,304.66666,147.61664,191.167,5.109,19.0,50.0,795.0,10.0,2023,North Texas,University of North Texas,TX,NCAA Division I-FBS,"Public, 4-year or above",13287352.0,53633725.0,13287352.0,96987.9708029197,9695018.0,3592334.0,26221.0,2218683.0,5904210.0,568393.0,165029.0,562444.0,53633725.0,0.0,137.0,1.0,10.0,2024.0,0.0,7.1234384402074555,7.729437960878142,0.24774247919569264,0.0,1.0,,,,,,,
36,Colorado State,Rams,Colorado State Rams,CSU,Mountain West,17,False,12,5,313.0,355.0,7,0.4166666666666667,26.083333333333332,29.583333333333332,-3.5,12,0.4644522144522144,7.0,62.076,18.0,306.5,132.36278,92.833,3.355,33.0,86.0,979.0,9.0,2023,Colorado State,Colorado State University-Fort Collins,CO,NCAA Division I-FBS,"Public, 4-year or above",18194689.0,50262504.0,18194689.0,161014.94690265486,13800456.0,4394233.0,38887.0,3134307.0,6610620.0,646997.0,177665.0,1057445.0,50262504.0,0.0,113.0,1.0,14.0,2024.0,0.0,7.259944636633538,7.701244120673073,0.3619932862875276,0.0,1.0,,,,,,,
2426,Navy,Midshipmen,Navy Midshipmen,NAVY,American,151,False,12,5,212.0,269.0,7,0.4166666666666667,17.666666666666668,22.416666666666668,-4.75,12,0.4935897435897436,8.0,51.256,5.0,105.666664,116.337715,194.583,4.261,29.0,64.0,812.0,10.0,2023,,,,,,,,,,,,,,,,,,,,,,,,,,,,,,,,,,,,
344,Mississippi State,Bulldogs,Mississippi State Bulldogs,MSST,SEC,8,True,12,5,262.0,319.0,7,0.4166666666666667,21.833333333333332,26.583333333333332,-4.75,12,0.5687645687645687,4.0,57.759,10.0,181.83333,118.90314,146.75,4.392,27.0,67.0,952.0,7.0,2023,Mississippi State,Mississippi State University,MS,NCAA Division I-FBS,"Public, 4-year or above",35559188.0,125114437.0,35559188.0,303924.68376068375,29287008.0,6272180.0,53608.0,4953093.0,17502354.0,1559703.0,339339.0,1690616.0,125114437.0,0.0,117.0,1.0,10.0,2024.0,0.0,7.550951835224339,8.09730742598181,0.28421330785351334,0.0,1.0,,,,,,,
356,Illinois,Fighting Illini,Illinois Fighting Illini,ILL,Big Ten,5,True,12,5,294.0,353.0,7,0.4166666666666667,24.5,29.416666666666668,-4.916666666666668,12,0.5512820512820513,10.0,62.892,13.0,264.58334,139.18355,126.417,3.831,24.0,57.0,821.0,7.0,2023,Illinois,University of Illinois Urbana-Champaign,IL,NCAA Division I-FBS,"Public, 4-year or above",68645674.0,149390875.0,38984930.0,324874.4166666667,33805383.0,5179547.0,43163.0,6260175.0,25633188.0,1756557.0,321687.0,2843217.0,149390875.0,29660744.0,120.0,1.0,14.0,2024.0,0.0,7.836613173515579,8.174324070985566,0.45950379499417215,29660744.0,0.5679153212189307,,,,,,,
252,BYU,Cougars,BYU Cougars,BYU,Big 12,4,True,12,5,277.0,358.0,7,0.4166666666666667,23.083333333333332,29.833333333333332,-6.75,12,0.5559440559440559,10.0,55.556,9.0,205.41667,117.46666,104.333,3.478,11.0,50.0,850.0,14.0,2023,BYU,Brigham Young University,UT,NCAA Division I-FBS,"Private nonprofit, 4-year or above",44481260.0,129891998.0,35188112.0,290810.8429752066,28301520.0,6886592.0,56914.0,3021651.0,14217719.0,894251.0,212740.0,1719950.0,115666650.0,9293148.0,121.0,1.0,10.0,2024.0,0.0,7.648177080806394,8.11358239717397,0.3424480390239282,9293148.0,0.7910772311755557,,,,,,,
135,Minnesota,Golden Gophers,Minnesota Golden Gophers,MINN,Big Ten,5,True,12,5,242.0,323.0,7,0.4166666666666667,20.166666666666668,26.916666666666668,-6.75,12,0.5849358974358975,6.0,52.703,10.0,153.16667,113.71071,149.417,3.889,23.0,48.0,702.0,12.0,2023,Minnesota,University of Minnesota-Twin Cities,MN,NCAA Division I-FBS,"Public, 4-year or above",90671593.0,144816418.0,45200853.0,389662.525862069,38593898.0,6606955.0,56957.0,3898555.0,17028864.0,1120381.0,198441.0,2637037.0,138599675.0,45470740.0,116.0,1.0,14.0,2024.0,0.0,7.957471245872561,8.16081780110565,0.626114043229546,45470740.0,0.4985117334378365,,,,,,,
2117,Central Michigan,Chippewas,Central Michigan Chippewas,CMU,MAC,15,False,12,5,278.0,373.0,7,0.4166666666666667,23.166666666666668,31.083333333333332,-7.916666666666664,12,0.4784382284382284,4.0,56.308,11.0,184.66667,122.03997,159.417,4.204,19.0,57.0,771.0,5.0,2023,Central Michigan,Central Michigan University,MI,NCAA Division I-FBS,"Public, 4-year or above",10251410.0,36647135.0,10251410.0,83344.79674796748,9131202.0,1120208.0,9107.0,1934522.0,4554408.0,367250.0,111948.0,454271.0,36647135.0,0.0,123.0,1.0,14.0,2024.0,0.0,7.0107836032557005,7.564040028026914,0.27973291773013087,0.0,1.0,,,,,,,
62,Hawai'i,Rainbow Warriors,Hawai'i Rainbow Warriors,HAW,Mountain West,17,False,13,5,278.0,419.0,8,0.3846153846153846,21.384615384615383,32.23076923076923,-10.84615384615385,13,0.4863400488400488,8.0,62.756,15.0,276.3846,129.96658,75.385,3.015,23.0,68.0,753.0,7.0,2023,Hawai'i,University of Hawaii at Manoa,HI,NCAA Division I-FBS,"Public, 4-year or above",13239833.0,53350682.0,13876434.0,113741.26229508196,9756298.0,4120136.0,33772.0,1338401.0,4158528.0,229831.0,110857.0,495727.0,53350682.0,-636601.0,122.0,1.0,10.0,2024.0,0.0,7.121882507185563,7.7271399755307515,0.24816614340562695,-636601.0,1.0480822530012275,,,,,,,
8,Arkansas,Razorbacks,Arkansas Razorbacks,ARK,SEC,8,True,12,4,319.0,335.0,8,0.3333333333333333,26.583333333333332,27.916666666666668,-1.3333333333333357,12,0.5536130536130536,10.0,64.087,8.0,187.5,140.12418,139.0,3.534,29.0,75.0,767.0,12.0,2023,Arkansas,University of Arkansas,AR,NCAA Division I-FBS,"Public, 4-year or above",86618681.0,170608754.0,57117597.0,456940.776,47775206.0,9342391.0,74739.0,9635337.0,26227486.0,2503345.0,509428.0,1943793.0,170011614.0,29501084.0,125.0,1.0,14.0,2024.0,0.0,7.937611566154582,8.23200131121812,0.5077036140830148,29501084.0,0.6594143011713605,,,,,,,
2226,Florida Atlantic,Owls,Florida Atlantic Owls,FAU,American,151,False,12,4,285.0,306.0,8,0.3333333333333333,23.75,25.5,-1.75,12,0.4935897435897436,2.0,64.32,15.0,215.5,124.983246,115.25,3.748,29.0,87.0,905.0,10.0,2023,Florida Atlantic,Florida Atlantic University,FL,NCAA Division I-FBS,"Public, 4-year or above",16688417.0,45319502.0,16688417.0,145116.6695652174,12556739.0,4131678.0,35928.0,1599900.0,5273160.0,324300.0,127560.0,616631.0,45319502.0,0.0,115.0,1.0,10.0,2024.0,0.0,7.222415143104047,7.656285128908917,0.3682391964501287,0.0,1.0,,,,,,,
2393,Middle Tennessee,Blue Raiders,Middle Tennessee Blue Raiders,MTSU,Conference USA,12,False,12,4,291.0,337.0,8,0.3333333333333333,24.25,28.083333333333332,-3.833333333333332,12,0.5655178155178155,8.0,67.352,13.0,266.0,139.96396,125.083,3.909,23.0,70.0,831.0,8.0,2023,Middle Tennessee,Middle Tennessee State University,TN,NCAA Division I-FBS,"Public, 4-year or above",16235857.0,43275343.0,16235857.0,134180.63636363635,13542002.0,2693855.0,22263.0,1767228.0,4804064.0,367396.0,99988.0,507276.0,43275343.0,0.0,121.0,1.0,14.0,2024.0,0.0,7.210475217541503,7.636240518775438,0.3751756976253198,0.0,1.0,,,,,,,
2050,Ball State,Cardinals,Ball State Cardinals,BALL,MAC,15,False,12,4,219.0,293.0,8,0.3333333333333333,18.25,24.416666666666668,-6.166666666666668,12,0.5559440559440559,7.0,59.211,9.0,136.58333,108.34313,171.5,4.351,25.0,68.0,722.0,5.0,2023,Ball State,Ball State University,IN,NCAA Division I-FBS,"Public, 4-year or above",7707586.0,29737219.0,7707586.0,65318.52542372881,6362377.0,1345209.0,11400.0,1657230.0,4520916.0,261234.0,99714.0,253023.0,29737219.0,0.0,118.0,1.0,14.0,2024.0,0.0,6.886918379213282,7.473300351226037,0.2591898724625191,0.0,1.0,,,,,,,
21,San Diego State,Aztecs,San Diego State Aztecs,SDSU,Mountain West,17,False,12,4,246.0,321.0,8,0.3333333333333333,20.5,26.75,-6.25,12,0.5454545454545454,7.0,63.323,10.0,171.75,121.67023,154.25,4.077,18.0,48.0,719.0,12.0,2023,San Diego State,San Diego State University,CA,NCAA Division I-FBS,"Public, 4-year or above",30556022.0,83949123.0,23539311.0,204689.6608695652,12657221.0,10882090.0,94627.0,4618949.0,12561242.0,923229.0,369572.0,844794.0,83949123.0,7016711.0,115.0,1.0,10.0,2024.0,0.0,7.4850968140430085,7.924016163508611,0.36398262314187607,7016711.0,0.7703656909266526,,,,,,,
2509,Purdue,Boilermakers,Purdue Boilermakers,PUR,Big Ten,5,True,12,4,287.0,365.0,8,0.3333333333333333,23.916666666666668,30.416666666666668,-6.5,12,0.5849358974358975,8.0,59.694,10.0,211.16667,121.51715,168.75,4.383,35.0,71.0,692.0,10.0,2023,Purdue,Purdue University-Main Campus,IN,NCAA Division I-FBS,"Public, 4-year or above",61554007.0,134863232.0,31387598.0,241443.0615384615,23783759.0,7603839.0,58491.0,4834680.0,18480276.0,1209548.0,258938.0,2647613.0,116766603.0,30166409.0,130.0,1.0,14.0,2024.0,0.0,7.789256329588148,8.129893563341113,0.4564180027956026,30166409.0,0.5099196547838064,,,,,,,
38,Colorado,Buffaloes,Colorado Buffaloes,COLO,Pac-12,9,False,12,4,338.0,418.0,8,0.3333333333333333,28.166666666666668,34.833333333333336,-6.666666666666668,12,0.5219017094017094,7.0,68.143,4.0,294.66666,149.30885,68.917,2.31,28.0,66.0,786.0,10.0,2023,Colorado,University of Colorado Boulder,CO,NCAA Division I-FBS,"Public, 4-year or above",64658200.0,146567503.0,38459488.0,317847.0082644628,31598344.0,6861144.0,56704.0,5408676.0,18652536.0,2300956.0,310772.0,1141989.0,138325220.0,26198712.0,121.0,1.0,10.0,2024.0,0.0,7.810623610251589,8.166037689048204,0.44114963192079487,26198712.0,0.5948122279927371,,,,,,,
154,Wake Forest,Demon Deacons,Wake Forest Demon Deacons,WAKE,ACC,1,True,12,4,243.0,326.0,8,0.3333333333333333,20.25,27.166666666666668,-6.916666666666668,12,0.5606060606060607,11.0,60.436,11.0,197.33333,129.94131,130.417,3.344,23.0,70.0,777.0,8.0,2023,Wake Forest,Wake Forest University,NC,NCAA Division I-FBS,"Private nonprofit, 4-year or above",32478209.0,102342890.0,32478209.0,257763.5634920635,28989896.0,3488313.0,27685.0,4039038.0,16987530.0,1351958.0,268708.0,1312639.0,102342890.0,0.0,126.0,1.0,10.0,2024.0,0.0,7.5115920722051275,8.010057676592824,0.31734699889752965,0.0,1.0,,,,,,,
5,UAB,Blazers,UAB Blazers,UAB,American,151,False,12,4,359.0,443.0,8,0.3333333333333333,29.916666666666668,36.916666666666664,-6.9999999999999964,12,0.5547785547785548,7.0,71.663,13.0,288.91666,150.77695,161.083,4.538,27.0,49.0,835.0,10.0,2023,UAB,University of Alabama at Birmingham,AL,NCAA Division I-FBS,"Public, 4-year or above",15818252.0,43271595.0,14865442.0,123878.68333333332,12478161.0,2387281.0,19894.0,1627423.0,5426192.0,485753.0,114167.0,523279.0,42655846.0,952810.0,120.0,1.0,10.0,2024.0,0.0,7.199158489989871,7.636202903678779,0.3655574054989191,952810.0,0.9397651523063357,,,,,,,
248,Houston,Cougars,Houston Cougars,HOU,Big 12,4,True,12,4,284.0,378.0,8,0.3333333333333333,23.666666666666668,31.5,-7.833333333333332,12,0.5235042735042735,2.0,63.971,13.0,241.5,136.67596,118.667,3.967,26.0,66.0,808.0,9.0,2023,Houston,University of Houston,TX,NCAA Division I-FBS,"Public, 4-year or above",26934492.0,98914486.0,26934492.0,222599.10743801657,24048793.0,2885699.0,23849.0,5111226.0,16451190.0,2076246.0,303498.0,1120325.0,98914486.0,0.0,121.0,1.0,10.0,2024.0,0.0,7.4303087889156725,7.995259898565539,0.2723007831229088,0.0,1.0,,,,,,,
167,New Mexico,Lobos,New Mexico Lobos,UNM,Mountain West,17,False,12,4,327.0,421.0,8,0.3333333333333333,27.25,35.083333333333336,-7.833333333333336,12,0.5293872793872794,5.0,56.091,10.0,217.91667,128.54454,192.667,5.255,15.0,47.0,710.0,4.0,2023,New Mexico,University of New Mexico-Main Campus,NM,NCAA Division I-FBS,"Public, 4-year or above",13821744.0,53653134.0,13821744.0,116149.10924369749,11224795.0,2596949.0,21823.0,1469631.0,5725012.0,331511.0,113812.0,675868.0,53043230.0,0.0,119.0,1.0,10.0,2024.0,0.0,7.1405628449043315,7.7295950951585155,0.257612984919017,0.0,1.0,,,,,,,
2711,Western Michigan,Broncos,Western Michigan Broncos,WMU,MAC,15,False,12,4,284.0,381.0,8,0.3333333333333333,23.666666666666668,31.75,-8.083333333333332,12,0.5874125874125874,4.0,62.85,9.0,211.16667,123.34923,153.833,3.854,25.0,63.0,769.0,9.0,2023,Western Michigan,Western Michigan University,MI,NCAA Division I-FBS,"Public, 4-year or above",9231882.0,40487398.0,9231882.0,81698.07079646018,7649716.0,1582166.0,14001.0,1261639.0,3897204.0,319939.0,94170.0,734701.0,40487398.0,0.0,113.0,1.0,10.0,2024.0,0.0,6.965290244785185,7.60731986690047,0.22801865410071548,0.0,1.0,,,,,,,
202,Tulsa,Golden Hurricane,Tulsa Golden Hurricane,TLSA,American,151,False,12,4,281.0,406.0,8,0.3333333333333333,23.416666666666668,33.833333333333336,-10.416666666666668,12,0.5402097902097902,5.0,56.886,19.0,204.66667,127.03368,181.083,4.123,21.0,64.0,838.0,10.0,2023,Tulsa,University of Tulsa,OK,NCAA Division I-FBS,"Private nonprofit, 4-year or above",15815741.0,46084367.0,15815741.0,124533.3937007874,13823988.0,1991753.0,15683.0,1775188.0,4563468.0,300904.0,122857.0,458159.0,46084367.0,0.0,127.0,1.0,12.0,2024.0,0.0,7.199089544318273,7.663553626537975,0.34319102180572425,0.0,1.0,,,,,,,
2229,Florida International,Panthers,Florida International Panthers,FIU,Conference USA,12,False,12,4,241.0,382.0,8,0.3333333333333333,20.083333333333332,31.833333333333332,-11.75,12,0.4588744588744589,9.0,57.441,12.0,230.0,122.04482,90.25,2.85,17.0,72.0,849.0,6.0,2023,Florida International,Florida International University,FL,NCAA Division I-FBS,"Public, 4-year or above",11012712.0,41981914.0,11012712.0,98327.78571428572,8643373.0,2369339.0,21155.0,2232809.0,4389664.0,373175.0,132831.0,385887.0,41981914.0,0.0,112.0,1.0,14.0,2024.0,0.0,7.041894281878125,7.623062234643941,0.26232038872739344,0.0,1.0,,,,,,,
127,Michigan State,Spartans,Michigan State Spartans,MSU,Big Ten,5,True,12,4,191.0,340.0,8,0.3333333333333333,15.916666666666666,28.333333333333332,-12.416666666666666,12,0.6456876456876457,9.0,58.311,13.0,199.83333,116.787766,89.5,2.903,29.0,67.0,854.0,9.0,2023,Michigan State,Michigan State University,MI,NCAA Division I-FBS,"Public, 4-year or above",87183718.0,164109191.0,57039591.0,491720.6120689655,51879722.0,5159869.0,44482.0,4729561.0,20303189.0,1062737.0,261916.0,2373775.0,164109191.0,30144127.0,116.0,1.0,14.0,2024.0,0.0,7.9404353858155625,8.215132904568057,0.5312543281015869,30144127.0,0.6542459109165315,,,,,,,
2132,Cincinnati,Bearcats,Cincinnati Bearcats,CIN,Big 12,4,True,12,3,289.0,360.0,9,0.25,24.083333333333332,30.0,-5.916666666666668,12,0.548951048951049,6.0,60.556,11.0,209.0,132.2168,217.083,5.039,18.0,68.0,712.0,8.0,2023,Cincinnati,University of Cincinnati-Main Campus,OH,NCAA Division I-FBS,"Public, 4-year or above",30400338.0,89597392.0,30400338.0,264350.7652173913,23559085.0,6841253.0,59489.0,3256324.0,7512029.0,195182.0,218653.0,896293.0,89597392.0,0.0,115.0,1.0,14.0,2024.0,0.0,7.482878412250821,7.952295368406622,0.3392993626421626,0.0,1.0,,,,,,,
2534,Sam Houston,Bearkats,Sam Houston Bearkats,SHSU,Conference USA,12,False,12,3,240.0,314.0,9,0.25,20.0,26.166666666666668,-6.166666666666668,12,0.5043290043290043,4.0,62.946,12.0,222.58333,118.717896,88.833,2.897,17.0,50.0,656.0,13.0,2023,Sam Houston,Sam Houston State University,TX,NCAA Division I-FBS,"Public, 4-year or above",7088562.0,26631390.0,7088562.0,54527.4,6018276.0,1070286.0,8233.0,1268150.0,2970814.0,285252.0,70207.0,265046.0,26567953.0,0.0,130.0,1.0,14.0,2024.0,0.0,6.850558142262625,7.425393834616771,0.2661731888572095,0.0,1.0,,,,,,,
2084,Buffalo,Bulls,Buffalo Bulls,BUFF,MAC,15,False,12,3,251.0,329.0,9,0.25,20.916666666666668,27.416666666666668,-6.5,12,0.5705128205128205,8.0,53.807,11.0,185.25,107.34169,133.583,3.685,18.0,71.0,725.0,11.0,2023,Buffalo,University at Buffalo,NY,NCAA Division I-FBS,"Public, 4-year or above",11996469.0,42271934.0,11996469.0,111078.41666666669,9872249.0,2124220.0,19669.0,1287038.0,2985715.0,213868.0,76655.0,685342.0,42113971.0,0.0,108.0,1.0,14.0,2024.0,0.0,7.079053436091363,7.626052117862466,0.28379276424873295,0.0,1.0,,,,,,,
221,Pittsburgh,Panthers,Pittsburgh Panthers,PITT,ACC,1,True,12,3,242.0,328.0,9,0.25,20.166666666666668,27.333333333333332,-7.166666666666664,12,0.5926573426573426,9.0,53.333,12.0,216.0,122.73033,101.917,3.435,31.0,83.0,864.0,10.0,2023,Pittsburgh,University of Pittsburgh-Pittsburgh Campus,PA,NCAA Division I-FBS,"Public, 4-year or above",49476171.0,138637236.0,42593983.0,364051.1367521367,33903989.0,8689994.0,74273.0,6106362.0,24994554.0,1964700.0,295833.0,1836471.0,138637236.0,6882188.0,117.0,1.0,14.0,2024.0,0.0,7.694396081864184,8.14187989129621,0.35687505339474596,6882188.0,0.8608989365810058,,,,,,,
2348,Louisiana Tech,Bulldogs,Louisiana Tech Bulldogs,LT,Conference USA,12,False,12,3,311.0,401.0,9,0.25,25.916666666666668,33.416666666666664,-7.4999999999999964,12,0.5282217782217782,7.0,63.744,11.0,260.91666,133.36143,124.583,3.924,16.0,66.0,826.0,5.0,2023,Louisiana Tech,Louisiana Tech University,LA,NCAA Division I-FBS,"Public, 4-year or above",10946827.0,30305928.0,10946827.0,99516.60909090909,9400462.0,1546365.0,14058.0,1342687.0,3743465.0,352697.0,98999.0,482335.0,30305928.0,0.0,110.0,1.0,10.0,2024.0,0.0,7.039288254693513,7.481527587112193,0.36121075058318625,0.0,1.0,,,,,,,
84,Indiana,Hoosiers,Indiana Hoosiers,IU,Big Ten,5,True,12,3,266.0,359.0,9,0.25,22.166666666666668,29.916666666666668,-7.75,12,0.5850815850815851,8.0,58.743,10.0,212.75,128.0985,120.917,3.351,21.0,72.0,751.0,10.0,2023,Indiana,Indiana University-Bloomington,IN,NCAA Division I-FBS,"Public, 4-year or above",61330602.0,164249955.0,61330602.0,486750.8095238095,52427865.0,8902737.0,70657.0,4524832.0,19636272.0,1094647.0,228679.0,2374836.0,164249955.0,0.0,126.0,1.0,15.0,2024.0,0.0,7.7876772275930035,8.215505259247012,0.3733979835793562,0.0,1.0,,,,,,,
2638,UTEP,Miners,UTEP Miners,UTEP,Conference USA,12,False,12,3,239.0,342.0,9,0.25,19.916666666666668,28.5,-8.583333333333332,12,0.5596903096903098,6.0,53.939,12.0,217.66667,126.153,144.333,3.875,26.0,54.0,697.0,6.0,2023,UTEP,The University of Texas at El Paso,TX,NCAA Division I-FBS,"Public, 4-year or above",13148049.0,37006248.0,13148049.0,106894.70731707316,10548800.0,2599249.0,21132.0,1627174.0,3628948.0,339482.0,91978.0,536704.0,36602226.0,0.0,123.0,1.0,14.0,2024.0,0.0,7.118861313936356,7.568275054954662,0.3552926792254108,0.0,1.0,,,,,,,
239,Baylor,Bears,Baylor Bears,BAY,Big 12,4,True,12,3,277.0,400.0,9,0.25,23.083333333333332,33.333333333333336,-10.250000000000004,12,0.5536130536130536,8.0,59.502,7.0,263.0,127.509094,114.833,3.337,18.0,59.0,685.0,7.0,2023,Baylor,Baylor University,TX,NCAA Division I-FBS,"Private nonprofit, 4-year or above",41527854.0,148063513.0,38996269.0,351317.73873873876,31927880.0,7068389.0,63679.0,5139103.0,21211308.0,1931333.0,320777.0,2095807.0,148063513.0,2531585.0,111.0,1.0,10.0,2024.0,0.0,7.61833948901889,8.170448049371561,0.28047324528899975,2531585.0,0.9390388677440448,,,,,,,
258,Virginia,Cavaliers,Virginia Cavaliers,UVA,ACC,1,True,12,3,279.0,405.0,9,0.25,23.25,33.75,-10.5,12,0.6381118881118881,6.0,62.626,14.0,250.83333,135.23772,117.917,3.117,11.0,57.0,790.0,8.0,2023,Virginia,University of Virginia-Main Campus,VA,NCAA Division I-FBS,"Public, 4-year or above",45794222.0,134608065.0,30394907.0,237460.2109375,24433816.0,5961091.0,46571.0,3563677.0,18966415.0,1034423.0,180661.0,2035771.0,134608065.0,15399315.0,128.0,1.0,14.0,2024.0,0.0,7.660810685169453,8.129071081285181,0.34020414750037453,15399315.0,0.6637279917103952,,,,,,,
41,UConn,Huskies,UConn Huskies,CONN,FBS Independents,18,False,12,3,229.0,358.0,9,0.25,19.083333333333332,29.833333333333332,-10.75,12,0.5454545454545454,10.0,57.48,7.0,190.33333,114.55769,136.583,4.149,17.0,68.0,788.0,6.0,2023,UConn,University of Connecticut,CT,NCAA Division I-FBS,"Public, 4-year or above",17751690.0,91800871.0,17751690.0,155716.57894736843,12332394.0,5419296.0,47538.0,3136990.0,15859763.0,1252060.0,188493.0,1261839.0,91528665.0,0.0,114.0,1.0,10.0,2024.0,0.0,7.249239705150894,7.962846801775308,0.19337169469775511,0.0,1.0,,,,,,,
2429,Charlotte,49ers,Charlotte 49ers,CLT,American,151,False,12,3,210.0,343.0,9,0.25,17.5,28.583333333333332,-11.083333333333332,12,0.486013986013986,6.0,56.707,16.0,167.75,105.54449,145.0,3.75,20.0,62.0,813.0,11.0,2023,Charlotte,University of North Carolina at Charlotte,NC,NCAA Division I-FBS,"Public, 4-year or above",14487211.0,47156982.0,14487211.0,118747.631147541,11569901.0,2917310.0,23912.0,1481440.0,5202578.0,358070.0,112337.0,973624.0,47156982.0,0.0,122.0,1.0,10.0,2024.0,0.0,7.160984785478493,7.673546002897028,0.3072124293280685,0.0,1.0,,,,,,,
2572,Southern Miss,Golden Eagles,Southern Miss Golden Eagles,USM,Sun Belt,37,False,12,3,278.0,429.0,9,0.25,23.166666666666668,35.75,-12.583333333333332,12,0.5858974358974359,8.0,51.791,8.0,190.66667,113.96456,163.417,4.043,25.0,57.0,793.0,9.0,2023,Southern Miss,University of Southern Mississippi,MS,NCAA Division I-FBS,"Public, 4-year or above",9034727.0,28107301.0,9034727.0,82133.88181818182,7690047.0,1344680.0,12224.0,2568617.0,4403305.0,238234.0,101321.0,367205.0,28107301.0,0.0,110.0,1.0,23.0,2024.0,0.0,6.955915034131613,7.4488191445372465,0.3214370173785096,0.0,1.0,,,,,,,
9,Arizona State,Sun Devils,Arizona State Sun Devils,ASU,Pac-12,9,False,12,3,213.0,382.0,9,0.25,17.75,31.833333333333332,-14.083333333333332,12,0.6398601398601399,6.0,55.227,14.0,210.33333,103.0454,111.917,3.591,26.0,65.0,760.0,5.0,2023,Arizona State,Arizona State University Campus Immersion,AZ,NCAA Division I-FBS,"Public, 4-year or above",40162578.0,126892086.0,40162578.0,321300.624,36131034.0,4031544.0,32252.0,3618432.0,19490384.0,1103912.0,251452.0,2305818.0,126892086.0,0.0,125.0,1.0,10.0,2024.0,0.0,7.603821582006489,8.103434536880307,0.3165097151921673,0.0,1.0,,,,,,,
218,Temple,Owls,Temple Owls,TEM,American,151,False,12,3,253.0,428.0,9,0.25,21.083333333333332,35.666666666666664,-14.583333333333332,12,0.5011655011655012,9.0,55.709,16.0,276.66666,119.24394,96.25,3.489,22.0,67.0,844.0,3.0,2023,Temple,Temple University,PA,NCAA Division I-FBS,"Public, 4-year or above",26008180.0,70320170.0,26008180.0,243067.10280373832,21243188.0,4764992.0,44533.0,2298341.0,7144787.0,435091.0,186325.0,825859.0,70320170.0,0.0,107.0,1.0,10.0,2024.0,0.0,7.415109962206935,7.8470799119800025,0.36985377026250077,0.0,1.0,,,,,,,
113,Massachusetts,Minutemen,Massachusetts Minutemen,MASS,FBS Independents,18,False,12,3,278.0,454.0,9,0.25,23.166666666666668,37.833333333333336,-14.666666666666668,12,0.6202963702963703,6.0,60.92,11.0,214.08333,129.88264,142.167,4.374,18.0,54.0,783.0,8.0,2023,Massachusetts,University of Massachusetts-Amherst,MA,NCAA Division I-FBS,"Public, 4-year or above",11529030.0,49525166.0,11529030.0,107747.94392523365,9746439.0,1782591.0,16660.0,1640319.0,6977331.0,429235.0,86506.0,744282.0,49525166.0,0.0,107.0,1.0,14.0,2024.0,0.0,7.061792769274869,7.694825939894849,0.23279134490937395,0.0,1.0,,,,,,,
24,Stanford,Cardinal,Stanford Cardinal,STAN,Pac-12,9,False,12,3,247.0,452.0,9,0.25,20.583333333333332,37.666666666666664,-17.083333333333332,12,0.6194638694638694,4.0,54.824,10.0,233.0,113.922775,118.917,3.447,23.0,53.0,771.0,8.0,2023,Stanford,Stanford University,CA,NCAA Division I-FBS,"Private nonprofit, 4-year or above",33719431.0,199603664.0,33719431.0,315134.8691588785,25863035.0,7856396.0,73424.0,2484259.0,16717424.0,564029.0,192023.0,1930262.0,199603664.0,0.0,107.0,1.0,10.0,2024.0,0.0,7.527880237493477,8.300168509097528,0.1689319240151824,0.0,1.0,,,,,,,
151,East Carolina,Pirates,East Carolina Pirates,ECU,American,151,False,12,2,208.0,269.0,10,0.1666666666666666,17.333333333333332,22.416666666666668,-5.083333333333336,12,0.5692307692307692,7.0,53.608,14.0,163.91667,94.9336,113.333,3.532,18.0,84.0,764.0,6.0,2023,East Carolina,East Carolina University,NC,NCAA Division I-FBS,"Public, 4-year or above",15325528.0,65211957.0,15316764.0,122534.112,12933785.0,2382979.0,19064.0,3414319.0,8429846.0,840181.0,183867.0,881295.0,63575819.0,8764.0,125.0,1.0,14.0,2024.0,0.0,7.185415445900816,7.814327233508304,0.23501101186090764,8764.0,0.9994281436828799,,,,,,,
2006,Akron,Zips,Akron Zips,AKR,MAC,15,False,12,2,195.0,336.0,10,0.1666666666666666,16.25,28.0,-11.75,12,0.4557109557109557,6.0,60.706,15.0,197.58333,108.276306,81.0,2.809,23.0,72.0,823.0,6.0,2023,Akron,University of Akron Main Campus,OH,NCAA Division I-FBS,"Public, 4-year or above",7854373.0,30010416.0,7854373.0,70760.11711711712,6434965.0,1419408.0,12787.0,1828284.0,3433948.0,362852.0,77128.0,503721.0,30010416.0,0.0,111.0,1.0,19.0,2024.0,0.0,6.8951115218383,7.477272015593206,0.26172156360644916,0.0,1.0,,,,,,,
238,Vanderbilt,Commodores,Vanderbilt Commodores,VAN,SEC,8,True,12,2,274.0,434.0,10,0.1666666666666666,22.833333333333332,36.166666666666664,-13.333333333333332,12,0.5984848484848485,7.0,55.641,12.0,223.66667,126.75733,95.333,3.278,21.0,65.0,840.0,12.0,2023,Vanderbilt,Vanderbilt University,TN,NCAA Division I-FBS,"Private nonprofit, 4-year or above",43613902.0,140707218.0,43613902.0,372768.3931623932,36638531.0,6975371.0,59619.0,4734796.0,17931588.0,1824466.0,291033.0,2904662.0,140707218.0,0.0,117.0,1.0,10.0,2024.0,0.0,7.6396249433865675,8.148316376448008,0.30996208026797883,0.0,1.0,,,,,,,
2440,Nevada,Wolf Pack,Nevada Wolf Pack,NEV,Mountain West,17,False,12,2,208.0,401.0,10,0.1666666666666666,17.333333333333332,33.416666666666664,-16.083333333333332,12,0.5297202797202797,8.0,55.362,12.0,175.16667,105.326324,124.833,3.381,17.0,52.0,732.0,9.0,2023,Nevada,University of Nevada-Reno,NV,NCAA Division I-FBS,"Public, 4-year or above",13562661.0,53922006.0,13562661.0,114937.80508474576,10356545.0,3206116.0,27170.0,2247945.0,6151651.0,404875.0,184307.0,724940.0,53916558.0,0.0,118.0,1.0,10.0,2024.0,0.0,7.1323449066577895,7.731766040399027,0.25152367291380073,0.0,1.0,,,,,,,
2433,UL Monroe,Warhawks,UL Monroe Warhawks,ULM,Sun Belt,37,False,12,2,208.0,419.0,10,0.1666666666666666,17.333333333333332,34.916666666666664,-17.583333333333332,12,0.5596153846153846,5.0,51.304,13.0,174.83333,109.19622,146.25,4.229,24.0,73.0,936.0,11.0,2023,UL Monroe,University of Louisiana at Monroe,LA,NCAA Division I-FBS,"Public, 4-year or above",7453549.0,20253458.0,7453549.0,64813.46956521739,6281598.0,1171951.0,10191.0,1792811.0,4209175.0,306911.0,148590.0,277472.0,20253458.0,0.0,115.0,1.0,10.0,2024.0,0.0,6.872363110884016,7.306499183704074,0.3680136498172312,0.0,1.0,,,,,,,
2309,Kent State,Golden Flashes,Kent State Golden Flashes,KENT,MAC,15,False,12,1,176.0,415.0,11,0.0833333333333333,14.666666666666666,34.583333333333336,-19.91666666666667,12,0.4935897435897436,6.0,52.288,6.0,164.5,114.417145,105.917,2.882,12.0,52.0,749.0,6.0,2023,Kent State,Kent State University at Kent,OH,NCAA Division I-FBS,"Public, 4-year or above",9870490.0,34453185.0,9870490.0,98704.9,5680659.0,4189831.0,41898.0,1015057.0,3077208.0,222127.0,79293.0,711971.0,34453185.0,0.0,100.0,1.0,10.0,2024.0,0.0,6.994338712853419,7.537229376141674,0.2864899137772023,0.0,1.0,,,,,,,
2483,Oregon,Ducks,Oregon Ducks,ORE,Big Ten,5,True,13,13,467.0,231.0,0,1.0,35.92307692307692,17.76923076923077,18.15384615384615,13,0.5432692307692307,5.0,73.206,6.0,278.0,165.06766,171.846,4.743,40.0,81.0,761.0,12.0,2024,Oregon,University of Oregon,OR,NCAA Division I-FBS,"Public, 4-year or above",119584907.0,167129024.0,60847472.0,482916.4444444445,50103671.0,10743801.0,85268.0,9210885.0,27439636.0,2494343.0,479753.0,2857116.0,164742082.0,58737435.0,126.0,1.0,14.0,2025.0,0.0,8.077676370118578,8.223051876993788,0.7155244740733961,58737435.0,0.508822338257118,,,,,,,
68,Boise State,Broncos,Boise State Broncos,BOIS,Mountain West,17,False,13,12,508.0,285.0,1,0.9230769230769232,39.07692307692308,21.923076923076923,17.153846153846157,13,0.5293803418803419,4.0,62.632,4.0,219.61539,142.74046,250.538,6.324,51.0,104.0,747.0,7.0,2024,Boise State,Boise State University,ID,NCAA Division I-FBS,"Public, 4-year or above",55692857.0,89699430.0,25752831.0,220109.66666666663,22293743.0,3459088.0,29565.0,2751698.0,8431282.0,778658.0,197304.0,996917.0,69810118.0,29940026.0,117.0,1.0,10.0,2025.0,0.0,7.7457994974284325,7.952789683304502,0.6208830646972896,29940026.0,0.4624081504743059,,,,,,,
84,Indiana,Hoosiers,Indiana Hoosiers,IU,Big Ten,5,True,12,11,520.0,176.0,1,0.9166666666666666,43.333333333333336,14.666666666666666,28.66666666666667,12,0.4318181818181817,3.0,69.113,5.0,265.16666,179.0798,173.583,4.489,34.0,86.0,768.0,14.0,2024,Indiana,Indiana University-Bloomington,IN,NCAA Division I-FBS,"Public, 4-year or above",80906601.0,182095778.0,50207544.0,440417.05263157893,38937247.0,11270297.0,98862.0,5497979.0,25362194.0,1384424.0,274237.0,1939740.0,159331697.0,30699057.0,114.0,1.0,15.0,2025.0,0.0,7.907983956234332,8.260299876533201,0.44430794545933955,30699057.0,0.6205617759173939,,,,,,,
87,Notre Dame,Fighting Irish,Notre Dame Fighting Irish,ND,FBS Independents,18,False,12,11,478.0,163.0,1,0.9166666666666666,39.833333333333336,13.583333333333334,26.25,12,0.5106837606837608,7.0,65.951,5.0,196.41667,142.84813,224.833,6.304,30.0,61.0,765.0,17.0,2024,Notre Dame,University of Notre Dame,IN,NCAA Division I-FBS,"Private nonprofit, 4-year or above",195723436.0,289616198.0,93255797.0,752062.8790322581,54097644.0,39158153.0,315792.0,7689546.0,26164442.0,1078535.0,388883.0,2848525.0,244698449.0,102467639.0,124.0,1.0,17.0,2025.0,0.0,8.291642831361052,8.461822847943933,0.6758027947041829,102467639.0,0.476467197316115,,,,,,,
251,Texas,Longhorns,Texas Longhorns,TEX,SEC,8,True,13,11,437.0,162.0,2,0.8461538461538461,33.61538461538461,12.461538461538462,21.153846153846153,13,0.5468441814595659,11.0,66.295,11.0,281.0,154.92325,164.385,4.461,38.0,95.0,825.0,19.0,2024,Texas,The University of Texas at Austin,TX,NCAA Division I-FBS,"Public, 4-year or above",171892714.0,343106827.0,70405628.0,596657.8644067796,64405182.0,6000446.0,50851.0,9227922.0,31166050.0,2619784.0,388714.0,4607960.0,277413781.0,101487086.0,118.0,1.0,17.0,2025.0,0.0,8.235257468678583,8.535429359556991,0.5009889062918588,101487086.0,0.40959053098667114,,,,,,,
2567,SMU,Mustangs,SMU Mustangs,SMU,ACC,1,True,13,11,501.0,271.0,2,0.8461538461538461,38.53846153846154,20.846153846153847,17.692307692307693,13,0.5347222222222222,12.0,64.662,9.0,267.0,155.55244,176.077,4.524,40.0,95.0,934.0,15.0,2024,SMU,Southern Methodist University,TX,NCAA Division I-FBS,"Private nonprofit, 4-year or above",45315587.0,150225313.0,45315587.0,371439.237704918,39124474.0,6191113.0,50747.0,5008053.0,20118653.0,1760723.0,324733.0,2392459.0,150225313.0,0.0,122.0,1.0,10.0,2025.0,0.0,7.6562476100425165,8.176743117554846,0.30165080767713226,0.0,1.0,,,,,,,
213,Penn State,Nittany Lions,Penn State Nittany Lions,PSU,Big Ten,5,True,13,11,437.0,213.0,2,0.8461538461538461,33.61538461538461,16.384615384615383,17.23076923076923,13,0.4999999999999999,4.0,69.505,8.0,246.46153,163.52383,202.154,5.341,33.0,90.0,781.0,12.0,2024,Penn State,Pennsylvania State University-Main Campus,PA,NCAA Division I-FBS,"Public, 4-year or above",150314572.0,254397122.0,77386097.0,595277.6692307693,53986485.0,23399612.0,179997.0,4949566.0,34695852.0,1188906.0,376066.0,3707691.0,231709762.0,72928475.0,130.0,1.0,10.0,2025.0,0.0,8.177001084595062,8.405512193821545,0.5908658510688655,72928475.0,0.5148276442552755,,,,,,,
349,Army,Black Knights,Army Black Knights,ARMY,American,151,False,13,11,408.0,211.0,2,0.8461538461538461,31.384615384615383,16.23076923076923,15.153846153846152,13,0.4743589743589744,4.0,56.637,4.0,81.76923,157.77933,298.923,5.551,23.0,57.0,709.0,17.0,2024,,,,,,,,,,,,,,,,,,,,,,,,,,,,,,,,,,,,
61,Georgia,Bulldogs,Georgia Bulldogs,UGA,SEC,8,True,13,11,431.0,265.0,2,0.8461538461538461,33.15384615384615,20.384615384615383,12.76923076923077,13,0.5870726495726495,5.0,65.696,13.0,284.6154,144.11276,129.231,4.2,36.0,86.0,780.0,8.0,2024,Georgia,University of Georgia,GA,NCAA Division I-FBS,"Public, 4-year or above",149285887.0,233526965.0,71107704.0,526723.7333333333,58522771.0,12584933.0,93222.0,7825818.0,35180808.0,2800198.0,502562.0,3856269.0,226736834.0,78178183.0,135.0,1.0,10.0,2025.0,0.0,8.174018752884228,8.368337035114411,0.6392661635456103,78178183.0,0.47631899725390653,,,,,,,
9,Arizona State,Sun Devils,Arizona State Sun Devils,ASU,Big 12,4,True,13,11,430.0,277.0,2,0.8461538461538461,33.07692307692308,21.307692307692307,11.769230769230774,13,0.4694280078895462,3.0,62.275,5.0,224.38461,157.34718,198.846,4.769,21.0,57.0,811.0,15.0,2024,Arizona State,Arizona State University Campus Immersion,AZ,NCAA Division I-FBS,"Public, 4-year or above",50352139.0,149346605.0,50352139.0,409366.9837398374,45961151.0,4390988.0,35699.0,3858390.0,21595194.0,1426850.0,243154.0,1767905.0,149346605.0,0.0,123.0,1.0,10.0,2025.0,0.0,7.702017924465905,8.174195354516145,0.3371495388194462,0.0,1.0,,,,,,,
194,Ohio State,Buckeyes,Ohio State Buckeyes,OSU,Big Ten,5,True,12,10,426.0,131.0,2,0.8333333333333334,35.5,10.916666666666666,24.583333333333336,12,0.579059829059829,4.0,70.349,8.0,254.33333,168.04156,169.167,5.012,35.0,78.0,731.0,9.0,2024,Ohio State,Ohio State University-Main Campus,OH,NCAA Division I-FBS,"Public, 4-year or above",160549826.0,295265883.0,92359309.0,757043.5163934426,79299398.0,13059911.0,107048.0,5099970.0,38494954.0,1221950.0,387802.0,2853829.0,295265883.0,68190517.0,122.0,1.0,10.0,2025.0,0.0,8.205609839224971,8.470213268567436,0.5437466203977247,68190517.0,0.575268820285112,,,,,,,
2633,Tennessee,Volunteers,Tennessee Volunteers,TENN,SEC,8,True,12,10,447.0,167.0,2,0.8333333333333334,37.25,13.916666666666666,23.333333333333336,12,0.4481351981351981,8.0,64.723,7.0,230.91667,148.7087,232.0,5.108,29.0,93.0,763.0,11.0,2024,Tennessee,The University of Tennessee-Knoxville,TN,NCAA Division I-FBS,"Public, 4-year or above",162539638.0,285364027.0,61240437.0,497889.73170731706,54200409.0,7040028.0,57236.0,6271290.0,33065988.0,2988550.0,328274.0,3734226.0,285364027.0,101299201.0,123.0,1.0,10.0,2025.0,0.0,8.210959288179348,8.455399225050295,0.5695869928272353,101299201.0,0.37677232306866587,,,,,,,
2390,Miami,Hurricanes,Miami Hurricanes,MIA,ACC,1,True,12,10,530.0,287.0,2,0.8333333333333334,44.166666666666664,23.916666666666668,20.249999999999996,12,0.5075757575757576,6.0,68.202,7.0,359.25,172.0456,179.0,5.452,35.0,78.0,667.0,14.0,2024,Miami,University of Miami,FL,NCAA Division I-FBS,"Private nonprofit, 4-year or above",99864288.0,230484608.0,88117956.0,693842.1732283465,80740540.0,7377416.0,58090.0,6271999.0,22844809.0,2047089.0,422491.0,5481010.0,230484608.0,11746332.0,127.0,1.0,10.0,2025.0,0.0,7.999410209974217,8.36264192806031,0.43327964008772335,11746332.0,0.8823770515441917,,,,,,,
235,Memphis,Tigers,Memphis Tigers,MEM,American,151,False,12,10,422.0,273.0,2,0.8333333333333334,35.166666666666664,22.75,12.416666666666664,12,0.4265734265734266,2.0,64.459,6.0,268.5,138.31316,173.583,4.983,25.0,71.0,615.0,10.0,2024,Memphis,University of Memphis,TN,NCAA Division I-FBS,"Public, 4-year or above",22026675.0,65857423.0,22026675.0,133495.0,19688436.0,2338239.0,14171.0,2681559.0,9631813.0,822759.0,154900.0,945475.0,65857423.0,0.0,165.0,1.0,12.0,2025.0,0.0,7.342948943898959,7.818604732771633,0.3344600197915427,0.0,1.0,,,,,,,
252,BYU,Cougars,BYU Cougars,BYU,Big 12,4,True,12,10,369.0,241.0,2,0.8333333333333334,30.75,20.083333333333332,10.666666666666668,12,0.4871794871794871,7.0,57.584,11.0,238.0,138.2551,159.417,4.61,16.0,58.0,725.0,20.0,2024,BYU,Brigham Young University,UT,NCAA Division I-FBS,"Private nonprofit, 4-year or above",51715899.0,153351328.0,44561032.0,330081.7185185185,37015805.0,7545227.0,55891.0,4685326.0,19488317.0,967356.0,371797.0,2441144.0,136864784.0,7154867.0,135.0,1.0,10.0,2025.0,0.0,7.71362407861583,8.18568754126128,0.33723802509229006,7154867.0,0.861650534200324,,,,,,,
2439,UNLV,Rebels,UNLV Rebels,UNLV,Mountain West,17,False,13,10,471.0,285.0,3,0.7692307692307693,36.23076923076923,21.923076923076923,14.30769230769231,13,0.5064102564102565,3.0,59.31,6.0,174.53847,147.06601,251.231,5.612,37.0,89.0,767.0,17.0,2024,UNLV,University of Nevada-Las Vegas,NV,NCAA Division I-FBS,"Public, 4-year or above",24707431.0,77272658.0,20854643.0,184554.3628318584,15659156.0,5195487.0,45978.0,1403454.0,4593271.0,186964.0,121649.0,1516473.0,74767674.0,3852788.0,113.0,1.0,10.0,2025.0,0.0,7.392827591192221,7.888025851223664,0.31974351134653606,3852788.0,0.8440635936613564,,,,,,,
228,Clemson,Tigers,Clemson Tigers,CLEM,ACC,1,True,13,10,462.0,290.0,3,0.7692307692307693,35.53846153846154,22.307692307692307,13.230769230769234,13,0.526126651126651,3.0,62.245,6.0,274.07693,143.77136,180.846,5.236,33.0,88.0,815.0,15.0,2024,Clemson,Clemson University,SC,NCAA Division I-FBS,"Public, 4-year or above",86902571.0,186106774.0,81136726.0,592238.8759124088,71855825.0,9280901.0,67744.0,7291712.0,29089139.0,1925461.0,487841.0,3911594.0,186106774.0,5765845.0,137.0,1.0,11.0,2025.0,0.0,7.939032625178195,8.269762181068861,0.46695006921134424,5765845.0,0.9336516177409757,,,,,,,
195,Ohio,Bobcats,Ohio Bobcats,OHIO,MAC,15,False,13,10,380.0,227.0,3,0.7692307692307693,29.23076923076923,17.46153846153846,11.76923076923077,13,0.4497863247863248,9.0,62.461,11.0,187.6923,134.74992,212.154,5.223,31.0,84.0,824.0,10.0,2024,Ohio,Ohio University-Main Campus,OH,NCAA Division I-FBS,"Public, 4-year or above",10812487.0,33031821.0,10812487.0,79503.58088235294,8377421.0,2435066.0,17905.0,1429779.0,3959670.0,314847.0,79638.0,484229.0,33031821.0,0.0,136.0,1.0,14.0,2025.0,0.0,7.0339255983150295,7.518932516423836,0.32733548053557204,0.0,1.0,,,,,,,
309,Louisiana,Ragin' Cajuns,Louisiana Ragin' Cajuns,UL,Sun Belt,37,False,13,10,430.0,304.0,3,0.7692307692307693,33.07692307692308,23.384615384615383,9.692307692307695,13,0.4513403263403264,2.0,66.839,7.0,260.53845,155.73126,170.462,4.914,23.0,54.0,825.0,15.0,2024,Louisiana,University of Louisiana at Lafayette,LA,NCAA Division I-FBS,"Public, 4-year or above",14846554.0,42959075.0,14846554.0,104553.1971830986,11752941.0,3093613.0,21786.0,1770334.0,5226004.0,350334.0,142000.0,501208.0,42959075.0,0.0,142.0,1.0,10.0,2025.0,0.0,7.171625662242123,7.633054921510849,0.3455976181982503,0.0,1.0,,,,,,,
276,Marshall,Thundering Herd,Marshall Thundering Herd,MRSH,Sun Belt,37,False,13,10,414.0,300.0,3,0.7692307692307693,31.846153846153847,23.076923076923077,8.76923076923077,13,0.5047591297591298,5.0,58.258,4.0,181.07692,141.99236,201.692,5.151,36.0,86.0,1015.0,13.0,2024,Marshall,Marshall University,WV,NCAA Division I-FBS,"Public, 4-year or above",13569649.0,47042862.0,13569649.0,114997.02542372882,9999898.0,3569751.0,30252.0,1432304.0,4632992.0,331664.0,110064.0,608896.0,47042862.0,0.0,118.0,1.0,10.0,2025.0,0.0,7.132568614105232,7.672493735538257,0.28845287941877346,0.0,1.0,,,,,,,
66,Iowa State,Cyclones,Iowa State Cyclones,ISU,Big 12,4,True,13,10,393.0,280.0,3,0.7692307692307693,30.23076923076923,21.53846153846154,8.69230769230769,13,0.5427350427350428,5.0,58.352,10.0,254.61539,134.01086,161.692,4.334,16.0,66.0,735.0,14.0,2024,Iowa State,Iowa State University,IA,NCAA Division I-FBS,"Public, 4-year or above",60744404.0,103899204.0,32337385.0,239536.1851851852,25638315.0,6699070.0,49623.0,5269505.0,17210131.0,1885285.0,338422.0,975628.0,103893160.0,28407019.0,135.0,1.0,10.0,2025.0,0.0,7.783506275293198,8.01661222032203,0.5846474434972572,28407019.0,0.5323516714395617,,,,,,,
145,Ole Miss,Rebels,Ole Miss Rebels,MISS,SEC,8,True,12,9,450.0,167.0,3,0.75,37.5,13.916666666666666,23.583333333333336,12,0.5087412587412588,6.0,67.254,6.0,343.58334,173.90933,177.833,4.57,52.0,116.0,822.0,11.0,2024,Ole Miss,University of Mississippi,MS,NCAA Division I-FBS,"Public, 4-year or above",90702621.0,171119339.0,61846036.0,490841.5555555555,52217101.0,9628935.0,76420.0,8709868.0,30179058.0,2969029.0,441603.0,2609171.0,171119339.0,28856585.0,126.0,1.0,13.0,2025.0,0.0,7.957619836887996,8.233299093973436,0.5300547648796142,28856585.0,0.6818550039474603,,,,,,,
333,Alabama,Crimson Tide,Alabama Crimson Tide,ALA,SEC,8,True,12,9,426.0,207.0,3,0.75,35.5,17.25,18.25,12,0.6177156177156178,8.0,65.421,10.0,240.08333,151.0296,182.667,4.776,23.0,63.0,836.0,16.0,2024,Alabama,The University of Alabama,AL,NCAA Division I-FBS,"Public, 4-year or above",146325227.0,244551544.0,81502191.0,617440.8409090909,68032862.0,13469329.0,102040.0,6581403.0,24707222.0,1371013.0,521039.0,5296404.0,229908712.0,64823036.0,132.0,1.0,10.0,2025.0,0.0,8.165319206524615,8.388370409126482,0.5983410474807715,64823036.0,0.5569934362719287,,,,,,,
2579,South Carolina,Gamecocks,South Carolina Gamecocks,SC,SEC,8,True,12,9,379.0,214.0,3,0.75,31.583333333333332,17.833333333333332,13.75,12,0.5850815850815851,13.0,65.147,7.0,220.33333,154.42616,188.917,4.376,40.0,84.0,735.0,13.0,2024,South Carolina,University of South Carolina-Columbia,SC,NCAA Division I-FBS,"Public, 4-year or above",76513171.0,204566524.0,55859501.0,469407.5714285714,51480543.0,4378958.0,36798.0,3903882.0,16813911.0,700072.0,320381.0,2515877.0,203259302.0,20653670.0,119.0,1.0,10.0,2025.0,0.0,7.883736201170136,8.310834565683216,0.37402586456423337,20653670.0,0.7300638605084084,,,,,,,
38,Colorado,Buffaloes,Colorado Buffaloes,COLO,Big 12,4,True,12,9,414.0,264.0,3,0.75,34.5,22.0,12.5,12,0.4848484848484849,5.0,73.42,8.0,327.16666,166.9426,70.417,2.624,37.0,87.0,803.0,12.0,2024,Colorado,University of Colorado Boulder,CO,NCAA Division I-FBS,"Public, 4-year or above",69306235.0,161671803.0,42805019.0,362754.39830508473,32639889.0,10165130.0,86145.0,6996072.0,21230887.0,2636483.0,335353.0,1380307.0,161512069.0,26501216.0,118.0,1.0,13.0,2025.0,0.0,7.840772306823768,8.208634281691605,0.4286847410243826,26501216.0,0.6176214737389789,,,,,,,
2426,Navy,Midshipmen,Navy Midshipmen,NAVY,American,151,False,12,9,386.0,268.0,3,0.75,32.166666666666664,22.333333333333332,9.833333333333332,12,0.548951048951049,8.0,55.422,6.0,126.416664,154.78087,249.333,5.42,25.0,55.0,861.0,17.0,2024,,,,,,,,,,,,,,,,,,,,,,,,,,,,,,,,,,,,
142,Missouri,Tigers,Missouri Tigers,MIZ,SEC,8,True,12,9,349.0,241.0,3,0.75,29.083333333333332,20.083333333333332,9.0,12,0.5151515151515151,4.0,62.534,5.0,219.91667,130.26105,170.75,4.225,26.0,66.0,751.0,6.0,2024,Missouri,University of Missouri-Columbia,MO,NCAA Division I-FBS,"Public, 4-year or above",53301146.0,181114849.0,49316139.0,404230.6475409836,42015831.0,7300308.0,59839.0,4814933.0,24877790.0,2140163.0,267477.0,2468280.0,181114849.0,3985007.0,122.0,1.0,10.0,2025.0,0.0,7.726736546664955,8.257954058124081,0.2942947322889025,3985007.0,0.9252359977400861,,,,,,,
356,Illinois,Fighting Illini,Illinois Fighting Illini,ILL,Big Ten,5,True,12,9,347.0,265.0,3,0.75,28.916666666666668,22.083333333333332,6.833333333333336,12,0.5163170163170163,7.0,60.423,5.0,214.33333,143.60555,151.167,4.35,29.0,50.0,777.0,12.0,2024,Illinois,University of Illinois Urbana-Champaign,IL,NCAA Division I-FBS,"Public, 4-year or above",87939659.0,174612181.0,48001399.0,403373.1008403361,39224374.0,8777025.0,73757.0,5065420.0,26854376.0,1810900.0,325452.0,2800759.0,174612181.0,39938260.0,119.0,1.0,10.0,2025.0,0.0,7.944184777241096,8.242074536944344,0.5036284324287776,39938260.0,0.5458447251882111,,,,,,,
150,Duke,Blue Devils,Duke Blue Devils,DUKE,ACC,1,True,12,9,322.0,266.0,3,0.75,26.833333333333332,22.166666666666668,4.666666666666664,12,0.5011655011655012,6.0,60.427,12.0,245.0,133.59355,96.5,3.235,41.0,110.0,942.0,12.0,2024,Duke,Duke University,NC,NCAA Division I-FBS,"Private nonprofit, 4-year or above",67356450.0,181607802.0,47363558.0,391434.3636363637,40393331.0,6970227.0,57605.0,2605777.0,18408934.0,867707.0,173807.0,2969104.0,180590186.0,19992892.0,121.0,1.0,10.0,2025.0,0.0,7.8283791897439885,8.259134502184866,0.37088962730797215,19992892.0,0.7031777654552757,,,,,,,
183,Syracuse,Orange,Syracuse Orange,SYR,ACC,1,True,12,9,391.0,344.0,3,0.75,32.583333333333336,28.666666666666668,3.916666666666668,12,0.5944055944055944,3.0,65.426,12.0,363.08334,143.02809,93.0,2.968,26.0,66.0,666.0,9.0,2024,Syracuse,Syracuse University,NY,NCAA Division I-FBS,"Private nonprofit, 4-year or above",64585287.0,120839134.0,42090055.0,339435.92741935485,35827582.0,6262473.0,50504.0,4212244.0,14886024.0,1326844.0,288540.0,1659723.0,108994576.0,22495232.0,124.0,1.0,10.0,2025.0,0.0,7.810133593808154,8.082207604218183,0.5344732692308106,22495232.0,0.651697266592622,,,,,,,
2534,Sam Houston,Bearkats,Sam Houston Bearkats,SHSU,Conference USA,12,False,12,9,278.0,240.0,3,0.75,23.166666666666668,20.0,3.166666666666668,12,0.426524864024864,5.0,60.248,9.0,164.41667,120.472626,190.25,4.349,25.0,67.0,729.0,12.0,2024,Sam Houston,Sam Houston State University,TX,NCAA Division I-FBS,"Public, 4-year or above",9740021.0,31968068.0,9740021.0,76693.07874015748,7376730.0,2363291.0,18609.0,1268878.0,3046447.0,286512.0,70169.0,146374.0,31955712.0,0.0,127.0,1.0,14.0,2025.0,0.0,6.9885598932414785,7.50471639034448,0.3046796884941561,0.0,1.0,,,,,,,
2335,Liberty,Flames,Liberty Flames,LIB,Conference USA,12,False,11,8,338.0,256.0,3,0.7272727272727273,30.727272727272727,23.272727272727273,7.454545454545453,12,0.4057692307692307,9.0,56.343,6.0,175.81818,130.94955,259.455,5.629,19.0,60.0,717.0,8.0,2024,Liberty,Liberty University,VA,NCAA Division I-FBS,"Private nonprofit, 4-year or above",22964576.0,62067210.0,22964576.0,196278.42735042737,19919242.0,3045334.0,26028.0,2526805.0,10968923.0,999825.0,152698.0,1020558.0,62067210.0,0.0,117.0,1.0,10.0,2025.0,0.0,7.361058431353758,7.792862223735044,0.36999530025596444,0.0,1.0,,,,,,,
2655,Tulane,Green Wave,Tulane Green Wave,TULN,American,151,False,13,9,483.0,256.0,4,0.6923076923076923,37.15384615384615,19.692307692307693,17.46153846153846,13,0.5512820512820512,6.0,65.552,6.0,215.84616,166.86029,205.385,4.944,34.0,77.0,710.0,12.0,2024,Tulane,Tulane University of Louisiana,LA,NCAA Division I-FBS,"Private nonprofit, 4-year or above",23998569.0,66211945.0,22676121.0,181408.968,21109511.0,1566610.0,12533.0,3858120.0,9559218.0,955778.0,170726.0,1081320.0,66211945.0,1322448.0,125.0,1.0,17.0,2025.0,0.0,7.380185346131102,7.820936345627284,0.3624507481240734,1322448.0,0.944894714347343,,,,,,,
55,Jacksonville State,Gamecocks,Jacksonville State Gamecocks,JVST,Conference USA,12,False,13,9,477.0,336.0,4,0.6923076923076923,36.69230769230769,25.846153846153847,10.846153846153848,13,0.4454904070288685,7.0,60.0,6.0,177.07692,140.09183,267.308,5.687,22.0,74.0,1022.0,11.0,2024,Jacksonville State,Jacksonville State University,AL,NCAA Division I-FBS,"Public, 4-year or above",14998859.0,34639572.0,14998859.0,94929.48734177215,13657316.0,1341543.0,8491.0,1200347.0,3402489.0,273617.0,92673.0,498790.0,34639572.0,0.0,158.0,1.0,10.0,2025.0,0.0,7.176058222465584,7.539572517317983,0.43299781533097464,0.0,1.0,,,,,,,
97,Louisville,Cardinals,Louisville Cardinals,LOU,ACC,1,True,12,8,439.0,279.0,4,0.6666666666666666,36.583333333333336,23.25,13.333333333333336,12,0.6188811188811187,5.0,63.433,6.0,272.41666,147.63638,183.333,5.598,29.0,76.0,796.0,9.0,2024,Louisville,University of Louisville,KY,NCAA Division I-FBS,"Public, 4-year or above",33090886.0,155903308.0,30745125.0,256209.375,27548031.0,3197094.0,26642.0,4058935.0,17103140.0,1346875.0,180804.0,1579219.0,154819604.0,2345761.0,120.0,1.0,15.0,2025.0,0.0,7.519708395439081,8.192855330268408,0.21225262263197134,2345761.0,0.9291115686657649,,,,,,,
256,James Madison,Dukes,James Madison Dukes,JMU,Sun Belt,37,False,12,8,406.0,249.0,4,0.6666666666666666,33.833333333333336,20.75,13.083333333333336,12,0.4294342021614749,5.0,60.056,4.0,218.91667,143.42767,189.833,4.806,38.0,81.0,798.0,17.0,2024,James Madison,James Madison University,VA,NCAA Division I-FCS,"Public, 4-year or above",16863959.0,68384574.0,16863958.0,139371.55371900825,14205148.0,2658810.0,21974.0,1985041.0,5257094.0,362321.0,162272.0,664261.0,68384574.0,1.0,121.0,1.0,10.0,2025.0,0.0,7.2269595376681615,7.8349581458394155,0.24660472404200398,1.0,0.9999999407019431,,,,,,,
2294,Iowa,Hawkeyes,Iowa Hawkeyes,IOWA,Big Ten,5,True,12,8,336.0,205.0,4,0.6666666666666666,28.0,17.083333333333332,10.916666666666668,12,0.4941724941724942,4.0,61.57,7.0,131.66667,122.90032,199.833,5.179,27.0,58.0,768.0,16.0,2024,Iowa,University of Iowa,IA,NCAA Division I-FBS,"Public, 4-year or above",105190203.0,179990052.0,50894414.0,388506.9770992366,44380298.0,6514116.0,49726.0,8471195.0,22785378.0,1898900.0,438153.0,1549180.0,150892055.0,54295789.0,131.0,1.0,15.0,2025.0,0.0,8.021975293228653,8.255248502431659,0.5844223157399833,54295789.0,0.4838322633525101,,,,,,,
239,Baylor,Bears,Baylor Bears,BAY,Big 12,4,True,12,8,416.0,303.0,4,0.6666666666666666,34.666666666666664,25.25,9.416666666666664,12,0.5472027972027972,5.0,61.602,9.0,246.0,151.56845,188.5,4.939,23.0,66.0,758.0,14.0,2024,Baylor,Baylor University,TX,NCAA Division I-FBS,"Private nonprofit, 4-year or above",44260293.0,144126427.0,41050130.0,347882.4576271186,33711788.0,7338342.0,62189.0,4991526.0,22016641.0,2256176.0,273535.0,2563417.0,144126427.0,3210163.0,118.0,1.0,10.0,2025.0,0.0,7.646014284599418,8.158743620286502,0.3070935283783868,3210163.0,0.9274708145289504,,,,,,,
245,Texas A&M,Aggies,Texas A&M Aggies,TA&M,SEC,8,True,12,8,364.0,254.0,4,0.6666666666666666,30.333333333333332,21.166666666666668,9.166666666666664,12,0.5844988344988346,4.0,59.561,9.0,203.5,134.77274,199.5,4.827,24.0,86.0,711.0,13.0,2024,Texas A&M,Texas A&M University-College Station,TX,NCAA Division I-FBS,"Public, 4-year or above",108474281.0,235498020.0,60230146.0,412535.2465753425,48972868.0,11257278.0,77105.0,5603578.0,25566681.0,1912128.0,369145.0,3940030.0,228301283.0,48244135.0,146.0,1.0,10.0,2025.0,0.0,8.035326780176982,8.37198726005647,0.4606165308735929,48244135.0,0.5552481698403698,,,,,,,
265,Washington State,Cougars,Washington State Cougars,WSU,Pac-12,9,False,12,8,441.0,337.0,4,0.6666666666666666,36.75,28.083333333333332,8.666666666666668,12,0.4778554778554779,5.0,65.169,7.0,268.83334,165.16678,171.583,4.69,21.0,64.0,747.0,14.0,2024,Washington State,Washington State University,WA,NCAA Division I-FBS,"Public, 4-year or above",38831529.0,82229485.0,22896016.0,184645.29032258064,18618341.0,4277675.0,34497.0,3626248.0,9153920.0,769828.0,204030.0,1235204.0,68573910.0,15935513.0,124.0,1.0,14.0,2025.0,0.0,7.589184491323523,7.91502757029858,0.4722336397947768,15935513.0,0.5896243745642877,,,,,,,
41,UConn,Huskies,UConn Huskies,CONN,FBS Independents,18,False,12,8,388.0,286.0,4,0.6666666666666666,32.333333333333336,23.833333333333332,8.500000000000004,12,0.393939393939394,7.0,55.376,9.0,202.33333,125.76802,198.333,5.064,21.0,66.0,869.0,9.0,2024,UConn,University of Connecticut,CT,NCAA Division I-FBS,"Public, 4-year or above",20479873.0,97050998.0,20479873.0,181237.81415929203,16176061.0,4303812.0,38087.0,3531337.0,14355731.0,1175967.0,235537.0,1405652.0,97050998.0,0.0,113.0,1.0,10.0,2025.0,0.0,7.311327259160716,7.987000005707529,0.2110217661028071,0.0,1.0,,,,,,,
2306,Kansas State,Wildcats,Kansas State Wildcats,KSU,Big 12,4,True,12,8,357.0,263.0,4,0.6666666666666666,29.75,21.916666666666668,7.833333333333332,12,0.5582750582750582,6.0,58.64,9.0,212.75,134.85536,204.5,5.857,31.0,77.0,679.0,9.0,2024,Kansas State,Kansas State University,KS,NCAA Division I-FBS,"Public, 4-year or above",27087822.0,102982919.0,27087822.0,216702.576,20468641.0,6619181.0,52953.0,4983280.0,16318552.0,1912620.0,307066.0,1520250.0,100807499.0,0.0,125.0,1.0,10.0,2025.0,0.0,7.432774086930255,8.01276519752837,0.2630321830361014,0.0,1.0,,,,,,,
2628,TCU,Horned Frogs,TCU Horned Frogs,TCU,Big 12,4,True,12,8,401.0,317.0,4,0.6666666666666666,33.416666666666664,26.416666666666668,6.9999999999999964,12,0.4481351981351981,11.0,67.181,10.0,317.58334,151.45639,114.25,3.736,23.0,58.0,801.0,8.0,2024,TCU,Texas Christian University,TX,NCAA Division I-FBS,"Private nonprofit, 4-year or above",59568339.0,155989500.0,59568339.0,458217.9923076923,49256419.0,10311920.0,79322.0,7382343.0,23394873.0,1811739.0,214254.0,1639673.0,155989500.0,0.0,130.0,1.0,26.0,2025.0,0.0,7.775015490426332,8.193095366011311,0.3818740299827873,0.0,1.0,,,,,,,
99,LSU,Tigers,LSU Tigers,LSU,SEC,8,True,12,8,352.0,285.0,4,0.6666666666666666,29.333333333333332,23.75,5.583333333333332,12,0.5833333333333334,4.0,64.0,11.0,315.33334,140.3312,116.583,4.043,33.0,65.0,730.0,5.0,2024,LSU,Louisiana State University and Agricultural & Mechanical College,LA,NCAA Division I-FBS,"Public, 4-year or above",117563889.0,223457268.0,50738587.0,441205.1043478261,44866952.0,5871635.0,51058.0,7034674.0,32663792.0,2115174.0,491950.0,3697048.0,219649408.0,66825302.0,115.0,1.0,10.0,2025.0,0.0,8.070273944049982,8.349194484755884,0.5261135162540339,66825302.0,0.43158309436327,,,,,,,
2641,Texas Tech,Red Raiders,Texas Tech Red Raiders,TTU,Big 12,4,True,12,8,463.0,414.0,4,0.6666666666666666,38.583333333333336,34.5,4.083333333333336,12,0.5786713286713286,10.0,62.948,9.0,298.08334,138.93312,161.833,4.444,19.0,62.0,818.0,14.0,2024,Texas Tech,Texas Tech University,TX,NCAA Division I-FBS,"Public, 4-year or above",69872378.0,128777718.0,39745662.0,323135.46341463417,29491079.0,10254583.0,83371.0,7174976.0,21187131.0,1927922.0,291503.0,2109685.0,127895343.0,30126716.0,123.0,1.0,18.0,2025.0,0.0,7.844305524057316,8.109840724927649,0.5425812717072684,30126716.0,0.568832250134667,,,,,,,
2084,Buffalo,Bulls,Buffalo Bulls,BUFF,MAC,15,False,12,8,349.0,336.0,4,0.6666666666666666,29.083333333333332,28.0,1.083333333333332,12,0.4562937062937063,7.0,56.402,6.0,190.41667,130.37425,164.667,4.143,30.0,83.0,877.0,12.0,2024,Buffalo,University at Buffalo,NY,NCAA Division I-FBS,"Public, 4-year or above",14098031.0,49986844.0,14098031.0,119474.83898305084,11703598.0,2394433.0,20292.0,1445613.0,3471069.0,222405.0,87372.0,503371.0,49986844.0,0.0,118.0,1.0,14.0,2025.0,0.0,7.149158461198102,7.698855717735736,0.28203482900420757,0.0,1.0,,,,,,,
290,Georgia Southern,Eagles,Georgia Southern Eagles,GASO,Sun Belt,37,False,12,8,338.0,328.0,4,0.6666666666666666,28.166666666666668,27.333333333333332,0.8333333333333357,12,0.5267535494808221,10.0,65.45,7.0,239.91667,136.94438,123.167,3.649,17.0,56.0,786.0,13.0,2024,Georgia Southern,Georgia Southern University,GA,NCAA Division I-FBS,"Public, 4-year or above",11225441.0,38133784.0,11225441.0,76886.58219178082,9257849.0,1967592.0,13477.0,1571069.0,3683496.0,251750.0,77607.0,347870.0,38133784.0,0.0,146.0,1.0,17.0,2025.0,0.0,7.050203411600028,7.581309902278164,0.29436997387932967,0.0,1.0,,,,,,,
36,Colorado State,Rams,Colorado State Rams,CSU,Mountain West,17,False,12,8,300.0,292.0,4,0.6666666666666666,25.0,24.333333333333332,0.6666666666666679,12,0.4539627039627039,8.0,61.739,8.0,211.0,133.09642,170.417,4.723,15.0,56.0,861.0,10.0,2024,Colorado State,Colorado State University-Fort Collins,CO,NCAA Division I-FBS,"Public, 4-year or above",21007541.0,55794198.0,21007541.0,194514.2685185185,14556688.0,6450853.0,59730.0,4588893.0,8243031.0,802160.0,222749.0,983536.0,55794198.0,0.0,108.0,1.0,17.0,2025.0,0.0,7.322375219819999,7.746589039303271,0.37651837920494885,0.0,1.0,,,,,,,
193,Miami (OH),RedHawks,Miami (OH) RedHawks,M-OH,MAC,15,False,13,8,294.0,246.0,5,0.6153846153846154,22.615384615384617,18.923076923076923,3.6923076923076934,13,0.4709072978303747,4.0,56.684,12.0,220.0,134.7949,129.0,4.425,30.0,69.0,926.0,11.0,2024,Miami (OH),Miami University-Oxford,OH,NCAA Division I-FBS,"Public, 4-year or above",11017434.0,41169189.0,11017434.0,68431.26708074534,9018814.0,1998620.0,12414.0,1395783.0,4805553.0,309705.0,77577.0,778050.0,40792930.0,0.0,161.0,1.0,14.0,2025.0,0.0,7.042080457546226,7.61457231182882,0.2676135786886645,0.0,1.0,,,,,,,
98,Western Kentucky,Hilltoppers,Western Kentucky Hilltoppers,WKU,Conference USA,12,False,13,8,332.0,318.0,5,0.6153846153846154,25.53846153846154,24.46153846153846,1.0769230769230802,13,0.5093240093240093,9.0,65.893,12.0,261.76923,146.5586,116.462,3.605,22.0,64.0,919.0,10.0,2024,Western Kentucky,Western Kentucky University,KY,NCAA Division I-FBS,"Public, 4-year or above",11040244.0,31319105.0,11040244.0,98573.60714285714,7660837.0,3379407.0,30173.0,1375867.0,3659519.0,395923.0,69996.0,715751.0,31319105.0,0.0,112.0,1.0,14.0,2025.0,0.0,7.0429786718245735,7.495809342813905,0.35250828527826705,0.0,1.0,,,,,,,
326,Texas State,Bobcats,Texas State Bobcats,TXST,Sun Belt,37,False,12,7,445.0,291.0,5,0.5833333333333334,37.083333333333336,24.25,12.833333333333336,12,0.4953379953379953,8.0,69.289,13.0,265.5,155.7403,208.833,5.178,33.0,90.0,779.0,7.0,2024,Texas State,Texas State University,TX,NCAA Division I-FBS,"Public, 4-year or above",21622408.0,52238898.0,21622408.0,180186.73333333337,17096498.0,4525910.0,37716.0,1789191.0,5009325.0,476981.0,131221.0,854093.0,52238898.0,0.0,120.0,1.0,10.0,2025.0,0.0,7.334904057928025,7.717994006751568,0.4139139382304734,0.0,1.0,,,,,,,
135,Minnesota,Golden Gophers,Minnesota Golden Gophers,MINN,Big Ten,5,True,12,7,316.0,210.0,5,0.5833333333333334,26.333333333333332,17.5,8.833333333333332,12,0.5297202797202797,5.0,66.404,5.0,221.0,137.84296,111.333,3.63,23.0,57.0,736.0,16.0,2024,Minnesota,University of Minnesota-Twin Cities,MN,NCAA Division I-FBS,"Public, 4-year or above",101726085.0,156773938.0,45452693.0,388484.5555555555,38047191.0,7405502.0,63295.0,3509833.0,18324561.0,1141273.0,236856.0,2540224.0,146804169.0,56273392.0,117.0,1.0,10.0,2025.0,0.0,8.007432330690474,8.195273867509567,0.6488711471928453,56273392.0,0.44681453139575755,,,,,,,
189,Bowling Green,Falcons,Bowling Green Falcons,BGSU,MAC,15,False,12,7,321.0,243.0,5,0.5833333333333334,26.75,20.25,6.5,12,0.4662004662004662,4.0,65.854,6.0,224.58333,138.26454,144.417,4.322,29.0,64.0,771.0,11.0,2024,Bowling Green,Bowling Green State University-Main Campus,OH,NCAA Division I-FBS,"Public, 4-year or above",10756676.0,35288178.0,10984685.0,101710.04629629628,10723673.0,261012.0,2417.0,1792269.0,5210633.0,349269.0,120250.0,782806.0,35288178.0,-228009.0,108.0,1.0,12.0,2025.0,0.0,7.031678087512263,7.547629235436379,0.304823785461522,-228009.0,1.0211969757200088,,,,,,,
2459,Northern Illinois,Huskies,Northern Illinois Huskies,NIU,MAC,15,False,12,7,291.0,221.0,5,0.5833333333333334,24.25,18.416666666666668,5.833333333333332,12,0.4953379953379953,9.0,57.941,7.0,176.08333,118.64665,207.333,4.84,34.0,70.0,714.0,8.0,2024,Northern Illinois,Northern Illinois University,IL,NCAA Division I-FBS,"Public, 4-year or above",13249127.0,34342695.0,13199127.0,92301.5874125874,11741249.0,1457878.0,10195.0,1202337.0,3806439.0,241937.0,96040.0,383206.0,34342695.0,50000.0,143.0,1.0,10.0,2025.0,0.0,7.122187263059741,7.535834372878007,0.3857917091247498,50000.0,0.9962261664485517,,,,,,,
2649,Toledo,Rockets,Toledo Rockets,TOL,MAC,15,False,12,7,320.0,256.0,5,0.5833333333333334,26.666666666666668,21.333333333333332,5.333333333333336,12,0.4772727272727273,10.0,62.035,7.0,246.16667,141.42331,120.333,3.513,28.0,81.0,868.0,10.0,2024,Toledo,University of Toledo,OH,NCAA Division I-FBS,"Public, 4-year or above",12624282.0,39498134.0,12624282.0,103477.7213114754,10973577.0,1650705.0,13530.0,1270803.0,3687234.0,333283.0,93752.0,582785.0,39498134.0,0.0,122.0,1.0,10.0,2025.0,0.0,7.101206687202165,7.596576578850624,0.3196171748265374,0.0,1.0,,,,,,,
103,Boston College,Eagles,Boston College Eagles,BC,ACC,1,True,12,7,351.0,289.0,5,0.5833333333333334,29.25,24.083333333333332,5.166666666666668,12,0.5646853146853146,8.0,62.63,7.0,190.83333,151.75244,176.333,4.207,30.0,65.0,760.0,16.0,2024,Boston College,Boston College,MA,NCAA Division I-FBS,"Private nonprofit, 4-year or above",47531226.0,142122049.0,41224780.0,278545.8108108108,32104724.0,9120056.0,61622.0,2969095.0,14553358.0,653075.0,231602.0,2016982.0,142122049.0,6306446.0,148.0,1.0,10.0,2025.0,0.0,7.676979016444305,8.152661460166705,0.334439492917809,6306446.0,0.8673199382654257,,,,,,,
221,Pittsburgh,Panthers,Pittsburgh Panthers,PITT,ACC,1,True,12,7,382.0,321.0,5,0.5833333333333334,31.833333333333332,26.75,5.083333333333332,12,0.5407925407925408,4.0,60.897,13.0,277.5,134.14546,128.5,4.344,40.0,99.0,895.0,12.0,2024,Pittsburgh,University of Pittsburgh-Pittsburgh Campus,PA,NCAA Division I-FBS,"Public, 4-year or above",57222645.0,151337808.0,47141722.0,399506.1186440678,37650510.0,9491212.0,80434.0,6831638.0,28372226.0,2293482.0,324154.0,1381007.0,151337808.0,10080923.0,118.0,1.0,14.0,2025.0,0.0,7.757567928309437,8.179947439289283,0.3781120247228637,10080923.0,0.8238298317038648,,,,,,,
151,East Carolina,Pirates,East Carolina Pirates,ECU,American,151,False,12,7,390.0,334.0,5,0.5833333333333334,32.5,27.833333333333332,4.666666666666668,12,0.4873913964823055,7.0,60.15,21.0,273.75,140.28494,159.583,4.433,21.0,88.0,949.0,13.0,2024,East Carolina,East Carolina University,NC,NCAA Division I-FBS,"Public, 4-year or above",16480592.0,68011262.0,16473046.0,127698.03100775194,13183603.0,3289443.0,25500.0,3108740.0,7739432.0,733528.0,169658.0,828291.0,64764468.0,7546.0,129.0,1.0,14.0,2025.0,0.0,7.216972807950632,7.832580833580941,0.24232151433978685,7546.0,0.999542128098311,,,,,,,
59,Georgia Tech,Yellow Jackets,Georgia Tech Yellow Jackets,GT,ACC,1,True,12,7,349.0,298.0,5,0.5833333333333334,29.083333333333332,24.833333333333332,4.25,12,0.6072261072261071,2.0,64.38,6.0,240.33333,137.31956,186.75,4.925,17.0,67.0,682.0,5.0,2024,Georgia Tech,Georgia Institute of Technology-Main Campus,GA,NCAA Division I-FBS,"Public, 4-year or above",70541041.0,140430227.0,42709508.0,355912.56666666665,31110540.0,11598968.0,96658.0,3709371.0,15565517.0,1109351.0,260002.0,2054588.0,140430227.0,27831533.0,120.0,1.0,10.0,2025.0,0.0,7.848441864421629,8.147460597867811,0.5023209212643373,27831533.0,0.60545616274645,,,,,,,
164,Rutgers,Scarlet Knights,Rutgers Scarlet Knights,RUTG,Big Ten,5,True,12,7,335.0,286.0,5,0.5833333333333334,27.916666666666668,23.833333333333332,4.083333333333336,12,0.4772727272727273,2.0,54.821,6.0,204.91667,123.87114,176.25,4.397,20.0,48.0,760.0,7.0,2024,Rutgers,Rutgers University-New Brunswick,NJ,NCAA Division I-FBS,"Public, 4-year or above",75922954.0,171679918.0,75922954.0,554182.1459854015,61473742.0,14449212.0,105469.0,4271957.0,21702609.0,1334237.0,293772.0,2038136.0,171679918.0,0.0,137.0,1.0,10.0,2025.0,0.0,7.880373097218784,8.234719497188534,0.4422354978058645,0.0,1.0,,,,,,,
57,Florida,Gators,Florida Gators,FLA,SEC,8,True,12,7,335.0,292.0,5,0.5833333333333334,27.916666666666668,24.333333333333332,3.5833333333333357,12,0.5856643356643357,5.0,60.586,12.0,219.08333,142.97922,156.0,4.489,39.0,82.0,918.0,11.0,2024,Florida,University of Florida,FL,NCAA Division I-FBS,"Public, 4-year or above",113351580.0,199237539.0,51766013.0,395160.40458015265,40553368.0,11212645.0,85593.0,5377669.0,25857391.0,2103699.0,327397.0,3380567.0,199237539.0,61585567.0,131.0,1.0,10.0,2025.0,0.0,8.05442757810611,8.299371168648978,0.5689268225703189,61585567.0,0.4566854118839808,,,,,,,
130,Michigan,Wolverines,Michigan Wolverines,MICH,Big Ten,5,True,12,7,267.0,246.0,5,0.5833333333333334,22.25,20.5,1.75,12,0.6469017094017094,7.0,61.092,12.0,133.58333,111.245476,160.667,4.432,31.0,73.0,686.0,11.0,2024,Michigan,University of Michigan-Ann Arbor,MI,NCAA Division I-FBS,"Public, 4-year or above",175299592.0,236376759.0,61663186.0,443620.0431654676,52795760.0,8867426.0,63794.0,4557296.0,28526320.0,1002368.0,273456.0,4902622.0,222088909.0,113636406.0,139.0,1.0,13.0,2025.0,0.0,8.243780905298845,8.373604773671822,0.7416109466159488,113636406.0,0.35175886775595006,,,,,,,
23,San José State,Spartans,San José State Spartans,SJSU,Mountain West,17,False,12,7,330.0,317.0,5,0.5833333333333334,27.5,26.416666666666668,1.083333333333332,12,0.4778554778554778,12.0,57.287,15.0,325.25,136.95586,81.417,3.392,23.0,86.0,936.0,20.0,2024,San José State,San Jose State University,CA,NCAA Division I-FBS,"Public, 4-year or above",11937986.0,42944067.0,11937986.0,115902.77669902911,9717107.0,2220879.0,21562.0,1953872.0,4848680.0,213056.0,124344.0,359403.0,42944067.0,0.0,103.0,1.0,14.0,2025.0,0.0,7.076931065247035,7.632903171726174,0.27798918067075484,0.0,1.0,,,,,,,
2032,Arkansas State,Red Wolves,Arkansas State Red Wolves,ARST,Sun Belt,37,False,12,7,298.0,387.0,5,0.5833333333333334,24.833333333333332,32.25,-7.416666666666668,12,0.4504662004662005,8.0,62.044,9.0,227.08333,127.00564,159.333,4.193,18.0,58.0,762.0,14.0,2024,Arkansas State,Arkansas State University,AR,NCAA Division I-FBS,"Public, 4-year or above",11536628.0,33754642.0,11536628.0,75402.79738562091,7771044.0,3765584.0,24612.0,1826164.0,2578926.0,153340.0,69701.0,730079.0,33754642.0,0.0,153.0,1.0,24.0,2025.0,0.0,7.0620788889765365,7.528333506244287,0.3417790062771218,0.0,1.0,,,,,,,
6,South Alabama,Jaguars,South Alabama Jaguars,USA,Sun Belt,37,False,12,6,417.0,304.0,6,0.5,34.75,25.333333333333332,9.416666666666668,12,0.529667302394575,6.0,64.962,6.0,243.46153,147.61377,198.846,5.757,21.0,72.0,944.0,16.0,2024,South Alabama,University of South Alabama,AL,NCAA Division I-FBS,"Public, 4-year or above",13486171.0,32559740.0,13932976.0,114204.7213114754,11927974.0,2005002.0,16434.0,1151268.0,4425339.0,249783.0,69345.0,582805.0,32559740.0,-446805.0,122.0,1.0,13.0,2025.0,0.0,7.129888662079876,7.5126809282498375,0.41419774850781976,-446805.0,1.0331306046764497,,,,,,,
259,Virginia Tech,Hokies,Virginia Tech Hokies,VT,ACC,1,True,12,6,356.0,273.0,6,0.5,29.666666666666668,22.75,6.916666666666668,12,0.6004273504273504,8.0,59.19,8.0,192.75,130.15697,187.083,4.859,36.0,77.0,823.0,14.0,2024,Virginia Tech,Virginia Polytechnic Institute and State University,VA,NCAA Division I-FBS,"Public, 4-year or above",79735756.0,151623889.0,37803976.0,304870.77419354836,27255729.0,10548247.0,85067.0,3027917.0,17088075.0,1035137.0,199278.0,2703456.0,148984818.0,41931780.0,124.0,1.0,10.0,2025.0,0.0,7.901653116267036,8.180767631662349,0.5258785836841318,41931780.0,0.4741157279552225,,,,,,,
30,USC,Trojans,USC Trojans,USC,Big Ten,5,True,12,6,357.0,282.0,6,0.5,29.75,23.5,6.25,12,0.5566239316239318,6.0,63.232,12.0,291.66666,134.44705,148.667,5.325,20.0,51.0,763.0,10.0,2024,USC,University of Southern California,CA,NCAA Division I-FBS,"Private nonprofit, 4-year or above",74014972.0,234029848.0,74014972.0,638060.1034482758,68247786.0,5767186.0,49717.0,5357962.0,31106858.0,1935002.0,342296.0,5926680.0,234029848.0,0.0,116.0,1.0,10.0,2025.0,0.0,7.869319579180833,8.36927125055128,0.3162629580479837,0.0,1.0,,,,,,,
8,Arkansas,Razorbacks,Arkansas Razorbacks,ARK,SEC,8,True,12,6,363.0,299.0,6,0.5,30.25,24.916666666666668,5.333333333333332,12,0.5466200466200466,13.0,62.087,9.0,269.16666,138.30232,181.75,4.857,25.0,57.0,827.0,8.0,2024,Arkansas,University of Arkansas,AR,NCAA Division I-FBS,"Public, 4-year or above",90791403.0,195879594.0,57370871.0,451739.14173228346,49164032.0,8206839.0,64621.0,9926627.0,32239326.0,3332039.0,471042.0,2544123.0,188988863.0,33420532.0,127.0,1.0,14.0,2025.0,0.0,7.95804472730497,8.291989195184131,0.46350618329339605,33420532.0,0.6318976147994981,,,,,,,
153,North Carolina,Tar Heels,North Carolina Tar Heels,UNC,ACC,1,True,12,6,388.0,338.0,6,0.5,32.333333333333336,28.166666666666668,4.166666666666668,12,0.5075757575757576,8.0,57.937,8.0,233.91667,130.92467,189.5,4.859,39.0,73.0,762.0,9.0,2024,North Carolina,University of North Carolina at Chapel Hill,NC,NCAA Division I-FBS,"Public, 4-year or above",63337093.0,180835031.0,49145749.0,399558.9349593496,40284396.0,8861353.0,72044.0,3969328.0,24726784.0,1184648.0,278468.0,3228757.0,180835031.0,14191344.0,123.0,1.0,10.0,2025.0,0.0,7.801658126559875,8.257282564946369,0.3502479173960492,14191344.0,0.775939448310329,,,,,,,
158,Nebraska,Cornhuskers,Nebraska Cornhuskers,NEB,Big Ten,5,True,12,6,286.0,238.0,6,0.5,23.833333333333332,19.833333333333332,4.0,12,0.5606060606060607,6.0,65.594,11.0,228.08333,126.859985,130.583,3.776,27.0,74.0,704.0,11.0,2024,Nebraska,University of Nebraska-Lincoln,NE,NCAA Division I-FBS,"Public, 4-year or above",122283973.0,205807522.0,70574668.0,455320.43870967743,60482369.0,10092299.0,65112.0,8527356.0,26626950.0,1742862.0,294978.0,2399346.0,198462402.0,51709305.0,155.0,1.0,23.0,2025.0,0.0,8.08736954048868,8.313461243620749,0.5941666845393533,51709305.0,0.5771375125340423,,,,,,,
25,California,Golden Bears,California Golden Bears,CAL,ACC,1,True,12,6,313.0,266.0,6,0.5,26.083333333333332,22.166666666666668,3.916666666666664,12,0.486013986013986,3.0,66.588,7.0,266.33334,138.88551,116.5,3.486,32.0,70.0,774.0,17.0,2024,California,University of California-Berkeley,CA,NCAA Division I-FBS,"Public, 4-year or above",63954618.0,173116318.0,46721911.0,389349.25833333336,35905641.0,10816270.0,90136.0,3106066.0,18499179.0,788336.0,231773.0,2681244.0,173116318.0,17232707.0,120.0,1.0,10.0,2025.0,0.0,7.805871909244806,8.238338006542882,0.3694314824787343,17232707.0,0.7305478863152619,,,,,,,
238,Vanderbilt,Commodores,Vanderbilt Commodores,VAN,SEC,8,True,12,6,320.0,277.0,6,0.5,26.666666666666668,23.083333333333332,3.5833333333333357,12,0.576923076923077,3.0,58.657,4.0,180.16667,140.99638,139.25,3.824,23.0,63.0,766.0,9.0,2024,Vanderbilt,Vanderbilt University,TN,NCAA Division I-FBS,"Private nonprofit, 4-year or above",44124525.0,146388389.0,44124525.0,380383.8362068966,38455463.0,5669062.0,48871.0,6294306.0,22997448.0,2191976.0,410233.0,2075726.0,146388389.0,0.0,116.0,1.0,10.0,2025.0,0.0,7.644680043245981,8.165506631413601,0.3014209344157753,0.0,1.0,,,,,,,
201,Oklahoma,Sooners,Oklahoma Sooners,OU,SEC,8,True,12,6,292.0,259.0,6,0.5,24.333333333333332,21.583333333333332,2.75,12,0.6398601398601399,14.0,62.614,6.0,167.58333,124.34934,154.917,3.865,35.0,91.0,802.0,9.0,2024,Oklahoma,University of Oklahoma-Norman Campus,OK,NCAA Division I-FBS,"Public, 4-year or above",126247146.0,234426470.0,71184826.0,556131.453125,64209425.0,6975401.0,54495.0,5934399.0,23935940.0,1481027.0,318098.0,5072037.0,234426470.0,55062320.0,128.0,1.0,14.0,2025.0,0.0,8.10122156904447,8.370006647985539,0.5385362241729784,55062320.0,0.563852952366939,,,,,,,
58,South Florida,Bulls,South Florida Bulls,USF,American,151,False,12,6,377.0,348.0,6,0.5,31.416666666666668,29.0,2.416666666666668,12,0.4947552447552448,8.0,58.477,9.0,226.83333,123.207184,191.25,5.011,32.0,98.0,842.0,11.0,2024,South Florida,University of South Florida,FL,NCAA Division I-FBS,"Public, 4-year or above",33352743.0,122093386.0,33352743.0,256559.5615384615,24380665.0,8972078.0,69016.0,2487650.0,8895050.0,613580.0,170370.0,2413138.0,122093386.0,0.0,130.0,1.0,11.0,2025.0,0.0,7.523131557016473,8.08669213813404,0.27317403581550276,0.0,1.0,,,,,,,
278,Fresno State,Bulldogs,Fresno State Bulldogs,FRES,Mountain West,17,False,12,6,319.0,295.0,6,0.5,26.583333333333332,24.583333333333332,2.0,12,0.4924242424242424,3.0,69.727,13.0,245.08333,140.13652,96.583,3.256,22.0,65.0,819.0,14.0,2024,Fresno State,California State University-Fresno,CA,NCAA Division I-FBS,"Public, 4-year or above",17708178.0,63439685.0,17708178.0,158108.73214285713,14450538.0,3257640.0,29086.0,2684602.0,5710634.0,424078.0,132972.0,917419.0,63439685.0,0.0,112.0,1.0,17.0,2025.0,0.0,7.248173878792989,7.802361017892438,0.27913407829815046,0.0,1.0,,,,,,,
2636,UTSA,Roadrunners,UTSA Roadrunners,UTSA,American,151,False,12,6,387.0,376.0,6,0.5,32.25,31.333333333333332,0.916666666666668,12,0.4947552447552448,8.0,61.555,12.0,285.75,135.05182,161.667,4.227,38.0,104.0,735.0,10.0,2024,UTSA,The University of Texas at San Antonio,TX,NCAA Division I-FBS,"Public, 4-year or above",17853035.0,54436434.0,17853035.0,151296.90677966102,14160406.0,3692629.0,31293.0,3457060.0,8600615.0,670430.0,199045.0,595857.0,49898232.0,0.0,118.0,1.0,14.0,2025.0,0.0,7.251712056398335,7.735889667875034,0.32796114087855205,0.0,1.0,,,,,,,
264,Washington,Huskies,Washington Huskies,WASH,Big Ten,5,True,12,6,270.0,274.0,6,0.5,22.5,22.833333333333332,-0.3333333333333321,12,0.62995337995338,4.0,71.688,7.0,252.33333,149.54657,131.333,4.072,20.0,43.0,760.0,8.0,2024,Washington,University of Washington-Seattle Campus,WA,NCAA Division I-FBS,"Public, 4-year or above",121018946.0,178415083.0,68921774.0,604576.9649122807,48375718.0,20546056.0,180229.0,4530549.0,23297260.0,1588019.0,294253.0,2632449.0,174834634.0,52097172.0,114.0,1.0,10.0,2025.0,0.0,8.082853366177162,8.251431566333705,0.6782999731026104,52097172.0,0.5695122646333409,,,,,,,
249,North Texas,Mean Green,North Texas Mean Green,UNT,American,151,False,12,6,408.0,414.0,6,0.5,34.0,34.5,-0.5,12,0.511072261072261,7.0,63.006,12.0,322.83334,140.79059,165.833,5.543,22.0,59.0,838.0,10.0,2024,North Texas,University of North Texas,TX,NCAA Division I-FBS,"Public, 4-year or above",15382425.0,58119360.0,15382425.0,93226.81818181818,10631325.0,4751100.0,28795.0,2476281.0,6469230.0,676527.0,163614.0,682731.0,58119360.0,0.0,165.0,1.0,11.0,2025.0,0.0,7.187024806278152,7.764320823279136,0.2646695524520573,0.0,1.0,,,,,,,
324,Coastal Carolina,Chanticleers,Coastal Carolina Chanticleers,CCU,Sun Belt,37,False,12,6,358.0,367.0,6,0.5,29.833333333333332,30.583333333333332,-0.75,12,0.5168467895740624,6.0,53.776,10.0,204.41667,127.932014,178.667,4.84,28.0,57.0,834.0,10.0,2024,Coastal Carolina,Coastal Carolina University,SC,NCAA Division I-FBS,"Public, 4-year or above",17052582.0,46978290.0,17052582.0,138638.8780487805,14706582.0,2346000.0,19073.0,1791709.0,6322108.0,409519.0,138219.0,781729.0,46978290.0,0.0,123.0,1.0,10.0,2025.0,0.0,7.231790146580954,7.671897204500337,0.3629885634406872,0.0,1.0,,,,,,,
152,NC State,Wolfpack,NC State Wolfpack,NCSU,ACC,1,True,12,6,350.0,366.0,6,0.5,29.166666666666668,30.5,-1.333333333333332,12,0.5699300699300699,10.0,64.658,12.0,232.83333,138.65796,140.75,4.376,24.0,81.0,778.0,8.0,2024,NC State,North Carolina State University at Raleigh,NC,NCAA Division I-FBS,"Public, 4-year or above",69756644.0,135830733.0,40535367.0,324282.936,36578064.0,3957303.0,31658.0,3397366.0,20560305.0,1123916.0,227345.0,2775789.0,129009673.0,29221277.0,125.0,1.0,10.0,2025.0,0.0,7.843585578470658,8.132998044335027,0.5135556766818007,29221277.0,0.5810968629740846,,,,,,,
2711,Western Michigan,Broncos,Western Michigan Broncos,WMU,MAC,15,False,12,6,353.0,377.0,6,0.5,29.416666666666668,31.416666666666668,-2.0,12,0.4714452214452214,4.0,65.635,9.0,187.0,141.67148,183.0,4.915,19.0,53.0,881.0,8.0,2024,Western Michigan,Western Michigan University,MI,NCAA Division I-FBS,"Public, 4-year or above",11409469.0,43722663.0,11409469.0,100968.7522123894,8911277.0,2498192.0,22108.0,1545537.0,4476609.0,366042.0,78633.0,733315.0,43722663.0,0.0,113.0,1.0,15.0,2025.0,0.0,7.057265432697255,7.640706605495976,0.26095091691921873,0.0,1.0,,,,,,,
277,West Virginia,Mountaineers,West Virginia Mountaineers,WVU,Big 12,4,True,12,6,342.0,373.0,6,0.5,28.5,31.083333333333332,-2.583333333333332,12,0.5407925407925408,4.0,59.517,13.0,200.5,130.66821,194.167,4.726,20.0,58.0,810.0,5.0,2024,West Virginia,West Virginia University,WV,NCAA Division I-FBS,"Public, 4-year or above",47642113.0,117413366.0,35250569.0,277563.53543307085,31167444.0,4083125.0,32151.0,2937431.0,7371433.0,239357.0,149893.0,1774645.0,117413366.0,12391544.0,127.0,1.0,18.0,2025.0,0.0,7.677991014857131,8.069717538560939,0.4057639655778202,12391544.0,0.7399035596930807,,,,,,,
2026,App State,Mountaineers,App State Mountaineers,APP,Sun Belt,37,False,11,5,293.0,362.0,6,0.4545454545454545,26.636363636363637,32.90909090909091,-6.27272727272727,12,0.5891025641025641,6.0,55.612,16.0,273.0,131.16264,153.818,4.372,23.0,50.0,761.0,4.0,2024,App State,Appalachian State University,NC,NCAA Division I-FBS,"Public, 4-year or above",13288981.0,44964352.0,13288981.0,108926.0737704918,10977782.0,2311199.0,18944.0,1809956.0,5869891.0,384286.0,142567.0,787385.0,44964352.0,0.0,122.0,1.0,10.0,2025.0,0.0,7.123491680487964,7.652868338995956,0.2955448129220232,0.0,1.0,,,,,,,
2,Auburn,Tigers,Auburn Tigers,AUB,SEC,8,True,12,5,333.0,256.0,7,0.4166666666666667,27.75,21.333333333333332,6.416666666666668,12,0.5617715617715618,9.0,62.331,13.0,263.91666,151.52852,165.5,4.916,28.0,68.0,711.0,8.0,2024,Auburn,Auburn University,AL,NCAA Division I-FBS,"Public, 4-year or above",121408732.0,205275913.0,58724402.0,485325.6363636363,51965876.0,6758526.0,55856.0,5990116.0,28478204.0,2354276.0,363584.0,3179194.0,195930163.0,62684330.0,121.0,1.0,10.0,2025.0,0.0,8.08424992333758,8.312337992405674,0.5914416856107224,62684330.0,0.48369174961814115,,,,,,,
2305,Kansas,Jayhawks,Kansas Jayhawks,KU,Big 12,4,True,12,5,356.0,312.0,7,0.4166666666666667,29.666666666666668,26.0,3.666666666666668,12,0.6864801864801865,5.0,57.516,12.0,208.75,134.61087,212.083,5.533,28.0,69.0,685.0,12.0,2024,Kansas,University of Kansas,KS,NCAA Division I-FBS,"Public, 4-year or above",37107691.0,173669277.0,34516494.0,282922.08196721313,26235105.0,8281389.0,67880.0,4522619.0,14583079.0,1176779.0,334584.0,1778686.0,159866627.0,2591197.0,122.0,1.0,10.0,2025.0,0.0,7.569463931520518,8.239722996285291,0.21366871355144756,2591197.0,0.9301708909886094,,,,,,,
254,Utah,Utes,Utah Utes,UTAH,Big 12,4,True,12,5,283.0,248.0,7,0.4166666666666667,23.583333333333332,20.666666666666668,2.9166666666666643,12,0.5559440559440559,5.0,55.587,17.0,199.41667,120.670364,130.417,3.883,24.0,77.5,744.0,12.0,2024,Utah,University of Utah,UT,NCAA Division I-FBS,"Public, 4-year or above",95930953.0,125167576.0,41410554.0,328655.1904761905,34663631.0,6746923.0,53547.0,4869870.0,20568910.0,1118270.0,375160.0,1747609.0,118667209.0,54520399.0,126.0,1.0,10.0,2025.0,0.0,7.98195875887199,8.0974918417498,0.7664201550088339,54520399.0,0.4316704119472263,,,,,,,
2348,Louisiana Tech,Bulldogs,Louisiana Tech Bulldogs,LT,Conference USA,12,False,12,5,266.0,246.0,7,0.4166666666666667,22.166666666666668,20.5,1.666666666666668,12,0.4143356643356643,13.0,62.953,7.0,228.5,134.38919,115.083,2.989,21.0,67.0,758.0,5.0,2024,Louisiana Tech,Louisiana Tech University,LA,NCAA Division I-FBS,"Public, 4-year or above",11122188.0,33952161.0,11122188.0,99305.25,9335100.0,1787088.0,15956.0,1445746.0,4097078.0,365866.0,107988.0,627593.0,33952161.0,0.0,112.0,1.0,10.0,2025.0,0.0,7.046190231747224,7.530867421635885,0.32758409692979484,0.0,1.0,,,,,,,
2132,Cincinnati,Bearcats,Cincinnati Bearcats,CIN,Big 12,4,True,12,5,302.0,295.0,7,0.4166666666666667,25.166666666666668,24.583333333333332,0.5833333333333357,12,0.611888111888112,11.0,63.797,7.0,236.5,135.64497,184.083,5.173,21.0,66.0,765.0,5.0,2024,Cincinnati,University of Cincinnati-Main Campus,OH,NCAA Division I-FBS,"Public, 4-year or above",30429185.0,119327103.0,30429185.0,253576.54166666663,23866930.0,6562255.0,54685.0,2870066.0,7393614.0,172518.0,192682.0,1549379.0,119327103.0,0.0,120.0,1.0,14.0,2025.0,0.0,7.483290320588771,8.076739097035745,0.25500648415138344,0.0,1.0,,,,,,,
295,Old Dominion,Monarchs,Old Dominion Monarchs,ODU,Sun Belt,37,False,12,5,336.0,336.0,7,0.4166666666666667,28.0,28.0,0.0,12,0.5742035742035742,11.0,58.559,9.0,192.91667,128.39664,209.75,5.233,26.0,75.0,972.0,12.0,2024,Old Dominion,Old Dominion University,VA,NCAA Division I-FBS,"Public, 4-year or above",14787371.0,53232824.0,14787371.0,127477.33620689657,11236573.0,3550798.0,30610.0,1751491.0,5063828.0,260141.0,106525.0,689496.0,53232824.0,0.0,116.0,1.0,14.0,2025.0,0.0,7.169890969015021,7.726179506095446,0.2777867091928093,0.0,1.0,,,,,,,
275,Wisconsin,Badgers,Wisconsin Badgers,WIS,Big Ten,5,True,12,5,271.0,277.0,7,0.4166666666666667,22.583333333333332,23.083333333333332,-0.5,12,0.5769230769230769,8.0,56.986,10.0,196.66667,118.47793,153.667,4.37,17.0,42.0,730.0,4.0,2024,Wisconsin,University of Wisconsin-Madison,WI,NCAA Division I-FBS,"Public, 4-year or above",112319593.0,190503289.0,40903448.0,335274.1639344262,34262903.0,6640545.0,54431.0,5122786.0,25631644.0,1567756.0,237002.0,1725093.0,180525755.0,71416145.0,122.0,1.0,15.0,2025.0,0.0,8.050455521084036,8.279902478081036,0.5895939833353744,71416145.0,0.3641701942420678,,,,,,,
2199,Eastern Michigan,Eagles,Eastern Michigan Eagles,EMU,MAC,15,False,12,5,311.0,335.0,7,0.4166666666666667,25.916666666666668,27.916666666666668,-2.0,12,0.4691142191142191,7.0,59.856,10.0,236.0,125.72078,141.833,3.568,25.0,72.0,836.0,5.0,2024,Eastern Michigan,Eastern Michigan University,MI,NCAA Division I-FBS,"Public, 4-year or above",11079719.0,38924556.0,11079719.0,93106.88235294116,9414225.0,1665494.0,13996.0,1120529.0,3369776.0,262683.0,77986.0,1117485.0,38924556.0,0.0,119.0,1.0,11.0,2025.0,0.0,7.0445287461056845,7.590223667409722,0.2846459957051276,0.0,1.0,,,,,,,
62,Hawai'i,Rainbow Warriors,Hawai'i Rainbow Warriors,HAW,Mountain West,17,False,12,5,268.0,312.0,7,0.4166666666666667,22.333333333333332,26.0,-3.666666666666668,12,0.5256410256410257,4.0,59.583,15.0,268.16666,126.83409,97.667,3.447,27.0,68.0,742.0,6.0,2024,Hawai'i,University of Hawaii at Manoa,HI,NCAA Division I-FBS,"Public, 4-year or above",12129152.0,53793049.0,13857022.0,121552.82456140353,10455489.0,3401533.0,29838.0,1249685.0,4128981.0,245595.0,100409.0,535355.0,53793049.0,-1727870.0,114.0,1.0,10.0,2025.0,0.0,7.083830438575195,7.730726160871317,0.22547805386528658,-1727870.0,1.1424559606475375,,,,,,,
2005,Air Force,Falcons,Air Force Falcons,AFA,Mountain West,17,False,12,5,227.0,279.0,7,0.4166666666666667,18.916666666666668,23.25,-4.333333333333332,12,0.506993006993007,5.0,44.928,10.0,89.75,107.94612,224.0,3.994,18.0,52.0,675.0,4.0,2024,,,,,,,,,,,,,,,,,,,,,,,,,,,,,,,,,,,,
167,New Mexico,Lobos,New Mexico Lobos,UNM,Mountain West,17,False,12,5,402.0,456.0,7,0.4166666666666667,33.5,38.0,-4.5,12,0.4090909090909091,7.0,57.949,12.0,230.66667,121.563644,253.583,6.673,11.0,52.0,892.0,3.0,2024,New Mexico,University of New Mexico-Main Campus,NM,NCAA Division I-FBS,"Public, 4-year or above",15266440.0,61160745.0,14730964.0,125905.67521367522,11273352.0,3457612.0,29552.0,1528772.0,6111408.0,368316.0,105496.0,1108203.0,56544018.0,535476.0,117.0,1.0,11.0,2025.0,0.0,7.183737775195996,7.78647276692044,0.24961174034096542,535476.0,0.9649246320687731,,,,,,,
204,Oregon State,Beavers,Oregon State Beavers,ORST,Pac-12,9,False,12,5,291.0,359.0,7,0.4166666666666667,24.25,29.916666666666668,-5.666666666666668,12,0.5536130536130537,5.0,60.0,11.0,201.41667,116.70226,189.167,4.69,7.0,45.0,730.0,5.0,2024,Oregon State,Oregon State University,OR,NCAA Division I-FBS,"Public, 4-year or above",32621301.0,104767703.0,23847865.0,205585.0431034483,18231138.0,5616727.0,48420.0,3301201.0,11908448.0,918231.0,238297.0,1252955.0,100306447.0,8773436.0,116.0,1.0,10.0,2025.0,0.0,7.513501277545883,8.020227422240858,0.31136791268583985,8773436.0,0.7310519283090519,,,,,,,
258,Virginia,Cavaliers,Virginia Cavaliers,UVA,ACC,1,True,12,5,272.0,345.0,7,0.4166666666666667,22.666666666666668,28.75,-6.083333333333332,12,0.5938228438228438,5.0,61.347,14.0,229.0,125.09728,131.917,3.664,19.0,55.0,822.0,9.0,2024,Virginia,University of Virginia-Main Campus,VA,NCAA Division I-FBS,"Public, 4-year or above",51441991.0,150622194.0,33611796.0,264659.81102362205,27572721.0,6039075.0,47552.0,3091257.0,19935239.0,1022347.0,206891.0,2287698.0,150622194.0,17830195.0,127.0,1.0,10.0,2025.0,0.0,7.711317769083741,8.177888969351857,0.34152995407834785,17830195.0,0.6533922063786373,,,,,,,
127,Michigan State,Spartans,Michigan State Spartans,MSU,Big Ten,5,True,12,5,232.0,313.0,7,0.4166666666666667,19.333333333333332,26.083333333333332,-6.75,12,0.5984848484848485,7.0,60.057,12.0,218.08333,127.68957,115.333,3.513,19.0,66.0,717.0,9.0,2024,Michigan State,Michigan State University,MI,NCAA Division I-FBS,"Public, 4-year or above",77084648.0,160697176.0,48227813.0,405275.7394957983,41948581.0,6279232.0,52767.0,5236240.0,21827091.0,1155745.0,272033.0,2158141.0,160697176.0,28856835.0,119.0,1.0,15.0,2025.0,0.0,7.886967893579323,8.206008244788277,0.47968887766888946,28856835.0,0.6256474440928886,,,,,,,
26,UCLA,Bruins,UCLA Bruins,UCLA,Big Ten,5,True,12,5,221.0,303.0,7,0.4166666666666667,18.416666666666668,25.25,-6.833333333333332,12,0.639957264957265,6.0,65.075,11.0,242.16667,134.97926,86.583,3.074,22.0,64.0,677.0,10.0,2024,UCLA,University of California-Los Angeles,CA,NCAA Division I-FBS,"Public, 4-year or above",55205071.0,173429394.0,55205071.0,456240.2561983471,46764133.0,8440938.0,69760.0,3859660.0,20880972.0,1293740.0,256592.0,2762235.0,173429394.0,0.0,121.0,1.0,10.0,2025.0,0.0,7.741978972768427,8.23912270657811,0.3183143856225433,0.0,1.0,,,,,,,
2433,UL Monroe,Warhawks,UL Monroe Warhawks,ULM,Sun Belt,37,False,12,5,252.0,345.0,7,0.4166666666666667,21.0,28.75,-7.75,12,0.5273892773892773,3.0,54.472,12.0,134.75,114.685295,169.667,4.465,21.0,58.0,854.0,6.0,2024,UL Monroe,University of Louisiana at Monroe,LA,NCAA Division I-FBS,"Public, 4-year or above",7772886.0,20557764.0,7772886.0,66434.92307692308,6248435.0,1524451.0,13029.0,1124132.0,2756628.0,229122.0,89501.0,215545.0,20557764.0,0.0,117.0,1.0,10.0,2025.0,0.0,6.890582298229867,7.312975876117482,0.3780997777773886,0.0,1.0,,,,,,,
2429,Charlotte,49ers,Charlotte 49ers,CLT,American,151,False,12,5,284.0,421.0,7,0.4166666666666667,23.666666666666668,35.083333333333336,-11.416666666666668,12,0.5705128205128205,7.0,50.142,14.0,224.08333,121.1587,117.083,3.603,18.0,67.0,779.0,10.0,2024,Charlotte,University of North Carolina at Charlotte,NC,NCAA Division I-FBS,"Public, 4-year or above",11946167.0,54956032.0,15571390.0,127634.34426229508,11472945.0,4098445.0,33594.0,981963.0,3069045.0,166671.0,67941.0,915585.0,54956032.0,-3625223.0,122.0,1.0,12.0,2025.0,0.0,7.077228581620791,7.7400153677429815,0.21737681133892636,-3625223.0,1.3034632782213742,,,,,,,
2116,UCF,Knights,UCF Knights,UCF,Big 12,4,True,12,4,365.0,323.0,8,0.3333333333333333,30.416666666666668,26.916666666666668,3.5,12,0.6241258741258741,8.0,58.199,11.0,199.66667,130.6939,248.083,5.769,22.0,83.0,769.0,9.0,2024,UCF,University of Central Florida,FL,NCAA Division I-FBS,"Public, 4-year or above",30085713.0,108885086.0,38695138.0,322459.48333333334,30936861.0,7758277.0,64652.0,4346585.0,14534178.0,1226225.0,312036.0,1693043.0,103615446.0,-8609425.0,120.0,1.0,10.0,2025.0,0.0,7.478360308275617,8.036968398475103,0.2763070141672111,-8609425.0,1.2861632363507556,,,,,,,
2229,Florida International,Panthers,Florida International Panthers,FIU,Conference USA,12,False,12,4,316.0,309.0,8,0.3333333333333333,26.333333333333332,25.75,0.5833333333333321,12,0.4548103411739775,8.0,61.677,11.0,229.41667,148.04477,120.583,3.608,18.0,47.0,898.0,11.0,2024,Florida International,Florida International University,FL,Independent,"Public, 4-year or above",12834881.0,42392051.0,12834881.0,112586.67543859647,10062315.0,2772566.0,24321.0,2180640.0,4291101.0,365554.0,129649.0,820078.0,42392051.0,0.0,114.0,1.0,14.0,2025.0,0.0,7.10839184641744,7.627284428987054,0.3027662190725332,0.0,1.0,,,,,,,
96,Kentucky,Wildcats,Kentucky Wildcats,UK,SEC,8,True,12,4,247.0,265.0,8,0.3333333333333333,20.583333333333332,22.083333333333332,-1.5,12,0.6404428904428904,6.0,53.526,17.0,184.83333,118.20898,145.583,3.944,24.0,69.0,731.0,10.0,2024,Kentucky,University of Kentucky,KY,NCAA Division I-FBS,"Public, 4-year or above",43281917.0,186609679.0,43281917.0,354769.81147540984,38910443.0,4371474.0,35832.0,6645034.0,28402132.0,2084324.0,325765.0,2982179.0,186609679.0,0.0,122.0,1.0,14.0,2025.0,0.0,7.636306487867563,8.270934165816026,0.23193822116804563,0.0,1.0,,,,,,,
2653,Troy,Trojans,Troy Trojans,TROY,Sun Belt,37,False,12,4,312.0,341.0,8,0.3333333333333333,26.0,28.416666666666668,-2.416666666666668,12,0.5303030303030303,7.0,62.832,9.0,213.0,141.30048,155.75,4.277,19.0,76.0,736.0,6.0,2024,Troy,Troy University,AL,NCAA Division I-FBS,"Public, 4-year or above",12597439.0,39742013.0,10281345.0,79700.3488372093,9008337.0,1273008.0,9868.0,3108177.0,7367946.0,385149.0,194502.0,371608.0,39742013.0,2316094.0,129.0,1.0,14.0,2025.0,0.0,7.100282264068684,7.599249861079055,0.3169803955325564,2316094.0,0.8161456467461362,,,,,,,
242,Rice,Owls,Rice Owls,RICE,American,151,False,12,4,266.0,305.0,8,0.3333333333333333,22.166666666666668,25.416666666666668,-3.25,12,0.5944055944055944,9.0,61.297,13.0,239.0,117.9934,113.917,4.542,33.0,80.0,749.0,8.0,2024,Rice,Rice University,TX,NCAA Division I-FBS,"Private nonprofit, 4-year or above",19591289.0,70408131.0,19591289.0,159278.7723577236,15935643.0,3655646.0,29721.0,1896954.0,5730603.0,369624.0,152733.0,638678.0,70408131.0,0.0,123.0,1.0,10.0,2025.0,0.0,7.292063011143827,7.847622816024548,0.278253217657489,0.0,1.0,,,,,,,
328,Utah State,Aggies,Utah State Aggies,USU,Mountain West,17,False,12,4,383.0,453.0,8,0.3333333333333333,31.916666666666668,37.75,-5.833333333333332,12,0.5023310023310024,5.0,64.192,17.0,269.08334,136.8832,199.25,5.666,28.0,72.0,897.0,13.0,2024,Utah State,Utah State University,UT,NCAA Division I-FBS,"Public, 4-year or above",17310081.0,48349839.0,17310081.0,157364.37272727274,15049501.0,2260580.0,20551.0,2215540.0,6694244.0,650020.0,156552.0,624640.0,48349839.0,0.0,110.0,1.0,10.0,2025.0,0.0,7.2382991000978505,7.684395032265391,0.35801734520770584,0.0,1.0,,,,,,,
120,Maryland,Terrapins,Maryland Terrapins,MD,Big Ten,5,True,12,4,284.0,365.0,8,0.3333333333333333,23.666666666666668,30.416666666666668,-6.75,12,0.62995337995338,,,,,,,,,,,,2024,Maryland,University of Maryland-College Park,MD,NCAA Division I-FBS,"Public, 4-year or above",63070858.0,128662116.0,35502618.0,295855.15,29541886.0,5960732.0,49673.0,3769128.0,20469856.0,1568408.0,220072.0,2126655.0,128662116.0,27568240.0,120.0,1.0,10.0,2025.0,0.0,7.799828739065793,8.109450689607229,0.4902053530660105,27568240.0,0.5629005078700531,,,,,,,
154,Wake Forest,Demon Deacons,Wake Forest Demon Deacons,WAKE,ACC,1,True,12,4,308.0,390.0,8,0.3333333333333333,25.666666666666668,32.5,-6.833333333333332,12,0.6095571095571096,8.0,61.386,13.0,240.08333,128.73653,130.583,3.529,20.0,64.0,894.0,11.0,2024,Wake Forest,Wake Forest University,NC,NCAA Division I-FBS,"Private nonprofit, 4-year or above",39399925.0,114628069.0,39399925.0,303076.3461538461,35927339.0,3472586.0,26712.0,4066525.0,16633362.0,1180595.0,288593.0,1453094.0,114628069.0,0.0,130.0,1.0,10.0,2025.0,0.0,7.595495395122093,8.059290976437486,0.34371969574049094,0.0,1.0,,,,,,,
2117,Central Michigan,Chippewas,Central Michigan Chippewas,CMU,MAC,15,False,12,4,271.0,356.0,8,0.3333333333333333,22.583333333333332,29.666666666666668,-7.083333333333336,12,0.5122377622377622,10.0,55.298,12.0,163.41667,113.91107,168.917,4.535,31.0,93.0,792.0,2.0,2024,Central Michigan,Central Michigan University,MI,NCAA Division I-FBS,"Public, 4-year or above",11608428.0,38536340.0,11608428.0,95151.04918032789,9884979.0,1723449.0,14127.0,2142873.0,4681287.0,325995.0,129777.0,404366.0,38536340.0,0.0,122.0,1.0,14.0,2025.0,0.0,7.064773412059898,7.585870465034436,0.3012332774726401,0.0,1.0,,,,,,,
77,Northwestern,Wildcats,Northwestern Wildcats,NU,Big Ten,5,True,12,4,214.0,316.0,8,0.3333333333333333,17.833333333333332,26.333333333333332,-8.5,12,0.5862470862470862,7.0,53.708,11.0,185.91667,101.92033,98.5,3.33,23.0,57.0,757.0,10.0,2024,Northwestern,Northwestern University,IL,NCAA Division I-FBS,"Private nonprofit, 4-year or above",85587606.0,131779238.0,37901761.0,347722.57798165135,34209135.0,3692626.0,33877.0,3883554.0,15781792.0,1067594.0,201140.0,1863790.0,131779238.0,47685845.0,109.0,1.0,14.0,2025.0,0.0,7.932410878748155,8.119846991955242,0.649477165742907,47685845.0,0.4428417007013843,,,,,,,
248,Houston,Cougars,Houston Cougars,HOU,Big 12,4,True,12,4,168.0,275.0,8,0.3333333333333333,14.0,22.916666666666668,-8.916666666666668,12,0.5657051282051282,10.0,65.0,17.0,152.66667,118.426346,134.833,3.763,20.0,67.0,741.0,12.0,2024,Houston,University of Houston,TX,NCAA Division I-FBS,"Public, 4-year or above",23271364.0,100162965.0,23271364.0,195557.6806722689,20016853.0,3254511.0,27349.0,4795091.0,16587711.0,2156611.0,263848.0,1169803.0,100162965.0,0.0,119.0,1.0,10.0,2025.0,0.0,7.3668218392520295,8.000707171937439,0.2323350152424102,0.0,1.0,,,,,,,
12,Arizona,Wildcats,Arizona Wildcats,ARIZ,Big 12,4,True,12,4,261.0,381.0,8,0.3333333333333333,21.75,31.75,-10.0,12,0.5844988344988344,7.0,59.954,13.0,247.91667,124.783875,105.833,3.791,21.0,60.0,768.0,8.0,2024,Arizona,University of Arizona,AZ,NCAA Division I-FBS,"Public, 4-year or above",37795880.0,132661899.0,37795880.0,334476.81415929203,31374437.0,6421443.0,56827.0,4525343.0,18185811.0,979367.0,253284.0,2597121.0,132661899.0,0.0,113.0,1.0,14.0,2025.0,0.0,7.577444461456689,8.122746209752032,0.28490380648026153,0.0,1.0,,,,,,,
2006,Akron,Zips,Akron Zips,AKR,MAC,15,False,12,4,245.0,384.0,8,0.3333333333333333,20.416666666666668,32.0,-11.583333333333332,12,0.56993006993007,10.0,55.847,10.0,232.41667,119.58483,100.333,3.48,18.0,59.0,844.0,3.0,2024,Akron,University of Akron Main Campus,OH,NCAA Division I-FBS,"Public, 4-year or above",7630898.0,33581790.0,7630898.0,69371.8,5541211.0,2089687.0,18997.0,1530362.0,3693136.0,233555.0,68253.0,240369.0,33581788.0,0.0,110.0,1.0,19.0,2025.0,0.0,6.882575648504889,7.52610384148648,0.22723321180913822,0.0,1.0,,,,,,,
2226,Florida Atlantic,Owls,Florida Atlantic Owls,FAU,American,151,False,12,3,311.0,363.0,9,0.25,25.916666666666668,30.25,-4.333333333333332,12,0.4784382284382284,7.0,58.571,11.0,208.58333,125.5534,189.0,4.952,17.0,70.0,774.0,11.0,2024,Florida Atlantic,Florida Atlantic University,FL,NCAA Division I-FBS,"Public, 4-year or above",19330509.0,49292817.0,19330509.0,168091.38260869565,14910165.0,4420344.0,38438.0,1646052.0,5530040.0,351412.0,129464.0,595514.0,49292817.0,0.0,115.0,1.0,10.0,2025.0,0.0,7.286243289775108,7.692783638049166,0.3921567111897865,0.0,1.0,,,,,,,
5,UAB,Blazers,UAB Blazers,UAB,American,151,False,12,3,314.0,411.0,9,0.25,26.166666666666668,34.25,-8.083333333333332,12,0.5641025641025641,10.0,63.677,16.0,261.58334,133.38005,131.0,4.02,18.0,48.0,838.0,8.0,2024,UAB,University of Alabama at Birmingham,AL,NCAA Division I-FBS,"Public, 4-year or above",14442335.0,43889337.0,13162064.0,109683.86666666668,11032459.0,2129605.0,17747.0,1614944.0,5603347.0,510534.0,110441.0,515346.0,40789883.0,1280271.0,120.0,1.0,10.0,2025.0,0.0,7.15963741453792,7.642359020366133,0.3290625009897051,1280271.0,0.9113529079612126,,,,,,,
21,San Diego State,Aztecs,San Diego State Aztecs,SDSU,Mountain West,17,False,12,3,256.0,355.0,9,0.25,21.333333333333332,29.583333333333332,-8.25,12,0.4947552447552448,1.0,62.4,8.0,205.66667,126.6144,128.917,3.649,32.0,67.0,848.0,7.0,2024,San Diego State,San Diego State University,CA,NCAA Division I-FBS,"Public, 4-year or above",24485873.0,89827012.0,22274021.0,192017.4224137931,12617227.0,9656794.0,83248.0,4302440.0,12168979.0,974230.0,332821.0,1246206.0,89827012.0,2211852.0,116.0,1.0,10.0,2025.0,0.0,7.38891559262313,7.953406953577344,0.27258919622084277,2211852.0,0.9096682401317691,,,,,,,
197,Oklahoma State,Cowboys,Oklahoma State Cowboys,OKST,Big 12,4,True,12,3,326.0,427.0,9,0.25,27.166666666666668,35.583333333333336,-8.416666666666668,12,0.6148018648018648,6.0,59.465,17.0,262.25,126.20289,111.75,3.746,25.0,66.0,786.0,12.0,2024,Oklahoma State,Oklahoma State University-Main Campus,OK,NCAA Division I-FBS,"Public, 4-year or above",56992244.0,153679234.0,32830617.0,241401.5955882353,27788241.0,5042376.0,37076.0,4675039.0,21380755.0,1772953.0,263826.0,1869738.0,153679234.0,24161627.0,136.0,1.0,11.0,2025.0,0.0,7.755815757125281,8.186615187158152,0.370851952580659,24161627.0,0.5760541206273612,,,,,,,
2751,Wyoming,Cowboys,Wyoming Cowboys,WYO,Mountain West,17,False,12,3,232.0,340.0,9,0.25,19.333333333333332,28.333333333333332,-9.0,12,0.5850815850815851,5.0,52.161,11.0,189.41667,111.30209,137.833,3.596,15.0,61.0,745.0,6.0,2024,Wyoming,University of Wyoming,WY,NCAA Division I-FBS,"Public, 4-year or above",16630620.0,50399891.0,13091901.0,111896.58974358976,11562384.0,1529517.0,13073.0,1706109.0,5352078.0,365245.0,95776.0,968761.0,50399891.0,3538719.0,117.0,1.0,14.0,2025.0,0.0,7.2209084402934565,7.702429597196523,0.3299733326804219,3538719.0,0.7872166521753248,,,,,,,
2247,Georgia State,Panthers,Georgia State Panthers,GAST,Sun Belt,37,False,12,3,286.0,406.0,9,0.25,23.833333333333332,33.833333333333336,-10.000000000000004,12,0.5809493536766264,6.0,60.356,13.0,255.75,127.4143,133.25,4.381,18.0,47.0,791.0,9.0,2024,Georgia State,Georgia State University,GA,NCAA Division I-FBS,"Public, 4-year or above",12260120.0,39979520.0,12260120.0,103899.32203389832,10186421.0,2073699.0,17574.0,2104184.0,4389514.0,307328.0,74869.0,411874.0,39979520.0,0.0,118.0,1.0,24.0,2025.0,0.0,7.088494721004809,7.601837575609944,0.30666000992508163,0.0,1.0,,,,,,,
24,Stanford,Cardinal,Stanford Cardinal,STAN,ACC,1,True,12,3,274.0,404.0,9,0.25,22.833333333333332,33.666666666666664,-10.833333333333332,12,0.6392773892773892,5.0,60.541,17.0,191.25,119.510254,132.667,3.643,25.0,63.0,759.0,9.0,2024,Stanford,Stanford University,CA,NCAA Division I-FBS,"Private nonprofit, 4-year or above",35992019.0,192802320.0,35992019.0,327200.17272727273,26205293.0,9786726.0,88970.0,2096105.0,17444173.0,500525.0,159558.0,1703976.0,192802320.0,0.0,110.0,1.0,10.0,2025.0,0.0,7.556206209419374,8.285112255485567,0.1866783501360357,0.0,1.0,,,,,,,
2638,UTEP,Miners,UTEP Miners,UTEP,Conference USA,12,False,12,3,234.0,388.0,9,0.25,19.5,32.333333333333336,-12.833333333333336,12,0.5008476372112736,7.0,61.096,12.0,200.0,123.31163,120.75,3.308,36.0,84.0,916.0,11.0,2024,UTEP,The University of Texas at El Paso,TX,NCAA Division I-FBS,"Public, 4-year or above",13123683.0,32413794.0,11062136.0,97036.28070175438,8697998.0,2364138.0,20738.0,1906112.0,3661998.0,431712.0,92150.0,547446.0,32413794.0,2061547.0,114.0,1.0,16.0,2025.0,0.0,7.118055731542305,7.510729867713143,0.404879570716097,2061547.0,0.8429139899218839,,,,,,,
166,New Mexico State,Aggies,New Mexico State Aggies,NMSU,Conference USA,12,False,12,3,259.0,435.0,9,0.25,21.583333333333332,36.25,-14.666666666666668,12,0.5107543971180335,11.0,44.063,12.0,143.16667,94.0376,180.0,4.364,14.0,45.0,780.0,9.0,2024,New Mexico State,New Mexico State University-Main Campus,NM,NCAA Division I-FBS,"Public, 4-year or above",11779202.0,37088598.0,11779202.0,79055.04697986577,9066179.0,2713023.0,18208.0,1402694.0,3470992.0,252654.0,115004.0,585465.0,37088598.0,0.0,149.0,1.0,10.0,2025.0,0.0,7.071115869505782,7.569240416710337,0.31759631356245926,0.0,1.0,,,,,,,
2050,Ball State,Cardinals,Ball State Cardinals,BALL,MAC,15,False,12,3,304.0,481.0,9,0.25,25.333333333333332,40.083333333333336,-14.750000000000004,12,0.5501165501165501,3.0,63.927,11.0,245.0,134.87483,102.833,3.308,20.0,55.0,756.0,8.0,2024,Ball State,Ball State University,IN,NCAA Division I-FBS,"Public, 4-year or above",7990057.0,30329090.0,7990057.0,66583.80833333333,6644848.0,1345209.0,11210.0,1641907.0,4613083.0,245911.0,99714.0,369276.0,30329090.0,0.0,120.0,1.0,14.0,2025.0,0.0,6.9025498775239,7.48185937984883,0.26344532592306596,0.0,1.0,,,,,,,
218,Temple,Owls,Temple Owls,TEM,American,151,False,12,3,235.0,425.0,9,0.25,19.583333333333332,35.416666666666664,-15.833333333333332,12,0.530982905982906,10.0,58.881,14.0,216.0,117.89452,92.75,2.883,15.0,47.0,773.0,9.0,2024,Temple,Temple University,PA,NCAA Division I-FBS,"Public, 4-year or above",26295531.0,71198560.0,26295531.0,228656.79130434783,22339954.0,3955577.0,34396.0,2123011.0,6811093.0,445931.0,167708.0,620782.0,71198560.0,0.0,115.0,1.0,10.0,2025.0,0.0,7.419881945183378,7.85247121006413,0.3693267251472502,0.0,1.0,,,,,,,
2393,Middle Tennessee,Blue Raiders,Middle Tennessee Blue Raiders,MTSU,Conference USA,12,False,12,3,217.0,411.0,9,0.25,18.083333333333332,34.25,-16.166666666666668,12,0.5259059122695486,9.0,63.785,10.0,261.08334,132.93744,90.5,3.242,20.0,55.0,836.0,5.0,2024,Middle Tennessee,Middle Tennessee State University,TN,NCAA Division I-FBS,"Public, 4-year or above",13297458.0,40006612.0,13297458.0,89244.68456375839,10264060.0,3033398.0,20358.0,1536629.0,4724424.0,367838.0,89907.0,460355.0,40006612.0,0.0,149.0,1.0,13.0,2025.0,0.0,7.123768627276352,7.602131774273124,0.33238150733683725,0.0,1.0,,,,,,,
202,Tulsa,Golden Hurricane,Tulsa Golden Hurricane,TLSA,American,151,False,12,3,300.0,510.0,9,0.25,25.0,42.5,-17.5,12,0.4481351981351981,11.0,56.621,12.0,238.58333,123.38056,151.083,4.02,19.0,80.0,867.0,9.0,2024,Tulsa,University of Tulsa,OK,NCAA Division I-FBS,"Private nonprofit, 4-year or above",20723869.0,59760481.0,20723869.0,160650.1472868217,18242190.0,2481679.0,19238.0,1396963.0,5733869.0,332523.0,106444.0,588112.0,59760481.0,0.0,129.0,1.0,10.0,2025.0,0.0,7.316470838355628,7.7764140843696765,0.3467821652908048,0.0,1.0,,,,,,,
2440,Nevada,Wolf Pack,Nevada Wolf Pack,NEV,Mountain West,17,False,13,3,300.0,374.0,10,0.2307692307692307,23.076923076923077,28.76923076923077,-5.692307692307693,13,0.5934829059829061,7.0,67.486,8.0,212.61539,143.68195,163.462,4.6,14.0,54.0,833.0,11.0,2024,Nevada,University of Nevada-Reno,NV,NCAA Division I-FBS,"Public, 4-year or above",13624871.0,53153531.0,12983551.0,110970.52136752136,9267424.0,3716127.0,31762.0,2301828.0,6480420.0,449448.0,185238.0,725272.0,53153531.0,641320.0,117.0,1.0,10.0,2025.0,0.0,7.1343323990768726,7.725532120089406,0.2563304966512949,641320.0,0.9529301965501178,,,,,,,
344,Mississippi State,Bulldogs,Mississippi State Bulldogs,MSST,SEC,8,True,12,2,310.0,409.0,10,0.1666666666666666,25.833333333333332,34.083333333333336,-8.250000000000004,12,0.6701631701631702,10.0,58.424,8.0,239.25,136.65083,137.917,3.95,10.0,47.0,1033.0,7.0,2024,Mississippi State,Mississippi State University,MS,NCAA Division I-FBS,"Public, 4-year or above",37575575.0,157301826.0,37575575.0,341596.13636363635,31350427.0,6225148.0,56592.0,5120309.0,19505193.0,1785626.0,303153.0,2319417.0,157301826.0,0.0,110.0,1.0,11.0,2025.0,0.0,7.5749056350983714,8.196733764054445,0.2388756440754858,0.0,1.0,,,,,,,
52,Florida State,Seminoles,Florida State Seminoles,FSU,ACC,1,True,12,2,185.0,336.0,10,0.1666666666666666,15.416666666666666,28.0,-12.583333333333334,12,0.6998834498834499,9.0,50.423,13.0,180.33333,104.53075,89.917,2.854,27.0,74.0,821.0,4.0,2024,Florida State,Florida State University,FL,NCAA Division I-FBS,"Public, 4-year or above",83469718.0,192717172.0,83267924.0,671515.5161290322,73897792.0,9370132.0,75566.0,8276319.0,23330208.0,1816901.0,461387.0,1894040.0,192717172.0,201794.0,124.0,1.0,14.0,2025.0,0.0,7.921528946252521,8.284920414046088,0.4331202929856194,201794.0,0.9975824286359755,,,,,,,
113,Massachusetts,Minutemen,Massachusetts Minutemen,MASS,FBS Independents,18,False,12,2,270.0,426.0,10,0.1666666666666666,22.5,35.5,-13.0,12,0.6022144522144522,4.0,57.187,6.0,181.75,123.67344,163.5,4.062,16.0,49.0,811.0,6.0,2024,Massachusetts,University of Massachusetts-Amherst,MA,NCAA Division I-FBS,"Public, 4-year or above",13419026.0,57654295.0,13419026.0,120892.12612612612,11490151.0,1928875.0,17377.0,1971110.0,8634439.0,570256.0,100061.0,909462.0,57654295.0,0.0,111.0,1.0,14.0,2025.0,0.0,7.127720994359313,7.760831665929413,0.23274980641077997,0.0,1.0,,,,,,,
338,Kennesaw State,Owls,Kennesaw State Owls,KENN,Conference USA,12,False,12,2,198.0,374.0,10,0.1666666666666666,16.5,31.166666666666668,-14.666666666666668,12,0.535229921593558,4.0,52.525,14.0,136.33333,96.03086,114.583,3.042,22.0,58.0,867.0,4.0,2024,Kennesaw State,Kennesaw State University,GA,NCAA Division I-FCS,"Public, 4-year or above",11495596.0,42344569.0,11495596.0,95796.63333333332,8485424.0,3010172.0,25085.0,1070283.0,3197565.0,175613.0,89467.0,478941.0,42344569.0,0.0,120.0,1.0,10.0,2025.0,0.0,7.060531492595398,7.626797716801743,0.2714774591282296,0.0,1.0,,,,,,,
2572,Southern Miss,Golden Eagles,Southern Miss Golden Eagles,USM,Sun Belt,37,False,12,1,183.0,453.0,11,0.0833333333333333,15.25,37.75,-22.5,12,0.5588578088578088,12.0,52.366,17.0,174.91667,104.54346,108.917,3.172,20.0,65.0,805.0,6.0,2024,Southern Miss,University of Southern Mississippi,MS,NCAA Division I-FBS,"Public, 4-year or above",11033253.0,31875542.0,11033253.0,97639.407079646,9057541.0,1975712.0,17484.0,2900781.0,4419519.0,253123.0,101833.0,551644.0,31875542.0,0.0,113.0,1.0,26.0,2025.0,0.0,7.042703576960855,7.503457578088536,0.34613538492929785,0.0,1.0,,,,,,,
2509,Purdue,Boilermakers,Purdue Boilermakers,PUR,Big Ten,5,True,12,1,189.0,479.0,11,0.0833333333333333,15.75,39.916666666666664,-24.166666666666664,12,0.6678321678321678,10.0,57.447,9.0,183.91667,121.36171,115.333,3.988,22.0,62.0,763.0,4.0,2024,Purdue,Purdue University-Main Campus,IN,NCAA Division I-FBS,"Public, 4-year or above",83144029.0,150536320.0,37193229.0,295184.35714285716,29420894.0,7772335.0,61685.0,4808320.0,22638944.0,1510900.0,329742.0,2330766.0,135140397.0,45950800.0,126.0,1.0,10.0,2025.0,0.0,7.919831065756816,8.1776412950965,0.5523187294601064,45950800.0,0.4473349373049988,,,,,,,
2309,Kent State,Golden Flashes,Kent State Golden Flashes,KENT,MAC,15,False,12,0,167.0,529.0,12,0.0,13.916666666666666,44.083333333333336,-30.16666666666667,12,0.5815850815850816,7.0,47.279,13.0,156.33333,112.23947,76.917,2.361,18.0,56.0,907.0,4.0,2024,Kent State,Kent State University at Kent,OH,NCAA Division I-FBS,"Public, 4-year or above",10351311.0,37209656.0,10351311.0,94102.82727272729,7194130.0,3157181.0,28702.0,770628.0,2713393.0,216003.0,61625.0,503118.0,37209656.0,0.0,110.0,1.0,9.0,2025.0,0.0,7.014995356943598,7.570655655025771,0.2781888389400859,0.0,1.0,,,,,,,
84,Indiana,Hoosiers,Indiana Hoosiers,IU,Big Ten,5,True,13,13,545.0,141.0,0,1.0,41.92307692307692,10.846153846153848,31.076923076923073,13,0.5507478632478632,1.0,71.429,7.0,251.61539,184.00917,221.154,5.487,39.0,112.0,764.0,17.0,2025,Indiana,Indiana University-Bloomington,IN,NCAA Division I-FBS,"Public, 4-year or above",80906601.0,182095778.0,50207544.0,440417.05263157893,38937247.0,11270297.0,98862.0,5497979.0,25362194.0,1384424.0,274237.0,1939740.0,159331697.0,30699057.0,114.0,1.0,15.0,2025.0,1.0,7.907983956234332,8.260299876533201,0.44430794545933955,30699057.0,0.6205617759173939,,,,,,,
2641,Texas Tech,Red Raiders,Texas Tech Red Raiders,TTU,Big 12,4,True,13,12,552.0,142.0,1,0.9230769230769232,42.46153846153846,10.923076923076923,31.538461538461537,13,0.5229700854700855,6.0,66.3,8.0,289.3846,156.36519,190.923,4.755,39.0,97.0,821.0,16.0,2025,Texas Tech,Texas Tech University,TX,NCAA Division I-FBS,"Public, 4-year or above",69872378.0,128777718.0,39745662.0,323135.46341463417,29491079.0,10254583.0,83371.0,7174976.0,21187131.0,1927922.0,291503.0,2109685.0,127895343.0,30126716.0,123.0,1.0,18.0,2025.0,1.0,7.844305524057316,8.109840724927649,0.5425812717072684,30126716.0,0.568832250134667,,,,,,,
194,Ohio State,Buckeyes,Ohio State Buckeyes,OSU,Big Ten,5,True,13,12,454.0,106.0,1,0.9230769230769232,34.92307692307692,8.153846153846153,26.769230769230766,13,0.5625,3.0,78.016,6.0,266.76923,181.21219,162.769,4.692,33.0,74.0,716.0,8.0,2025,Ohio State,Ohio State University-Main Campus,OH,NCAA Division I-FBS,"Public, 4-year or above",160549826.0,295265883.0,92359309.0,757043.5163934426,79299398.0,13059911.0,107048.0,5099970.0,38494954.0,1221950.0,387802.0,2853829.0,295265883.0,68190517.0,122.0,1.0,10.0,2025.0,1.0,8.205609839224971,8.470213268567436,0.5437466203977247,68190517.0,0.575268820285112,,,,,,,
256,James Madison,Dukes,James Madison Dukes,JMU,Sun Belt,37,False,13,12,485.0,206.0,1,0.9230769230769232,37.30769230769231,15.846153846153848,21.46153846153846,13,0.4818376068376068,6.0,59.821,10.0,202.53847,143.26283,245.769,5.557,36.0,85.0,808.0,12.0,2025,James Madison,James Madison University,VA,NCAA Division I-FCS,"Public, 4-year or above",16863959.0,68384574.0,16863958.0,139371.55371900825,14205148.0,2658810.0,21974.0,1985041.0,5257094.0,362321.0,162272.0,664261.0,68384574.0,1.0,121.0,1.0,10.0,2025.0,1.0,7.2269595376681615,7.8349581458394155,0.24660472404200398,1.0,0.9999999407019431,,,,,,,
61,Georgia,Bulldogs,Georgia Bulldogs,UGA,SEC,8,True,13,12,415.0,207.0,1,0.9230769230769232,31.923076923076923,15.923076923076923,16.0,13,0.5587606837606838,5.0,69.792,7.0,220.3077,149.4182,186.615,4.468,20.0,56.0,744.0,9.0,2025,Georgia,University of Georgia,GA,NCAA Division I-FBS,"Public, 4-year or above",149285887.0,233526965.0,71107704.0,526723.7333333333,58522771.0,12584933.0,93222.0,7825818.0,35180808.0,2800198.0,502562.0,3856269.0,226736834.0,78178183.0,135.0,1.0,10.0,2025.0,1.0,8.174018752884228,8.368337035114411,0.6392661635456103,78178183.0,0.47631899725390653,,,,,,,
2483,Oregon,Ducks,Oregon Ducks,ORE,Big Ten,5,True,12,11,458.0,178.0,1,0.9166666666666666,38.166666666666664,14.833333333333334,23.33333333333333,12,0.5151515151515151,3.0,72.321,6.0,246.75,167.33176,218.417,5.799,23.0,57.0,746.0,13.0,2025,Oregon,University of Oregon,OR,NCAA Division I-FBS,"Public, 4-year or above",119584907.0,167129024.0,60847472.0,482916.4444444445,50103671.0,10743801.0,85268.0,9210885.0,27439636.0,2494343.0,479753.0,2857116.0,164742082.0,58737435.0,126.0,1.0,14.0,2025.0,1.0,8.077676370118578,8.223051876993788,0.7155244740733961,58737435.0,0.508822338257118,,,,,,,
145,Ole Miss,Rebels,Ole Miss Rebels,MISS,SEC,8,True,12,11,447.0,241.0,1,0.9166666666666666,37.25,20.083333333333332,17.166666666666668,12,0.4941724941724942,4.0,64.356,8.0,309.58334,155.61269,188.5,4.579,25.0,63.0,755.0,7.0,2025,Ole Miss,University of Mississippi,MS,NCAA Division I-FBS,"Public, 4-year or above",90702621.0,171119339.0,61846036.0,490841.5555555555,52217101.0,9628935.0,76420.0,8709868.0,30179058.0,2969029.0,441603.0,2609171.0,171119339.0,28856585.0,126.0,1.0,13.0,2025.0,1.0,7.957619836887996,8.233299093973436,0.5300547648796142,28856585.0,0.6818550039474603,,,,,,,
245,Texas A&M,Aggies,Texas A&M Aggies,TA&M,SEC,8,True,12,11,436.0,263.0,1,0.9166666666666666,36.333333333333336,21.916666666666668,14.416666666666668,12,0.5,4.0,60.598,12.0,261.75,149.0852,192.667,4.994,41.0,104.0,710.0,3.0,2025,Texas A&M,Texas A&M University-College Station,TX,NCAA Division I-FBS,"Public, 4-year or above",108474281.0,235498020.0,60230146.0,412535.2465753425,48972868.0,11257278.0,77105.0,5603578.0,25566681.0,1912128.0,369145.0,3940030.0,228301283.0,48244135.0,146.0,1.0,10.0,2025.0,1.0,8.035326780176982,8.37198726005647,0.4606165308735929,48244135.0,0.5552481698403698,,,,,,,
249,North Texas,Mean Green,North Texas Mean Green,UNT,American,151,False,13,11,582.0,324.0,2,0.8461538461538461,44.76923076923077,24.923076923076923,19.846153846153843,13,0.5170940170940171,10.0,69.953,7.0,323.23077,174.31334,181.077,5.03,23.0,70.0,934.0,13.0,2025,North Texas,University of North Texas,TX,NCAA Division I-FBS,"Public, 4-year or above",15382425.0,58119360.0,15382425.0,93226.81818181818,10631325.0,4751100.0,28795.0,2476281.0,6469230.0,676527.0,163614.0,682731.0,58119360.0,0.0,165.0,1.0,11.0,2025.0,1.0,7.187024806278152,7.764320823279136,0.2646695524520573,0.0,1.0,,,,,,,
252,BYU,Cougars,BYU Cougars,BYU,Big 12,4,True,13,11,415.0,247.0,2,0.8461538461538461,31.923076923076923,19.0,12.923076923076923,13,0.6121794871794872,8.0,63.187,6.0,213.15384,136.5325,184.385,4.728,30.0,70.0,724.0,16.0,2025,BYU,Brigham Young University,UT,NCAA Division I-FBS,"Private nonprofit, 4-year or above",51715899.0,153351328.0,44561032.0,330081.7185185185,37015805.0,7545227.0,55891.0,4685326.0,19488317.0,967356.0,371797.0,2441144.0,136864784.0,7154867.0,135.0,1.0,10.0,2025.0,1.0,7.71362407861583,8.18568754126128,0.33723802509229006,7154867.0,0.861650534200324,,,,,,,
2655,Tulane,Green Wave,Tulane Green Wave,TULN,American,151,False,13,11,378.0,294.0,2,0.8461538461538461,29.076923076923077,22.615384615384617,6.46153846153846,13,0.5162721893491125,6.0,62.371,8.0,240.46153,140.38455,170.231,4.601,34.0,81.0,839.0,15.0,2025,Tulane,Tulane University of Louisiana,LA,NCAA Division I-FBS,"Private nonprofit, 4-year or above",23998569.0,66211945.0,22676121.0,181408.968,21109511.0,1566610.0,12533.0,3858120.0,9559218.0,955778.0,170726.0,1081320.0,66211945.0,1322448.0,125.0,1.0,17.0,2025.0,1.0,7.380185346131102,7.820936345627284,0.3624507481240734,1322448.0,0.944894714347343,,,,,,,
87,Notre Dame,Fighting Irish,Notre Dame Fighting Irish,ND,FBS Independents,18,False,12,10,504.0,211.0,2,0.8333333333333334,42.0,17.583333333333332,24.416666666666668,12,0.5299145299145299,4.0,67.183,6.0,255.08333,168.61559,203.417,5.69,36.0,70.0,734.0,21.0,2025,Notre Dame,University of Notre Dame,IN,NCAA Division I-FBS,"Private nonprofit, 4-year or above",195723436.0,289616198.0,93255797.0,752062.8790322581,54097644.0,39158153.0,315792.0,7689546.0,26164442.0,1078535.0,388883.0,2848525.0,244698449.0,102467639.0,124.0,1.0,17.0,2025.0,1.0,8.291642831361052,8.461822847943933,0.6758027947041829,102467639.0,0.476467197316115,,,,,,,
254,Utah,Utes,Utah Utes,UTAH,Big 12,4,True,12,10,493.0,224.0,2,0.8333333333333334,41.083333333333336,18.666666666666668,22.416666666666668,12,0.5017482517482518,7.0,62.865,5.0,208.83333,145.61061,269.75,6.108,31.0,74.0,705.0,14.0,2025,Utah,University of Utah,UT,NCAA Division I-FBS,"Public, 4-year or above",95930953.0,125167576.0,41410554.0,328655.1904761905,34663631.0,6746923.0,53547.0,4869870.0,20568910.0,1118270.0,375160.0,1747609.0,118667209.0,54520399.0,126.0,1.0,10.0,2025.0,1.0,7.98195875887199,8.0974918417498,0.7664201550088339,54520399.0,0.4316704119472263,,,,,,,
2390,Miami,Hurricanes,Miami Hurricanes,MIA,ACC,1,True,12,10,409.0,166.0,2,0.8333333333333334,34.083333333333336,13.833333333333334,20.25,12,0.5227272727272727,1.0,73.879,10.0,275.83334,165.47583,150.0,4.186,34.0,79.0,658.0,12.0,2025,Miami,University of Miami,FL,NCAA Division I-FBS,"Private nonprofit, 4-year or above",99864288.0,230484608.0,88117956.0,693842.1732283465,80740540.0,7377416.0,58090.0,6271999.0,22844809.0,2047089.0,422491.0,5481010.0,230484608.0,11746332.0,127.0,1.0,10.0,2025.0,1.0,7.999410209974217,8.36264192806031,0.43327964008772335,11746332.0,0.8823770515441917,,,,,,,
238,Vanderbilt,Commodores,Vanderbilt Commodores,VAN,SEC,8,True,12,10,473.0,263.0,2,0.8333333333333334,39.416666666666664,21.916666666666668,17.499999999999996,12,0.4941724941724942,4.0,70.166,8.0,282.33334,169.88646,185.917,5.81,29.0,76.0,761.0,7.0,2025,Vanderbilt,Vanderbilt University,TN,NCAA Division I-FBS,"Private nonprofit, 4-year or above",44124525.0,146388389.0,44124525.0,380383.8362068966,38455463.0,5669062.0,48871.0,6294306.0,22997448.0,2191976.0,410233.0,2075726.0,146388389.0,0.0,116.0,1.0,10.0,2025.0,1.0,7.644680043245981,8.165506631413601,0.3014209344157753,0.0,1.0,,,,,,,
201,Oklahoma,Sooners,Oklahoma Sooners,OU,SEC,8,True,12,10,317.0,167.0,2,0.8333333333333334,26.416666666666668,13.916666666666666,12.500000000000002,12,0.6078088578088578,5.0,61.44,10.0,229.91667,128.60413,123.75,3.694,41.0,116.0,806.0,9.0,2025,Oklahoma,University of Oklahoma-Norman Campus,OK,NCAA Division I-FBS,"Public, 4-year or above",126247146.0,234426470.0,71184826.0,556131.453125,64209425.0,6975401.0,54495.0,5934399.0,23935940.0,1481027.0,318098.0,5072037.0,234426470.0,55062320.0,128.0,1.0,14.0,2025.0,1.0,8.10122156904447,8.370006647985539,0.5385362241729784,55062320.0,0.563852952366939,,,,,,,
2426,Navy,Midshipmen,Navy Midshipmen,NAVY,American,151,False,12,10,374.0,312.0,2,0.8333333333333334,31.166666666666668,26.0,5.166666666666668,12,0.5238927738927739,6.0,58.824,5.0,136.36363,154.05336,298.364,6.055,25.0,51.0,758.0,5.0,2025,,,,,,,,,,,,,,,,,,,,,,,,,,,,,,,,,,,,
333,Alabama,Crimson Tide,Alabama Crimson Tide,ALA,SEC,8,True,13,10,406.0,226.0,3,0.7692307692307693,31.23076923076923,17.384615384615383,13.846153846153848,13,0.5982905982905983,7.0,65.293,5.0,273.15384,149.30325,116.231,3.564,25.0,74.0,703.0,10.0,2025,Alabama,The University of Alabama,AL,NCAA Division I-FBS,"Public, 4-year or above",146325227.0,244551544.0,81502191.0,617440.8409090909,68032862.0,13469329.0,102040.0,6581403.0,24707222.0,1371013.0,521039.0,5296404.0,229908712.0,64823036.0,132.0,1.0,10.0,2025.0,1.0,8.165319206524615,8.388370409126482,0.5983410474807715,64823036.0,0.5569934362719287,,,,,,,
258,Virginia,Cavaliers,Virginia Cavaliers,UVA,ACC,1,True,13,10,418.0,267.0,3,0.7692307692307693,32.15384615384615,20.53846153846154,11.615384615384611,13,0.5053418803418803,3.0,63.877,10.0,242.3077,130.8339,184.0,4.718,31.0,66.0,895.0,13.0,2025,Virginia,University of Virginia-Main Campus,VA,NCAA Division I-FBS,"Public, 4-year or above",51441991.0,150622194.0,33611796.0,264659.81102362205,27572721.0,6039075.0,47552.0,3091257.0,19935239.0,1022347.0,206891.0,2287698.0,150622194.0,17830195.0,127.0,1.0,10.0,2025.0,1.0,7.711317769083741,8.177888969351857,0.34152995407834785,17830195.0,0.6533922063786373,,,,,,,
2439,UNLV,Rebels,UNLV Rebels,UNLV,Mountain West,17,False,13,10,467.0,375.0,3,0.7692307692307693,35.92307692307692,28.846153846153847,7.076923076923073,13,0.4449786324786324,7.0,65.99,8.0,256.0,152.98631,203.077,5.641,29.0,64.0,845.0,13.0,2025,UNLV,University of Nevada-Las Vegas,NV,NCAA Division I-FBS,"Public, 4-year or above",24707431.0,77272658.0,20854643.0,184554.3628318584,15659156.0,5195487.0,45978.0,1403454.0,4593271.0,186964.0,121649.0,1516473.0,74767674.0,3852788.0,113.0,1.0,10.0,2025.0,1.0,7.392827591192221,7.888025851223664,0.31974351134653606,3852788.0,0.8440635936613564,,,,,,,
338,Kennesaw State,Owls,Kennesaw State Owls,KENN,Conference USA,12,False,13,10,368.0,316.0,3,0.7692307692307693,28.307692307692307,24.307692307692307,4.0,13,0.5192307692307693,6.0,62.532,9.0,245.6923,148.52303,158.615,4.051,31.0,88.0,926.0,8.0,2025,Kennesaw State,Kennesaw State University,GA,NCAA Division I-FCS,"Public, 4-year or above",11495596.0,42344569.0,11495596.0,95796.63333333332,8485424.0,3010172.0,25085.0,1070283.0,3197565.0,175613.0,89467.0,478941.0,42344569.0,0.0,120.0,1.0,10.0,2025.0,1.0,7.060531492595398,7.626797716801743,0.2714774591282296,0.0,1.0,,,,,,,
58,South Florida,Bulls,South Florida Bulls,USF,American,151,False,12,9,516.0,280.0,3,0.75,43.0,23.333333333333332,19.666666666666668,12,0.5337995337995338,8.0,66.575,7.0,276.25,167.9593,225.417,5.743,29.0,78.0,895.0,14.0,2025,South Florida,University of South Florida,FL,NCAA Division I-FBS,"Public, 4-year or above",33352743.0,122093386.0,33352743.0,256559.5615384615,24380665.0,8972078.0,69016.0,2487650.0,8895050.0,613580.0,170370.0,2413138.0,122093386.0,0.0,130.0,1.0,11.0,2025.0,1.0,7.523131557016473,8.08669213813404,0.27317403581550276,0.0,1.0,,,,,,,
30,USC,Trojans,USC Trojans,USC,Big Ten,5,True,12,9,438.0,269.0,3,0.75,36.5,22.416666666666668,14.083333333333332,12,0.5625,6.0,67.179,8.0,297.33334,161.08244,174.25,5.294,28.0,66.0,715.0,11.0,2025,USC,University of Southern California,CA,NCAA Division I-FBS,"Private nonprofit, 4-year or above",74014972.0,234029848.0,74014972.0,638060.1034482758,68247786.0,5767186.0,49717.0,5357962.0,31106858.0,1935002.0,342296.0,5926680.0,234029848.0,0.0,116.0,1.0,10.0,2025.0,1.0,7.869319579180833,8.36927125055128,0.3162629580479837,0.0,1.0,,,,,,,
12,Arizona,Wildcats,Arizona Wildcats,ARIZ,Big 12,4,True,12,9,391.0,227.0,3,0.75,32.583333333333336,18.916666666666668,13.666666666666668,12,0.5314685314685315,5.0,62.779,7.0,254.41667,144.23372,150.417,4.227,21.0,78.0,815.0,19.0,2025,Arizona,University of Arizona,AZ,NCAA Division I-FBS,"Public, 4-year or above",37795880.0,132661899.0,37795880.0,334476.81415929203,31374437.0,6421443.0,56827.0,4525343.0,18185811.0,979367.0,253284.0,2597121.0,132661899.0,0.0,113.0,1.0,14.0,2025.0,1.0,7.577444461456689,8.122746209752032,0.28490380648026153,0.0,1.0,,,,,,,
295,Old Dominion,Monarchs,Old Dominion Monarchs,ODU,Sun Belt,37,False,12,9,392.0,231.0,3,0.75,32.666666666666664,19.25,13.416666666666664,12,0.4807692307692308,13.0,58.824,10.0,223.83333,148.67027,236.917,5.697,35.0,82.0,968.0,11.0,2025,Old Dominion,Old Dominion University,VA,NCAA Division I-FBS,"Public, 4-year or above",14787371.0,53232824.0,14787371.0,127477.33620689657,11236573.0,3550798.0,30610.0,1751491.0,5063828.0,260141.0,106525.0,689496.0,53232824.0,0.0,116.0,1.0,14.0,2025.0,1.0,7.169890969015021,7.726179506095446,0.2777867091928093,0.0,1.0,,,,,,,
21,San Diego State,Aztecs,San Diego State Aztecs,SDSU,Mountain West,17,False,12,9,296.0,151.0,3,0.75,24.666666666666668,12.583333333333334,12.083333333333334,12,0.4644522144522144,4.0,58.498,8.0,153.66667,125.14074,188.083,4.469,32.0,63.0,708.0,13.0,2025,San Diego State,San Diego State University,CA,NCAA Division I-FBS,"Public, 4-year or above",24485873.0,89827012.0,22274021.0,192017.4224137931,12617227.0,9656794.0,83248.0,4302440.0,12168979.0,974230.0,332821.0,1246206.0,89827012.0,2211852.0,116.0,1.0,10.0,2025.0,1.0,7.38891559262313,7.953406953577344,0.27258919622084277,2211852.0,0.9096682401317691,,,,,,,
41,UConn,Huskies,UConn Huskies,CONN,FBS Independents,18,False,12,9,443.0,310.0,3,0.75,36.916666666666664,25.833333333333332,11.083333333333332,12,0.3892773892773892,1.0,68.119,1.0,301.08334,159.97823,159.0,5.061,36.0,76.0,899.0,11.0,2025,UConn,University of Connecticut,CT,NCAA Division I-FBS,"Public, 4-year or above",20479873.0,97050998.0,20479873.0,181237.81415929203,16176061.0,4303812.0,38087.0,3531337.0,14355731.0,1175967.0,235537.0,1405652.0,97050998.0,0.0,113.0,1.0,10.0,2025.0,1.0,7.311327259160716,7.987000005707529,0.2110217661028071,0.0,1.0,,,,,,,
251,Texas,Longhorns,Texas Longhorns,TEX,SEC,8,True,12,9,355.0,237.0,3,0.75,29.583333333333332,19.75,9.833333333333332,12,0.5288461538461539,1.0,61.24,7.0,253.16667,145.73254,129.667,3.949,38.0,76.0,836.0,13.0,2025,Texas,The University of Texas at Austin,TX,NCAA Division I-FBS,"Public, 4-year or above",171892714.0,343106827.0,70405628.0,596657.8644067796,64405182.0,6000446.0,50851.0,9227922.0,31166050.0,2619784.0,388714.0,4607960.0,277413781.0,101487086.0,118.0,1.0,17.0,2025.0,1.0,8.235257468678583,8.535429359556991,0.5009889062918588,101487086.0,0.40959053098667114,,,,,,,
130,Michigan,Wolverines,Michigan Wolverines,MICH,Big Ten,5,True,12,9,331.0,224.0,3,0.75,27.583333333333332,18.666666666666668,8.916666666666664,12,0.563034188034188,7.0,60.269,7.0,185.75,128.597,213.167,5.513,28.0,72.0,748.0,13.0,2025,Michigan,University of Michigan-Ann Arbor,MI,NCAA Division I-FBS,"Public, 4-year or above",175299592.0,236376759.0,61663186.0,443620.0431654676,52795760.0,8867426.0,63794.0,4557296.0,28526320.0,1002368.0,273456.0,4902622.0,222088909.0,113636406.0,139.0,1.0,13.0,2025.0,1.0,8.243780905298845,8.373604773671822,0.7416109466159488,113636406.0,0.35175886775595006,,,,,,,
59,Georgia Tech,Yellow Jackets,Georgia Tech Yellow Jackets,GT,ACC,1,True,12,9,397.0,300.0,3,0.75,33.083333333333336,25.0,8.083333333333336,12,0.4883449883449884,7.0,71.469,6.0,263.25,156.09145,203.0,5.6,26.0,62.0,780.0,3.0,2025,Georgia Tech,Georgia Institute of Technology-Main Campus,GA,NCAA Division I-FBS,"Public, 4-year or above",70541041.0,140430227.0,42709508.0,355912.56666666665,31110540.0,11598968.0,96658.0,3709371.0,15565517.0,1109351.0,260002.0,2054588.0,140430227.0,27831533.0,120.0,1.0,10.0,2025.0,1.0,7.848441864421629,8.147460597867811,0.5023209212643373,27831533.0,0.60545616274645,,,,,,,
248,Houston,Cougars,Houston Cougars,HOU,Big 12,4,True,12,9,340.0,262.0,3,0.75,28.333333333333332,21.833333333333332,6.5,12,0.4627039627039627,4.0,62.941,10.0,215.25,142.22673,175.667,4.191,24.0,54.0,798.0,12.0,2025,Houston,University of Houston,TX,NCAA Division I-FBS,"Public, 4-year or above",23271364.0,100162965.0,23271364.0,195557.6806722689,20016853.0,3254511.0,27349.0,4795091.0,16587711.0,2156611.0,263848.0,1169803.0,100162965.0,0.0,119.0,1.0,10.0,2025.0,1.0,7.3668218392520295,8.000707171937439,0.2323350152424102,0.0,1.0,,,,,,,
167,New Mexico,Lobos,New Mexico Lobos,UNM,Mountain West,17,False,12,9,335.0,270.0,3,0.75,27.916666666666668,22.5,5.416666666666668,12,0.4586247086247086,13.0,65.839,9.0,214.5,144.82095,155.083,4.328,33.0,73.0,790.0,9.0,2025,New Mexico,University of New Mexico-Main Campus,NM,NCAA Division I-FBS,"Public, 4-year or above",15266440.0,61160745.0,14730964.0,125905.67521367522,11273352.0,3457612.0,29552.0,1528772.0,6111408.0,368316.0,105496.0,1108203.0,56544018.0,535476.0,117.0,1.0,11.0,2025.0,1.0,7.183737775195996,7.78647276692044,0.24961174034096542,535476.0,0.9649246320687731,,,,,,,
68,Boise State,Broncos,Boise State Broncos,BOIS,Mountain West,17,False,13,9,408.0,299.0,4,0.6923076923076923,31.384615384615383,23.0,8.384615384615383,13,0.5795940170940171,7.0,58.741,9.0,244.3077,133.65327,188.385,4.647,23.0,77.0,717.0,14.0,2025,Boise State,Boise State University,ID,NCAA Division I-FBS,"Public, 4-year or above",55692857.0,89699430.0,25752831.0,220109.66666666663,22293743.0,3459088.0,29565.0,2751698.0,8431282.0,778658.0,197304.0,996917.0,69810118.0,29940026.0,117.0,1.0,10.0,2025.0,1.0,7.7457994974284325,7.952789683304502,0.6208830646972896,29940026.0,0.4624081504743059,,,,,,,
2711,Western Michigan,Broncos,Western Michigan Broncos,WMU,MAC,15,False,13,9,307.0,237.0,4,0.6923076923076923,23.615384615384617,18.23076923076923,5.384615384615387,13,0.4797008547008547,8.0,60.49,5.0,139.92308,119.648766,196.615,4.407,38.0,76.0,795.0,10.0,2025,Western Michigan,Western Michigan University,MI,NCAA Division I-FBS,"Public, 4-year or above",11409469.0,43722663.0,11409469.0,100968.7522123894,8911277.0,2498192.0,22108.0,1545537.0,4476609.0,366042.0,78633.0,733315.0,43722663.0,0.0,113.0,1.0,15.0,2025.0,1.0,7.057265432697255,7.640706605495976,0.26095091691921873,0.0,1.0,,,,,,,
2649,Toledo,Rockets,Toledo Rockets,TOL,MAC,15,False,12,8,379.0,146.0,4,0.6666666666666666,31.583333333333332,12.166666666666666,19.416666666666664,12,0.467948717948718,4.0,64.42,10.0,244.0,148.44948,177.833,4.94,36.0,89.0,762.0,13.0,2025,Toledo,University of Toledo,OH,NCAA Division I-FBS,"Public, 4-year or above",12624282.0,39498134.0,12624282.0,103477.7213114754,10973577.0,1650705.0,13530.0,1270803.0,3687234.0,333283.0,93752.0,582785.0,39498134.0,0.0,122.0,1.0,10.0,2025.0,1.0,7.101206687202165,7.596576578850624,0.3196171748265374,0.0,1.0,,,,,,,
264,Washington,Huskies,Washington Huskies,WASH,Big Ten,5,True,12,8,405.0,233.0,4,0.6666666666666666,33.75,19.416666666666668,14.333333333333332,12,0.493006993006993,5.0,69.591,8.0,245.83333,158.59949,168.667,4.685,21.0,51.0,687.0,9.0,2025,Washington,University of Washington-Seattle Campus,WA,NCAA Division I-FBS,"Public, 4-year or above",121018946.0,178415083.0,68921774.0,604576.9649122807,48375718.0,20546056.0,180229.0,4530549.0,23297260.0,1588019.0,294253.0,2632449.0,174834634.0,52097172.0,114.0,1.0,10.0,2025.0,1.0,8.082853366177162,8.251431566333705,0.6782999731026104,52097172.0,0.5695122646333409,,,,,,,
2294,Iowa,Hawkeyes,Iowa Hawkeyes,IOWA,Big Ten,5,True,12,8,347.0,182.0,4,0.6666666666666666,28.916666666666668,15.166666666666666,13.750000000000002,12,0.553030303030303,5.0,62.121,7.0,137.41667,121.783394,177.75,4.567,21.0,57.0,684.0,11.0,2025,Iowa,University of Iowa,IA,NCAA Division I-FBS,"Public, 4-year or above",105190203.0,179990052.0,50894414.0,388506.9770992366,44380298.0,6514116.0,49726.0,8471195.0,22785378.0,1898900.0,438153.0,1549180.0,150892055.0,54295789.0,131.0,1.0,15.0,2025.0,1.0,8.021975293228653,8.255248502431659,0.5844223157399833,54295789.0,0.4838322633525101,,,,,,,
151,East Carolina,Pirates,East Carolina Pirates,ECU,American,151,False,12,8,402.0,244.0,4,0.6666666666666666,33.5,20.333333333333332,13.166666666666668,12,0.5099067599067598,7.0,65.485,6.0,280.66666,145.13263,184.0,4.271,30.0,94.0,796.0,9.0,2025,East Carolina,East Carolina University,NC,NCAA Division I-FBS,"Public, 4-year or above",16480592.0,68011262.0,16473046.0,127698.03100775194,13183603.0,3289443.0,25500.0,3108740.0,7739432.0,733528.0,169658.0,828291.0,64764468.0,7546.0,129.0,1.0,14.0,2025.0,1.0,7.216972807950632,7.832580833580941,0.24232151433978685,7546.0,0.999542128098311,,,,,,,
142,Missouri,Tigers,Missouri Tigers,MIZ,SEC,8,True,12,8,386.0,233.0,4,0.6666666666666666,32.166666666666664,19.416666666666668,12.749999999999996,12,0.5093240093240093,6.0,64.012,10.0,195.25,130.77458,234.083,5.34,35.0,84.0,714.0,7.0,2025,Missouri,University of Missouri-Columbia,MO,NCAA Division I-FBS,"Public, 4-year or above",53301146.0,181114849.0,49316139.0,404230.6475409836,42015831.0,7300308.0,59839.0,4814933.0,24877790.0,2140163.0,267477.0,2468280.0,181114849.0,3985007.0,122.0,1.0,10.0,2025.0,1.0,7.726736546664955,8.257954058124081,0.2942947322889025,3985007.0,0.9252359977400861,,,,,,,
2567,SMU,Mustangs,SMU Mustangs,SMU,ACC,1,True,12,8,395.0,248.0,4,0.6666666666666666,32.916666666666664,20.666666666666668,12.249999999999996,12,0.5227272727272727,6.0,66.355,10.0,283.5,148.50134,135.5,4.407,34.0,77.0,875.0,17.0,2025,SMU,Southern Methodist University,TX,NCAA Division I-FBS,"Private nonprofit, 4-year or above",45315587.0,150225313.0,45315587.0,371439.237704918,39124474.0,6191113.0,50747.0,5008053.0,20118653.0,1760723.0,324733.0,2392459.0,150225313.0,0.0,122.0,1.0,10.0,2025.0,1.0,7.6562476100425165,8.176743117554846,0.30165080767713226,0.0,1.0,,,,,,,
235,Memphis,Tigers,Memphis Tigers,MEM,American,151,False,12,8,415.0,270.0,4,0.6666666666666666,34.583333333333336,22.5,12.083333333333336,12,0.4889277389277389,2.0,68.254,8.0,234.58333,140.54504,186.083,5.122,19.0,79.0,761.0,12.0,2025,Memphis,University of Memphis,TN,NCAA Division I-FBS,"Public, 4-year or above",22026675.0,65857423.0,22026675.0,133495.0,19688436.0,2338239.0,14171.0,2681559.0,9631813.0,822759.0,154900.0,945475.0,65857423.0,0.0,165.0,1.0,12.0,2025.0,1.0,7.342948943898959,7.818604732771633,0.3344600197915427,0.0,1.0,,,,,,,
2633,Tennessee,Volunteers,Tennessee Volunteers,TENN,SEC,8,True,12,8,489.0,345.0,4,0.6666666666666666,40.75,28.75,12.0,12,0.5099067599067599,5.0,66.348,10.0,307.16666,155.94612,174.833,4.571,36.0,82.0,899.0,10.0,2025,Tennessee,The University of Tennessee-Knoxville,TN,NCAA Division I-FBS,"Public, 4-year or above",162539638.0,285364027.0,61240437.0,497889.73170731706,54200409.0,7040028.0,57236.0,6271290.0,33065988.0,2988550.0,328274.0,3734226.0,285364027.0,101299201.0,123.0,1.0,10.0,2025.0,1.0,8.210959288179348,8.455399225050295,0.5695869928272353,101299201.0,0.37677232306866587,,,,,,,
221,Pittsburgh,Panthers,Pittsburgh Panthers,PITT,ACC,1,True,12,8,421.0,299.0,4,0.6666666666666666,35.083333333333336,24.916666666666668,10.166666666666668,12,0.5227272727272727,4.0,62.264,14.0,274.75,142.77084,117.0,3.582,28.0,88.0,832.0,15.0,2025,Pittsburgh,University of Pittsburgh-Pittsburgh Campus,PA,NCAA Division I-FBS,"Public, 4-year or above",57222645.0,151337808.0,47141722.0,399506.1186440678,37650510.0,9491212.0,80434.0,6831638.0,28372226.0,2293482.0,324154.0,1381007.0,151337808.0,10080923.0,118.0,1.0,14.0,2025.0,1.0,7.757567928309437,8.179947439289283,0.3781120247228637,10080923.0,0.8238298317038648,,,,,,,
97,Louisville,Cardinals,Louisville Cardinals,LOU,ACC,1,True,12,8,362.0,253.0,4,0.6666666666666666,30.166666666666668,21.083333333333332,9.083333333333336,12,0.5629370629370629,7.0,63.959,9.0,226.25,130.67642,162.583,5.068,27.0,67.0,767.0,14.0,2025,Louisville,University of Louisville,KY,NCAA Division I-FBS,"Public, 4-year or above",33090886.0,155903308.0,30745125.0,256209.375,27548031.0,3197094.0,26642.0,4058935.0,17103140.0,1346875.0,180804.0,1579219.0,154819604.0,2345761.0,120.0,1.0,15.0,2025.0,1.0,7.519708395439081,8.192855330268408,0.21225262263197134,2345761.0,0.9291115686657649,,,,,,,
66,Iowa State,Cyclones,Iowa State Cyclones,ISU,Big 12,4,True,12,8,329.0,242.0,4,0.6666666666666666,27.416666666666668,20.166666666666668,7.25,12,0.539044289044289,5.0,60.519,9.0,221.41667,134.86594,174.667,4.385,13.0,60.0,720.0,11.0,2025,Iowa State,Iowa State University,IA,NCAA Division I-FBS,"Public, 4-year or above",60744404.0,103899204.0,32337385.0,239536.1851851852,25638315.0,6699070.0,49623.0,5269505.0,17210131.0,1885285.0,338422.0,975628.0,103893160.0,28407019.0,135.0,1.0,10.0,2025.0,1.0,7.783506275293198,8.01661222032203,0.5846474434972572,28407019.0,0.5323516714395617,,,,,,,
278,Fresno State,Bulldogs,Fresno State Bulldogs,FRES,Mountain West,17,False,12,8,317.0,241.0,4,0.6666666666666666,26.416666666666668,20.083333333333332,6.333333333333336,12,0.4265734265734266,7.0,63.818,13.0,180.41667,120.44342,169.917,4.645,21.0,64.0,683.0,19.0,2025,Fresno State,California State University-Fresno,CA,NCAA Division I-FBS,"Public, 4-year or above",17708178.0,63439685.0,17708178.0,158108.73214285713,14450538.0,3257640.0,29086.0,2684602.0,5710634.0,424078.0,132972.0,917419.0,63439685.0,0.0,112.0,1.0,17.0,2025.0,1.0,7.248173878792989,7.802361017892438,0.27913407829815046,0.0,1.0,,,,,,,
98,Western Kentucky,Hilltoppers,Western Kentucky Hilltoppers,WKU,Conference USA,12,False,12,8,357.0,281.0,4,0.6666666666666666,29.75,23.416666666666668,6.333333333333332,12,0.465034965034965,7.0,66.593,11.0,272.58334,137.37538,132.833,4.184,16.0,64.0,797.0,8.0,2025,Western Kentucky,Western Kentucky University,KY,NCAA Division I-FBS,"Public, 4-year or above",11040244.0,31319105.0,11040244.0,98573.60714285714,7660837.0,3379407.0,30173.0,1375867.0,3659519.0,395923.0,69996.0,715751.0,31319105.0,0.0,112.0,1.0,14.0,2025.0,1.0,7.0429786718245735,7.495809342813905,0.35250828527826705,0.0,1.0,,,,,,,
356,Illinois,Fighting Illini,Illinois Fighting Illini,ILL,Big Ten,5,True,12,8,352.0,279.0,4,0.6666666666666666,29.333333333333332,23.25,6.083333333333332,12,0.5815850815850816,5.0,68.343,6.0,239.08333,157.57149,131.167,3.757,25.0,58.0,720.0,6.0,2025,Illinois,University of Illinois Urbana-Champaign,IL,NCAA Division I-FBS,"Public, 4-year or above",87939659.0,174612181.0,48001399.0,403373.1008403361,39224374.0,8777025.0,73757.0,5065420.0,26854376.0,1810900.0,325452.0,2800759.0,174612181.0,39938260.0,119.0,1.0,10.0,2025.0,1.0,7.944184777241096,8.242074536944344,0.5036284324287776,39938260.0,0.5458447251882111,,,,,,,
195,Ohio,Bobcats,Ohio Bobcats,OHIO,MAC,15,False,12,8,344.0,275.0,4,0.6666666666666666,28.666666666666668,22.916666666666668,5.75,12,0.4155011655011655,7.0,60.943,10.0,187.58333,133.42816,229.083,5.338,20.0,57.0,777.0,11.0,2025,Ohio,Ohio University-Main Campus,OH,NCAA Division I-FBS,"Public, 4-year or above",10812487.0,33031821.0,10812487.0,79503.58088235294,8377421.0,2435066.0,17905.0,1429779.0,3959670.0,314847.0,79638.0,484229.0,33031821.0,0.0,136.0,1.0,14.0,2025.0,1.0,7.0339255983150295,7.518932516423836,0.32733548053557204,0.0,1.0,,,,,,,
2628,TCU,Horned Frogs,TCU Horned Frogs,TCU,Big 12,4,True,12,8,369.0,302.0,4,0.6666666666666666,30.75,25.166666666666668,5.583333333333332,12,0.5466200466200466,5.0,65.952,14.0,292.75,152.32932,132.583,3.928,24.0,64.0,802.0,12.0,2025,TCU,Texas Christian University,TX,NCAA Division I-FBS,"Private nonprofit, 4-year or above",59568339.0,155989500.0,59568339.0,458217.9923076923,49256419.0,10311920.0,79322.0,7382343.0,23394873.0,1811739.0,214254.0,1639673.0,155989500.0,0.0,130.0,1.0,26.0,2025.0,1.0,7.775015490426332,8.193095366011311,0.3818740299827873,0.0,1.0,,,,,,,
154,Wake Forest,Demon Deacons,Wake Forest Demon Deacons,WAKE,ACC,1,True,12,8,322.0,258.0,4,0.6666666666666666,26.833333333333332,21.5,5.333333333333332,12,0.5291375291375291,10.0,56.836,10.0,232.25,127.50958,156.833,4.492,25.0,86.0,899.0,4.0,2025,Wake Forest,Wake Forest University,NC,NCAA Division I-FBS,"Private nonprofit, 4-year or above",39399925.0,114628069.0,39399925.0,303076.3461538461,35927339.0,3472586.0,26712.0,4066525.0,16633362.0,1180595.0,288593.0,1453094.0,114628069.0,0.0,130.0,1.0,10.0,2025.0,1.0,7.595495395122093,8.059290976437486,0.34371969574049094,0.0,1.0,,,,,,,
62,Hawai'i,Rainbow Warriors,Hawai'i Rainbow Warriors,HAW,Mountain West,17,False,12,8,342.0,282.0,4,0.6666666666666666,28.5,23.5,5.0,12,0.4562937062937063,6.0,64.358,12.0,289.66666,136.40814,104.0,3.566,30.0,65.0,726.0,8.0,2025,Hawai'i,University of Hawaii at Manoa,HI,NCAA Division I-FBS,"Public, 4-year or above",12129152.0,53793049.0,13857022.0,121552.82456140353,10455489.0,3401533.0,29838.0,1249685.0,4128981.0,245595.0,100409.0,535355.0,53793049.0,-1727870.0,114.0,1.0,10.0,2025.0,1.0,7.083830438575195,7.730726160871317,0.22547805386528658,-1727870.0,1.1424559606475375,,,,,,,
9,Arizona State,Sun Devils,Arizona State Sun Devils,ASU,Big 12,4,True,12,8,296.0,276.0,4,0.6666666666666666,24.666666666666668,23.0,1.666666666666668,12,0.5914918414918415,10.0,57.143,8.0,211.08333,121.65302,189.417,4.931,32.0,81.0,796.0,7.0,2025,Arizona State,Arizona State University Campus Immersion,AZ,NCAA Division I-FBS,"Public, 4-year or above",50352139.0,149346605.0,50352139.0,409366.9837398374,45961151.0,4390988.0,35699.0,3858390.0,21595194.0,1426850.0,243154.0,1767905.0,149346605.0,0.0,123.0,1.0,10.0,2025.0,1.0,7.702017924465905,8.174195354516145,0.3371495388194462,0.0,1.0,,,,,,,
150,Duke,Blue Devils,Duke Blue Devils,DUKE,ACC,1,True,13,8,442.0,373.0,5,0.6153846153846154,34.0,28.692307692307693,5.307692307692307,13,0.6292735042735043,8.0,67.473,5.0,282.15384,154.75404,132.462,4.11,26.0,87.0,892.0,13.0,2025,Duke,Duke University,NC,NCAA Division I-FBS,"Private nonprofit, 4-year or above",67356450.0,181607802.0,47363558.0,391434.3636363637,40393331.0,6970227.0,57605.0,2605777.0,18408934.0,867707.0,173807.0,2969104.0,180590186.0,19992892.0,121.0,1.0,10.0,2025.0,1.0,7.8283791897439885,8.259134502184866,0.37088962730797215,19992892.0,0.7031777654552757,,,,,,,
55,Jacksonville State,Gamecocks,Jacksonville State Gamecocks,JVST,Conference USA,12,False,13,8,377.0,340.0,5,0.6153846153846154,29.0,26.153846153846153,2.8461538461538467,13,0.4754273504273504,7.0,59.15,6.0,161.15384,125.67558,258.0,5.526,26.0,73.0,844.0,12.0,2025,Jacksonville State,Jacksonville State University,AL,NCAA Division I-FBS,"Public, 4-year or above",14998859.0,34639572.0,14998859.0,94929.48734177215,13657316.0,1341543.0,8491.0,1200347.0,3402489.0,273617.0,92673.0,498790.0,34639572.0,0.0,158.0,1.0,10.0,2025.0,1.0,7.176058222465584,7.539572517317983,0.43299781533097464,0.0,1.0,,,,,,,
2653,Troy,Trojans,Troy Trojans,TROY,Sun Belt,37,False,13,8,316.0,318.0,5,0.6153846153846154,24.307692307692307,24.46153846153846,-0.1538461538461533,13,0.5074786324786325,6.0,58.416,10.0,215.38461,128.02304,98.769,2.791,32.0,82.0,921.0,10.0,2025,Troy,Troy University,AL,NCAA Division I-FBS,"Public, 4-year or above",12597439.0,39742013.0,10281345.0,79700.3488372093,9008337.0,1273008.0,9868.0,3108177.0,7367946.0,385149.0,194502.0,371608.0,39742013.0,2316094.0,129.0,1.0,14.0,2025.0,1.0,7.100282264068684,7.599249861079055,0.3169803955325564,2316094.0,0.8161456467461362,,,,,,,
228,Clemson,Tigers,Clemson Tigers,CLEM,ACC,1,True,12,7,344.0,245.0,5,0.5833333333333334,28.666666666666668,20.416666666666668,8.25,12,0.4906759906759907,8.0,65.977,7.0,274.0,142.94424,131.25,4.091,33.0,80.0,737.0,9.0,2025,Clemson,Clemson University,SC,NCAA Division I-FBS,"Public, 4-year or above",86902571.0,186106774.0,81136726.0,592238.8759124088,71855825.0,9280901.0,67744.0,7291712.0,29089139.0,1925461.0,487841.0,3911594.0,186106774.0,5765845.0,137.0,1.0,11.0,2025.0,1.0,7.939032625178195,8.269762181068861,0.46695006921134424,5765845.0,0.9336516177409757,,,,,,,
2132,Cincinnati,Bearcats,Cincinnati Bearcats,CIN,Big 12,4,True,12,7,381.0,298.0,5,0.5833333333333334,31.75,24.833333333333332,6.916666666666668,12,0.5466200466200466,7.0,61.739,5.0,242.41667,157.40894,178.917,5.898,22.0,54.0,855.0,2.0,2025,Cincinnati,University of Cincinnati-Main Campus,OH,NCAA Division I-FBS,"Public, 4-year or above",30429185.0,119327103.0,30429185.0,253576.54166666663,23866930.0,6562255.0,54685.0,2870066.0,7393614.0,172518.0,192682.0,1549379.0,119327103.0,0.0,120.0,1.0,14.0,2025.0,1.0,7.483290320588771,8.076739097035745,0.25500648415138344,0.0,1.0,,,,,,,
2348,Louisiana Tech,Bulldogs,Louisiana Tech Bulldogs,LT,Conference USA,12,False,12,7,332.0,256.0,5,0.5833333333333334,27.666666666666668,21.333333333333332,6.333333333333336,12,0.4714452214452214,4.0,63.265,9.0,167.91667,122.57374,196.583,4.804,19.0,74.0,819.0,20.0,2025,Louisiana Tech,Louisiana Tech University,LA,NCAA Division I-FBS,"Public, 4-year or above",11122188.0,33952161.0,11122188.0,99305.25,9335100.0,1787088.0,15956.0,1445746.0,4097078.0,365866.0,107988.0,627593.0,33952161.0,0.0,112.0,1.0,10.0,2025.0,1.0,7.046190231747224,7.530867421635885,0.32758409692979484,0.0,1.0,,,,,,,
158,Nebraska,Cornhuskers,Nebraska Cornhuskers,NEB,Big Ten,5,True,12,7,351.0,276.0,5,0.5833333333333334,29.25,23.0,6.25,12,0.5151515151515151,4.0,70.0,6.0,228.16667,153.02806,144.667,4.193,19.0,61.0,696.0,6.0,2025,Nebraska,University of Nebraska-Lincoln,NE,NCAA Division I-FBS,"Public, 4-year or above",122283973.0,205807522.0,70574668.0,455320.43870967743,60482369.0,10092299.0,65112.0,8527356.0,26626950.0,1742862.0,294978.0,2399346.0,198462402.0,51709305.0,155.0,1.0,23.0,2025.0,1.0,8.08736954048868,8.313461243620749,0.5941666845393533,51709305.0,0.5771375125340423,,,,,,,
99,LSU,Tigers,LSU Tigers,LSU,SEC,8,True,12,7,262.0,220.0,5,0.5833333333333334,21.833333333333332,18.333333333333332,3.5,12,0.6305361305361306,6.0,65.947,7.0,226.41667,130.77663,106.25,3.602,27.0,62.0,763.0,17.0,2025,LSU,Louisiana State University and Agricultural & Mechanical College,LA,NCAA Division I-FBS,"Public, 4-year or above",117563889.0,223457268.0,50738587.0,441205.1043478261,44866952.0,5871635.0,51058.0,7034674.0,32663792.0,2115174.0,491950.0,3697048.0,219649408.0,66825302.0,115.0,1.0,10.0,2025.0,1.0,8.070273944049982,8.349194484755884,0.5261135162540339,66825302.0,0.43158309436327,,,,,,,
2572,Southern Miss,Golden Eagles,Southern Miss Golden Eagles,USM,Sun Belt,37,False,12,7,358.0,329.0,5,0.5833333333333334,29.833333333333332,27.416666666666668,2.4166666666666643,12,0.4755244755244755,4.0,65.271,10.0,266.75,146.89081,137.0,3.788,26.0,67.0,1030.0,21.0,2025,Southern Miss,University of Southern Mississippi,MS,NCAA Division I-FBS,"Public, 4-year or above",11033253.0,31875542.0,11033253.0,97639.407079646,9057541.0,1975712.0,17484.0,2900781.0,4419519.0,253123.0,101833.0,551644.0,31875542.0,0.0,113.0,1.0,26.0,2025.0,1.0,7.042703576960855,7.503457578088536,0.34613538492929785,0.0,1.0,,,,,,,
2229,Florida International,Panthers,Florida International Panthers,FIU,Conference USA,12,False,12,7,351.0,333.0,5,0.5833333333333334,29.25,27.75,1.5,12,0.4970862470862471,8.0,62.105,11.0,218.66667,129.94858,190.167,5.004,28.0,64.0,743.0,12.0,2025,Florida International,Florida International University,FL,Independent,"Public, 4-year or above",12834881.0,42392051.0,12834881.0,112586.67543859647,10062315.0,2772566.0,24321.0,2180640.0,4291101.0,365554.0,129649.0,820078.0,42392051.0,0.0,114.0,1.0,14.0,2025.0,1.0,7.10839184641744,7.627284428987054,0.3027662190725332,0.0,1.0,,,,,,,
152,NC State,Wolfpack,NC State Wolfpack,NCSU,ACC,1,True,12,7,362.0,346.0,5,0.5833333333333334,30.166666666666668,28.833333333333332,1.3333333333333357,12,0.6182983682983683,3.0,68.734,10.0,247.75,148.55992,149.083,4.552,18.0,57.0,840.0,8.0,2025,NC State,North Carolina State University at Raleigh,NC,NCAA Division I-FBS,"Public, 4-year or above",69756644.0,135830733.0,40535367.0,324282.936,36578064.0,3957303.0,31658.0,3397366.0,20560305.0,1123916.0,227345.0,2775789.0,129009673.0,29221277.0,125.0,1.0,10.0,2025.0,1.0,7.843585578470658,8.132998044335027,0.5135556766818007,29221277.0,0.5810968629740846,,,,,,,
2117,Central Michigan,Chippewas,Central Michigan Chippewas,CMU,MAC,15,False,12,7,286.0,272.0,5,0.5833333333333334,23.833333333333332,22.666666666666668,1.1666666666666643,12,0.4493006993006993,6.0,67.686,6.0,166.16667,157.20052,169.5,3.98,27.0,64.0,820.0,12.0,2025,Central Michigan,Central Michigan University,MI,NCAA Division I-FBS,"Public, 4-year or above",11608428.0,38536340.0,11608428.0,95151.04918032789,9884979.0,1723449.0,14127.0,2142873.0,4681287.0,325995.0,129777.0,404366.0,38536340.0,0.0,122.0,1.0,14.0,2025.0,1.0,7.064773412059898,7.585870465034436,0.3012332774726401,0.0,1.0,,,,,,,
135,Minnesota,Golden Gophers,Minnesota Golden Gophers,MINN,Big Ten,5,True,12,7,279.0,281.0,5,0.5833333333333334,23.25,23.416666666666668,-0.1666666666666678,12,0.5308857808857809,1.0,62.803,7.0,193.5,126.72589,103.083,3.596,35.0,84.0,738.0,8.0,2025,Minnesota,University of Minnesota-Twin Cities,MN,NCAA Division I-FBS,"Public, 4-year or above",101726085.0,156773938.0,45452693.0,388484.5555555555,38047191.0,7405502.0,63295.0,3509833.0,18324561.0,1141273.0,236856.0,2540224.0,146804169.0,56273392.0,117.0,1.0,10.0,2025.0,1.0,8.007432330690474,8.195273867509567,0.6488711471928453,56273392.0,0.44681453139575755,,,,,,,
25,California,Golden Bears,California Golden Bears,CAL,ACC,1,True,12,7,298.0,318.0,5,0.5833333333333334,24.833333333333332,26.5,-1.666666666666668,12,0.4819347319347319,5.0,63.169,10.0,270.83334,130.76872,76.5,2.571,21.0,58.0,806.0,8.0,2025,California,University of California-Berkeley,CA,NCAA Division I-FBS,"Public, 4-year or above",63954618.0,173116318.0,46721911.0,389349.25833333336,35905641.0,10816270.0,90136.0,3106066.0,18499179.0,788336.0,231773.0,2681244.0,173116318.0,17232707.0,120.0,1.0,10.0,2025.0,1.0,7.805871909244806,8.238338006542882,0.3694314824787343,17232707.0,0.7305478863152619,,,,,,,
2623,Missouri State,Bears,Missouri State Bears,MOST,Conference USA,12,False,12,7,305.0,340.0,5,0.5833333333333334,25.416666666666668,28.333333333333332,-2.9166666666666643,12,0.5017482517482518,5.0,63.0,11.0,273.91666,147.98119,117.917,3.724,22.0,53.0,759.0,8.0,2025,Missouri State,Missouri State University-Springfield,MO,NCAA Division I-FCS,"Public, 4-year or above",6558020.0,28059311.0,6558020.0,66242.62626262626,4670637.0,1887383.0,19064.0,967091.0,3069942.0,251409.0,65062.0,455661.0,28059311.0,0.0,99.0,1.0,11.0,2025.0,1.0,6.816772736803672,7.4480770026662615,0.23371992277358486,0.0,1.0,,,,,,,
193,Miami (OH),RedHawks,Miami (OH) RedHawks,M-OH,MAC,15,False,13,7,326.0,286.0,6,0.5384615384615384,25.076923076923077,22.0,3.0769230769230766,13,0.4989316239316239,3.0,50.716,10.0,196.15384,122.43929,152.615,4.221,40.0,77.0,878.0,14.0,2025,Miami (OH),Miami University-Oxford,OH,NCAA Division I-FBS,"Public, 4-year or above",11017434.0,41169189.0,11017434.0,68431.26708074534,9018814.0,1998620.0,12414.0,1395783.0,4805553.0,309705.0,77577.0,778050.0,40792930.0,0.0,161.0,1.0,14.0,2025.0,1.0,7.042080457546226,7.61457231182882,0.2676135786886645,0.0,1.0,,,,,,,
213,Penn State,Nittany Lions,Penn State Nittany Lions,PSU,Big Ten,5,True,12,6,381.0,257.0,6,0.5,31.75,21.416666666666668,10.333333333333332,12,0.583916083916084,3.0,66.776,7.0,181.58333,137.57857,177.5,4.908,28.0,74.0,735.0,6.0,2025,Penn State,Pennsylvania State University-Main Campus,PA,NCAA Division I-FBS,"Public, 4-year or above",150314572.0,254397122.0,77386097.0,595277.6692307693,53986485.0,23399612.0,179997.0,4949566.0,34695852.0,1188906.0,376066.0,3707691.0,231709762.0,72928475.0,130.0,1.0,10.0,2025.0,1.0,8.177001084595062,8.405512193821545,0.5908658510688655,72928475.0,0.5148276442552755,,,,,,,
326,Texas State,Bobcats,Texas State Bobcats,TXST,Sun Belt,37,False,12,6,433.0,367.0,6,0.5,36.083333333333336,30.583333333333332,5.5000000000000036,12,0.5110722610722611,8.0,70.149,7.0,255.5,160.57715,220.5,5.108,22.0,83.0,837.0,8.0,2025,Texas State,Texas State University,TX,NCAA Division I-FBS,"Public, 4-year or above",21622408.0,52238898.0,21622408.0,180186.73333333337,17096498.0,4525910.0,37716.0,1789191.0,5009325.0,476981.0,131221.0,854093.0,52238898.0,0.0,120.0,1.0,10.0,2025.0,1.0,7.334904057928025,7.717994006751568,0.4139139382304734,0.0,1.0,,,,,,,
2636,UTSA,Roadrunners,UTSA Roadrunners,UTSA,American,151,False,12,6,405.0,355.0,6,0.5,33.75,29.583333333333332,4.166666666666668,12,0.5553613053613053,5.0,67.386,7.0,243.66667,147.46118,169.917,5.047,22.0,71.0,750.0,9.0,2025,UTSA,The University of Texas at San Antonio,TX,NCAA Division I-FBS,"Public, 4-year or above",17853035.0,54436434.0,17853035.0,151296.90677966102,14160406.0,3692629.0,31293.0,3457060.0,8600615.0,670430.0,199045.0,595857.0,49898232.0,0.0,118.0,1.0,14.0,2025.0,1.0,7.251712056398335,7.735889667875034,0.32796114087855205,0.0,1.0,,,,,,,
328,Utah State,Aggies,Utah State Aggies,USU,Mountain West,17,False,12,6,381.0,339.0,6,0.5,31.75,28.25,3.5,12,0.5722610722610723,6.0,60.638,4.0,251.41667,146.97542,171.5,4.865,27.0,55.0,900.0,10.0,2025,Utah State,Utah State University,UT,NCAA Division I-FBS,"Public, 4-year or above",17310081.0,48349839.0,17310081.0,157364.37272727274,15049501.0,2260580.0,20551.0,2215540.0,6694244.0,650020.0,156552.0,624640.0,48349839.0,0.0,110.0,1.0,10.0,2025.0,1.0,7.2382991000978505,7.684395032265391,0.35801734520770584,0.0,1.0,,,,,,,
2306,Kansas State,Wildcats,Kansas State Wildcats,KSU,Big 12,4,True,12,6,353.0,320.0,6,0.5,29.416666666666668,26.666666666666668,2.75,12,0.5384615384615384,8.0,59.475,7.0,198.75,131.11598,171.333,5.089,28.0,72.0,780.0,13.0,2025,Kansas State,Kansas State University,KS,NCAA Division I-FBS,"Public, 4-year or above",27087822.0,102982919.0,27087822.0,216702.576,20468641.0,6619181.0,52953.0,4983280.0,16318552.0,1912620.0,307066.0,1520250.0,100807499.0,0.0,125.0,1.0,10.0,2025.0,1.0,7.432774086930255,8.01276519752837,0.2630321830361014,0.0,1.0,,,,,,,
77,Northwestern,Wildcats,Northwestern Wildcats,NU,Big Ten,5,True,12,6,270.0,251.0,6,0.5,22.5,20.916666666666668,1.583333333333332,12,0.5693473193473193,8.0,59.475,12.0,181.75,119.361984,167.083,4.707,18.0,48.0,717.0,8.0,2025,Northwestern,Northwestern University,IL,NCAA Division I-FBS,"Private nonprofit, 4-year or above",85587606.0,131779238.0,37901761.0,347722.57798165135,34209135.0,3692626.0,33877.0,3883554.0,15781792.0,1067594.0,201140.0,1863790.0,131779238.0,47685845.0,109.0,1.0,14.0,2025.0,1.0,7.932410878748155,8.119846991955242,0.649477165742907,47685845.0,0.4428417007013843,,,,,,,
265,Washington State,Cougars,Washington State Cougars,WSU,Pac-12,9,False,12,6,259.0,242.0,6,0.5,21.583333333333332,20.166666666666668,1.4166666666666643,12,0.6019813519813519,6.0,64.641,12.0,197.0,127.44863,117.583,3.536,28.0,63.0,772.0,5.0,2025,Washington State,Washington State University,WA,NCAA Division I-FBS,"Public, 4-year or above",38831529.0,82229485.0,22896016.0,184645.29032258064,18618341.0,4277675.0,34497.0,3626248.0,9153920.0,769828.0,204030.0,1235204.0,68573910.0,15935513.0,124.0,1.0,14.0,2025.0,1.0,7.589184491323523,7.91502757029858,0.4722336397947768,15935513.0,0.5896243745642877,,,,,,,
349,Army,Black Knights,Army Black Knights,ARMY,American,151,False,12,6,269.0,265.0,6,0.5,22.416666666666668,22.083333333333332,0.3333333333333357,12,0.5174825174825175,5.0,51.852,4.0,78.27273,126.68658,256.909,4.295,12.0,37.0,660.0,7.0,2025,,,,,,,,,,,,,,,,,,,,,,,,,,,,,,,,,,,,
48,Delaware,Blue Hens,Delaware Blue Hens,DEL,Conference USA,12,False,12,6,357.0,390.0,6,0.5,29.75,32.5,-2.75,12,0.4574592074592074,11.0,62.353,8.0,302.75,133.93895,115.917,3.67,24.0,75.0,811.0,13.0,2025,Delaware,University of Delaware,DE,NCAA Division I-FCS,"Public, 4-year or above",10126804.0,65523927.0,10126804.0,92061.85454545454,9064138.0,1062666.0,9661.0,1083325.0,4338673.0,266735.0,81659.0,421878.0,65523927.0,0.0,110.0,1.0,10.0,2025.0,1.0,7.0054724044750865,7.816399917801857,0.15455123744338461,0.0,1.0,,,,,,,
2032,Arkansas State,Red Wolves,Arkansas State Red Wolves,ARST,Sun Belt,37,False,12,6,293.0,328.0,6,0.5,24.416666666666668,27.333333333333332,-2.9166666666666643,12,0.4819347319347319,11.0,66.527,12.0,257.16666,127.47381,127.5,3.617,31.0,67.0,888.0,7.0,2025,Arkansas State,Arkansas State University,AR,NCAA Division I-FBS,"Public, 4-year or above",11536628.0,33754642.0,11536628.0,75402.79738562091,7771044.0,3765584.0,24612.0,1826164.0,2578926.0,153340.0,69701.0,730079.0,33754642.0,0.0,153.0,1.0,24.0,2025.0,1.0,7.0620788889765365,7.528333506244287,0.3417790062771218,0.0,1.0,,,,,,,
309,Louisiana,Ragin' Cajuns,Louisiana Ragin' Cajuns,UL,Sun Belt,37,False,12,6,325.0,360.0,6,0.5,27.083333333333332,30.0,-2.916666666666668,12,0.5034965034965034,3.0,54.426,13.0,156.16667,109.41324,189.833,4.786,21.0,52.0,909.0,9.0,2025,Louisiana,University of Louisiana at Lafayette,LA,NCAA Division I-FBS,"Public, 4-year or above",14846554.0,42959075.0,14846554.0,104553.1971830986,11752941.0,3093613.0,21786.0,1770334.0,5226004.0,350334.0,142000.0,501208.0,42959075.0,0.0,142.0,1.0,10.0,2025.0,1.0,7.171625662242123,7.633054921510849,0.3455976181982503,0.0,1.0,,,,,,,
290,Georgia Southern,Eagles,Georgia Southern Eagles,GASO,Sun Belt,37,False,12,6,334.0,410.0,6,0.5,27.833333333333332,34.166666666666664,-6.333333333333332,12,0.5641025641025641,4.0,62.808,8.0,253.33333,142.0874,147.667,4.179,12.0,58.0,828.0,8.0,2025,Georgia Southern,Georgia Southern University,GA,NCAA Division I-FBS,"Public, 4-year or above",11225441.0,38133784.0,11225441.0,76886.58219178082,9257849.0,1967592.0,13477.0,1571069.0,3683496.0,251750.0,77607.0,347870.0,38133784.0,0.0,146.0,1.0,17.0,2025.0,1.0,7.050203411600028,7.581309902278164,0.29436997387932967,0.0,1.0,,,,,,,
324,Coastal Carolina,Chanticleers,Coastal Carolina Chanticleers,CCU,Sun Belt,37,False,12,6,274.0,407.0,6,0.5,22.833333333333332,33.916666666666664,-11.083333333333332,12,0.4947552447552448,9.0,55.143,11.0,157.75,107.49259,165.083,4.422,19.0,67.0,805.0,11.0,2025,Coastal Carolina,Coastal Carolina University,SC,NCAA Division I-FBS,"Public, 4-year or above",17052582.0,46978290.0,17052582.0,138638.8780487805,14706582.0,2346000.0,19073.0,1791709.0,6322108.0,409519.0,138219.0,781729.0,46978290.0,0.0,123.0,1.0,10.0,2025.0,1.0,7.231790146580954,7.671897204500337,0.3629885634406872,0.0,1.0,,,,,,,
52,Florida State,Seminoles,Florida State Seminoles,FSU,ACC,1,True,12,5,396.0,264.0,7,0.4166666666666667,33.0,22.0,11.0,12,0.5641025641025641,10.0,58.997,9.0,253.41667,148.51242,218.667,5.186,31.0,73.0,816.0,12.0,2025,Florida State,Florida State University,FL,NCAA Division I-FBS,"Public, 4-year or above",83469718.0,192717172.0,83267924.0,671515.5161290322,73897792.0,9370132.0,75566.0,8276319.0,23330208.0,1816901.0,461387.0,1894040.0,192717172.0,201794.0,124.0,1.0,14.0,2025.0,1.0,7.921528946252521,8.284920414046088,0.4331202929856194,201794.0,0.9975824286359755,,,,,,,
2,Auburn,Tigers,Auburn Tigers,AUB,SEC,8,True,12,5,321.0,248.0,7,0.4166666666666667,26.75,20.666666666666668,6.083333333333332,12,0.6008158508158509,4.0,61.05,4.0,197.08333,123.74483,176.833,4.674,31.0,79.0,689.0,11.0,2025,Auburn,Auburn University,AL,NCAA Division I-FBS,"Public, 4-year or above",121408732.0,205275913.0,58724402.0,485325.6363636363,51965876.0,6758526.0,55856.0,5990116.0,28478204.0,2354276.0,363584.0,3179194.0,195930163.0,62684330.0,121.0,1.0,10.0,2025.0,1.0,8.08424992333758,8.312337992405674,0.5914416856107224,62684330.0,0.48369174961814115,,,,,,,
2305,Kansas,Jayhawks,Kansas Jayhawks,KU,Big 12,4,True,12,5,337.0,321.0,7,0.4166666666666667,28.083333333333332,26.75,1.333333333333332,12,0.583916083916084,5.0,61.159,8.0,222.25,143.453,168.25,4.695,25.0,76.0,757.0,4.0,2025,Kansas,University of Kansas,KS,NCAA Division I-FBS,"Public, 4-year or above",37107691.0,173669277.0,34516494.0,282922.08196721313,26235105.0,8281389.0,67880.0,4522619.0,14583079.0,1176779.0,334584.0,1778686.0,159866627.0,2591197.0,122.0,1.0,10.0,2025.0,1.0,7.569463931520518,8.239722996285291,0.21366871355144756,2591197.0,0.9301708909886094,,,,,,,
344,Mississippi State,Bulldogs,Mississippi State Bulldogs,MSST,SEC,8,True,12,5,366.0,350.0,7,0.4166666666666667,30.5,29.166666666666668,1.333333333333332,12,0.6217948717948718,6.0,62.707,9.0,236.75,140.97862,161.667,3.826,20.0,54.0,946.0,12.0,2025,Mississippi State,Mississippi State University,MS,NCAA Division I-FBS,"Public, 4-year or above",37575575.0,157301826.0,37575575.0,341596.13636363635,31350427.0,6225148.0,56592.0,5120309.0,19505193.0,1785626.0,303153.0,2319417.0,157301826.0,0.0,110.0,1.0,11.0,2025.0,1.0,7.5749056350983714,8.196733764054445,0.2388756440754858,0.0,1.0,,,,,,,
2116,UCF,Knights,UCF Knights,UCF,Big 12,4,True,12,5,292.0,283.0,7,0.4166666666666667,24.333333333333332,23.583333333333332,0.75,12,0.5273892773892773,6.0,62.035,12.0,220.75,121.1185,158.0,4.887,27.0,68.0,758.0,9.0,2025,UCF,University of Central Florida,FL,NCAA Division I-FBS,"Public, 4-year or above",30085713.0,108885086.0,38695138.0,322459.48333333334,30936861.0,7758277.0,64652.0,4346585.0,14534178.0,1226225.0,312036.0,1693043.0,103615446.0,-8609425.0,120.0,1.0,10.0,2025.0,1.0,7.478360308275617,8.036968398475103,0.2763070141672111,-8609425.0,1.2861632363507556,,,,,,,
2084,Buffalo,Bulls,Buffalo Bulls,BUFF,MAC,15,False,12,5,288.0,282.0,7,0.4166666666666667,24.0,23.5,0.5,12,0.4761072261072261,8.0,57.178,14.0,229.0,121.783875,132.333,3.845,38.0,74.0,898.0,7.0,2025,Buffalo,University at Buffalo,NY,NCAA Division I-FBS,"Public, 4-year or above",14098031.0,49986844.0,14098031.0,119474.83898305084,11703598.0,2394433.0,20292.0,1445613.0,3471069.0,222405.0,87372.0,503371.0,49986844.0,0.0,118.0,1.0,14.0,2025.0,1.0,7.149158461198102,7.698855717735736,0.28203482900420757,0.0,1.0,,,,,,,
276,Marshall,Thundering Herd,Marshall Thundering Herd,MRSH,Sun Belt,37,False,12,5,369.0,363.0,7,0.4166666666666667,30.75,30.25,0.5,12,0.539044289044289,9.0,65.075,6.0,207.91667,141.78754,197.5,4.731,28.0,78.0,856.0,13.0,2025,Marshall,Marshall University,WV,NCAA Division I-FBS,"Public, 4-year or above",13569649.0,47042862.0,13569649.0,114997.02542372882,9999898.0,3569751.0,30252.0,1432304.0,4632992.0,331664.0,110064.0,608896.0,47042862.0,0.0,118.0,1.0,10.0,2025.0,1.0,7.132568614105232,7.672493735538257,0.28845287941877346,0.0,1.0,,,,,,,
239,Baylor,Bears,Baylor Bears,BAY,Big 12,4,True,12,5,373.0,391.0,7,0.4166666666666667,31.083333333333332,32.583333333333336,-1.5000000000000036,12,0.5757575757575758,12.0,60.588,12.0,309.58334,137.12643,141.5,4.141,13.0,48.0,729.0,9.0,2025,Baylor,Baylor University,TX,NCAA Division I-FBS,"Private nonprofit, 4-year or above",44260293.0,144126427.0,41050130.0,347882.4576271186,33711788.0,7338342.0,62189.0,4991526.0,22016641.0,2256176.0,273535.0,2563417.0,144126427.0,3210163.0,118.0,1.0,10.0,2025.0,1.0,7.646014284599418,8.158743620286502,0.3070935283783868,3210163.0,0.9274708145289504,,,,,,,
218,Temple,Owls,Temple Owls,TEM,American,151,False,12,5,334.0,356.0,7,0.4166666666666667,27.833333333333332,29.666666666666668,-1.8333333333333357,12,0.5629370629370629,2.0,61.671,2.0,197.41667,144.49405,147.417,4.39,16.0,55.0,750.0,7.0,2025,Temple,Temple University,PA,NCAA Division I-FBS,"Public, 4-year or above",26295531.0,71198560.0,26295531.0,228656.79130434783,22339954.0,3955577.0,34396.0,2123011.0,6811093.0,445931.0,167708.0,620782.0,71198560.0,0.0,115.0,1.0,10.0,2025.0,1.0,7.419881945183378,7.85247121006413,0.3693267251472502,0.0,1.0,,,,,,,
164,Rutgers,Scarlet Knights,Rutgers Scarlet Knights,RUTG,Big Ten,5,True,12,5,344.0,382.0,7,0.4166666666666667,28.666666666666668,31.833333333333332,-3.1666666666666643,12,0.6025641025641025,4.0,61.741,7.0,266.08334,147.97267,141.0,3.631,11.0,47.0,652.0,5.0,2025,Rutgers,Rutgers University-New Brunswick,NJ,NCAA Division I-FBS,"Public, 4-year or above",75922954.0,171679918.0,75922954.0,554182.1459854015,61473742.0,14449212.0,105469.0,4271957.0,21702609.0,1334237.0,293772.0,2038136.0,171679918.0,0.0,137.0,1.0,10.0,2025.0,1.0,7.880373097218784,8.234719497188534,0.4422354978058645,0.0,1.0,,,,,,,
96,Kentucky,Wildcats,Kentucky Wildcats,UK,SEC,8,True,12,5,276.0,317.0,7,0.4166666666666667,23.0,26.416666666666668,-3.416666666666668,12,0.6217948717948718,8.0,62.228,14.0,201.91667,123.37668,139.167,3.866,25.0,69.0,775.0,12.0,2025,Kentucky,University of Kentucky,KY,NCAA Division I-FBS,"Public, 4-year or above",43281917.0,186609679.0,43281917.0,354769.81147540984,38910443.0,4371474.0,35832.0,6645034.0,28402132.0,2084324.0,325765.0,2982179.0,186609679.0,0.0,122.0,1.0,14.0,2025.0,1.0,7.636306487867563,8.270934165816026,0.23193822116804563,0.0,1.0,,,,,,,
2026,App State,Mountaineers,App State Mountaineers,APP,Sun Belt,37,False,12,5,304.0,358.0,7,0.4166666666666667,25.333333333333332,29.833333333333332,-4.5,12,0.4726107226107226,7.0,59.081,11.0,262.0,125.4721,122.667,3.874,28.0,74.0,896.0,12.0,2025,App State,Appalachian State University,NC,NCAA Division I-FBS,"Public, 4-year or above",13288981.0,44964352.0,13288981.0,108926.0737704918,10977782.0,2311199.0,18944.0,1809956.0,5869891.0,384286.0,142567.0,787385.0,44964352.0,0.0,122.0,1.0,10.0,2025.0,1.0,7.123491680487964,7.652868338995956,0.2955448129220232,0.0,1.0,,,,,,,
2006,Akron,Zips,Akron Zips,AKR,MAC,15,False,12,5,267.0,329.0,7,0.4166666666666667,22.25,27.416666666666668,-5.166666666666668,12,0.4125874125874125,8.0,51.733,9.0,219.0,118.25563,134.5,3.719,27.0,72.0,811.0,11.0,2025,Akron,University of Akron Main Campus,OH,NCAA Division I-FBS,"Public, 4-year or above",7630898.0,33581790.0,7630898.0,69371.8,5541211.0,2089687.0,18997.0,1530362.0,3693136.0,233555.0,68253.0,240369.0,33581788.0,0.0,110.0,1.0,19.0,2025.0,1.0,6.882575648504889,7.52610384148648,0.22723321180913822,0.0,1.0,,,,,,,
2309,Kent State,Golden Flashes,Kent State Golden Flashes,KENT,MAC,15,False,12,5,255.0,403.0,7,0.4166666666666667,21.25,33.583333333333336,-12.333333333333336,12,0.4702797202797203,7.0,55.631,6.0,197.08333,141.8654,97.25,2.925,25.0,70.0,886.0,6.0,2025,Kent State,Kent State University at Kent,OH,NCAA Division I-FBS,"Public, 4-year or above",10351311.0,37209656.0,10351311.0,94102.82727272729,7194130.0,3157181.0,28702.0,770628.0,2713393.0,216003.0,61625.0,503118.0,37209656.0,0.0,110.0,1.0,9.0,2025.0,1.0,7.014995356943598,7.570655655025771,0.2781888389400859,0.0,1.0,,,,,,,
242,Rice,Owls,Rice Owls,RICE,American,151,False,12,5,238.0,387.0,7,0.4166666666666667,19.833333333333332,32.25,-12.416666666666668,12,0.5769230769230769,5.0,66.502,3.0,97.916664,128.42136,213.333,4.245,23.0,60.0,775.0,3.0,2025,Rice,Rice University,TX,NCAA Division I-FBS,"Private nonprofit, 4-year or above",19591289.0,70408131.0,19591289.0,159278.7723577236,15935643.0,3655646.0,29721.0,1896954.0,5730603.0,369624.0,152733.0,638678.0,70408131.0,0.0,123.0,1.0,10.0,2025.0,1.0,7.292063011143827,7.847622816024548,0.278253217657489,0.0,1.0,,,,,,,
2579,South Carolina,Gamecocks,South Carolina Gamecocks,SC,SEC,8,True,12,4,272.0,265.0,8,0.3333333333333333,22.666666666666668,22.083333333333332,0.5833333333333357,12,0.6608391608391608,7.0,61.111,11.0,225.25,133.61644,111.083,3.243,21.0,64.0,756.0,12.0,2025,South Carolina,University of South Carolina-Columbia,SC,NCAA Division I-FBS,"Public, 4-year or above",76513171.0,204566524.0,55859501.0,469407.5714285714,51480543.0,4378958.0,36798.0,3903882.0,16813911.0,700072.0,320381.0,2515877.0,203259302.0,20653670.0,119.0,1.0,10.0,2025.0,1.0,7.883736201170136,8.310834565683216,0.37402586456423337,20653670.0,0.7300638605084084,,,,,,,
2005,Air Force,Falcons,Air Force Falcons,AFA,Mountain West,17,False,12,4,358.0,364.0,8,0.3333333333333333,29.833333333333332,30.333333333333332,-0.5,12,0.5646853146853147,5.0,59.146,7.0,145.16667,165.99333,261.417,4.797,16.0,41.0,713.0,7.0,2025,,,,,,,,,,,,,,,,,,,,,,,,,,,,,,,,,,,,
2335,Liberty,Flames,Liberty Flames,LIB,Conference USA,12,False,12,4,307.0,318.0,8,0.3333333333333333,25.583333333333332,26.5,-0.916666666666668,12,0.5582750582750583,8.0,55.063,13.0,195.5,120.68393,194.0,4.583,17.0,49.0,768.0,7.0,2025,Liberty,Liberty University,VA,NCAA Division I-FBS,"Private nonprofit, 4-year or above",22964576.0,62067210.0,22964576.0,196278.42735042737,19919242.0,3045334.0,26028.0,2526805.0,10968923.0,999825.0,152698.0,1020558.0,62067210.0,0.0,117.0,1.0,10.0,2025.0,1.0,7.361058431353758,7.792862223735044,0.36999530025596444,0.0,1.0,,,,,,,
57,Florida,Gators,Florida Gators,FLA,SEC,8,True,12,4,259.0,288.0,8,0.3333333333333333,21.583333333333332,24.0,-2.416666666666668,12,0.6899766899766899,4.0,62.567,14.0,204.58333,126.10096,136.75,4.262,26.0,60.0,811.0,10.0,2025,Florida,University of Florida,FL,NCAA Division I-FBS,"Public, 4-year or above",113351580.0,199237539.0,51766013.0,395160.40458015265,40553368.0,11212645.0,85593.0,5377669.0,25857391.0,2103699.0,327397.0,3380567.0,199237539.0,61585567.0,131.0,1.0,10.0,2025.0,1.0,8.05442757810611,8.299371168648978,0.5689268225703189,61585567.0,0.4566854118839808,,,,,,,
120,Maryland,Terrapins,Maryland Terrapins,MD,Big Ten,5,True,12,4,282.0,318.0,8,0.3333333333333333,23.5,26.5,-3.0,12,0.5075757575757576,5.0,57.841,9.0,255.66667,118.75597,104.333,4.105,27.0,65.0,838.0,19.0,2025,Maryland,University of Maryland-College Park,MD,NCAA Division I-FBS,"Public, 4-year or above",63070858.0,128662116.0,35502618.0,295855.15,29541886.0,5960732.0,49673.0,3769128.0,20469856.0,1568408.0,220072.0,2126655.0,128662116.0,27568240.0,120.0,1.0,10.0,2025.0,1.0,7.799828739065793,8.109450689607229,0.4902053530660105,27568240.0,0.5629005078700531,,,,,,,
189,Bowling Green,Falcons,Bowling Green Falcons,BGSU,MAC,15,False,12,4,246.0,291.0,8,0.3333333333333333,20.5,24.25,-3.75,12,0.4621212121212121,2.0,58.042,12.0,151.25,117.956406,155.5,3.953,22.0,74.0,765.0,6.0,2025,Bowling Green,Bowling Green State University-Main Campus,OH,NCAA Division I-FBS,"Public, 4-year or above",10756676.0,35288178.0,10984685.0,101710.04629629628,10723673.0,261012.0,2417.0,1792269.0,5210633.0,349269.0,120250.0,782806.0,35288178.0,-228009.0,108.0,1.0,12.0,2025.0,1.0,7.031678087512263,7.547629235436379,0.304823785461522,-228009.0,1.0211969757200088,,,,,,,
6,South Alabama,Jaguars,South Alabama Jaguars,USA,Sun Belt,37,False,12,4,318.0,365.0,8,0.3333333333333333,26.5,30.416666666666668,-3.916666666666668,12,0.5128205128205129,6.0,68.387,6.0,181.16667,137.26492,199.667,4.512,12.0,56.0,825.0,6.0,2025,South Alabama,University of South Alabama,AL,NCAA Division I-FBS,"Public, 4-year or above",13486171.0,32559740.0,13932976.0,114204.7213114754,11927974.0,2005002.0,16434.0,1151268.0,4425339.0,249783.0,69345.0,582805.0,32559740.0,-446805.0,122.0,1.0,13.0,2025.0,1.0,7.129888662079876,7.5126809282498375,0.41419774850781976,-446805.0,1.0331306046764497,,,,,,,
2751,Wyoming,Cowboys,Wyoming Cowboys,WYO,Mountain West,17,False,12,4,192.0,246.0,8,0.3333333333333333,16.0,20.5,-4.5,12,0.4865967365967366,6.0,55.844,12.0,183.0,108.66645,131.667,4.051,18.0,54.0,667.0,10.0,2025,Wyoming,University of Wyoming,WY,NCAA Division I-FBS,"Public, 4-year or above",16630620.0,50399891.0,13091901.0,111896.58974358976,11562384.0,1529517.0,13073.0,1706109.0,5352078.0,365245.0,95776.0,968761.0,50399891.0,3538719.0,117.0,1.0,14.0,2025.0,1.0,7.2209084402934565,7.702429597196523,0.3299733326804219,3538719.0,0.7872166521753248,,,,,,,
153,North Carolina,Tar Heels,North Carolina Tar Heels,UNC,ACC,1,True,12,4,231.0,294.0,8,0.3333333333333333,19.25,24.5,-5.25,12,0.5046620046620046,9.0,63.944,6.0,183.5,124.7537,105.25,3.65,32.0,62.0,794.0,6.0,2025,North Carolina,University of North Carolina at Chapel Hill,NC,NCAA Division I-FBS,"Public, 4-year or above",63337093.0,180835031.0,49145749.0,399558.9349593496,40284396.0,8861353.0,72044.0,3969328.0,24726784.0,1184648.0,278468.0,3228757.0,180835031.0,14191344.0,123.0,1.0,10.0,2025.0,1.0,7.801658126559875,8.257282564946369,0.3502479173960492,14191344.0,0.775939448310329,,,,,,,
127,Michigan State,Spartans,Michigan State Spartans,MSU,Big Ten,5,True,12,4,295.0,359.0,8,0.3333333333333333,24.583333333333332,29.916666666666668,-5.333333333333336,12,0.5705128205128205,6.0,63.492,6.0,222.66667,137.15791,122.833,3.779,22.0,55.0,770.0,5.0,2025,Michigan State,Michigan State University,MI,NCAA Division I-FBS,"Public, 4-year or above",77084648.0,160697176.0,48227813.0,405275.7394957983,41948581.0,6279232.0,52767.0,5236240.0,21827091.0,1155745.0,272033.0,2158141.0,160697176.0,28856835.0,119.0,1.0,15.0,2025.0,1.0,7.886967893579323,8.206008244788277,0.47968887766888946,28856835.0,0.6256474440928886,,,,,,,
2199,Eastern Michigan,Eagles,Eastern Michigan Eagles,EMU,MAC,15,False,12,4,289.0,357.0,8,0.3333333333333333,24.083333333333332,29.75,-5.666666666666668,12,0.4755244755244755,3.0,61.139,11.0,234.75,128.96916,142.5,4.385,15.0,50.0,898.0,7.0,2025,Eastern Michigan,Eastern Michigan University,MI,NCAA Division I-FBS,"Public, 4-year or above",11079719.0,38924556.0,11079719.0,93106.88235294116,9414225.0,1665494.0,13996.0,1120529.0,3369776.0,262683.0,77986.0,1117485.0,38924556.0,0.0,119.0,1.0,11.0,2025.0,1.0,7.0445287461056845,7.590223667409722,0.2846459957051276,0.0,1.0,,,,,,,
202,Tulsa,Golden Hurricane,Tulsa Golden Hurricane,TLSA,American,151,False,12,4,278.0,347.0,8,0.3333333333333333,23.166666666666668,28.916666666666668,-5.75,12,0.4708624708624709,10.0,58.924,10.0,222.41667,120.95509,175.5,4.307,23.0,64.0,922.0,7.0,2025,Tulsa,University of Tulsa,OK,NCAA Division I-FBS,"Private nonprofit, 4-year or above",20723869.0,59760481.0,20723869.0,160650.1472868217,18242190.0,2481679.0,19238.0,1396963.0,5733869.0,332523.0,106444.0,588112.0,59760481.0,0.0,129.0,1.0,10.0,2025.0,1.0,7.316470838355628,7.7764140843696765,0.3467821652908048,0.0,1.0,,,,,,,
166,New Mexico State,Aggies,New Mexico State Aggies,NMSU,Conference USA,12,False,12,4,259.0,331.0,8,0.3333333333333333,21.583333333333332,27.583333333333332,-6.0,12,0.479020979020979,8.0,58.475,16.0,250.66667,117.113785,77.25,2.597,19.0,60.0,877.0,15.0,2025,New Mexico State,New Mexico State University-Main Campus,NM,NCAA Division I-FBS,"Public, 4-year or above",11779202.0,37088598.0,11779202.0,79055.04697986577,9066179.0,2713023.0,18208.0,1402694.0,3470992.0,252654.0,115004.0,585465.0,37088598.0,0.0,149.0,1.0,10.0,2025.0,1.0,7.071115869505782,7.569240416710337,0.31759631356245926,0.0,1.0,,,,,,,
2226,Florida Atlantic,Owls,Florida Atlantic Owls,FAU,American,151,False,12,4,354.0,436.0,8,0.3333333333333333,29.5,36.333333333333336,-6.833333333333336,12,0.5920745920745921,9.0,66.151,20.0,340.16666,134.07289,104.5,3.522,23.0,68.0,854.0,3.0,2025,Florida Atlantic,Florida Atlantic University,FL,NCAA Division I-FBS,"Public, 4-year or above",19330509.0,49292817.0,19330509.0,168091.38260869565,14910165.0,4420344.0,38438.0,1646052.0,5530040.0,351412.0,129464.0,595514.0,49292817.0,0.0,115.0,1.0,10.0,2025.0,1.0,7.286243289775108,7.692783638049166,0.3921567111897865,0.0,1.0,,,,,,,
275,Wisconsin,Badgers,Wisconsin Badgers,WIS,Big Ten,5,True,12,4,154.0,259.0,8,0.3333333333333333,12.833333333333334,21.583333333333332,-8.749999999999998,12,0.672008547008547,4.0,57.721,13.0,136.41667,109.63332,116.667,3.31,32.0,62.0,635.0,5.0,2025,Wisconsin,University of Wisconsin-Madison,WI,NCAA Division I-FBS,"Public, 4-year or above",112319593.0,190503289.0,40903448.0,335274.1639344262,34262903.0,6640545.0,54431.0,5122786.0,25631644.0,1567756.0,237002.0,1725093.0,180525755.0,71416145.0,122.0,1.0,15.0,2025.0,1.0,8.050455521084036,8.279902478081036,0.5895939833353744,71416145.0,0.3641701942420678,,,,,,,
277,West Virginia,Mountaineers,West Virginia Mountaineers,WVU,Big 12,4,True,12,4,261.0,370.0,8,0.3333333333333333,21.75,30.833333333333332,-9.083333333333332,12,0.6456876456876457,7.0,58.716,11.0,188.91667,120.31695,160.583,3.685,29.0,80.0,881.0,11.0,2025,West Virginia,West Virginia University,WV,NCAA Division I-FBS,"Public, 4-year or above",47642113.0,117413366.0,35250569.0,277563.53543307085,31167444.0,4083125.0,32151.0,2937431.0,7371433.0,239357.0,149893.0,1774645.0,117413366.0,12391544.0,127.0,1.0,18.0,2025.0,1.0,7.677991014857131,8.069717538560939,0.4057639655778202,12391544.0,0.7399035596930807,,,,,,,
24,Stanford,Cardinal,Stanford Cardinal,STAN,ACC,1,True,12,4,226.0,350.0,8,0.3333333333333333,18.833333333333332,29.166666666666668,-10.333333333333336,12,0.5860042735042735,5.0,57.289,12.0,222.0,120.19606,84.5,2.587,23.0,59.0,798.0,3.0,2025,Stanford,Stanford University,CA,NCAA Division I-FBS,"Private nonprofit, 4-year or above",35992019.0,192802320.0,35992019.0,327200.17272727273,26205293.0,9786726.0,88970.0,2096105.0,17444173.0,500525.0,159558.0,1703976.0,192802320.0,0.0,110.0,1.0,10.0,2025.0,1.0,7.556206209419374,8.285112255485567,0.1866783501360357,0.0,1.0,,,,,,,
5,UAB,Blazers,UAB Blazers,UAB,American,151,False,12,4,317.0,459.0,8,0.3333333333333333,26.416666666666668,38.25,-11.833333333333332,12,0.5920745920745921,6.0,65.675,15.0,265.58334,135.17519,138.667,4.202,17.0,49.0,827.0,4.0,2025,UAB,University of Alabama at Birmingham,AL,NCAA Division I-FBS,"Public, 4-year or above",14442335.0,43889337.0,13162064.0,109683.86666666668,11032459.0,2129605.0,17747.0,1614944.0,5603347.0,510534.0,110441.0,515346.0,40789883.0,1280271.0,120.0,1.0,10.0,2025.0,1.0,7.15963741453792,7.642359020366133,0.3290625009897051,1280271.0,0.9113529079612126,,,,,,,
2050,Ball State,Cardinals,Ball State Cardinals,BALL,MAC,15,False,12,4,190.0,358.0,8,0.3333333333333333,15.833333333333334,29.833333333333332,-13.999999999999998,12,0.4831002331002331,8.0,56.475,8.0,139.91667,115.69961,131.75,3.498,23.0,58.0,780.0,9.0,2025,Ball State,Ball State University,IN,NCAA Division I-FBS,"Public, 4-year or above",7990057.0,30329090.0,7990057.0,66583.80833333333,6644848.0,1345209.0,11210.0,1641907.0,4613083.0,245911.0,99714.0,369276.0,30329090.0,0.0,120.0,1.0,14.0,2025.0,1.0,6.9025498775239,7.48185937984883,0.26344532592306596,0.0,1.0,,,,,,,
2459,Northern Illinois,Huskies,Northern Illinois Huskies,NIU,MAC,15,False,12,3,205.0,292.0,9,0.25,17.083333333333332,24.333333333333332,-7.25,12,0.4679487179487179,5.0,52.869,6.0,98.833336,99.60307,187.083,4.481,14.0,43.0,835.0,9.0,2025,Northern Illinois,Northern Illinois University,IL,NCAA Division I-FBS,"Public, 4-year or above",13249127.0,34342695.0,13199127.0,92301.5874125874,11741249.0,1457878.0,10195.0,1202337.0,3806439.0,241937.0,96040.0,383206.0,34342695.0,50000.0,143.0,1.0,10.0,2025.0,1.0,7.122187263059741,7.535834372878007,0.3857917091247498,50000.0,0.9962261664485517,,,,,,,
2393,Middle Tennessee,Blue Raiders,Middle Tennessee Blue Raiders,MTSU,Conference USA,12,False,12,3,269.0,371.0,9,0.25,22.416666666666668,30.916666666666668,-8.5,12,0.4743589743589744,6.0,59.6,7.0,266.58334,125.72319,105.0,4.0,23.0,68.0,771.0,10.0,2025,Middle Tennessee,Middle Tennessee State University,TN,NCAA Division I-FBS,"Public, 4-year or above",13297458.0,40006612.0,13297458.0,89244.68456375839,10264060.0,3033398.0,20358.0,1536629.0,4724424.0,367838.0,89907.0,460355.0,40006612.0,0.0,149.0,1.0,13.0,2025.0,1.0,7.123768627276352,7.602131774273124,0.33238150733683725,0.0,1.0,,,,,,,
259,Virginia Tech,Hokies,Virginia Tech Hokies,VT,ACC,1,True,12,3,257.0,362.0,9,0.25,21.416666666666668,30.166666666666668,-8.75,12,0.6532634032634033,5.0,56.25,9.0,166.33333,120.55445,182.417,4.908,19.0,59.0,823.0,4.0,2025,Virginia Tech,Virginia Polytechnic Institute and State University,VA,NCAA Division I-FBS,"Public, 4-year or above",79735756.0,151623889.0,37803976.0,304870.77419354836,27255729.0,10548247.0,85067.0,3027917.0,17088075.0,1035137.0,199278.0,2703456.0,148984818.0,41931780.0,124.0,1.0,10.0,2025.0,1.0,7.901653116267036,8.180767631662349,0.5258785836841318,41931780.0,0.4741157279552225,,,,,,,
38,Colorado,Buffaloes,Colorado Buffaloes,COLO,Big 12,4,True,12,3,251.0,366.0,9,0.25,20.916666666666668,30.5,-9.583333333333332,12,0.6330128205128205,6.0,58.659,11.0,202.83333,125.295,125.583,3.505,13.0,60.0,771.0,6.0,2025,Colorado,University of Colorado Boulder,CO,NCAA Division I-FBS,"Public, 4-year or above",69306235.0,161671803.0,42805019.0,362754.39830508473,32639889.0,10165130.0,86145.0,6996072.0,21230887.0,2636483.0,335353.0,1380307.0,161512069.0,26501216.0,118.0,1.0,13.0,2025.0,1.0,7.840772306823768,8.208634281691605,0.4286847410243826,26501216.0,0.6176214737389789,,,,,,,
2440,Nevada,Wolf Pack,Nevada Wolf Pack,NEV,Mountain West,17,False,12,3,211.0,330.0,9,0.25,17.583333333333332,27.5,-9.916666666666668,12,0.5571095571095571,10.0,59.15,17.0,148.66667,107.79431,153.5,4.396,19.0,65.0,758.0,11.0,2025,Nevada,University of Nevada-Reno,NV,NCAA Division I-FBS,"Public, 4-year or above",13624871.0,53153531.0,12983551.0,110970.52136752136,9267424.0,3716127.0,31762.0,2301828.0,6480420.0,449448.0,185238.0,725272.0,53153531.0,641320.0,117.0,1.0,10.0,2025.0,1.0,7.1343323990768726,7.725532120089406,0.2563304966512949,641320.0,0.9529301965501178,,,,,,,
23,San José State,Spartans,San José State Spartans,SJSU,Mountain West,17,False,12,3,257.0,390.0,9,0.25,21.416666666666668,32.5,-11.083333333333332,12,0.537878787878788,10.0,55.714,17.0,282.25,118.285774,120.0,4.543,18.0,52.0,817.0,7.0,2025,San José State,San Jose State University,CA,NCAA Division I-FBS,"Public, 4-year or above",11937986.0,42944067.0,11937986.0,115902.77669902911,9717107.0,2220879.0,21562.0,1953872.0,4848680.0,213056.0,124344.0,359403.0,42944067.0,0.0,103.0,1.0,14.0,2025.0,1.0,7.076931065247035,7.632903171726174,0.27798918067075484,0.0,1.0,,,,,,,
183,Syracuse,Orange,Syracuse Orange,SYR,ACC,1,True,12,3,242.0,419.0,9,0.25,20.166666666666668,34.916666666666664,-14.749999999999996,12,0.6241258741258742,8.0,56.479,15.0,217.25,116.402985,123.167,3.398,20.0,62.0,720.0,5.0,2025,Syracuse,Syracuse University,NY,NCAA Division I-FBS,"Private nonprofit, 4-year or above",64585287.0,120839134.0,42090055.0,339435.92741935485,35827582.0,6262473.0,50504.0,4212244.0,14886024.0,1326844.0,288540.0,1659723.0,108994576.0,22495232.0,124.0,1.0,10.0,2025.0,1.0,7.810133593808154,8.082207604218183,0.5344732692308106,22495232.0,0.651697266592622,,,,,,,
26,UCLA,Bruins,UCLA Bruins,UCLA,Big Ten,5,True,12,3,218.0,401.0,9,0.25,18.166666666666668,33.416666666666664,-15.249999999999996,12,0.6618589743589743,6.0,63.26,7.0,180.25,123.25603,139.583,4.467,10.0,40.0,782.0,4.0,2025,UCLA,University of California-Los Angeles,CA,NCAA Division I-FBS,"Public, 4-year or above",55205071.0,173429394.0,55205071.0,456240.2561983471,46764133.0,8440938.0,69760.0,3859660.0,20880972.0,1293740.0,256592.0,2762235.0,173429394.0,0.0,121.0,1.0,10.0,2025.0,1.0,7.741978972768427,8.23912270657811,0.3183143856225433,0.0,1.0,,,,,,,
2433,UL Monroe,Warhawks,UL Monroe Warhawks,ULM,Sun Belt,37,False,12,3,199.0,383.0,9,0.25,16.583333333333332,31.916666666666668,-15.333333333333336,12,0.5198135198135199,7.0,56.766,12.0,160.41667,118.54783,160.75,4.486,24.0,68.0,770.0,5.0,2025,UL Monroe,University of Louisiana at Monroe,LA,NCAA Division I-FBS,"Public, 4-year or above",7772886.0,20557764.0,7772886.0,66434.92307692308,6248435.0,1524451.0,13029.0,1124132.0,2756628.0,229122.0,89501.0,215545.0,20557764.0,0.0,117.0,1.0,10.0,2025.0,1.0,6.890582298229867,7.312975876117482,0.3780997777773886,0.0,1.0,,,,,,,
8,Arkansas,Razorbacks,Arkansas Razorbacks,ARK,SEC,8,True,12,2,395.0,406.0,10,0.1666666666666666,32.916666666666664,33.833333333333336,-0.9166666666666714,12,0.6666666666666666,9.0,60.63,11.0,262.91666,143.47151,191.917,5.686,22.0,65.0,815.0,6.0,2025,Arkansas,University of Arkansas,AR,NCAA Division I-FBS,"Public, 4-year or above",90791403.0,195879594.0,57370871.0,451739.14173228346,49164032.0,8206839.0,64621.0,9926627.0,32239326.0,3332039.0,471042.0,2544123.0,188988863.0,33420532.0,127.0,1.0,14.0,2025.0,1.0,7.95804472730497,8.291989195184131,0.46350618329339605,33420532.0,0.6318976147994981,,,,,,,
2638,UTEP,Miners,UTEP Miners,UTEP,Conference USA,12,False,12,2,280.0,365.0,10,0.1666666666666666,23.333333333333332,30.416666666666668,-7.083333333333336,12,0.4895104895104895,4.0,54.501,20.0,216.25,114.66791,115.583,3.699,28.0,86.0,953.0,5.0,2025,UTEP,The University of Texas at El Paso,TX,NCAA Division I-FBS,"Public, 4-year or above",13123683.0,32413794.0,11062136.0,97036.28070175438,8697998.0,2364138.0,20738.0,1906112.0,3661998.0,431712.0,92150.0,547446.0,32413794.0,2061547.0,114.0,1.0,16.0,2025.0,1.0,7.118055731542305,7.510729867713143,0.404879570716097,2061547.0,0.8429139899218839,,,,,,,
103,Boston College,Eagles,Boston College Eagles,BC,ACC,1,True,12,2,305.0,393.0,10,0.1666666666666666,25.416666666666668,32.75,-7.333333333333332,12,0.5833333333333334,9.0,63.216,12.0,280.16666,134.66945,103.917,3.308,16.0,46.0,768.0,6.0,2025,Boston College,Boston College,MA,NCAA Division I-FBS,"Private nonprofit, 4-year or above",47531226.0,142122049.0,41224780.0,278545.8108108108,32104724.0,9120056.0,61622.0,2969095.0,14553358.0,653075.0,231602.0,2016982.0,142122049.0,6306446.0,148.0,1.0,10.0,2025.0,1.0,7.676979016444305,8.152661460166705,0.334439492917809,6306446.0,0.8673199382654257,,,,,,,
204,Oregon State,Beavers,Oregon State Beavers,ORST,Pac-12,9,False,12,2,218.0,353.0,10,0.1666666666666666,18.166666666666668,29.416666666666668,-11.25,12,0.583916083916084,7.0,60.325,13.0,225.83333,117.83145,123.917,3.645,16.0,63.0,795.0,8.0,2025,Oregon State,Oregon State University,OR,NCAA Division I-FBS,"Public, 4-year or above",32621301.0,104767703.0,23847865.0,205585.0431034483,18231138.0,5616727.0,48420.0,3301201.0,11908448.0,918231.0,238297.0,1252955.0,100306447.0,8773436.0,116.0,1.0,10.0,2025.0,1.0,7.513501277545883,8.020227422240858,0.31136791268583985,8773436.0,0.7310519283090519,,,,,,,
36,Colorado State,Rams,Colorado State Rams,CSU,Mountain West,17,False,12,2,222.0,370.0,10,0.1666666666666666,18.5,30.833333333333332,-12.333333333333332,12,0.6025641025641025,8.0,61.675,12.0,215.91667,123.38485,108.25,3.579,16.0,46.0,899.0,8.0,2025,Colorado State,Colorado State University-Fort Collins,CO,NCAA Division I-FBS,"Public, 4-year or above",21007541.0,55794198.0,21007541.0,194514.2685185185,14556688.0,6450853.0,59730.0,4588893.0,8243031.0,802160.0,222749.0,983536.0,55794198.0,0.0,108.0,1.0,17.0,2025.0,1.0,7.322375219819999,7.746589039303271,0.37651837920494885,0.0,1.0,,,,,,,
2509,Purdue,Boilermakers,Purdue Boilermakers,PUR,Big Ten,5,True,12,2,225.0,382.0,10,0.1666666666666666,18.75,31.833333333333332,-13.083333333333332,12,0.6748251748251749,8.0,58.765,13.0,217.16667,118.62122,126.417,4.035,24.0,64.0,798.0,4.0,2025,Purdue,Purdue University-Main Campus,IN,NCAA Division I-FBS,"Public, 4-year or above",83144029.0,150536320.0,37193229.0,295184.35714285716,29420894.0,7772335.0,61685.0,4808320.0,22638944.0,1510900.0,329742.0,2330766.0,135140397.0,45950800.0,126.0,1.0,10.0,2025.0,1.0,7.919831065756816,8.1776412950965,0.5523187294601064,45950800.0,0.4473349373049988,,,,,,,
2534,Sam Houston,Bearkats,Sam Houston Bearkats,SHSU,Conference USA,12,False,12,2,213.0,454.0,10,0.1666666666666666,17.75,37.833333333333336,-20.083333333333336,12,0.5042735042735043,6.0,54.756,10.0,184.08333,107.49754,132.0,4.27,21.0,66.0,819.0,8.0,2025,Sam Houston,Sam Houston State University,TX,NCAA Division I-FBS,"Public, 4-year or above",9740021.0,31968068.0,9740021.0,76693.07874015748,7376730.0,2363291.0,18609.0,1268878.0,3046447.0,286512.0,70169.0,146374.0,31955712.0,0.0,127.0,1.0,14.0,2025.0,1.0,6.9885598932414785,7.50471639034448,0.3046796884941561,0.0,1.0,,,,,,,
2247,Georgia State,Panthers,Georgia State Panthers,GAST,Sun Belt,37,False,12,1,237.0,454.0,11,0.0833333333333333,19.75,37.833333333333336,-18.083333333333336,12,0.6247086247086248,6.0,60.632,11.0,254.08333,125.20381,124.083,4.068,18.0,57.0,864.0,3.0,2025,Georgia State,Georgia State University,GA,NCAA Division I-FBS,"Public, 4-year or above",12260120.0,39979520.0,12260120.0,103899.32203389832,10186421.0,2073699.0,17574.0,2104184.0,4389514.0,307328.0,74869.0,411874.0,39979520.0,0.0,118.0,1.0,24.0,2025.0,1.0,7.088494721004809,7.601837575609944,0.30666000992508163,0.0,1.0,,,,,,,
197,Oklahoma State,Cowboys,Oklahoma State Cowboys,OKST,Big 12,4,True,12,1,170.0,400.0,11,0.0833333333333333,14.166666666666666,33.333333333333336,-19.16666666666667,12,0.6066433566433567,7.0,57.377,10.0,174.08333,106.171684,118.333,3.515,22.0,67.0,808.0,6.0,2025,Oklahoma State,Oklahoma State University-Main Campus,OK,NCAA Division I-FBS,"Public, 4-year or above",56992244.0,153679234.0,32830617.0,241401.5955882353,27788241.0,5042376.0,37076.0,4675039.0,21380755.0,1772953.0,263826.0,1869738.0,153679234.0,24161627.0,136.0,1.0,11.0,2025.0,1.0,7.755815757125281,8.186615187158152,0.370851952580659,24161627.0,0.5760541206273612,,,,,,,
2429,Charlotte,49ers,Charlotte 49ers,CLT,American,151,False,12,1,172.0,436.0,11,0.0833333333333333,14.333333333333334,36.333333333333336,-22.0,12,0.6013986013986014,10.0,59.211,13.0,204.0,118.63969,81.75,2.695,14.0,48.0,924.0,7.0,2025,Charlotte,University of North Carolina at Charlotte,NC,NCAA Division I-FBS,"Public, 4-year or above",11946167.0,54956032.0,15571390.0,127634.34426229508,11472945.0,4098445.0,33594.0,981963.0,3069045.0,166671.0,67941.0,915585.0,54956032.0,-3625223.0,122.0,1.0,12.0,2025.0,1.0,7.077228581620791,7.7400153677429815,0.21737681133892636,-3625223.0,1.3034632782213742,,,,,,,
113,Massachusetts,Minutemen,Massachusetts Minutemen,MASS,MAC,15,False,12,0,133.0,463.0,12,0.0,11.083333333333334,38.583333333333336,-27.5,12,0.5023310023310024,7.0,53.735,9.0,165.08333,95.85165,82.417,2.81,15.0,42.0,946.0,4.0,2025,Massachusetts,University of Massachusetts-Amherst,MA,NCAA Division I-FBS,"Public, 4-year or above",13419026.0,57654295.0,13419026.0,120892.12612612612,11490151.0,1928875.0,17377.0,1971110.0,8634439.0,570256.0,100061.0,909462.0,57654295.0,0.0,111.0,1.0,14.0,2025.0,1.0,7.127720994359313,7.760831665929413,0.23274980641077997,0.0,1.0,,,,,,,
61,Georgia,Bulldogs,Georgia Bulldogs,UGA,SEC,8,True,2,2,133.0,23.0,0,1.0,66.5,11.5,55.0,12,0.0,2.0,70.7,0.0,323.5,221.67654,253.0,8.2,5.0,12.0,112.0,2.0,2026,Georgia,University of Georgia,GA,NCAA Division I-FBS,"Public, 4-year or above",149285887.0,233526965.0,71107704.0,526723.7333333333,58522771.0,12584933.0,93222.0,7825818.0,35180808.0,2800198.0,502562.0,3856269.0,226736834.0,78178183.0,135.0,1.0,10.0,2025.0,2.0,8.174018752884228,8.368337035114411,0.6392661635456103,78178183.0,0.47631899725390653,13282580.0,Kirby Smart,high,21320000.0,,,1003.67
2390,Miami,Hurricanes,Miami Hurricanes,MIA,ACC,1,True,2,2,122.0,13.0,0,1.0,61.0,6.5,54.5,12,0.5,1.0,89.1,1.0,427.0,254.33876,275.5,7.3,3.0,6.0,90.0,0.0,2026,Miami,University of Miami,FL,NCAA Division I-FBS,"Private nonprofit, 4-year or above",99864288.0,230484608.0,88117956.0,693842.1732283465,80740540.0,7377416.0,58090.0,6271999.0,22844809.0,2047089.0,422491.0,5481010.0,230484608.0,11746332.0,127.0,1.0,10.0,2025.0,2.0,7.999410209974217,8.36264192806031,0.43327964008772335,11746332.0,0.8823770515441917,8302883.0,Mario Cristobal,unverified,21320000.0,,,885.94
2306,Kansas State,Wildcats,Kansas State Wildcats,KSU,Big 12,4,True,2,2,105.0,10.0,0,1.0,52.5,5.0,47.5,12,0.0,1.0,68.9,2.0,219.5,155.23901,303.5,7.2,5.0,17.0,90.0,0.0,2026,Kansas State,Kansas State University,KS,NCAA Division I-FBS,"Public, 4-year or above",27087822.0,102982919.0,27087822.0,216702.576,20468641.0,6619181.0,52953.0,4983280.0,16318552.0,1912620.0,307066.0,1520250.0,100807499.0,0.0,125.0,1.0,10.0,2025.0,2.0,7.432774086930255,8.01276519752837,0.2630321830361014,0.0,1.0,4100000.0,Collin Klein,high,,,,
167,New Mexico,Lobos,New Mexico Lobos,UNM,Mountain West,17,False,2,2,108.0,14.0,0,1.0,54.0,7.0,47.0,12,0.5,0.0,55.8,0.0,166.0,151.17767,246.0,5.1,8.0,14.0,104.0,5.0,2026,New Mexico,University of New Mexico-Main Campus,NM,NCAA Division I-FBS,"Public, 4-year or above",15266440.0,61160745.0,14730964.0,125905.67521367522,11273352.0,3457612.0,29552.0,1528772.0,6111408.0,368316.0,105496.0,1108203.0,56544018.0,535476.0,117.0,1.0,11.0,2025.0,2.0,7.183737775195996,7.78647276692044,0.24961174034096542,535476.0,0.9649246320687731,,,,,,,
57,Florida,Gators,Florida Gators,FLA,SEC,8,True,2,2,118.0,24.0,0,1.0,59.0,12.0,47.0,12,0.5,1.0,75.9,2.0,321.5,196.47792,247.5,7.0,4.0,11.0,145.0,2.0,2026,Florida,University of Florida,FL,NCAA Division I-FBS,"Public, 4-year or above",113351580.0,199237539.0,51766013.0,395160.40458015265,40553368.0,11212645.0,85593.0,5377669.0,25857391.0,2103699.0,327397.0,3380567.0,199237539.0,61585567.0,131.0,1.0,10.0,2025.0,2.0,8.05442757810611,8.299371168648978,0.5689268225703189,61585567.0,0.4566854118839808,7470000.0,Billy Napier,high,21320000.0,,,891.07
259,Virginia Tech,Hokies,Virginia Tech Hokies,VT,ACC,1,True,2,2,117.0,24.0,0,1.0,58.5,12.0,46.5,12,0.5,4.0,77.6,0.0,339.0,174.07051,178.5,4.4,12.0,22.0,115.0,1.0,2026,Virginia Tech,Virginia Polytechnic Institute and State University,VA,NCAA Division I-FBS,"Public, 4-year or above",79735756.0,151623889.0,37803976.0,304870.77419354836,27255729.0,10548247.0,85067.0,3027917.0,17088075.0,1035137.0,199278.0,2703456.0,148984818.0,41931780.0,124.0,1.0,10.0,2025.0,2.0,7.901653116267036,8.180767631662349,0.5258785836841318,41931780.0,0.4741157279552225,4787500.0,Brent Pry,high,,,,
2579,South Carolina,Gamecocks,South Carolina Gamecocks,SC,SEC,8,True,2,2,102.0,9.0,0,1.0,51.0,4.5,46.5,12,0.5,1.0,64.4,1.0,232.0,149.7329,341.5,8.5,5.0,11.0,91.0,1.0,2026,South Carolina,University of South Carolina-Columbia,SC,NCAA Division I-FBS,"Public, 4-year or above",76513171.0,204566524.0,55859501.0,469407.5714285714,51480543.0,4378958.0,36798.0,3903882.0,16813911.0,700072.0,320381.0,2515877.0,203259302.0,20653670.0,119.0,1.0,10.0,2025.0,2.0,7.883736201170136,8.310834565683216,0.37402586456423337,20653670.0,0.7300638605084084,8150000.0,Shane Beamer,high,,,,
84,Indiana,Hoosiers,Indiana Hoosiers,IU,Big Ten,5,True,2,2,107.0,16.0,0,1.0,53.5,8.0,45.5,12,0.5,1.0,68.8,0.0,220.0,287.845,217.5,5.7,6.0,14.0,124.0,2.0,2026,Indiana,Indiana University-Bloomington,IN,NCAA Division I-FBS,"Public, 4-year or above",80906601.0,182095778.0,50207544.0,440417.05263157893,38937247.0,11270297.0,98862.0,5497979.0,25362194.0,1384424.0,274237.0,1939740.0,159331697.0,30699057.0,114.0,1.0,15.0,2025.0,2.0,7.907983956234332,8.260299876533201,0.44430794545933955,30699057.0,0.6205617759173939,8300000.0,Curt Cignetti,high,,,,
256,James Madison,Dukes,James Madison Dukes,JMU,Sun Belt,37,False,2,2,107.0,16.0,0,1.0,53.5,8.0,45.5,12,0.5,1.0,71.1,0.0,208.0,177.71332,231.5,7.0,2.0,7.0,143.0,0.0,2026,James Madison,James Madison University,VA,NCAA Division I-FCS,"Public, 4-year or above",16863959.0,68384574.0,16863958.0,139371.55371900825,14205148.0,2658810.0,21974.0,1985041.0,5257094.0,362321.0,162272.0,664261.0,68384574.0,1.0,121.0,1.0,10.0,2025.0,2.0,7.2269595376681615,7.8349581458394155,0.24660472404200398,1.0,0.9999999407019431,,,,,,,
120,Maryland,Terrapins,Maryland Terrapins,MD,Big Ten,5,True,2,2,100.0,14.0,0,1.0,50.0,7.0,43.0,12,0.5,0.0,75.0,0.0,315.5,157.86,245.0,6.4,10.0,11.0,99.0,3.0,2026,Maryland,University of Maryland-College Park,MD,NCAA Division I-FBS,"Public, 4-year or above",63070858.0,128662116.0,35502618.0,295855.15,29541886.0,5960732.0,49673.0,3769128.0,20469856.0,1568408.0,220072.0,2126655.0,128662116.0,27568240.0,120.0,1.0,10.0,2025.0,2.0,7.799828739065793,8.109450689607229,0.4902053530660105,27568240.0,0.5629005078700531,6100000.0,Mike Locksley,high,,,,
254,Utah,Utes,Utah Utes,UTAH,Big 12,4,True,2,2,109.0,24.0,0,1.0,54.5,12.0,42.5,12,0.5,0.0,68.5,1.0,285.0,196.51778,252.5,6.1,5.0,8.0,116.0,2.0,2026,Utah,University of Utah,UT,NCAA Division I-FBS,"Public, 4-year or above",95930953.0,125167576.0,41410554.0,328655.1904761905,34663631.0,6746923.0,53547.0,4869870.0,20568910.0,1118270.0,375160.0,1747609.0,118667209.0,54520399.0,126.0,1.0,10.0,2025.0,2.0,7.98195875887199,8.0974918417498,0.7664201550088339,54520399.0,0.4316704119472263,,Morgan Scalley,medium,,,,
248,Houston,Cougars,Houston Cougars,HOU,Big 12,4,True,2,2,110.0,26.0,0,1.0,55.0,13.0,42.0,12,0.0,1.0,70.0,1.0,254.0,191.28,308.0,7.2,5.0,10.0,95.0,1.0,2026,Houston,University of Houston,TX,NCAA Division I-FBS,"Public, 4-year or above",23271364.0,100162965.0,23271364.0,195557.6806722689,20016853.0,3254511.0,27349.0,4795091.0,16587711.0,2156611.0,263848.0,1169803.0,100162965.0,0.0,119.0,1.0,10.0,2025.0,2.0,7.3668218392520295,8.000707171937439,0.2323350152424102,0.0,1.0,4500000.0,Willie Fritz,high,,,,
258,Virginia,Cavaliers,Virginia Cavaliers,UVA,ACC,1,True,2,2,93.0,11.0,0,1.0,46.5,5.5,41.0,12,0.5,0.0,77.1,1.0,192.0,239.12857,247.5,5.2,4.0,6.0,132.0,4.0,2026,Virginia,University of Virginia-Main Campus,VA,NCAA Division I-FBS,"Public, 4-year or above",51441991.0,150622194.0,33611796.0,264659.81102362205,27572721.0,6039075.0,47552.0,3091257.0,19935239.0,1022347.0,206891.0,2287698.0,150622194.0,17830195.0,127.0,1.0,10.0,2025.0,2.0,7.711317769083741,8.177888969351857,0.34152995407834785,17830195.0,0.6533922063786373,4406000.0,Tony Elliott,high,,,,
87,Notre Dame,Fighting Irish,Notre Dame Fighting Irish,ND,FBS Independents,18,False,2,2,93.0,13.0,0,1.0,46.5,6.5,40.0,12,0.5,0.0,71.0,0.0,299.5,184.41548,114.5,3.6,3.0,10.0,114.0,1.0,2026,Notre Dame,University of Notre Dame,IN,NCAA Division I-FBS,"Private nonprofit, 4-year or above",195723436.0,289616198.0,93255797.0,752062.8790322581,54097644.0,39158153.0,315792.0,7689546.0,26164442.0,1078535.0,388883.0,2848525.0,244698449.0,102467639.0,124.0,1.0,17.0,2025.0,2.0,8.291642831361052,8.461822847943933,0.6758027947041829,102467639.0,0.476467197316115,,Marcus Freeman,unverified,21320000.0,,,953.03
245,Texas A&M,Aggies,Texas A&M Aggies,TA&M,SEC,8,True,2,2,98.0,20.0,0,1.0,49.0,10.0,39.0,12,0.5,1.0,63.5,1.0,216.0,149.68857,164.0,4.0,2.0,9.0,107.0,2.0,2026,Texas A&M,Texas A&M University-College Station,TX,NCAA Division I-FBS,"Public, 4-year or above",108474281.0,235498020.0,60230146.0,412535.2465753425,48972868.0,11257278.0,77105.0,5603578.0,25566681.0,1912128.0,369145.0,3940030.0,228301283.0,48244135.0,146.0,1.0,10.0,2025.0,2.0,8.035326780176982,8.37198726005647,0.4606165308735929,48244135.0,0.5552481698403698,7000000.0,Mike Elko,high,21320000.0,,,933.0
158,Nebraska,Cornhuskers,Nebraska Cornhuskers,NEB,Big Ten,5,True,2,2,105.0,28.0,0,1.0,52.5,14.0,38.5,12,0.25,0.0,68.8,1.0,278.5,179.93001,256.0,6.7,4.0,10.0,109.0,2.0,2026,Nebraska,University of Nebraska-Lincoln,NE,NCAA Division I-FBS,"Public, 4-year or above",122283973.0,205807522.0,70574668.0,455320.43870967743,60482369.0,10092299.0,65112.0,8527356.0,26626950.0,1742862.0,294978.0,2399346.0,198462402.0,51709305.0,155.0,1.0,23.0,2025.0,2.0,8.08736954048868,8.313461243620749,0.5941666845393533,51709305.0,0.5771375125340423,8500000.0,Matt Rhule,high,,,,
344,Mississippi State,Bulldogs,Mississippi State Bulldogs,MSST,SEC,8,True,2,2,100.0,26.0,0,1.0,50.0,13.0,37.0,12,0.25,1.0,67.2,0.0,322.0,188.13374,298.5,7.2,4.0,7.0,142.0,0.0,2026,Mississippi State,Mississippi State University,MS,NCAA Division I-FBS,"Public, 4-year or above",37575575.0,157301826.0,37575575.0,341596.13636363635,31350427.0,6225148.0,56592.0,5120309.0,19505193.0,1785626.0,303153.0,2319417.0,157301826.0,0.0,110.0,1.0,11.0,2025.0,2.0,7.5749056350983714,8.196733764054445,0.2388756440754858,0.0,1.0,4350000.0,Jeff Lebby,high,,,,
99,LSU,Tigers,LSU Tigers,LSU,SEC,8,True,2,2,96.0,24.0,0,1.0,48.0,12.0,36.0,12,0.5,1.0,63.6,4.0,358.0,144.17715,228.0,4.5,12.0,17.0,115.0,2.0,2026,LSU,Louisiana State University and Agricultural & Mechanical College,LA,NCAA Division I-FBS,"Public, 4-year or above",117563889.0,223457268.0,50738587.0,441205.1043478261,44866952.0,5871635.0,51058.0,7034674.0,32663792.0,2115174.0,491950.0,3697048.0,219649408.0,66825302.0,115.0,1.0,10.0,2025.0,2.0,8.070273944049982,8.349194484755884,0.5261135162540339,66825302.0,0.43158309436327,10175000.0,Brian Kelly,high,21320000.0,,,931.76
2132,Cincinnati,Bearcats,Cincinnati Bearcats,CIN,Big 12,4,True,2,2,96.0,25.0,0,1.0,48.0,12.5,35.5,12,0.5,0.0,84.8,0.0,178.5,171.84175,336.0,7.1,4.0,9.0,134.0,2.0,2026,Cincinnati,University of Cincinnati-Main Campus,OH,NCAA Division I-FBS,"Public, 4-year or above",30429185.0,119327103.0,30429185.0,253576.54166666663,23866930.0,6562255.0,54685.0,2870066.0,7393614.0,172518.0,192682.0,1549379.0,119327103.0,0.0,120.0,1.0,14.0,2025.0,2.0,7.483290320588771,8.076739097035745,0.25500648415138344,0.0,1.0,3700000.0,Scott Satterfield,high,,,,
2633,Tennessee,Volunteers,Tennessee Volunteers,TENN,SEC,8,True,2,2,101.0,33.0,0,1.0,50.5,16.5,34.0,12,0.0,2.0,64.6,0.0,228.5,185.65,314.0,6.8,11.0,18.0,121.0,2.0,2026,Tennessee,The University of Tennessee-Knoxville,TN,NCAA Division I-FBS,"Public, 4-year or above",162539638.0,285364027.0,61240437.0,497889.73170731706,54200409.0,7040028.0,57236.0,6271290.0,33065988.0,2988550.0,328274.0,3734226.0,285364027.0,101299201.0,123.0,1.0,10.0,2025.0,2.0,8.210959288179348,8.455399225050295,0.5695869928272353,101299201.0,0.37677232306866587,9000000.0,Josh Heupel,high,21320000.0,,,885.9
252,BYU,Cougars,BYU Cougars,BYU,Big 12,4,True,2,2,91.0,24.0,0,1.0,45.5,12.0,33.5,12,0.5,0.0,68.8,0.0,215.0,185.65,228.0,6.0,4.0,10.0,111.0,4.0,2026,BYU,Brigham Young University,UT,NCAA Division I-FBS,"Private nonprofit, 4-year or above",51715899.0,153351328.0,44561032.0,330081.7185185185,37015805.0,7545227.0,55891.0,4685326.0,19488317.0,967356.0,371797.0,2441144.0,136864784.0,7154867.0,135.0,1.0,10.0,2025.0,2.0,7.71362407861583,8.18568754126128,0.33723802509229006,7154867.0,0.861650534200324,,Kalani Sitake,unverified,,,,
333,Alabama,Crimson Tide,Alabama Crimson Tide,ALA,SEC,8,True,2,2,93.0,27.0,0,1.0,46.5,13.5,33.0,12,0.25,2.0,63.6,2.0,224.0,130.44,191.0,4.3,7.0,9.0,105.0,2.0,2026,Alabama,The University of Alabama,AL,NCAA Division I-FBS,"Public, 4-year or above",146325227.0,244551544.0,81502191.0,617440.8409090909,68032862.0,13469329.0,102040.0,6581403.0,24707222.0,1371013.0,521039.0,5296404.0,229908712.0,64823036.0,132.0,1.0,10.0,2025.0,2.0,8.165319206524615,8.388370409126482,0.5983410474807715,64823036.0,0.5569934362719287,10250000.0,Kalen DeBoer,high,21320000.0,,,973.53
213,Penn State,Nittany Lions,Penn State Nittany Lions,PSU,Big Ten,5,True,2,2,72.0,9.0,0,1.0,36.0,4.5,31.5,12,0.5,0.0,75.9,0.0,296.0,211.07776,155.5,3.9,3.0,8.0,105.0,2.0,2026,Penn State,Pennsylvania State University-Main Campus,PA,NCAA Division I-FBS,"Public, 4-year or above",150314572.0,254397122.0,77386097.0,595277.6692307693,53986485.0,23399612.0,179997.0,4949566.0,34695852.0,1188906.0,376066.0,3707691.0,231709762.0,72928475.0,130.0,1.0,10.0,2025.0,2.0,8.177001084595062,8.405512193821545,0.5908658510688655,72928475.0,0.5148276442552755,8500000.0,James Franklin,high,21320000.0,,,774.04
2247,Georgia State,Panthers,Georgia State Panthers,GAST,Sun Belt,37,False,2,2,90.0,27.0,0,1.0,45.0,13.5,31.5,12,0.5,1.0,73.2,1.0,266.0,161.18571,257.0,6.0,6.0,9.0,98.0,1.0,2026,Georgia State,Georgia State University,GA,NCAA Division I-FBS,"Public, 4-year or above",12260120.0,39979520.0,12260120.0,103899.32203389832,10186421.0,2073699.0,17574.0,2104184.0,4389514.0,307328.0,74869.0,411874.0,39979520.0,0.0,118.0,1.0,24.0,2025.0,2.0,7.088494721004809,7.601837575609944,0.30666000992508163,0.0,1.0,,,,,,,
142,Missouri,Tigers,Missouri Tigers,MIZ,SEC,8,True,2,2,92.0,35.0,0,1.0,46.0,17.5,28.5,12,0.5,2.0,71.4,0.0,324.5,194.58667,191.0,4.4,5.0,11.0,99.0,2.0,2026,Missouri,University of Missouri-Columbia,MO,NCAA Division I-FBS,"Public, 4-year or above",53301146.0,181114849.0,49316139.0,404230.6475409836,42015831.0,7300308.0,59839.0,4814933.0,24877790.0,2140163.0,267477.0,2468280.0,181114849.0,3985007.0,122.0,1.0,10.0,2025.0,2.0,7.726736546664955,8.257954058124081,0.2942947322889025,3985007.0,0.9252359977400861,9000000.0,Eliah Drinkwitz,high,,,,
36,Colorado State,Rams,Colorado State Rams,CSU,Pac-12,9,False,2,2,93.0,37.0,0,1.0,46.5,18.5,28.0,12,0.5,0.0,64.8,1.0,312.0,177.75098,225.0,6.9,5.0,10.0,147.0,5.0,2026,Colorado State,Colorado State University-Fort Collins,CO,NCAA Division I-FBS,"Public, 4-year or above",21007541.0,55794198.0,21007541.0,194514.2685185185,14556688.0,6450853.0,59730.0,4588893.0,8243031.0,802160.0,222749.0,983536.0,55794198.0,0.0,108.0,1.0,17.0,2025.0,2.0,7.322375219819999,7.746589039303271,0.37651837920494885,0.0,1.0,,Jay Norvell,unverified,,,,
2026,App State,Mountaineers,App State Mountaineers,APP,Sun Belt,37,False,2,2,82.0,27.0,0,1.0,41.0,13.5,27.5,12,0.0,1.0,80.3,0.0,307.5,181.3695,213.5,5.1,4.0,11.0,119.0,3.0,2026,App State,Appalachian State University,NC,NCAA Division I-FBS,"Public, 4-year or above",13288981.0,44964352.0,13288981.0,108926.0737704918,10977782.0,2311199.0,18944.0,1809956.0,5869891.0,384286.0,142567.0,787385.0,44964352.0,0.0,122.0,1.0,10.0,2025.0,2.0,7.123491680487964,7.652868338995956,0.2955448129220232,0.0,1.0,,,,,,,
251,Texas,Longhorns,Texas Longhorns,TEX,SEC,8,True,2,2,83.0,30.0,0,1.0,41.5,15.0,26.5,12,0.25,1.0,69.0,2.0,277.5,152.15942,148.5,3.9,4.0,8.0,142.0,2.0,2026,Texas,The University of Texas at Austin,TX,NCAA Division I-FBS,"Public, 4-year or above",171892714.0,343106827.0,70405628.0,596657.8644067796,64405182.0,6000446.0,50851.0,9227922.0,31166050.0,2619784.0,388714.0,4607960.0,277413781.0,101487086.0,118.0,1.0,17.0,2025.0,2.0,8.235257468678583,8.535429359556991,0.5009889062918588,101487086.0,0.40959053098667114,10800000.0,Steve Sarkisian,high,21320000.0,,,985.17
277,West Virginia,Mountaineers,West Virginia Mountaineers,WVU,Big 12,4,True,2,2,83.0,31.0,0,1.0,41.5,15.5,26.0,12,0.5,2.0,73.1,0.0,170.5,233.90923,298.5,5.3,7.0,14.0,127.0,1.0,2026,West Virginia,West Virginia University,WV,NCAA Division I-FBS,"Public, 4-year or above",47642113.0,117413366.0,35250569.0,277563.53543307085,31167444.0,4083125.0,32151.0,2937431.0,7371433.0,239357.0,149893.0,1774645.0,117413366.0,12391544.0,127.0,1.0,18.0,2025.0,2.0,7.677991014857131,8.069717538560939,0.4057639655778202,12391544.0,0.7399035596930807,3600000.0,Rich Rodriguez,high,,,,
221,Pittsburgh,Panthers,Pittsburgh Panthers,PITT,ACC,1,True,2,2,71.0,21.0,0,1.0,35.5,10.5,25.0,12,0.5,0.0,71.2,0.0,346.0,182.64383,134.5,3.6,6.0,12.0,93.0,1.0,2026,Pittsburgh,University of Pittsburgh-Pittsburgh Campus,PA,NCAA Division I-FBS,"Public, 4-year or above",57222645.0,151337808.0,47141722.0,399506.1186440678,37650510.0,9491212.0,80434.0,6831638.0,28372226.0,2293482.0,324154.0,1381007.0,151337808.0,10080923.0,118.0,1.0,14.0,2025.0,2.0,7.757567928309437,8.179947439289283,0.3781120247228637,10080923.0,0.8238298317038648,,Pat Narduzzi,unverified,,,,
30,USC,Trojans,USC Trojans,USC,Big Ten,5,True,3,3,130.0,56.0,0,1.0,43.333333333333336,18.666666666666668,24.666666666666668,12,0.5555555555555555,2.0,80.6,2.0,340.66666,197.63345,172.7,4.4,7.0,13.0,140.0,1.0,2026,USC,University of Southern California,CA,NCAA Division I-FBS,"Private nonprofit, 4-year or above",74014972.0,234029848.0,74014972.0,638060.1034482758,68247786.0,5767186.0,49717.0,5357962.0,31106858.0,1935002.0,342296.0,5926680.0,234029848.0,0.0,116.0,1.0,10.0,2025.0,2.0,7.869319579180833,8.36927125055128,0.3162629580479837,0.0,1.0,,Lincoln Riley,unverified,21320000.0,,,899.0
2567,SMU,Mustangs,SMU Mustangs,SMU,ACC,1,True,2,2,83.0,34.0,0,1.0,41.5,17.0,24.5,12,0.5,2.0,77.9,2.0,442.0,229.82942,124.0,4.5,5.0,11.0,119.0,1.0,2026,SMU,Southern Methodist University,TX,NCAA Division I-FBS,"Private nonprofit, 4-year or above",45315587.0,150225313.0,45315587.0,371439.237704918,39124474.0,6191113.0,50747.0,5008053.0,20118653.0,1760723.0,324733.0,2392459.0,150225313.0,0.0,122.0,1.0,10.0,2025.0,2.0,7.6562476100425165,8.176743117554846,0.30165080767713226,0.0,1.0,2470818.0,Rhett Lashlee,unverified,,,,
2449,North Dakota State,Bison,North Dakota State Bison,NDSU,Mountain West,17,False,3,3,109.0,39.0,0,1.0,36.333333333333336,13.0,23.333333333333336,12,0.4166666666666666,0.0,70.8,2.0,212.33333,166.62,161.0,3.9,7.0,10.0,162.0,5.0,2026,North Dakota State,North Dakota State University-Main Campus,ND,NCAA Division I-FCS,"Public, 4-year or above",8353482.0,34788259.0,8353482.0,64257.553846153845,6196088.0,2157394.0,16595.0,1155315.0,3522078.0,208145.0,94717.0,299042.0,34212041.0,0.0,130.0,1.0,10.0,2025.0,2.0,6.921867541133015,7.5414326947547,0.24012360032159125,0.0,1.0,,,,,,,
2294,Iowa,Hawkeyes,Iowa Hawkeyes,IOWA,Big Ten,5,True,2,2,56.0,13.0,0,1.0,28.0,6.5,21.5,12,0.25,0.0,60.0,1.0,204.5,115.34857,191.0,5.7,6.0,9.0,114.0,1.0,2026,Iowa,University of Iowa,IA,NCAA Division I-FBS,"Public, 4-year or above",105190203.0,179990052.0,50894414.0,388506.9770992366,44380298.0,6514116.0,49726.0,8471195.0,22785378.0,1898900.0,438153.0,1549180.0,150892055.0,54295789.0,131.0,1.0,15.0,2025.0,2.0,8.021975293228653,8.255248502431659,0.5844223157399833,54295789.0,0.4838322633525101,7175000.0,Kirk Ferentz,high,,,,
113,Massachusetts,Minutemen,Massachusetts Minutemen,MASS,MAC,15,False,2,2,74.0,31.0,0,1.0,37.0,15.5,21.5,12,0.0,0.0,83.3,0.0,180.0,203.96667,176.0,5.3,5.0,5.0,149.0,4.0,2026,Massachusetts,University of Massachusetts-Amherst,MA,NCAA Division I-FBS,"Public, 4-year or above",13419026.0,57654295.0,13419026.0,120892.12612612612,11490151.0,1928875.0,17377.0,1971110.0,8634439.0,570256.0,100061.0,909462.0,57654295.0,0.0,111.0,1.0,14.0,2025.0,2.0,7.127720994359313,7.760831665929413,0.23274980641077997,0.0,1.0,,,,,,,
26,UCLA,Bruins,UCLA Bruins,UCLA,Big Ten,5,True,2,2,73.0,34.0,0,1.0,36.5,17.0,19.5,12,0.5,0.0,62.2,2.0,167.5,115.56,245.5,6.5,5.0,7.0,152.0,3.0,2026,UCLA,University of California-Los Angeles,CA,NCAA Division I-FBS,"Public, 4-year or above",55205071.0,173429394.0,55205071.0,456240.2561983471,46764133.0,8440938.0,69760.0,3859660.0,20880972.0,1293740.0,256592.0,2762235.0,173429394.0,0.0,121.0,1.0,10.0,2025.0,2.0,7.741978972768427,8.23912270657811,0.3183143856225433,0.0,1.0,3100000.0,DeShaun Foster,high,,,,
127,Michigan State,Spartans,Michigan State Spartans,MSU,Big Ten,5,True,2,2,65.0,27.0,0,1.0,32.5,13.5,19.0,12,0.4166666666666666,1.0,73.3,0.0,230.5,154.48,204.0,4.3,6.0,8.0,104.0,1.0,2026,Michigan State,Michigan State University,MI,NCAA Division I-FBS,"Public, 4-year or above",77084648.0,160697176.0,48227813.0,405275.7394957983,41948581.0,6279232.0,52767.0,5236240.0,21827091.0,1155745.0,272033.0,2158141.0,160697176.0,28856835.0,119.0,1.0,15.0,2025.0,2.0,7.886967893579323,8.206008244788277,0.47968887766888946,28856835.0,0.6256474440928886,7350000.0,Jonathan Smith,high,,,,
153,North Carolina,Tar Heels,North Carolina Tar Heels,UNC,ACC,1,True,2,2,50.0,13.0,0,1.0,25.0,6.5,18.5,12,0.5,2.0,63.0,0.0,249.0,152.50223,125.5,4.5,7.0,9.0,143.0,1.0,2026,North Carolina,University of North Carolina at Chapel Hill,NC,NCAA Division I-FBS,"Public, 4-year or above",63337093.0,180835031.0,49145749.0,399558.9349593496,40284396.0,8861353.0,72044.0,3969328.0,24726784.0,1184648.0,278468.0,3228757.0,180835031.0,14191344.0,123.0,1.0,10.0,2025.0,2.0,7.801658126559875,8.257282564946369,0.3502479173960492,14191344.0,0.775939448310329,10100000.0,Bill Belichick,high,,,,
2,Auburn,Tigers,Auburn Tigers,AUB,SEC,8,True,2,2,60.0,24.0,0,1.0,30.0,12.0,18.0,12,0.5,1.0,68.1,3.0,264.5,138.52782,236.5,5.1,5.0,10.0,132.0,3.0,2026,Auburn,Auburn University,AL,NCAA Division I-FBS,"Public, 4-year or above",121408732.0,205275913.0,58724402.0,485325.6363636363,51965876.0,6758526.0,55856.0,5990116.0,28478204.0,2354276.0,363584.0,3179194.0,195930163.0,62684330.0,121.0,1.0,10.0,2025.0,2.0,8.08424992333758,8.312337992405674,0.5914416856107224,62684330.0,0.48369174961814115,6734500.0,Hugh Freeze,high,,,,
145,Ole Miss,Rebels,Ole Miss Rebels,MISS,SEC,8,True,2,2,82.0,47.0,0,1.0,41.0,23.5,17.5,12,0.25,1.0,67.6,2.0,314.5,159.99942,139.5,4.3,4.0,9.0,135.0,1.0,2026,Ole Miss,University of Mississippi,MS,NCAA Division I-FBS,"Public, 4-year or above",90702621.0,171119339.0,61846036.0,490841.5555555555,52217101.0,9628935.0,76420.0,8709868.0,30179058.0,2969029.0,441603.0,2609171.0,171119339.0,28856585.0,126.0,1.0,13.0,2025.0,2.0,7.957619836887996,8.233299093973436,0.5300547648796142,28856585.0,0.6818550039474603,9000000.0,Lane Kiffin,high,21320000.0,,,885.72
2636,UTSA,Roadrunners,UTSA Roadrunners,UTSA,American,151,False,2,2,76.0,42.0,0,1.0,38.0,21.0,17.0,12,0.0,0.0,70.8,0.0,266.5,155.87668,196.0,6.5,1.0,2.0,161.0,4.0,2026,UTSA,The University of Texas at San Antonio,TX,NCAA Division I-FBS,"Public, 4-year or above",17853035.0,54436434.0,17853035.0,151296.90677966102,14160406.0,3692629.0,31293.0,3457060.0,8600615.0,670430.0,199045.0,595857.0,49898232.0,0.0,118.0,1.0,14.0,2025.0,2.0,7.251712056398335,7.735889667875034,0.32796114087855205,0.0,1.0,,,,,,,
2641,Texas Tech,Red Raiders,Texas Tech Red Raiders,TTU,Big 12,4,True,2,2,68.0,34.0,0,1.0,34.0,17.0,17.0,12,0.0,1.0,75.8,1.0,247.5,155.76775,164.0,3.9,5.0,9.0,115.0,2.0,2026,Texas Tech,Texas Tech University,TX,NCAA Division I-FBS,"Public, 4-year or above",69872378.0,128777718.0,39745662.0,323135.46341463417,29491079.0,10254583.0,83371.0,7174976.0,21187131.0,1927922.0,291503.0,2109685.0,127895343.0,30126716.0,123.0,1.0,18.0,2025.0,2.0,7.844305524057316,8.109840724927649,0.5425812717072684,30126716.0,0.568832250134667,4554960.0,Joey McGuire,high,,,,
38,Colorado,Buffaloes,Colorado Buffaloes,COLO,Big 12,4,True,2,2,66.0,34.0,0,1.0,33.0,17.0,16.0,12,0.0,2.0,64.5,0.0,261.0,161.6729,181.5,4.2,6.0,13.0,120.0,1.0,2026,Colorado,University of Colorado Boulder,CO,NCAA Division I-FBS,"Public, 4-year or above",69306235.0,161671803.0,42805019.0,362754.39830508473,32639889.0,10165130.0,86145.0,6996072.0,21230887.0,2636483.0,335353.0,1380307.0,161512069.0,26501216.0,118.0,1.0,13.0,2025.0,2.0,7.840772306823768,8.208634281691605,0.4286847410243826,26501216.0,0.6176214737389789,8975000.0,Deion Sanders,high,,,,
77,Northwestern,Wildcats,Northwestern Wildcats,NU,Big Ten,5,True,1,1,34.0,18.0,0,1.0,34.0,18.0,16.0,12,,0.0,58.3,0.0,273.0,167.81,224.0,7.2,2.0,3.0,73.0,1.0,2026,Northwestern,Northwestern University,IL,NCAA Division I-FBS,"Private nonprofit, 4-year or above",85587606.0,131779238.0,37901761.0,347722.57798165135,34209135.0,3692626.0,33877.0,3883554.0,15781792.0,1067594.0,201140.0,1863790.0,131779238.0,47685845.0,109.0,1.0,14.0,2025.0,2.0,7.932410878748155,8.119846991955242,0.649477165742907,47685845.0,0.4428417007013843,,David Braun,unverified,,,,
238,Vanderbilt,Commodores,Vanderbilt Commodores,VAN,SEC,8,True,2,2,63.0,35.0,0,1.0,31.5,17.5,14.0,12,0.5,1.0,62.5,0.0,224.0,135.59285,143.0,3.8,11.0,15.0,112.0,2.0,2026,Vanderbilt,Vanderbilt University,TN,NCAA Division I-FBS,"Private nonprofit, 4-year or above",44124525.0,146388389.0,44124525.0,380383.8362068966,38455463.0,5669062.0,48871.0,6294306.0,22997448.0,2191976.0,410233.0,2075726.0,146388389.0,0.0,116.0,1.0,10.0,2025.0,2.0,7.644680043245981,8.165506631413601,0.3014209344157753,0.0,1.0,3711137.0,Clark Lea,unverified,,,,
154,Wake Forest,Demon Deacons,Wake Forest Demon Deacons,WAKE,ACC,1,True,2,2,76.0,52.0,0,1.0,38.0,26.0,12.0,12,0.5,0.0,61.3,0.0,290.5,161.55032,194.5,5.3,5.0,9.0,181.0,0.0,2026,Wake Forest,Wake Forest University,NC,NCAA Division I-FBS,"Private nonprofit, 4-year or above",39399925.0,114628069.0,39399925.0,303076.3461538461,35927339.0,3472586.0,26712.0,4066525.0,16633362.0,1180595.0,288593.0,1453094.0,114628069.0,0.0,130.0,1.0,10.0,2025.0,2.0,7.595495395122093,8.059290976437486,0.34371969574049094,0.0,1.0,,Jake Dickert,unverified,,,,
202,Tulsa,Golden Hurricane,Tulsa Golden Hurricane,TLSA,American,151,False,2,2,47.0,27.0,0,1.0,23.5,13.5,10.0,12,0.25,0.0,57.9,1.0,176.5,112.16947,187.5,5.1,7.0,8.0,152.0,2.0,2026,Tulsa,University of Tulsa,OK,NCAA Division I-FBS,"Private nonprofit, 4-year or above",20723869.0,59760481.0,20723869.0,160650.1472868217,18242190.0,2481679.0,19238.0,1396963.0,5733869.0,332523.0,106444.0,588112.0,59760481.0,0.0,129.0,1.0,10.0,2025.0,2.0,7.316470838355628,7.7764140843696765,0.3467821652908048,0.0,1.0,,,,,,,
2653,Troy,Trojans,Troy Trojans,TROY,Sun Belt,37,False,2,2,58.0,38.0,0,1.0,29.0,19.0,10.0,12,0.0,0.0,49.1,0.0,183.0,131.96565,201.5,5.0,7.0,16.0,113.0,1.0,2026,Troy,Troy University,AL,NCAA Division I-FBS,"Public, 4-year or above",12597439.0,39742013.0,10281345.0,79700.3488372093,9008337.0,1273008.0,9868.0,3108177.0,7367946.0,385149.0,194502.0,371608.0,39742013.0,2316094.0,129.0,1.0,14.0,2025.0,2.0,7.100282264068684,7.599249861079055,0.3169803955325564,2316094.0,0.8161456467461362,,,,,,,
150,Duke,Blue Devils,Duke Blue Devils,DUKE,ACC,1,True,2,2,48.0,30.0,0,1.0,24.0,15.0,9.0,12,0.5,1.0,56.0,0.0,168.5,132.08,210.0,5.0,3.0,5.0,122.0,1.0,2026,Duke,Duke University,NC,NCAA Division I-FBS,"Private nonprofit, 4-year or above",67356450.0,181607802.0,47363558.0,391434.3636363637,40393331.0,6970227.0,57605.0,2605777.0,18408934.0,867707.0,173807.0,2969104.0,180590186.0,19992892.0,121.0,1.0,10.0,2025.0,2.0,7.8283791897439885,8.259134502184866,0.37088962730797215,19992892.0,0.7031777654552757,,Manny Diaz,unverified,,,,
264,Washington,Huskies,Washington Huskies,WASH,Big Ten,5,True,2,2,40.0,24.0,0,1.0,20.0,12.0,8.0,12,0.0,0.0,65.8,0.0,258.5,127.2621,120.5,3.9,6.0,14.0,105.0,5.0,2026,Washington,University of Washington-Seattle Campus,WA,NCAA Division I-FBS,"Public, 4-year or above",121018946.0,178415083.0,68921774.0,604576.9649122807,48375718.0,20546056.0,180229.0,4530549.0,23297260.0,1588019.0,294253.0,2632449.0,174834634.0,52097172.0,114.0,1.0,10.0,2025.0,2.0,8.082853366177162,8.251431566333705,0.6782999731026104,52097172.0,0.5695122646333409,7575024.0,Jedd Fisch,high,21320000.0,,,777.63
58,South Florida,Bulls,South Florida Bulls,USF,American,151,False,2,2,47.0,33.0,0,1.0,23.5,16.5,7.0,12,0.5,0.0,62.5,0.0,169.5,135.89,119.0,3.8,2.0,10.0,142.0,2.0,2026,South Florida,University of South Florida,FL,NCAA Division I-FBS,"Public, 4-year or above",33352743.0,122093386.0,33352743.0,256559.5615384615,24380665.0,8972078.0,69016.0,2487650.0,8895050.0,613580.0,170370.0,2413138.0,122093386.0,0.0,130.0,1.0,11.0,2025.0,2.0,7.523131557016473,8.08669213813404,0.27317403581550276,0.0,1.0,,,,,,,
130,Michigan,Wolverines,Michigan Wolverines,MICH,Big Ten,5,True,2,2,30.0,22.0,0,1.0,15.0,11.0,4.0,12,0.5,2.0,52.5,1.0,140.5,114.549995,129.0,3.9,5.0,11.0,136.0,1.0,2026,Michigan,University of Michigan-Ann Arbor,MI,NCAA Division I-FBS,"Public, 4-year or above",175299592.0,236376759.0,61663186.0,443620.0431654676,52795760.0,8867426.0,63794.0,4557296.0,28526320.0,1002368.0,273456.0,4902622.0,222088909.0,113636406.0,139.0,1.0,13.0,2025.0,2.0,8.243780905298845,8.373604773671822,0.7416109466159488,113636406.0,0.35175886775595006,6110000.0,Sherrone Moore,high,21320000.0,,,890.02
235,Memphis,Tigers,Memphis Tigers,MEM,American,151,False,3,2,89.0,83.0,1,0.6666666666666666,29.666666666666668,27.666666666666668,2.0,12,0.4444444444444444,1.0,65.7,3.0,265.0,181.28685,221.7,6.2,9.0,17.0,198.0,4.0,2026,Memphis,University of Memphis,TN,NCAA Division I-FBS,"Public, 4-year or above",22026675.0,65857423.0,22026675.0,133495.0,19688436.0,2338239.0,14171.0,2681559.0,9631813.0,822759.0,154900.0,945475.0,65857423.0,0.0,165.0,1.0,12.0,2025.0,2.0,7.342948943898959,7.818604732771633,0.3344600197915427,0.0,1.0,,,,,,,
23,San José State,Spartans,San José State Spartans,SJSU,Mountain West,17,False,3,2,83.0,83.0,1,0.6666666666666666,27.666666666666668,27.666666666666668,0.0,13,0.6666666666666666,2.0,61.7,1.0,262.66666,146.7329,164.7,4.8,6.0,9.0,207.0,4.0,2026,San José State,San Jose State University,CA,NCAA Division I-FBS,"Public, 4-year or above",11937986.0,42944067.0,11937986.0,115902.77669902911,9717107.0,2220879.0,21562.0,1953872.0,4848680.0,213056.0,124344.0,359403.0,42944067.0,0.0,103.0,1.0,14.0,2025.0,2.0,7.076931065247035,7.632903171726174,0.27798918067075484,0.0,1.0,,,,,,,
2116,UCF,Knights,UCF Knights,UCF,Big 12,4,True,2,1,80.0,18.0,1,0.5,40.0,9.0,31.0,12,1.0,0.0,66.0,1.0,193.0,142.19923,190.0,6.3,4.0,13.0,144.0,1.0,2026,UCF,University of Central Florida,FL,NCAA Division I-FBS,"Public, 4-year or above",30085713.0,108885086.0,38695138.0,322459.48333333334,30936861.0,7758277.0,64652.0,4346585.0,14534178.0,1226225.0,312036.0,1693043.0,103615446.0,-8609425.0,120.0,1.0,10.0,2025.0,2.0,7.478360308275617,8.036968398475103,0.2763070141672111,-8609425.0,1.2861632363507556,,,,,,,
183,Syracuse,Orange,Syracuse Orange,SYR,ACC,1,True,2,1,84.0,24.0,1,0.5,42.0,12.0,30.0,12,0.5,0.0,55.3,3.0,297.0,126.51175,178.5,4.5,6.0,13.0,132.0,1.0,2026,Syracuse,Syracuse University,NY,NCAA Division I-FBS,"Private nonprofit, 4-year or above",64585287.0,120839134.0,42090055.0,339435.92741935485,35827582.0,6262473.0,50504.0,4212244.0,14886024.0,1326844.0,288540.0,1659723.0,108994576.0,22495232.0,124.0,1.0,10.0,2025.0,2.0,7.810133593808154,8.082207604218183,0.5344732692308106,22495232.0,0.651697266592622,,Fran Brown,unverified,,,,
349,Army,Black Knights,Army Black Knights,ARMY,American,151,False,2,1,83.0,31.0,1,0.5,41.5,15.5,26.0,12,1.0,1.0,70.8,0.0,103.5,170.54001,394.0,7.3,2.0,4.0,103.0,0.0,2026,,,,,,,,,,,,,,,,,,,,,,,,,,,,,,,,,,,,
194,Ohio State,Buckeyes,Ohio State Buckeyes,OSU,Big Ten,5,True,2,1,79.0,27.0,1,0.5,39.5,13.5,26.0,12,0.75,0.0,69.6,2.0,356.0,179.01564,165.5,5.0,3.0,8.0,124.0,2.0,2026,Ohio State,Ohio State University-Main Campus,OH,NCAA Division I-FBS,"Public, 4-year or above",160549826.0,295265883.0,92359309.0,757043.5163934426,79299398.0,13059911.0,107048.0,5099970.0,38494954.0,1221950.0,387802.0,2853829.0,295265883.0,68190517.0,122.0,1.0,10.0,2025.0,2.0,8.205609839224971,8.470213268567436,0.5437466203977247,68190517.0,0.575268820285112,12575000.0,Ryan Day,high,21320000.0,,,964.27
2628,TCU,Horned Frogs,TCU Horned Frogs,TCU,Big 12,4,True,2,1,73.0,22.0,1,0.5,36.5,11.0,25.5,12,1.0,2.0,68.8,0.0,283.0,163.345,195.5,5.1,5.0,12.0,101.0,2.0,2026,TCU,Texas Christian University,TX,NCAA Division I-FBS,"Private nonprofit, 4-year or above",59568339.0,155989500.0,59568339.0,458217.9923076923,49256419.0,10311920.0,79322.0,7382343.0,23394873.0,1811739.0,214254.0,1639673.0,155989500.0,0.0,130.0,1.0,26.0,2025.0,2.0,7.775015490426332,8.193095366011311,0.3818740299827873,0.0,1.0,7036013.0,Sonny Dykes,high,,,,
152,NC State,Wolfpack,NC State Wolfpack,NCSU,ACC,1,True,2,1,81.0,34.0,1,0.5,40.5,17.0,23.5,12,1.0,2.0,64.7,1.0,199.0,139.16118,252.0,7.3,3.0,7.0,144.0,1.0,2026,NC State,North Carolina State University at Raleigh,NC,NCAA Division I-FBS,"Public, 4-year or above",69756644.0,135830733.0,40535367.0,324282.936,36578064.0,3957303.0,31658.0,3397366.0,20560305.0,1123916.0,227345.0,2775789.0,129009673.0,29221277.0,125.0,1.0,10.0,2025.0,2.0,7.843585578470658,8.132998044335027,0.5135556766818007,29221277.0,0.5810968629740846,6215377.0,Dave Doeren,high,,,,
201,Oklahoma,Sooners,Oklahoma Sooners,OU,SEC,8,True,2,1,61.0,17.0,1,0.5,30.5,8.5,22.0,12,0.75,2.0,55.8,1.0,210.0,145.4246,135.0,4.0,6.0,13.0,130.0,0.0,2026,Oklahoma,University of Oklahoma-Norman Campus,OK,NCAA Division I-FBS,"Public, 4-year or above",126247146.0,234426470.0,71184826.0,556131.453125,64209425.0,6975401.0,54495.0,5934399.0,23935940.0,1481027.0,318098.0,5072037.0,234426470.0,55062320.0,128.0,1.0,14.0,2025.0,2.0,8.10122156904447,8.370006647985539,0.5385362241729784,55062320.0,0.563852952366939,7552750.0,Brent Venables,high,21320000.0,,,851.14
97,Louisville,Cardinals,Louisville Cardinals,LOU,ACC,1,True,2,1,97.0,54.0,1,0.5,48.5,27.0,21.5,12,1.0,0.0,68.4,0.0,341.0,198.14737,211.0,5.5,1.0,4.0,131.0,1.0,2026,Louisville,University of Louisville,KY,NCAA Division I-FBS,"Public, 4-year or above",33090886.0,155903308.0,30745125.0,256209.375,27548031.0,3197094.0,26642.0,4058935.0,17103140.0,1346875.0,180804.0,1579219.0,154819604.0,2345761.0,120.0,1.0,15.0,2025.0,2.0,7.519708395439081,8.192855330268408,0.21225262263197134,2345761.0,0.9291115686657649,5981057.0,Jeff Brohm,high,,,,
2649,Toledo,Rockets,Toledo Rockets,TOL,MAC,15,False,2,1,83.0,40.0,1,0.5,41.5,20.0,21.5,12,1.0,1.0,57.7,2.0,254.5,170.49692,166.5,5.1,4.0,10.0,144.0,1.0,2026,Toledo,University of Toledo,OH,NCAA Division I-FBS,"Public, 4-year or above",12624282.0,39498134.0,12624282.0,103477.7213114754,10973577.0,1650705.0,13530.0,1270803.0,3687234.0,333283.0,93752.0,582785.0,39498134.0,0.0,122.0,1.0,10.0,2025.0,2.0,7.101206687202165,7.596576578850624,0.3196171748265374,0.0,1.0,,,,,,,
2348,Louisiana Tech,Bulldogs,Louisiana Tech Bulldogs,LT,Sun Belt,37,False,2,1,94.0,51.0,1,0.5,47.0,25.5,21.5,12,1.0,2.0,67.4,1.0,219.5,193.0174,114.0,3.4,7.0,13.0,167.0,4.0,2026,Louisiana Tech,Louisiana Tech University,LA,NCAA Division I-FBS,"Public, 4-year or above",11122188.0,33952161.0,11122188.0,99305.25,9335100.0,1787088.0,15956.0,1445746.0,4097078.0,365866.0,107988.0,627593.0,33952161.0,0.0,112.0,1.0,10.0,2025.0,2.0,7.046190231747224,7.530867421635885,0.32758409692979484,0.0,1.0,,,,,,,
239,Baylor,Bears,Baylor Bears,BAY,Big 12,4,True,2,1,60.0,20.0,1,0.5,30.0,10.0,20.0,12,1.0,1.0,54.2,4.0,326.5,116.67,167.5,3.9,9.0,15.0,121.0,3.0,2026,Baylor,Baylor University,TX,NCAA Division I-FBS,"Private nonprofit, 4-year or above",44260293.0,144126427.0,41050130.0,347882.4576271186,33711788.0,7338342.0,62189.0,4991526.0,22016641.0,2256176.0,273535.0,2563417.0,144126427.0,3210163.0,118.0,1.0,10.0,2025.0,2.0,7.646014284599418,8.158743620286502,0.3070935283783868,3210163.0,0.9274708145289504,4702570.0,Dave Aranda,high,,,,
9,Arizona State,Sun Devils,Arizona State Sun Devils,ASU,Big 12,4,True,2,1,90.0,55.0,1,0.5,45.0,27.5,17.5,12,1.0,3.0,67.1,2.0,343.0,181.33427,182.0,5.7,4.0,6.0,108.0,1.0,2026,Arizona State,Arizona State University Campus Immersion,AZ,NCAA Division I-FBS,"Public, 4-year or above",50352139.0,149346605.0,50352139.0,409366.9837398374,45961151.0,4390988.0,35699.0,3858390.0,21595194.0,1426850.0,243154.0,1767905.0,149346605.0,0.0,123.0,1.0,10.0,2025.0,2.0,7.702017924465905,8.174195354516145,0.3371495388194462,0.0,1.0,7442000.0,Kenny Dillingham,high,,,,
2711,Western Michigan,Broncos,Western Michigan Broncos,WMU,MAC,15,False,2,1,61.0,27.0,1,0.5,30.5,13.5,17.0,12,1.0,0.0,71.7,0.0,177.5,165.07564,140.0,3.6,2.0,2.0,141.0,1.0,2026,Western Michigan,Western Michigan University,MI,NCAA Division I-FBS,"Public, 4-year or above",11409469.0,43722663.0,11409469.0,100968.7522123894,8911277.0,2498192.0,22108.0,1545537.0,4476609.0,366042.0,78633.0,733315.0,43722663.0,0.0,113.0,1.0,15.0,2025.0,2.0,7.057265432697255,7.640706605495976,0.26095091691921873,0.0,1.0,,,,,,,
338,Kennesaw State,Owls,Kennesaw State Owls,KENN,Conference USA,12,False,2,1,64.0,31.0,1,0.5,32.0,15.5,16.5,12,1.0,1.0,69.6,2.0,243.0,132.1652,184.5,5.4,2.0,6.0,131.0,1.0,2026,Kennesaw State,Kennesaw State University,GA,NCAA Division I-FCS,"Public, 4-year or above",11495596.0,42344569.0,11495596.0,95796.63333333332,8485424.0,3010172.0,25085.0,1070283.0,3197565.0,175613.0,89467.0,478941.0,42344569.0,0.0,120.0,1.0,10.0,2025.0,2.0,7.060531492595398,7.626797716801743,0.2714774591282296,0.0,1.0,,,,,,,
324,Coastal Carolina,Chanticleers,Coastal Carolina Chanticleers,CCU,Sun Belt,37,False,2,1,69.0,38.0,1,0.5,34.5,19.0,15.5,12,1.0,2.0,52.3,0.0,291.0,158.36153,151.5,4.5,5.0,9.0,154.0,3.0,2026,Coastal Carolina,Coastal Carolina University,SC,NCAA Division I-FBS,"Public, 4-year or above",17052582.0,46978290.0,17052582.0,138638.8780487805,14706582.0,2346000.0,19073.0,1791709.0,6322108.0,409519.0,138219.0,781729.0,46978290.0,0.0,123.0,1.0,10.0,2025.0,2.0,7.231790146580954,7.671897204500337,0.3629885634406872,0.0,1.0,,,,,,,
2305,Kansas,Jayhawks,Kansas Jayhawks,KU,Big 12,4,True,2,1,72.0,44.0,1,0.5,36.0,22.0,14.0,12,1.0,2.0,57.1,2.0,255.0,149.91144,179.0,4.1,3.0,12.0,110.0,0.0,2026,Kansas,University of Kansas,KS,NCAA Division I-FBS,"Public, 4-year or above",37107691.0,173669277.0,34516494.0,282922.08196721313,26235105.0,8281389.0,67880.0,4522619.0,14583079.0,1176779.0,334584.0,1778686.0,159866627.0,2591197.0,122.0,1.0,10.0,2025.0,2.0,7.569463931520518,8.239722996285291,0.21366871355144756,2591197.0,0.9301708909886094,6650000.0,Lance Leipold,high,,,,
2005,Air Force,Falcons,Air Force Falcons,AFA,Mountain West,17,False,2,1,66.0,38.0,1,0.5,33.0,19.0,14.0,12,1.0,0.0,54.5,1.0,99.0,151.1,319.0,5.2,1.0,3.0,96.0,3.0,2026,,,,,,,,,,,,,,,,,,,,,,,,,,,,,,,,,,,,
135,Minnesota,Golden Gophers,Minnesota Golden Gophers,MINN,Big Ten,5,True,2,1,72.0,45.0,1,0.5,36.0,22.5,13.5,12,1.0,1.0,70.4,0.0,313.5,139.15405,80.0,3.0,2.0,8.0,119.0,0.0,2026,Minnesota,University of Minnesota-Twin Cities,MN,NCAA Division I-FBS,"Public, 4-year or above",101726085.0,156773938.0,45452693.0,388484.5555555555,38047191.0,7405502.0,63295.0,3509833.0,18324561.0,1141273.0,236856.0,2540224.0,146804169.0,56273392.0,117.0,1.0,10.0,2025.0,2.0,8.007432330690474,8.195273867509567,0.6488711471928453,56273392.0,0.44681453139575755,7000000.0,P.J. Fleck,high,,,,
2032,Arkansas State,Red Wolves,Arkansas State Red Wolves,ARST,Sun Belt,37,False,2,1,76.0,49.0,1,0.5,38.0,24.5,13.5,12,0.6666666666666666,1.0,72.3,4.0,230.0,158.68382,182.5,5.3,2.0,3.0,119.0,4.0,2026,Arkansas State,Arkansas State University,AR,NCAA Division I-FBS,"Public, 4-year or above",11536628.0,33754642.0,11536628.0,75402.79738562091,7771044.0,3765584.0,24612.0,1826164.0,2578926.0,153340.0,69701.0,730079.0,33754642.0,0.0,153.0,1.0,24.0,2025.0,2.0,7.0620788889765365,7.528333506244287,0.3417790062771218,0.0,1.0,,,,,,,
48,Delaware,Blue Hens,Delaware Blue Hens,DEL,Conference USA,12,False,2,1,68.0,42.0,1,0.5,34.0,21.0,13.0,12,1.0,0.0,51.3,3.0,337.5,135.62842,105.0,3.2,6.0,8.0,132.0,1.0,2026,Delaware,University of Delaware,DE,NCAA Division I-FCS,"Public, 4-year or above",10126804.0,65523927.0,10126804.0,92061.85454545454,9064138.0,1062666.0,9661.0,1083325.0,4338673.0,266735.0,81659.0,421878.0,65523927.0,0.0,110.0,1.0,10.0,2025.0,2.0,7.0054724044750865,7.816399917801857,0.15455123744338461,0.0,1.0,,,,,,,
66,Iowa State,Cyclones,Iowa State Cyclones,ISU,Big 12,4,True,2,1,51.0,26.0,1,0.5,25.5,13.0,12.5,12,1.0,1.0,52.8,0.0,156.0,153.37999,123.0,3.8,6.0,11.0,139.0,1.0,2026,Iowa State,Iowa State University,IA,NCAA Division I-FBS,"Public, 4-year or above",60744404.0,103899204.0,32337385.0,239536.1851851852,25638315.0,6699070.0,49623.0,5269505.0,17210131.0,1885285.0,338422.0,975628.0,103893160.0,28407019.0,135.0,1.0,10.0,2025.0,2.0,7.783506275293198,8.01661222032203,0.5846474434972572,28407019.0,0.5323516714395617,,Jimmy Rogers,medium,,,,
41,UConn,Huskies,UConn Huskies,CONN,FBS Independents,18,False,2,1,70.0,45.0,1,0.5,35.0,22.5,12.5,12,1.0,1.0,64.8,2.0,263.0,169.43556,184.0,5.2,3.0,7.0,144.0,0.0,2026,UConn,University of Connecticut,CT,NCAA Division I-FBS,"Public, 4-year or above",20479873.0,97050998.0,20479873.0,181237.81415929203,16176061.0,4303812.0,38087.0,3531337.0,14355731.0,1175967.0,235537.0,1405652.0,97050998.0,0.0,113.0,1.0,10.0,2025.0,2.0,7.311327259160716,7.987000005707529,0.2110217661028071,0.0,1.0,,,,,,,
2509,Purdue,Boilermakers,Purdue Boilermakers,PUR,Big Ten,5,True,2,1,80.0,57.0,1,0.5,40.0,28.5,11.5,12,1.0,0.0,77.6,0.0,337.5,169.72841,151.5,3.8,5.0,11.0,128.0,1.0,2026,Purdue,Purdue University-Main Campus,IN,NCAA Division I-FBS,"Public, 4-year or above",83144029.0,150536320.0,37193229.0,295184.35714285716,29420894.0,7772335.0,61685.0,4808320.0,22638944.0,1510900.0,329742.0,2330766.0,135140397.0,45950800.0,126.0,1.0,10.0,2025.0,2.0,7.919831065756816,8.1776412950965,0.5523187294601064,45950800.0,0.4473349373049988,6050000.0,Barry Odom,high,,,,
2393,Middle Tennessee,Blue Raiders,Middle Tennessee Blue Raiders,MTSU,Conference USA,12,False,2,1,64.0,42.0,1,0.5,32.0,21.0,11.0,12,0.5,0.0,61.6,1.0,221.5,128.12218,152.5,6.9,0.0,2.0,118.0,0.0,2026,Middle Tennessee,Middle Tennessee State University,TN,NCAA Division I-FBS,"Public, 4-year or above",13297458.0,40006612.0,13297458.0,89244.68456375839,10264060.0,3033398.0,20358.0,1536629.0,4724424.0,367838.0,89907.0,460355.0,40006612.0,0.0,149.0,1.0,13.0,2025.0,2.0,7.123768627276352,7.602131774273124,0.33238150733683725,0.0,1.0,,,,,,,
2440,Nevada,Wolf Pack,Nevada Wolf Pack,NEV,Mountain West,17,False,2,1,56.0,34.0,1,0.5,28.0,17.0,11.0,12,0.0,1.0,53.8,4.0,165.0,110.35846,252.5,6.6,6.0,11.0,134.0,0.0,2026,Nevada,University of Nevada-Reno,NV,NCAA Division I-FBS,"Public, 4-year or above",13624871.0,53153531.0,12983551.0,110970.52136752136,9267424.0,3716127.0,31762.0,2301828.0,6480420.0,449448.0,185238.0,725272.0,53153531.0,641320.0,117.0,1.0,10.0,2025.0,2.0,7.1343323990768726,7.725532120089406,0.2563304966512949,641320.0,0.9529301965501178,,,,,,,
6,South Alabama,Jaguars,South Alabama Jaguars,USA,Sun Belt,37,False,2,1,63.0,42.0,1,0.5,31.5,21.0,10.5,12,0.5,0.0,67.8,0.0,225.0,148.41966,211.5,4.3,2.0,4.0,89.0,2.0,2026,South Alabama,University of South Alabama,AL,NCAA Division I-FBS,"Public, 4-year or above",13486171.0,32559740.0,13932976.0,114204.7213114754,11927974.0,2005002.0,16434.0,1151268.0,4425339.0,249783.0,69345.0,582805.0,32559740.0,-446805.0,122.0,1.0,13.0,2025.0,2.0,7.129888662079876,7.5126809282498375,0.41419774850781976,-446805.0,1.0331306046764497,,,,,,,
2426,Navy,Midshipmen,Navy Midshipmen,NAVY,American,151,False,2,1,72.0,53.0,1,0.5,36.0,26.5,9.5,12,0.5,1.0,41.4,1.0,84.0,106.07862,376.0,6.9,6.0,13.0,125.0,0.0,2026,,,,,,,,,,,,,,,,,,,,,,,,,,,,,,,,,,,,
12,Arizona,Wildcats,Arizona Wildcats,ARIZ,Big 12,4,True,2,1,52.0,35.0,1,0.5,26.0,17.5,8.5,12,1.0,2.0,73.9,2.0,280.5,150.48782,143.0,4.4,7.0,10.0,115.0,1.0,2026,Arizona,University of Arizona,AZ,NCAA Division I-FBS,"Public, 4-year or above",37795880.0,132661899.0,37795880.0,334476.81415929203,31374437.0,6421443.0,56827.0,4525343.0,18185811.0,979367.0,253284.0,2597121.0,132661899.0,0.0,113.0,1.0,14.0,2025.0,2.0,7.577444461456689,8.122746209752032,0.28490380648026153,0.0,1.0,3400000.0,Brent Brennan,high,,,,
290,Georgia Southern,Eagles,Georgia Southern Eagles,GASO,Sun Belt,37,False,2,1,38.0,22.0,1,0.5,19.0,11.0,8.0,12,0.5,2.0,63.2,0.0,297.5,123.06737,92.0,3.8,8.0,24.0,120.0,2.0,2026,Georgia Southern,Georgia Southern University,GA,NCAA Division I-FBS,"Public, 4-year or above",11225441.0,38133784.0,11225441.0,76886.58219178082,9257849.0,1967592.0,13477.0,1571069.0,3683496.0,251750.0,77607.0,347870.0,38133784.0,0.0,146.0,1.0,17.0,2025.0,2.0,7.050203411600028,7.581309902278164,0.29436997387932967,0.0,1.0,,,,,,,
356,Illinois,Fighting Illini,Illinois Fighting Illini,ILL,Big Ten,5,True,2,1,69.0,54.0,1,0.5,34.5,27.0,7.5,12,0.75,0.0,69.8,1.0,226.5,174.75848,130.5,4.5,2.0,5.0,127.0,1.0,2026,Illinois,University of Illinois Urbana-Champaign,IL,NCAA Division I-FBS,"Public, 4-year or above",87939659.0,174612181.0,48001399.0,403373.1008403361,39224374.0,8777025.0,73757.0,5065420.0,26854376.0,1810900.0,325452.0,2800759.0,174612181.0,39938260.0,119.0,1.0,10.0,2025.0,2.0,7.944184777241096,8.242074536944344,0.5036284324287776,39938260.0,0.5458447251882111,8200000.0,Bret Bielema,high,,,,
21,San Diego State,Aztecs,San Diego State Aztecs,SDSU,Pac-12,9,False,2,1,63.0,48.0,1,0.5,31.5,24.0,7.5,11,1.0,2.0,51.3,2.0,101.0,110.16461,190.5,4.8,3.0,5.0,137.0,3.0,2026,San Diego State,San Diego State University,CA,NCAA Division I-FBS,"Public, 4-year or above",24485873.0,89827012.0,22274021.0,192017.4224137931,12617227.0,9656794.0,83248.0,4302440.0,12168979.0,974230.0,332821.0,1246206.0,89827012.0,2211852.0,116.0,1.0,10.0,2025.0,2.0,7.38891559262313,7.953406953577344,0.27258919622084277,2211852.0,0.9096682401317691,1750000.0,Sean Lewis,medium,,,,
52,Florida State,Seminoles,Florida State Seminoles,FSU,ACC,1,True,2,1,58.0,44.0,1,0.5,29.0,22.0,7.0,12,0.6666666666666666,1.0,58.0,1.0,163.5,121.799995,208.0,5.0,3.0,6.0,124.0,3.0,2026,Florida State,Florida State University,FL,NCAA Division I-FBS,"Public, 4-year or above",83469718.0,192717172.0,83267924.0,671515.5161290322,73897792.0,9370132.0,75566.0,8276319.0,23330208.0,1816901.0,461387.0,1894040.0,192717172.0,201794.0,124.0,1.0,14.0,2025.0,2.0,7.921528946252521,8.284920414046088,0.4331202929856194,201794.0,0.9975824286359755,5650000.0,Mike Norvell,high,21320000.0,,,800.2
2006,Akron,Zips,Akron Zips,AKR,MAC,15,False,2,1,61.0,48.0,1,0.5,30.5,24.0,6.5,12,1.0,2.0,84.8,0.0,219.0,170.23999,195.0,5.2,1.0,3.0,119.0,0.0,2026,Akron,University of Akron Main Campus,OH,NCAA Division I-FBS,"Public, 4-year or above",7630898.0,33581790.0,7630898.0,69371.8,5541211.0,2089687.0,18997.0,1530362.0,3693136.0,233555.0,68253.0,240369.0,33581788.0,0.0,110.0,1.0,19.0,2025.0,2.0,6.882575648504889,7.52610384148648,0.22723321180913822,0.0,1.0,,,,,,,
309,Louisiana,Ragin' Cajuns,Louisiana Ragin' Cajuns,UL,Sun Belt,37,False,2,1,68.0,56.0,1,0.5,34.0,28.0,6.0,12,1.0,0.0,72.0,3.0,221.5,141.36,194.5,5.5,3.0,7.0,119.0,4.0,2026,Louisiana,University of Louisiana at Lafayette,LA,NCAA Division I-FBS,"Public, 4-year or above",14846554.0,42959075.0,14846554.0,104553.1971830986,11752941.0,3093613.0,21786.0,1770334.0,5226004.0,350334.0,142000.0,501208.0,42959075.0,0.0,142.0,1.0,10.0,2025.0,2.0,7.171625662242123,7.633054921510849,0.3455976181982503,0.0,1.0,,,,,,,
68,Boise State,Broncos,Boise State Broncos,BOIS,Pac-12,9,False,2,1,65.0,54.0,1,0.5,32.5,27.0,5.5,11,0.5833333333333333,0.0,56.1,0.0,201.0,138.89789,225.0,5.4,3.0,11.0,109.0,1.0,2026,Boise State,Boise State University,ID,NCAA Division I-FBS,"Public, 4-year or above",55692857.0,89699430.0,25752831.0,220109.66666666663,22293743.0,3459088.0,29565.0,2751698.0,8431282.0,778658.0,197304.0,996917.0,69810118.0,29940026.0,117.0,1.0,10.0,2025.0,2.0,7.7457994974284325,7.952789683304502,0.6208830646972896,29940026.0,0.4624081504743059,2300000.0,Spencer Danielson,high,,,,
2572,Southern Miss,Golden Eagles,Southern Miss Golden Eagles,USM,Sun Belt,37,False,2,1,57.0,46.0,1,0.5,28.5,23.0,5.5,12,1.0,0.0,61.7,3.0,198.5,118.14,183.5,4.5,2.0,7.0,149.0,4.0,2026,Southern Miss,University of Southern Mississippi,MS,NCAA Division I-FBS,"Public, 4-year or above",11033253.0,31875542.0,11033253.0,97639.407079646,9057541.0,1975712.0,17484.0,2900781.0,4419519.0,253123.0,101833.0,551644.0,31875542.0,0.0,113.0,1.0,26.0,2025.0,2.0,7.042703576960855,7.503457578088536,0.34613538492929785,0.0,1.0,,,,,,,
278,Fresno State,Bulldogs,Fresno State Bulldogs,FRES,Pac-12,9,False,2,1,49.0,42.0,1,0.5,24.5,21.0,3.5,12,0.6666666666666666,1.0,73.3,1.0,213.0,163.36668,116.0,3.7,1.0,7.0,139.0,1.0,2026,Fresno State,California State University-Fresno,CA,NCAA Division I-FBS,"Public, 4-year or above",17708178.0,63439685.0,17708178.0,158108.73214285713,14450538.0,3257640.0,29086.0,2684602.0,5710634.0,424078.0,132972.0,917419.0,63439685.0,0.0,112.0,1.0,17.0,2025.0,2.0,7.248173878792989,7.802361017892438,0.27913407829815046,0.0,1.0,,Matt Entz,medium,,,,
218,Temple,Owls,Temple Owls,TEM,American,151,False,2,1,47.0,41.0,1,0.5,23.5,20.5,3.0,12,1.0,1.0,57.9,1.0,124.5,116.82421,201.5,5.2,3.0,6.0,108.0,2.0,2026,Temple,Temple University,PA,NCAA Division I-FBS,"Public, 4-year or above",26295531.0,71198560.0,26295531.0,228656.79130434783,22339954.0,3955577.0,34396.0,2123011.0,6811093.0,445931.0,167708.0,620782.0,71198560.0,0.0,115.0,1.0,10.0,2025.0,2.0,7.419881945183378,7.85247121006413,0.3693267251472502,0.0,1.0,,,,,,,
96,Kentucky,Wildcats,Kentucky Wildcats,UK,SEC,8,True,2,1,62.0,58.0,1,0.5,31.0,29.0,2.0,12,1.0,2.0,61.0,1.0,223.5,149.4061,134.0,4.1,6.0,10.0,128.0,2.0,2026,Kentucky,University of Kentucky,KY,NCAA Division I-FBS,"Public, 4-year or above",43281917.0,186609679.0,43281917.0,354769.81147540984,38910443.0,4371474.0,35832.0,6645034.0,28402132.0,2084324.0,325765.0,2982179.0,186609679.0,0.0,122.0,1.0,14.0,2025.0,2.0,7.636306487867563,8.270934165816026,0.23193822116804563,0.0,1.0,9000000.0,Mark Stoops,high,,,,
2229,Florida International,Panthers,Florida International Panthers,FIU,Conference USA,12,False,2,1,42.0,39.0,1,0.5,21.0,19.5,1.5,12,0.75,2.0,60.9,2.0,343.5,141.62552,117.0,3.7,4.0,11.0,129.0,1.0,2026,Florida International,Florida International University,FL,Independent,"Public, 4-year or above",12834881.0,42392051.0,12834881.0,112586.67543859647,10062315.0,2772566.0,24321.0,2180640.0,4291101.0,365554.0,129649.0,820078.0,42392051.0,0.0,114.0,1.0,14.0,2025.0,2.0,7.10839184641744,7.627284428987054,0.3027662190725332,0.0,1.0,,,,,,,
249,North Texas,Mean Green,North Texas Mean Green,UNT,American,151,False,2,1,60.0,58.0,1,0.5,30.0,29.0,1.0,12,0.6666666666666666,0.0,69.0,1.0,238.0,145.85931,167.5,4.4,4.0,5.0,133.0,1.0,2026,North Texas,University of North Texas,TX,NCAA Division I-FBS,"Public, 4-year or above",15382425.0,58119360.0,15382425.0,93226.81818181818,10631325.0,4751100.0,28795.0,2476281.0,6469230.0,676527.0,163614.0,682731.0,58119360.0,0.0,165.0,1.0,11.0,2025.0,2.0,7.187024806278152,7.764320823279136,0.2646695524520573,0.0,1.0,,,,,,,
2483,Oregon,Ducks,Oregon Ducks,ORE,Big Ten,5,True,2,1,65.0,66.0,1,0.5,32.5,33.0,-0.5,12,0.5,2.0,62.7,0.0,284.5,158.72685,104.5,3.8,3.0,5.0,147.0,2.0,2026,Oregon,University of Oregon,OR,NCAA Division I-FBS,"Public, 4-year or above",119584907.0,167129024.0,60847472.0,482916.4444444445,50103671.0,10743801.0,85268.0,9210885.0,27439636.0,2494343.0,479753.0,2857116.0,164742082.0,58737435.0,126.0,1.0,14.0,2025.0,2.0,8.077676370118578,8.223051876993788,0.7155244740733961,58737435.0,0.508822338257118,10400000.0,Dan Lanning,high,21320000.0,,,984.33
275,Wisconsin,Badgers,Wisconsin Badgers,WIS,Big Ten,5,True,2,1,49.0,50.0,1,0.5,24.5,25.0,-0.5,12,1.0,1.0,59.6,1.0,195.0,131.4923,150.0,4.8,1.0,4.0,127.0,0.0,2026,Wisconsin,University of Wisconsin-Madison,WI,NCAA Division I-FBS,"Public, 4-year or above",112319593.0,190503289.0,40903448.0,335274.1639344262,34262903.0,6640545.0,54431.0,5122786.0,25631644.0,1567756.0,237002.0,1725093.0,180525755.0,71416145.0,122.0,1.0,15.0,2025.0,2.0,8.050455521084036,8.279902478081036,0.5895939833353744,71416145.0,0.3641701942420678,7825000.0,Luke Fickell,high,,,,
295,Old Dominion,Monarchs,Old Dominion Monarchs,ODU,Sun Belt,37,False,2,1,52.0,54.0,1,0.5,26.0,27.0,-1.0,12,1.0,4.0,64.7,1.0,165.0,169.49763,149.5,4.1,9.0,16.0,173.0,1.0,2026,Old Dominion,Old Dominion University,VA,NCAA Division I-FBS,"Public, 4-year or above",14787371.0,53232824.0,14787371.0,127477.33620689657,11236573.0,3550798.0,30610.0,1751491.0,5063828.0,260141.0,106525.0,689496.0,53232824.0,0.0,116.0,1.0,14.0,2025.0,2.0,7.169890969015021,7.726179506095446,0.2777867091928093,0.0,1.0,,,,,,,
197,Oklahoma State,Cowboys,Oklahoma State Cowboys,OKST,Big 12,4,True,2,1,49.0,55.0,1,0.5,24.5,27.5,-3.0,12,0.75,2.0,59.8,4.0,279.0,113.20087,182.0,4.7,4.0,8.0,112.0,1.0,2026,Oklahoma State,Oklahoma State University-Main Campus,OK,NCAA Division I-FBS,"Public, 4-year or above",56992244.0,153679234.0,32830617.0,241401.5955882353,27788241.0,5042376.0,37076.0,4675039.0,21380755.0,1772953.0,263826.0,1869738.0,153679234.0,24161627.0,136.0,1.0,11.0,2025.0,2.0,7.755815757125281,8.186615187158152,0.370851952580659,24161627.0,0.5760541206273612,,Eric Morris,medium,,,,
2335,Liberty,Flames,Liberty Flames,LIB,Conference USA,12,False,2,1,37.0,43.0,1,0.5,18.5,21.5,-3.0,12,1.0,2.0,52.1,0.0,208.0,145.805,142.0,3.4,2.0,13.0,108.0,2.0,2026,Liberty,Liberty University,VA,NCAA Division I-FBS,"Private nonprofit, 4-year or above",22964576.0,62067210.0,22964576.0,196278.42735042737,19919242.0,3045334.0,26028.0,2526805.0,10968923.0,999825.0,152698.0,1020558.0,62067210.0,0.0,117.0,1.0,10.0,2025.0,2.0,7.361058431353758,7.792862223735044,0.36999530025596444,0.0,1.0,,,,,,,
193,Miami (OH),RedHawks,Miami (OH) RedHawks,M-OH,MAC,15,False,2,1,59.0,66.0,1,0.5,29.5,33.0,-3.5,12,1.0,0.0,63.5,1.0,249.0,165.72461,114.0,3.8,2.0,6.0,113.0,0.0,2026,Miami (OH),Miami University-Oxford,OH,NCAA Division I-FBS,"Public, 4-year or above",11017434.0,41169189.0,11017434.0,68431.26708074534,9018814.0,1998620.0,12414.0,1395783.0,4805553.0,309705.0,77577.0,778050.0,40792930.0,0.0,161.0,1.0,14.0,2025.0,2.0,7.042080457546226,7.61457231182882,0.2676135786886645,0.0,1.0,,,,,,,
2084,Buffalo,Bulls,Buffalo Bulls,BUFF,MAC,15,False,2,1,41.0,50.0,1,0.5,20.5,25.0,-4.5,12,0.5,3.0,54.5,1.0,219.0,113.05,102.0,3.5,3.0,12.0,131.0,1.0,2026,Buffalo,University at Buffalo,NY,NCAA Division I-FBS,"Public, 4-year or above",14098031.0,49986844.0,14098031.0,119474.83898305084,11703598.0,2394433.0,20292.0,1445613.0,3471069.0,222405.0,87372.0,503371.0,49986844.0,0.0,118.0,1.0,14.0,2025.0,2.0,7.149158461198102,7.698855717735736,0.28203482900420757,0.0,1.0,,,,,,,
2655,Tulane,Green Wave,Tulane Green Wave,TULN,American,151,False,2,1,31.0,41.0,1,0.5,15.5,20.5,-5.0,12,0.75,1.0,59.6,0.0,208.0,133.14615,133.0,4.8,1.0,5.0,164.0,0.0,2026,Tulane,Tulane University of Louisiana,LA,NCAA Division I-FBS,"Private nonprofit, 4-year or above",23998569.0,66211945.0,22676121.0,181408.968,21109511.0,1566610.0,12533.0,3858120.0,9559218.0,955778.0,170726.0,1081320.0,66211945.0,1322448.0,125.0,1.0,17.0,2025.0,2.0,7.380185346131102,7.820936345627284,0.3624507481240734,1322448.0,0.944894714347343,,,,,,,
2638,UTEP,Miners,UTEP Miners,UTEP,Mountain West,17,False,2,1,51.0,61.0,1,0.5,25.5,30.5,-5.0,12,0.5,3.0,61.5,0.0,162.5,165.06616,182.0,5.1,3.0,6.0,140.0,1.0,2026,UTEP,The University of Texas at El Paso,TX,NCAA Division I-FBS,"Public, 4-year or above",13123683.0,32413794.0,11062136.0,97036.28070175438,8697998.0,2364138.0,20738.0,1906112.0,3661998.0,431712.0,92150.0,547446.0,32413794.0,2061547.0,114.0,1.0,16.0,2025.0,2.0,7.118055731542305,7.510729867713143,0.404879570716097,2061547.0,0.8429139899218839,,,,,,,
103,Boston College,Eagles,Boston College Eagles,BC,ACC,1,True,2,1,43.0,55.0,1,0.5,21.5,27.5,-6.0,12,0.5,2.0,56.3,3.0,237.5,119.37249,157.5,4.5,4.0,9.0,130.0,4.0,2026,Boston College,Boston College,MA,NCAA Division I-FBS,"Private nonprofit, 4-year or above",47531226.0,142122049.0,41224780.0,278545.8108108108,32104724.0,9120056.0,61622.0,2969095.0,14553358.0,653075.0,231602.0,2016982.0,142122049.0,6306446.0,148.0,1.0,10.0,2025.0,2.0,7.676979016444305,8.152661460166705,0.334439492917809,6306446.0,0.8673199382654257,,Bill O'Brien,unverified,,,,
5,UAB,Blazers,UAB Blazers,UAB,American,151,False,2,1,49.0,62.0,1,0.5,24.5,31.0,-6.5,12,0.25,1.0,55.3,2.0,167.0,120.382545,230.0,4.6,2.0,5.0,115.0,1.0,2026,UAB,University of Alabama at Birmingham,AL,NCAA Division I-FBS,"Public, 4-year or above",14442335.0,43889337.0,13162064.0,109683.86666666668,11032459.0,2129605.0,17747.0,1614944.0,5603347.0,510534.0,110441.0,515346.0,40789883.0,1280271.0,120.0,1.0,10.0,2025.0,2.0,7.15963741453792,7.642359020366133,0.3290625009897051,1280271.0,0.9113529079612126,,,,,,,
2751,Wyoming,Cowboys,Wyoming Cowboys,WYO,Mountain West,17,False,2,1,34.0,48.0,1,0.5,17.0,24.0,-7.0,12,1.0,3.0,66.7,3.0,139.5,120.04665,149.0,4.4,3.0,9.0,142.0,2.0,2026,Wyoming,University of Wyoming,WY,NCAA Division I-FBS,"Public, 4-year or above",16630620.0,50399891.0,13091901.0,111896.58974358976,11562384.0,1529517.0,13073.0,1706109.0,5352078.0,365245.0,95776.0,968761.0,50399891.0,3538719.0,117.0,1.0,14.0,2025.0,2.0,7.2209084402934565,7.702429597196523,0.3299733326804219,3538719.0,0.7872166521753248,,,,,,,
2623,Missouri State,Bears,Missouri State Bears,MOST,Conference USA,12,False,2,1,48.0,64.0,1,0.5,24.0,32.0,-8.0,12,1.0,2.0,69.0,0.0,175.0,146.57715,150.5,4.0,5.0,9.0,130.0,1.0,2026,Missouri State,Missouri State University-Springfield,MO,NCAA Division I-FCS,"Public, 4-year or above",6558020.0,28059311.0,6558020.0,66242.62626262626,4670637.0,1887383.0,19064.0,967091.0,3069942.0,251409.0,65062.0,455661.0,28059311.0,0.0,99.0,1.0,11.0,2025.0,2.0,6.816772736803672,7.4480770026662615,0.23371992277358486,0.0,1.0,,,,,,,
8,Arkansas,Razorbacks,Arkansas Razorbacks,ARK,SEC,8,True,2,1,41.0,57.0,1,0.5,20.5,28.5,-8.0,12,1.0,2.0,55.4,2.0,255.5,118.5836,104.5,2.7,3.0,9.0,98.0,1.0,2026,Arkansas,University of Arkansas,AR,NCAA Division I-FBS,"Public, 4-year or above",90791403.0,195879594.0,57370871.0,451739.14173228346,49164032.0,8206839.0,64621.0,9926627.0,32239326.0,3332039.0,471042.0,2544123.0,188988863.0,33420532.0,127.0,1.0,14.0,2025.0,2.0,7.95804472730497,8.291989195184131,0.46350618329339605,33420532.0,0.6318976147994981,6814600.0,Sam Pittman,high,,,,
25,California,Golden Bears,California Golden Bears,CAL,ACC,1,True,2,1,45.0,63.0,1,0.5,22.5,31.5,-9.0,12,0.75,1.0,58.0,2.0,236.5,118.0163,93.0,2.8,5.0,7.0,114.0,4.0,2026,California,University of California-Berkeley,CA,NCAA Division I-FBS,"Public, 4-year or above",63954618.0,173116318.0,46721911.0,389349.25833333336,35905641.0,10816270.0,90136.0,3106066.0,18499179.0,788336.0,231773.0,2681244.0,173116318.0,17232707.0,120.0,1.0,10.0,2025.0,2.0,7.805871909244806,8.238338006542882,0.3694314824787343,17232707.0,0.7305478863152619,,Justin Wilcox,unverified,,,,
242,Rice,Owls,Rice Owls,RICE,American,151,False,2,1,31.0,55.0,1,0.5,15.5,27.5,-12.0,12,1.0,4.0,56.5,0.0,49.5,106.96782,261.0,5.1,3.0,6.0,129.0,1.0,2026,Rice,Rice University,TX,NCAA Division I-FBS,"Private nonprofit, 4-year or above",19591289.0,70408131.0,19591289.0,159278.7723577236,15935643.0,3655646.0,29721.0,1896954.0,5730603.0,369624.0,152733.0,638678.0,70408131.0,0.0,123.0,1.0,10.0,2025.0,2.0,7.292063011143827,7.847622816024548,0.278253217657489,0.0,1.0,,,,,,,
228,Clemson,Tigers,Clemson Tigers,CLEM,ACC,1,True,2,1,32.0,58.0,1,0.5,16.0,29.0,-13.0,12,0.75,1.0,59.6,2.0,151.0,102.90947,95.0,2.9,3.0,6.0,148.0,1.0,2026,Clemson,Clemson University,SC,NCAA Division I-FBS,"Public, 4-year or above",86902571.0,186106774.0,81136726.0,592238.8759124088,71855825.0,9280901.0,67744.0,7291712.0,29089139.0,1925461.0,487841.0,3911594.0,186106774.0,5765845.0,137.0,1.0,11.0,2025.0,2.0,7.939032625178195,8.269762181068861,0.46695006921134424,5765845.0,0.9336516177409757,11447025.0,Dabo Swinney,high,21320000.0,,,862.85
195,Ohio,Bobcats,Ohio Bobcats,OHIO,MAC,15,False,2,1,50.0,76.0,1,0.5,25.0,38.0,-13.0,12,0.6666666666666666,0.0,51.9,1.0,130.5,102.792305,152.0,3.8,2.0,9.0,135.0,0.0,2026,Ohio,Ohio University-Main Campus,OH,NCAA Division I-FBS,"Public, 4-year or above",10812487.0,33031821.0,10812487.0,79503.58088235294,8377421.0,2435066.0,17905.0,1429779.0,3959670.0,314847.0,79638.0,484229.0,33031821.0,0.0,136.0,1.0,14.0,2025.0,2.0,7.0339255983150295,7.518932516423836,0.32733548053557204,0.0,1.0,,,,,,,
2117,Central Michigan,Chippewas,Central Michigan Chippewas,CMU,MAC,15,False,2,1,20.0,48.0,1,0.5,10.0,24.0,-14.0,12,1.0,2.0,45.9,3.0,53.0,54.06,159.5,4.3,3.0,4.0,145.0,2.0,2026,Central Michigan,Central Michigan University,MI,NCAA Division I-FBS,"Public, 4-year or above",11608428.0,38536340.0,11608428.0,95151.04918032789,9884979.0,1723449.0,14127.0,2142873.0,4681287.0,325995.0,129777.0,404366.0,38536340.0,0.0,122.0,1.0,14.0,2025.0,2.0,7.064773412059898,7.585870465034436,0.3012332774726401,0.0,1.0,,,,,,,
24,Stanford,Cardinal,Stanford Cardinal,STAN,ACC,1,True,2,1,43.0,72.0,1,0.5,21.5,36.0,-14.5,12,0.6666666666666666,0.0,57.9,0.0,265.5,121.0421,118.0,3.9,2.0,6.0,127.0,1.0,2026,Stanford,Stanford University,CA,NCAA Division I-FBS,"Private nonprofit, 4-year or above",35992019.0,192802320.0,35992019.0,327200.17272727273,26205293.0,9786726.0,88970.0,2096105.0,17444173.0,500525.0,159558.0,1703976.0,192802320.0,0.0,110.0,1.0,10.0,2025.0,2.0,7.556206209419374,8.285112255485567,0.1866783501360357,0.0,1.0,,Frank Reich,unverified,,,,
2050,Ball State,Cardinals,Ball State Cardinals,BALL,MAC,15,False,2,1,44.0,73.0,1,0.5,22.0,36.5,-14.5,12,0.5,0.0,68.1,2.0,188.0,122.00782,135.5,4.6,4.0,10.0,133.0,3.0,2026,Ball State,Ball State University,IN,NCAA Division I-FBS,"Public, 4-year or above",7990057.0,30329090.0,7990057.0,66583.80833333333,6644848.0,1345209.0,11210.0,1641907.0,4613083.0,245911.0,99714.0,369276.0,30329090.0,0.0,120.0,1.0,14.0,2025.0,2.0,6.9025498775239,7.48185937984883,0.26344532592306596,0.0,1.0,,,,,,,
2309,Kent State,Golden Flashes,Kent State Golden Flashes,KENT,MAC,15,False,2,1,36.0,72.0,1,0.5,18.0,36.0,-18.0,12,1.0,1.0,60.8,3.0,166.0,110.07058,147.5,4.3,6.0,9.0,114.0,2.0,2026,Kent State,Kent State University at Kent,OH,NCAA Division I-FBS,"Public, 4-year or above",10351311.0,37209656.0,10351311.0,94102.82727272729,7194130.0,3157181.0,28702.0,770628.0,2713393.0,216003.0,61625.0,503118.0,37209656.0,0.0,110.0,1.0,9.0,2025.0,2.0,7.014995356943598,7.570655655025771,0.2781888389400859,0.0,1.0,,,,,,,
2226,Florida Atlantic,Owls,Florida Atlantic Owls,FAU,American,151,False,2,1,59.0,96.0,1,0.5,29.5,48.0,-18.5,12,0.75,1.0,70.9,2.0,331.0,154.00323,81.0,2.0,2.0,9.0,117.0,2.0,2026,Florida Atlantic,Florida Atlantic University,FL,NCAA Division I-FBS,"Public, 4-year or above",19330509.0,49292817.0,19330509.0,168091.38260869565,14910165.0,4420344.0,38438.0,1646052.0,5530040.0,351412.0,129464.0,595514.0,49292817.0,0.0,115.0,1.0,10.0,2025.0,2.0,7.286243289775108,7.692783638049166,0.3921567111897865,0.0,1.0,,,,,,,
276,Marshall,Thundering Herd,Marshall Thundering Herd,MRSH,Sun Belt,37,False,2,1,28.0,71.0,1,0.5,14.0,35.5,-21.5,12,0.75,2.0,66.7,1.0,142.0,116.21058,86.5,2.7,2.0,4.0,144.0,1.0,2026,Marshall,Marshall University,WV,NCAA Division I-FBS,"Public, 4-year or above",13569649.0,47042862.0,13569649.0,114997.02542372882,9999898.0,3569751.0,30252.0,1432304.0,4632992.0,331664.0,110064.0,608896.0,47042862.0,0.0,118.0,1.0,10.0,2025.0,2.0,7.132568614105232,7.672493735538257,0.28845287941877346,0.0,1.0,,,,,,,
55,Jacksonville State,Gamecocks,Jacksonville State Gamecocks,JVST,Conference USA,12,False,3,1,83.0,69.0,2,0.3333333333333333,27.666666666666668,23.0,4.666666666666668,12,0.75,2.0,69.6,2.0,241.0,166.94328,140.0,3.9,6.0,14.0,216.0,3.0,2026,Jacksonville State,Jacksonville State University,AL,NCAA Division I-FBS,"Public, 4-year or above",14998859.0,34639572.0,14998859.0,94929.48734177215,13657316.0,1341543.0,8491.0,1200347.0,3402489.0,273617.0,92673.0,498790.0,34639572.0,0.0,158.0,1.0,10.0,2025.0,2.0,7.176058222465584,7.539572517317983,0.43299781533097464,0.0,1.0,,,,,,,
166,New Mexico State,Aggies,New Mexico State Aggies,NMSU,Conference USA,12,False,3,1,87.0,77.0,2,0.3333333333333333,29.0,25.666666666666668,3.333333333333332,12,0.4166666666666666,1.0,58.4,3.0,282.0,142.56395,135.7,4.2,4.0,11.0,184.0,3.0,2026,New Mexico State,New Mexico State University-Main Campus,NM,NCAA Division I-FBS,"Public, 4-year or above",11779202.0,37088598.0,11779202.0,79055.04697986577,9066179.0,2713023.0,18208.0,1402694.0,3470992.0,252654.0,115004.0,585465.0,37088598.0,0.0,149.0,1.0,10.0,2025.0,2.0,7.071115869505782,7.569240416710337,0.31759631356245926,0.0,1.0,,,,,,,
16,Sacramento State,Hornets,Sacramento State Hornets,SAC,MAC,15,False,3,1,72.0,77.0,2,0.3333333333333333,24.0,25.666666666666668,-1.666666666666668,12,0.4166666666666666,2.0,55.7,3.0,207.33333,112.11282,121.3,4.0,6.0,11.0,195.0,0.0,2026,Sacramento State,California State University-Sacramento,CA,NCAA Division I-FCS,"Public, 4-year or above",10126065.0,46274655.0,10126065.0,65329.45161290323,8138864.0,1987201.0,12821.0,1605336.0,3965152.0,223618.0,72722.0,147357.0,46274655.0,0.0,155.0,1.0,19.0,2025.0,2.0,7.005440710829878,7.665343189560981,0.21882529432148118,0.0,1.0,,,,,,,
62,Hawai'i,Rainbow Warriors,Hawai'i Rainbow Warriors,HAW,Mountain West,17,False,3,1,62.0,77.0,2,0.3333333333333333,20.666666666666668,25.666666666666668,-5.0,12,0.3888888888888888,2.0,58.5,1.0,269.33334,111.95183,77.0,2.9,3.0,11.0,174.0,2.0,2026,Hawai'i,University of Hawaii at Manoa,HI,NCAA Division I-FBS,"Public, 4-year or above",12129152.0,53793049.0,13857022.0,121552.82456140353,10455489.0,3401533.0,29838.0,1249685.0,4128981.0,245595.0,100409.0,535355.0,53793049.0,-1727870.0,114.0,1.0,10.0,2025.0,2.0,7.083830438575195,7.730726160871317,0.22547805386528658,-1727870.0,1.1424559606475375,,,,,,,
2199,Eastern Michigan,Eagles,Eastern Michigan Eagles,EMU,MAC,15,False,3,1,56.0,79.0,2,0.3333333333333333,18.666666666666668,26.333333333333332,-7.666666666666664,12,0.6666666666666666,2.0,62.6,1.0,190.33333,114.57233,92.3,3.4,5.0,12.0,206.0,2.0,2026,Eastern Michigan,Eastern Michigan University,MI,NCAA Division I-FBS,"Public, 4-year or above",11079719.0,38924556.0,11079719.0,93106.88235294116,9414225.0,1665494.0,13996.0,1120529.0,3369776.0,262683.0,77986.0,1117485.0,38924556.0,0.0,119.0,1.0,11.0,2025.0,2.0,7.0445287461056845,7.590223667409722,0.2846459957051276,0.0,1.0,,,,,,,
2439,UNLV,Rebels,UNLV Rebels,UNLV,Mountain West,17,False,3,1,48.0,77.0,2,0.3333333333333333,16.0,25.666666666666668,-9.666666666666668,12,0.5,3.0,58.4,1.0,203.33333,121.57574,171.7,4.2,7.0,9.0,178.0,1.0,2026,UNLV,University of Nevada-Las Vegas,NV,NCAA Division I-FBS,"Public, 4-year or above",24707431.0,77272658.0,20854643.0,184554.3628318584,15659156.0,5195487.0,45978.0,1403454.0,4593271.0,186964.0,121649.0,1516473.0,74767674.0,3852788.0,113.0,1.0,10.0,2025.0,2.0,7.392827591192221,7.888025851223664,0.31974351134653606,3852788.0,0.8440635936613564,,,,,,,
2534,Sam Houston,Bearkats,Sam Houston Bearkats,SHSU,Conference USA,12,False,2,0,38.0,47.0,2,0.0,19.0,23.5,-4.5,12,1.0,1.0,66.7,1.0,325.5,151.87038,46.5,1.7,8.0,10.0,134.0,0.0,2026,Sam Houston,Sam Houston State University,TX,NCAA Division I-FBS,"Public, 4-year or above",9740021.0,31968068.0,9740021.0,76693.07874015748,7376730.0,2363291.0,18609.0,1268878.0,3046447.0,286512.0,70169.0,146374.0,31955712.0,0.0,127.0,1.0,14.0,2025.0,2.0,6.9885598932414785,7.50471639034448,0.3046796884941561,0.0,1.0,,,,,,,
328,Utah State,Aggies,Utah State Aggies,USU,Pac-12,9,False,2,0,31.0,45.0,2,0.0,15.5,22.5,-7.0,12,1.0,0.0,50.7,7.0,220.5,99.98219,118.5,3.2,4.0,8.0,124.0,0.0,2026,Utah State,Utah State University,UT,NCAA Division I-FBS,"Public, 4-year or above",17310081.0,48349839.0,17310081.0,157364.37272727274,15049501.0,2260580.0,20551.0,2215540.0,6694244.0,650020.0,156552.0,624640.0,48349839.0,0.0,110.0,1.0,10.0,2025.0,2.0,7.2382991000978505,7.684395032265391,0.35801734520770584,0.0,1.0,,Bronco Mendenhall,medium,,,,
59,Georgia Tech,Yellow Jackets,Georgia Tech Yellow Jackets,GT,ACC,1,True,2,0,37.0,59.0,2,0.0,18.5,29.5,-11.0,12,1.0,1.0,67.2,2.0,229.0,126.636246,93.0,3.0,2.0,9.0,150.0,0.0,2026,Georgia Tech,Georgia Institute of Technology-Main Campus,GA,NCAA Division I-FBS,"Public, 4-year or above",70541041.0,140430227.0,42709508.0,355912.56666666665,31110540.0,11598968.0,96658.0,3709371.0,15565517.0,1109351.0,260002.0,2054588.0,140430227.0,27831533.0,120.0,1.0,10.0,2025.0,2.0,7.848441864421629,8.147460597867811,0.5023209212643373,27831533.0,0.60545616274645,4500000.0,Brent Key,high,,,,
164,Rutgers,Scarlet Knights,Rutgers Scarlet Knights,RUTG,Big Ten,5,True,2,0,42.0,65.0,2,0.0,21.0,32.5,-11.5,12,0.75,1.0,61.5,7.0,274.5,140.92152,90.5,2.7,1.0,4.0,124.0,2.0,2026,Rutgers,Rutgers University-New Brunswick,NJ,NCAA Division I-FBS,"Public, 4-year or above",75922954.0,171679918.0,75922954.0,554182.1459854015,61473742.0,14449212.0,105469.0,4271957.0,21702609.0,1334237.0,293772.0,2038136.0,171679918.0,0.0,137.0,1.0,10.0,2025.0,2.0,7.880373097218784,8.234719497188534,0.4422354978058645,0.0,1.0,6500000.0,Greg Schiano,high,,,,
204,Oregon State,Beavers,Oregon State Beavers,ORST,Pac-12,9,False,2,0,44.0,68.0,2,0.0,22.0,34.0,-12.0,11,1.0,0.0,61.0,1.0,396.5,138.56,40.5,1.8,5.0,8.0,156.0,1.0,2026,Oregon State,Oregon State University,OR,NCAA Division I-FBS,"Public, 4-year or above",32621301.0,104767703.0,23847865.0,205585.0431034483,18231138.0,5616727.0,48420.0,3301201.0,11908448.0,918231.0,238297.0,1252955.0,100306447.0,8773436.0,116.0,1.0,10.0,2025.0,2.0,7.513501277545883,8.020227422240858,0.31136791268583985,8773436.0,0.7310519283090519,2000000.0,Trent Bray,medium,,,,
2429,Charlotte,49ers,Charlotte 49ers,CLT,American,151,False,2,0,50.0,84.0,2,0.0,25.0,42.0,-17.0,12,1.0,0.0,69.6,3.0,250.5,136.66782,179.5,5.4,3.0,10.0,124.0,1.0,2026,Charlotte,University of North Carolina at Charlotte,NC,NCAA Division I-FBS,"Public, 4-year or above",11946167.0,54956032.0,15571390.0,127634.34426229508,11472945.0,4098445.0,33594.0,981963.0,3069045.0,166671.0,67941.0,915585.0,54956032.0,-3625223.0,122.0,1.0,12.0,2025.0,2.0,7.077228581620791,7.7400153677429815,0.21737681133892636,-3625223.0,1.3034632782213742,,,,,,,
151,East Carolina,Pirates,East Carolina Pirates,ECU,American,151,False,2,0,34.0,75.0,2,0.0,17.0,37.5,-20.5,12,1.0,1.0,57.1,2.0,195.0,126.37857,94.5,3.3,3.0,8.0,157.0,0.0,2026,East Carolina,East Carolina University,NC,NCAA Division I-FBS,"Public, 4-year or above",16480592.0,68011262.0,16473046.0,127698.03100775194,13183603.0,3289443.0,25500.0,3108740.0,7739432.0,733528.0,169658.0,828291.0,64764468.0,7546.0,129.0,1.0,14.0,2025.0,2.0,7.216972807950632,7.832580833580941,0.24232151433978685,7546.0,0.999542128098311,,,,,,,
265,Washington State,Cougars,Washington State Cougars,WSU,Pac-12,9,False,2,0,17.0,58.0,2,0.0,8.5,29.0,-20.5,12,1.0,2.0,55.6,2.0,103.5,85.43999,100.5,3.3,0.0,5.0,109.0,2.0,2026,Washington State,Washington State University,WA,NCAA Division I-FBS,"Public, 4-year or above",38831529.0,82229485.0,22896016.0,184645.29032258064,18618341.0,4277675.0,34497.0,3626248.0,9153920.0,769828.0,204030.0,1235204.0,68573910.0,15935513.0,124.0,1.0,14.0,2025.0,2.0,7.589184491323523,7.91502757029858,0.4722336397947768,15935513.0,0.5896243745642877,,Kirby Moore,medium,,,,
2459,Northern Illinois,Huskies,Northern Illinois Huskies,NIU,Mountain West,17,False,2,0,24.0,68.0,2,0.0,12.0,34.0,-22.0,12,1.0,1.0,66.7,3.0,154.5,109.491104,59.5,1.8,3.0,8.0,138.0,3.0,2026,Northern Illinois,Northern Illinois University,IL,NCAA Division I-FBS,"Public, 4-year or above",13249127.0,34342695.0,13199127.0,92301.5874125874,11741249.0,1457878.0,10195.0,1202337.0,3806439.0,241937.0,96040.0,383206.0,34342695.0,50000.0,143.0,1.0,10.0,2025.0,2.0,7.122187263059741,7.535834372878007,0.3857917091247498,50000.0,0.9962261664485517,,,,,,,
2433,UL Monroe,Warhawks,UL Monroe Warhawks,ULM,Sun Belt,37,False,2,0,33.0,88.0,2,0.0,16.5,44.0,-27.5,12,0.75,0.0,54.2,1.0,98.0,91.315,169.5,4.1,3.0,6.0,147.0,1.0,2026,UL Monroe,University of Louisiana at Monroe,LA,NCAA Division I-FBS,"Public, 4-year or above",7772886.0,20557764.0,7772886.0,66434.92307692308,6248435.0,1524451.0,13029.0,1124132.0,2756628.0,229122.0,89501.0,215545.0,20557764.0,0.0,117.0,1.0,10.0,2025.0,2.0,6.890582298229867,7.312975876117482,0.3780997777773886,0.0,1.0,,,,,,,
189,Bowling Green,Falcons,Bowling Green Falcons,BGSU,MAC,15,False,2,0,20.0,76.0,2,0.0,10.0,38.0,-28.0,12,1.0,3.0,73.9,1.0,173.0,139.67392,94.5,2.7,2.0,4.0,132.0,1.0,2026,Bowling Green,Bowling Green State University-Main Campus,OH,NCAA Division I-FBS,"Public, 4-year or above",10756676.0,35288178.0,10984685.0,101710.04629629628,10723673.0,261012.0,2417.0,1792269.0,5210633.0,349269.0,120250.0,782806.0,35288178.0,-228009.0,108.0,1.0,12.0,2025.0,2.0,7.031678087512263,7.547629235436379,0.304823785461522,-228009.0,1.0211969757200088,,,,,,,
326,Texas State,Bobcats,Texas State Bobcats,TXST,Pac-12,9,False,2,0,33.0,90.0,2,0.0,16.5,45.0,-28.5,11,1.0,3.0,62.7,3.0,190.0,111.853226,225.0,4.9,1.0,6.0,149.0,1.0,2026,Texas State,Texas State University,TX,NCAA Division I-FBS,"Public, 4-year or above",21622408.0,52238898.0,21622408.0,180186.73333333337,17096498.0,4525910.0,37716.0,1789191.0,5009325.0,476981.0,131221.0,854093.0,52238898.0,0.0,120.0,1.0,10.0,2025.0,2.0,7.334904057928025,7.717994006751568,0.4139139382304734,0.0,1.0,2000000.0,GJ Kinne,high,,,,
98,Western Kentucky,Hilltoppers,Western Kentucky Hilltoppers,WKU,Conference USA,12,False,2,0,34.0,119.0,2,0.0,17.0,59.5,-42.5,12,0.75,4.0,54.5,2.0,159.0,88.02572,137.0,3.5,0.0,4.0,108.0,1.0,2026,Western Kentucky,Western Kentucky University,KY,NCAA Division I-FBS,"Public, 4-year or above",11040244.0,31319105.0,11040244.0,98573.60714285714,7660837.0,3379407.0,30173.0,1375867.0,3659519.0,395923.0,69996.0,715751.0,31319105.0,0.0,112.0,1.0,14.0,2025.0,2.0,7.0429786718245735,7.495809342813905,0.35250828527826705,0.0,1.0,,,,,,,
