unitid,school,state,classification,sector,football_revenue,football_expenses,football_participants,football_opexp_per_participant,football_operating_expenses,football_head_coaches,football_assistant_coaches,dept_total_revenue,dept_total_expenses,avg_head_coach_salary_men,avg_asst_coach_salary_men,num_head_coaches_men,num_asst_coaches_men,recruiting_expenses_men,recruiting_expenses_total,report_year,academic_year,source_url,football_net,football_spend_per_player,football_nonoperating_spend,mens_coaching_payroll,football_coach_payroll_est
222178,Abilene Christian University,TX,NCAA Division I-FCS,"Private nonprofit, 4-year or above",7722606.0,6769261.0,94.0,12433.0,1168673.0,1.0,10.0,25509417,25509417,181049.0,54691.0,6.0,23.0,225680.0,340125,2024,2023-24,https://ope.ed.gov/athletics/#/datafile/list,953345.0,72013.41489361702,5600588.0,2344187.0,727959.0
126182,Adams State University,CO,NCAA Division II with football,"Public, 4-year or above",1311563.0,1311563.0,120.0,1139.0,136646.0,1.0,6.0,7289037,7289037,56060.0,13020.0,10.0,24.0,46903.0,76195,2024,2023-24,https://ope.ed.gov/athletics/#/datafile/list,0.0,10929.691666666668,1174917.0,873080.0,134180.0
168528,Adrian College,MI,NCAA Division III with football,"Private nonprofit, 4-year or above",440456.0,440456.0,136.0,907.0,123340.0,1.0,11.0,4879111,4879111,40572.0,16739.0,14.0,18.0,35629.0,82430,2024,2023-24,https://ope.ed.gov/athletics/#/datafile/list,0.0,3238.6470588235293,317116.0,869310.0,224701.0
100654,Alabama A & M University,AL,NCAA Division I-FCS,"Public, 4-year or above",4955148.0,4210963.0,135.0,10078.0,1360495.0,1.0,13.0,12639752,12639752,90232.0,50620.0,6.0,15.0,62747.0,114085,2024,2023-24,https://ope.ed.gov/athletics/#/datafile/list,744185.0,31192.318518518518,2850468.0,1300692.0,748292.0
100724,Alabama State University,AL,NCAA Division I-FCS,"Public, 4-year or above",4376977.0,4376977.0,123.0,7736.0,951552.0,1.0,10.0,14050365,14050365,109539.0,60116.0,6.0,19.0,134313.0,214415,2024,2023-24,https://ope.ed.gov/athletics/#/datafile/list,0.0,35585.17886178862,3425425.0,1799438.0,710699.0
138716,Albany State University,GA,NCAA Division II with football,"Public, 4-year or above",1266800.0,1542232.0,110.0,235.0,25880.0,1.0,9.0,3146021,3146021,84415.0,19755.0,4.0,15.0,3225.0,4225,2024,2023-24,https://ope.ed.gov/athletics/#/datafile/list,-275432.0,14020.290909090909,1516352.0,633985.0,262210.0
168546,Albion College,MI,NCAA Division III with football,"Private nonprofit, 4-year or above",657061.0,628836.0,108.0,1704.0,184079.0,1.0,7.0,6051794,5820995,44079.0,16785.0,10.0,19.0,30548.0,58323,2024,2023-24,https://ope.ed.gov/athletics/#/datafile/list,28225.0,5822.555555555556,444757.0,759705.0,161574.0
210571,Albright College,PA,NCAA Division III with football,"Private nonprofit, 4-year or above",520306.0,520306.0,125.0,1023.0,127835.0,1.0,10.0,2738205,2738205,31000.0,12273.0,11.0,23.0,26417.0,32866,2024,2023-24,https://ope.ed.gov/athletics/#/datafile/list,0.0,4162.448,392471.0,623279.0,153730.0
175342,Alcorn State University,MS,NCAA Division I-FCS,"Public, 4-year or above",2956797.0,2956797.0,120.0,4281.0,513728.0,1.0,10.0,7695116,7695116,92800.0,55411.0,5.0,17.0,60250.0,80750,2024,2023-24,https://ope.ed.gov/athletics/#/datafile/list,0.0,24639.975,2443069.0,1405987.0,646910.0
188641,Alfred University,NY,NCAA Division III with football,"Private nonprofit, 4-year or above",549524.0,549524.0,124.0,1517.0,188086.0,1.0,10.0,4017091,4017091,42412.0,13304.0,11.0,16.0,94935.0,120103,2024,2023-24,https://ope.ed.gov/athletics/#/datafile/list,0.0,4431.645161290323,361438.0,679396.0,175452.0
108807,Allan Hancock College,CA,CCCAA,"Public, 2-year",244109.0,276447.0,85.0,923.0,78447.0,1.0,8.0,2992726,2858501,29938.0,11342.0,8.0,19.0,0.0,0,2024,2023-24,https://ope.ed.gov/athletics/#/datafile/list,-32338.0,3252.3176470588237,198000.0,455002.0,120674.0
210669,Allegheny College,PA,NCAA Division III with football,"Private nonprofit, 4-year or above",707734.0,707734.0,84.0,3033.0,254783.0,1.0,7.0,4306746,4306746,48970.0,29788.0,9.0,19.0,131711.0,213923,2024,2023-24,https://ope.ed.gov/athletics/#/datafile/list,0.0,8425.404761904761,452951.0,1006702.0,257486.0
217624,Allen University,SC,NCAA Division II with football,"Private nonprofit, 4-year or above",973726.0,973726.0,109.0,1209.0,131781.0,1.0,10.0,3503367,3503367,43580.0,32083.0,4.0,9.0,9047.0,26687,2024,2023-24,https://ope.ed.gov/athletics/#/datafile/list,0.0,8933.266055045871,841945.0,463067.0,364410.0
168591,Alma College,MI,NCAA Division III with football,"Private nonprofit, 4-year or above",792122.0,792122.0,157.0,643.0,100873.0,1.0,13.0,5282679,5282679,50308.0,16157.0,10.0,32.0,27682.0,59421,2024,2023-24,https://ope.ed.gov/athletics/#/datafile/list,0.0,5045.363057324841,691249.0,1020104.0,260349.0
210775,Alvernia University,PA,NCAA Division III with football,"Private nonprofit, 4-year or above",584629.0,576258.0,95.0,1467.0,139331.0,1.0,7.0,4112905,4025369,48300.0,13529.0,10.0,26.0,85542.0,136898,2024,2023-24,https://ope.ed.gov/athletics/#/datafile/list,8371.0,6065.873684210526,436927.0,834754.0,143003.0
164447,American International College,MA,NCAA Division II with football,"Private nonprofit, 4-year or above",2207827.0,2207827.0,122.0,1013.0,123627.0,1.0,3.0,12903190,12903190,64444.0,59606.0,11.0,11.0,79523.0,96656,2024,2023-24,https://ope.ed.gov/athletics/#/datafile/list,0.0,18096.94262295082,2084200.0,1364550.0,243262.0
109208,American River College,CA,CCCAA,"Public, 2-year",584274.0,463255.0,117.0,1330.0,155567.0,1.0,24.0,4207676,3862595,68253.0,8374.0,9.0,19.0,0.0,0,2024,2023-24,https://ope.ed.gov/athletics/#/datafile/list,121019.0,3959.4444444444443,307688.0,773383.0,269229.0
164465,Amherst College,MA,NCAA Division III with football,"Private nonprofit, 4-year or above",954669.0,954669.0,87.0,912.0,79301.0,1.0,7.0,10012764,9982308,84970.0,27263.0,13.0,35.0,112646.0,189675,2024,2023-24,https://ope.ed.gov/athletics/#/datafile/list,0.0,10973.206896551725,875368.0,2058815.0,275811.0
150066,Anderson University,IN,NCAA Division III with football,"Private nonprofit, 4-year or above",545994.0,510183.0,74.0,1868.0,138238.0,1.0,12.0,3628136,3393510,38156.0,10457.0,10.0,27.0,45437.0,51453,2024,2023-24,https://ope.ed.gov/athletics/#/datafile/list,35811.0,6894.364864864865,371945.0,663899.0,163640.0
222831,Angelo State University,TX,NCAA Division II with football,"Public, 4-year or above",1901888.0,1828932.0,131.0,3286.0,430434.0,1.0,6.0,8994313,8700652,125017.0,56466.0,4.0,11.0,97463.0,180465,2024,2023-24,https://ope.ed.gov/athletics/#/datafile/list,72956.0,13961.312977099236,1398498.0,1121194.0,463813.0
164492,Anna Maria College,MA,NCAA Division III with football,"Private nonprofit, 4-year or above",364538.0,364538.0,110.0,1282.0,141015.0,1.0,10.0,2546852,2546852,68997.0,8616.0,6.0,22.0,23888.0,39218,2024,2023-24,https://ope.ed.gov/athletics/#/datafile/list,0.0,3313.981818181818,223523.0,603534.0,155157.0
109350,Antelope Valley Community College District,CA,CCCAA,"Public, 2-year",189302.0,189302.0,55.0,1456.0,80077.0,1.0,7.0,2338406,2338406,20446.0,9806.0,8.0,16.0,0.0,0,2024,2023-24,https://ope.ed.gov/athletics/#/datafile/list,0.0,3441.8545454545456,109225.0,320464.0,89088.0
197869,Appalachian State University,NC,NCAA Division I-FBS,"Public, 4-year or above",12186327.0,12186327.0,115.0,23790.0,2735849.0,1.0,10.0,43110256,43110256,346231.0,123844.0,6.0,24.0,609765.0,785050,2024,2023-24,https://ope.ed.gov/athletics/#/datafile/list,0.0,105968.06086956522,9450478.0,5049642.0,1584671.0
105899,Arizona Christian University,AZ,NAIA Division I ,"Private nonprofit, 4-year or above",2853761.0,2853761.0,141.0,2345.0,330636.0,1.0,15.0,13907271,13907271,37455.0,12397.0,11.0,36.0,14555.0,20051,2024,2023-24,https://ope.ed.gov/athletics/#/datafile/list,0.0,20239.439716312056,2523125.0,858297.0,223410.0
104151,Arizona State University Campus Immersion,AZ,NCAA Division I-FBS,"Public, 4-year or above",40162578.0,40162578.0,125.0,32252.0,4031544.0,1.0,10.0,126892086,126892086,1103912.0,251452.0,9.0,38.0,2305818.0,2936432,2024,2023-24,https://ope.ed.gov/athletics/#/datafile/list,0.0,321300.624,36131034.0,19490384.0,3618432.0
106306,Arkansas Baptist College,AR,NAIA Division I ,"Private nonprofit, 4-year or above",489267.0,489267.0,129.0,853.0,109979.0,1.0,5.0,1176830,1176830,33000.0,19259.0,5.0,7.0,43456.0,50679,2024,2023-24,https://ope.ed.gov/athletics/#/datafile/list,0.0,3792.767441860465,379288.0,299813.0,129295.0
106458,Arkansas State University,AR,NCAA Division I-FBS,"Public, 4-year or above",10096300.0,10096300.0,147.0,21822.0,3207861.0,1.0,24.0,28162528,28162528,116622.0,62116.0,5.0,24.0,610208.0,777557,2024,2023-24,https://ope.ed.gov/athletics/#/datafile/list,0.0,68682.31292517007,6888439.0,2073894.0,1607406.0
106467,Arkansas Tech University,AR,NCAA Division II with football,"Public, 4-year or above",1450537.0,1450537.0,145.0,475.0,68893.0,1.0,6.0,6927036,6927036,53697.0,45926.0,4.0,8.0,3008.0,15481,2024,2023-24,https://ope.ed.gov/athletics/#/datafile/list,0.0,10003.703448275863,1381644.0,582196.0,329253.0
201104,Ashland University,OH,NCAA Division II with football,"Private nonprofit, 4-year or above",2517597.0,2517597.0,166.0,2454.0,407436.0,1.0,11.0,11605483,11605483,54234.0,25811.0,9.0,19.0,60566.0,83003,2024,2023-24,https://ope.ed.gov/athletics/#/datafile/list,0.0,15166.246987951807,2110161.0,978515.0,338155.0
164562,Assumption University,MA,NCAA Division II with football,"Private nonprofit, 4-year or above",1571002.0,1478292.0,121.0,2521.0,305057.0,1.0,8.0,11092819,10779183,48639.0,15868.0,10.0,23.0,58582.0,86917,2024,2023-24,https://ope.ed.gov/athletics/#/datafile/list,92710.0,12217.289256198346,1173235.0,851354.0,175583.0
485768,Atlantis University,FL,USCAA,"Private for-profit, 4-year or above",192694.0,192694.0,26.0,587.0,15250.0,1.0,1.0,1398260,1398260,40000.0,5000.0,4.0,5.0,11000.0,11000,2024,2023-24,https://ope.ed.gov/athletics/#/datafile/list,0.0,7411.307692307692,177444.0,185000.0,45000.0
100858,Auburn University,AL,NCAA Division I-FBS,"Public, 4-year or above",120416776.0,60089633.0,120.0,59064.0,7087727.0,1.0,10.0,193417486,182486390,2106323.0,295075.0,7.0,35.0,2104442.0,3049127,2024,2023-24,https://ope.ed.gov/athletics/#/datafile/list,60327143.0,500746.94166666665,53001906.0,25071886.0,5057073.0
173045,Augsburg University,MN,NCAA Division III with football,"Private nonprofit, 4-year or above",517948.0,517948.0,115.0,613.0,70539.0,1.0,16.0,4690787,4690787,49097.0,9438.0,9.0,34.0,29335.0,44133,2024,2023-24,https://ope.ed.gov/athletics/#/datafile/list,0.0,4503.895652173913,447409.0,762765.0,200105.0
143084,Augustana College,IL,NCAA Division III with football,"Private nonprofit, 4-year or above",694800.0,694800.0,140.0,1630.0,228200.0,1.0,10.0,5276760,5276760,48061.0,11144.0,13.0,40.0,138094.0,189168,2024,2023-24,https://ope.ed.gov/athletics/#/datafile/list,0.0,4962.857142857143,466600.0,1070553.0,159501.0
219000,Augustana University,SD,NCAA Division II with football,"Private nonprofit, 4-year or above",2752954.0,2752954.0,123.0,2841.0,349436.0,1.0,10.0,16093092,16093092,68839.0,28586.0,9.0,31.0,174823.0,211881,2024,2023-24,https://ope.ed.gov/athletics/#/datafile/list,0.0,22381.739837398374,2403518.0,1505717.0,354699.0
143118,Aurora University,IL,NCAA Division III with football,"Private nonprofit, 4-year or above",663399.0,663399.0,143.0,961.0,137437.0,1.0,8.0,5690423,5690423,62049.0,11559.0,12.0,40.0,61901.0,95211,2024,2023-24,https://ope.ed.gov/athletics/#/datafile/list,0.0,4639.153846153846,525962.0,1206948.0,154521.0
222983,Austin College,TX,NCAA Division III with football,"Private nonprofit, 4-year or above",604036.0,604036.0,89.0,1909.0,169879.0,1.0,6.0,3238918,3238918,48055.0,25288.0,7.0,11.0,28230.0,33861,2024,2023-24,https://ope.ed.gov/athletics/#/datafile/list,0.0,6786.921348314607,434157.0,614553.0,199783.0
219602,Austin Peay State University,TN,NCAA Division I-FCS,"Public, 4-year or above",5699615.0,5699615.0,116.0,14299.0,1658675.0,1.0,10.0,25678171,25678171,167291.0,54508.0,6.0,20.0,367663.0,506182,2024,2023-24,https://ope.ed.gov/athletics/#/datafile/list,0.0,49134.612068965514,4040940.0,2093906.0,712371.0
446048,Ave Maria University,FL,NAIA Division II ,"Private nonprofit, 4-year or above",1544836.0,1544836.0,103.0,1748.0,180034.0,1.0,9.0,10213483,10213483,34390.0,18365.0,10.0,24.0,10211.0,23502,2024,2023-24,https://ope.ed.gov/athletics/#/datafile/list,0.0,14998.40776699029,1364802.0,784660.0,199675.0
231420,Averett University,VA,NCAA Division III with football,"Private nonprofit, 4-year or above",542494.0,542494.0,150.0,920.0,137966.0,1.0,10.0,4128263,4128263,44372.0,13799.0,10.0,27.0,56968.0,75245,2024,2023-24,https://ope.ed.gov/athletics/#/datafile/list,0.0,3616.6266666666666,404528.0,816293.0,182362.0
176628,Avila University,MO,NAIA Division I ,"Private nonprofit, 4-year or above",2823753.0,2823753.0,100.0,1311.0,131095.0,1.0,7.0,12876860,12876860,49662.0,13209.0,6.0,19.0,9909.0,34392,2024,2023-24,https://ope.ed.gov/athletics/#/datafile/list,0.0,28237.53,2692658.0,548943.0,142125.0
154688,Baker University,KS,NAIA Division I ,"Private nonprofit, 4-year or above",3405894.0,3317681.0,123.0,2023.0,248823.0,1.0,7.0,16433411,16205311,38096.0,13593.0,10.0,25.0,15973.0,42054,2024,2023-24,https://ope.ed.gov/athletics/#/datafile/list,88213.0,26973.016260162603,3068858.0,720785.0,133247.0
109819,Bakersfield College,CA,CCCAA,"Public, 2-year",474366.0,487215.0,93.0,1246.0,115900.0,1.0,8.0,4664019,4490493,66884.0,16974.0,10.0,20.0,0.0,0,2024,2023-24,https://ope.ed.gov/athletics/#/datafile/list,-12849.0,5238.870967741936,371315.0,1008320.0,202676.0
201195,Baldwin Wallace University,OH,NCAA Division III with football,"Private nonprofit, 4-year or above",566133.0,566133.0,142.0,1267.0,179889.0,1.0,15.0,4974893,4974893,43757.0,16553.0,13.0,30.0,95597.0,151451,2024,2023-24,https://ope.ed.gov/athletics/#/datafile/list,0.0,3986.8521126760565,386244.0,1065431.0,292052.0
150136,Ball State University,IN,NCAA Division I-FBS,"Public, 4-year or above",7707586.0,7707586.0,118.0,11400.0,1345209.0,1.0,14.0,29737219,29737219,261234.0,99714.0,7.0,27.0,253023.0,379836,2024,2023-24,https://ope.ed.gov/athletics/#/datafile/list,0.0,65318.52542372881,6362377.0,4520916.0,1657230.0
197911,Barton College,NC,NCAA Division II with football,"Private nonprofit, 4-year or above",1713904.0,1568933.0,145.0,1173.0,170091.0,1.0,9.0,8757645,8259198,50257.0,17046.0,12.0,21.0,16716.0,23349,2024,2023-24,https://ope.ed.gov/athletics/#/datafile/list,144971.0,10820.227586206896,1398842.0,961050.0,203671.0
160977,Bates College,ME,NCAA Division III with football,"Private nonprofit, 4-year or above",898402.0,867122.0,92.0,785.0,72265.0,1.0,7.0,9969709,9785412,55038.0,27132.0,14.0,25.0,71197.0,111267,2024,2023-24,https://ope.ed.gov/athletics/#/datafile/list,31280.0,9425.239130434782,794857.0,1448832.0,244962.0
223232,Baylor University,TX,NCAA Division I-FBS,"Private nonprofit, 4-year or above",41527854.0,38996269.0,111.0,63679.0,7068389.0,1.0,10.0,148063513,148063513,1931333.0,320777.0,6.0,30.0,2095807.0,2779336,2024,2023-24,https://ope.ed.gov/athletics/#/datafile/list,2531585.0,351317.73873873876,31927880.0,21211308.0,5139103.0
175421,Belhaven University,MS,NCAA Division III with football,"Private nonprofit, 4-year or above",1190555.0,1119626.0,102.0,6375.0,650285.0,1.0,11.0,4789720,4660933,59280.0,23006.0,7.0,16.0,71420.0,89994,2024,2023-24,https://ope.ed.gov/athletics/#/datafile/list,70929.0,10976.725490196079,469341.0,783056.0,312346.0
238333,Beloit College,WI,NCAA Division III with football,"Private nonprofit, 4-year or above",376827.0,376827.0,71.0,906.0,64339.0,1.0,7.0,2329371,2329371,33915.0,11136.0,8.0,18.0,52886.0,61304,2024,2023-24,https://ope.ed.gov/athletics/#/datafile/list,0.0,5307.422535211268,312488.0,471768.0,111867.0
173124,Bemidji State University,MN,NCAA Division II with football,"Public, 4-year or above",1670284.0,1670284.0,118.0,2047.0,241551.0,1.0,11.0,10346770,10346770,149315.0,51657.0,5.0,19.0,102772.0,178304,2024,2023-24,https://ope.ed.gov/athletics/#/datafile/list,0.0,14154.949152542373,1428733.0,1728058.0,717542.0
217721,Benedict College,SC,NCAA Division II with football,"Private nonprofit, 4-year or above",1926089.0,1623965.0,107.0,2430.0,260014.0,1.0,20.0,5595208,5219233,49785.0,14893.0,8.0,27.0,10233.0,18176,2024,2023-24,https://ope.ed.gov/athletics/#/datafile/list,302124.0,15177.242990654206,1363951.0,800391.0,347645.0
154712,Benedictine College,KS,NAIA Division I ,"Private nonprofit, 4-year or above",2975648.0,2975648.0,234.0,326.0,76228.0,1.0,9.0,10358706,10358706,67295.0,39659.0,7.0,19.0,37083.0,45095,2024,2023-24,https://ope.ed.gov/athletics/#/datafile/list,0.0,12716.444444444445,2899420.0,1224586.0,424226.0
145619,Benedictine University,IL,NCAA Division III with football,"Private nonprofit, 4-year or above",591038.0,447625.0,120.0,436.0,52321.0,1.0,7.0,4888535,4617644,45605.0,16955.0,15.0,32.0,13582.0,23742,2024,2023-24,https://ope.ed.gov/athletics/#/datafile/list,143413.0,3730.2083333333335,395304.0,1226635.0,164290.0
164739,Bentley University,MA,NCAA Division II with football,"Private nonprofit, 4-year or above",1632192.0,1574402.0,93.0,2126.0,197689.0,1.0,8.0,17730910,16519503,82187.0,30200.0,10.0,20.0,109326.0,134054,2024,2023-24,https://ope.ed.gov/athletics/#/datafile/list,57790.0,16929.05376344086,1376713.0,1425870.0,323787.0
139144,Berry College,GA,NCAA Division III with football,"Private nonprofit, 4-year or above",934325.0,864365.0,118.0,2054.0,242416.0,1.0,10.0,9622212,8869626,50109.0,29281.0,10.0,14.0,44491.0,74072,2024,2023-24,https://ope.ed.gov/athletics/#/datafile/list,69960.0,7325.127118644068,621949.0,911024.0,342919.0
154721,Bethany College,KS,NAIA Division II ,"Private nonprofit, 4-year or above",1774620.0,1697990.0,110.0,614.0,67591.0,1.0,5.0,9171878,8867229,37388.0,19952.0,8.0,9.0,13476.0,25808,2024,2023-24,https://ope.ed.gov/athletics/#/datafile/list,76630.0,15436.272727272728,1630399.0,478672.0,137148.0
237181,Bethany College,WV,NCAA Division III with football,"Private nonprofit, 4-year or above",468948.0,462823.0,143.0,458.0,65488.0,1.0,4.0,3814624,3582999,39622.0,5833.0,9.0,12.0,34375.0,48886,2024,2023-24,https://ope.ed.gov/athletics/#/datafile/list,6125.0,3236.5244755244757,397335.0,426594.0,62954.0
154749,Bethel College-North Newton,KS,NAIA Division II ,"Private nonprofit, 4-year or above",1341392.0,1336908.0,96.0,1223.0,117407.0,1.0,9.0,5121671,5103259,20161.0,10474.0,8.0,15.0,12006.0,35353,2024,2023-24,https://ope.ed.gov/athletics/#/datafile/list,4484.0,13926.125,1219501.0,318398.0,114427.0
173160,Bethel University,MN,NCAA Division III with football,"Private nonprofit, 4-year or above",575217.0,575217.0,106.0,1719.0,182202.0,1.0,11.0,4100347,4100347,40829.0,5952.0,10.0,45.0,20742.0,27964,2024,2023-24,https://ope.ed.gov/athletics/#/datafile/list,0.0,5426.575471698113,393015.0,676130.0,106301.0
219718,Bethel University,TN,NAIA Division I ,"Private nonprofit, 4-year or above",2971961.0,2968708.0,97.0,3010.0,291965.0,1.0,7.0,11886069,11369192,35222.0,36237.0,10.0,14.0,7728.0,12013,2024,2023-24,https://ope.ed.gov/athletics/#/datafile/list,3253.0,30605.23711340206,2676743.0,859538.0,288881.0
132602,Bethune-Cookman University,FL,NCAA Division I-FCS,"Private nonprofit, 4-year or above",4683961.0,4683961.0,127.0,11965.0,1519551.0,1.0,17.0,13657290,13657290,126861.0,33212.0,6.0,42.0,172088.0,250140,2024,2023-24,https://ope.ed.gov/athletics/#/datafile/list,0.0,36881.58267716535,3164410.0,2156070.0,691465.0
219046,Black Hills State University,SD,NCAA Division II with football,"Public, 4-year or above",1577005.0,1680851.0,123.0,2103.0,258646.0,1.0,9.0,6195391,6195391,57284.0,28410.0,5.0,13.0,92911.0,113522,2024,2023-24,https://ope.ed.gov/athletics/#/datafile/list,-103846.0,13665.455284552845,1422205.0,655750.0,312974.0
223427,Blinn College District,TX,NJCAA Division I ,"Public, 2-year",1024559.0,1024559.0,139.0,1245.0,173041.0,1.0,6.0,6041204,6002290,77641.0,36729.0,5.0,12.0,24546.0,48560,2024,2023-24,https://ope.ed.gov/athletics/#/datafile/list,0.0,7370.928057553957,851518.0,828953.0,298015.0
237215,Bluefield State University,WV,NCAA Division II with football,"Public, 4-year or above",1618746.0,1601977.0,97.0,2632.0,255273.0,1.0,8.0,5873757,5739643,34446.0,24325.0,9.0,12.0,13573.0,24270,2024,2023-24,https://ope.ed.gov/athletics/#/datafile/list,16769.0,16515.22680412371,1346704.0,601914.0,229046.0
231554,Bluefield University,VA,NAIA Division I ,"Private nonprofit, 4-year or above",2204168.0,2204168.0,125.0,1001.0,125126.0,1.0,5.0,8886911,8886911,41180.0,26727.0,9.0,8.0,14508.0,20020,2024,2023-24,https://ope.ed.gov/athletics/#/datafile/list,0.0,17633.344,2079042.0,584436.0,174815.0
201371,Bluffton University,OH,NCAA Division III with football,"Private nonprofit, 4-year or above",545780.0,501179.0,144.0,1206.0,173722.0,1.0,9.0,2325695,2068661,36301.0,15323.0,8.0,19.0,19880.0,31198,2024,2023-24,https://ope.ed.gov/athletics/#/datafile/list,44601.0,3480.409722222222,327457.0,581545.0,174208.0
142115,Boise State University,ID,NCAA Division I-FBS,"Public, 4-year or above",26458436.0,20475343.0,114.0,22144.0,2524373.0,1.0,14.0,59885466,59885465,591157.0,175983.0,5.0,28.0,739398.0,1073505,2024,2023-24,https://ope.ed.gov/athletics/#/datafile/list,5983093.0,179608.27192982455,17950970.0,7883309.0,3054919.0
164924,Boston College,MA,NCAA Division I-FBS,"Private nonprofit, 4-year or above",47231996.0,38139875.0,131.0,58821.0,7705509.0,1.0,10.0,136563473,136563473,674124.0,243882.0,12.0,29.0,1681051.0,2109686,2024,2023-24,https://ope.ed.gov/athletics/#/datafile/list,9092121.0,291144.08396946563,30434366.0,15162066.0,3112944.0
161004,Bowdoin College,ME,NCAA Division III with football,"Private nonprofit, 4-year or above",933545.0,864455.0,84.0,2326.0,195419.0,1.0,8.0,13651747,13651747,61462.0,32664.0,13.0,20.0,75863.0,136216,2024,2023-24,https://ope.ed.gov/athletics/#/datafile/list,69090.0,10291.130952380952,669036.0,1452286.0,322774.0
162007,Bowie State University,MD,NCAA Division II with football,"Public, 4-year or above",1424464.0,1441288.0,138.0,1202.0,165875.0,1.0,11.0,5452774,5422803,88623.0,26695.0,5.0,16.0,45.0,325,2024,2023-24,https://ope.ed.gov/athletics/#/datafile/list,-16824.0,10444.115942028986,1275413.0,870235.0,382268.0
201441,Bowling Green State University-Main Campus,OH,NCAA Division I-FBS,"Public, 4-year or above",10099082.0,10099082.0,108.0,15198.0,1641401.0,1.0,10.0,32044229,31864946,218282.0,78920.0,7.0,21.0,623303.0,798867,2024,2023-24,https://ope.ed.gov/athletics/#/datafile/list,0.0,93510.01851851853,8457681.0,3185294.0,1007482.0
198066,Brevard College,NC,NCAA Division III with football,"Private nonprofit, 4-year or above",540441.0,540441.0,167.0,1022.0,170608.0,1.0,17.0,3105589,3105589,37743.0,17047.0,8.0,18.0,5286.0,12291,2024,2023-24,https://ope.ed.gov/athletics/#/datafile/list,0.0,3236.1736526946106,369833.0,608790.0,327542.0
152992,Briar Cliff University,IA,NAIA Division II ,"Private nonprofit, 4-year or above",1569141.0,1567848.0,97.0,1466.0,142155.0,1.0,7.0,8087958,8029813,44435.0,18924.0,8.0,17.0,35336.0,49534,2024,2023-24,https://ope.ed.gov/athletics/#/datafile/list,1293.0,16163.38144329897,1425693.0,677188.0,176903.0
231581,Bridgewater College,VA,NCAA Division III with football,"Private nonprofit, 4-year or above",601979.0,601979.0,149.0,1263.0,188139.0,1.0,7.0,4587737,4587737,43022.0,25445.0,10.0,18.0,66297.0,108677,2024,2023-24,https://ope.ed.gov/athletics/#/datafile/list,0.0,4040.1275167785234,413840.0,888230.0,221137.0
165024,Bridgewater State University,MA,NCAA Division III with football,"Public, 4-year or above",175585.0,153719.0,98.0,611.0,59913.0,1.0,10.0,4793865,4405901,20570.0,7978.0,10.0,26.0,3505.0,7412,2024,2023-24,https://ope.ed.gov/athletics/#/datafile/list,21866.0,1568.561224489796,93806.0,413128.0,100350.0
230038,Brigham Young University,UT,NCAA Division I-FBS,"Private nonprofit, 4-year or above",44481260.0,35188112.0,121.0,56914.0,6886592.0,1.0,10.0,129891998,115666650,894251.0,212740.0,9.0,29.0,1719950.0,2232580,2024,2023-24,https://ope.ed.gov/athletics/#/datafile/list,9293148.0,290810.8429752066,28301520.0,14217719.0,3021651.0
217156,Brown University,RI,NCAA Division I-FCS,"Private nonprofit, 4-year or above",4245452.0,4245452.0,111.0,12691.0,1408672.0,1.0,9.0,42236049,42236049,182666.0,69261.0,12.0,35.0,862627.0,1257596,2024,2023-24,https://ope.ed.gov/athletics/#/datafile/list,0.0,38247.31531531532,2836780.0,4616127.0,806015.0
217165,Bryant University,RI,NCAA Division I-FCS,"Private nonprofit, 4-year or above",6211192.0,6211192.0,139.0,8006.0,1112850.0,1.0,11.0,27042228,27042228,112585.0,40802.0,9.0,31.0,269480.0,389939,2024,2023-24,https://ope.ed.gov/athletics/#/datafile/list,0.0,44684.8345323741,5098342.0,2278127.0,561407.0
211291,Bucknell University,PA,NCAA Division I-FCS,"Private nonprofit, 4-year or above",7375009.0,7375009.0,105.0,7489.0,786314.0,1.0,11.0,35248867,35248867,118993.0,43343.0,11.0,31.0,411805.0,638352,2024,2023-24,https://ope.ed.gov/athletics/#/datafile/list,0.0,70238.18095238095,6588695.0,2652556.0,595766.0
153001,Buena Vista University,IA,NCAA Division III with football,"Private nonprofit, 4-year or above",466863.0,425052.0,64.0,1246.0,79717.0,1.0,7.0,3726109,3693478,48385.0,15846.0,9.0,17.0,67856.0,100275,2024,2023-24,https://ope.ed.gov/athletics/#/datafile/list,41811.0,6641.4375,345335.0,704847.0,159307.0
154800,Butler Community College,KS,NJCAA Division I ,"Public, 2-year",1528421.0,1567647.0,78.0,1090.0,85013.0,1.0,7.0,5792638,5477097,58831.0,33856.0,4.0,11.0,47088.0,58203,2024,2023-24,https://ope.ed.gov/athletics/#/datafile/list,-39226.0,20098.03846153846,1482634.0,607740.0,295823.0
150163,Butler University,IN,NCAA Division I-FCS,"Private nonprofit, 4-year or above",1505664.0,1499122.0,114.0,4789.0,545970.0,1.0,10.0,34875980,34050834,452407.0,80237.0,7.0,21.0,288093.0,491150,2024,2023-24,https://ope.ed.gov/athletics/#/datafile/list,6542.0,13150.192982456141,953152.0,4851826.0,1254777.0
110246,Butte College,CA,CCCAA,"Public, 2-year",258082.0,258082.0,82.0,272.0,22300.0,1.0,7.0,1782261,1782261,42497.0,15707.0,6.0,11.0,0.0,0,2024,2023-24,https://ope.ed.gov/athletics/#/datafile/list,0.0,3147.3414634146343,235782.0,427759.0,152446.0
110334,Cabrillo College,CA,CCCAA,"Public, 2-year",219871.0,228498.0,55.0,468.0,25745.0,1.0,8.0,1923710,1912178,30457.0,4346.0,7.0,13.0,0.0,0,2024,2023-24,https://ope.ed.gov/athletics/#/datafile/list,-8627.0,4154.509090909091,202753.0,269697.0,65225.0
110413,California Lutheran University,CA,NCAA Division III with football,"Private nonprofit, 4-year or above",616503.0,616503.0,120.0,1370.0,164386.0,1.0,10.0,6069703,6069703,56504.0,11360.0,11.0,33.0,28563.0,72864,2024,2023-24,https://ope.ed.gov/athletics/#/datafile/list,0.0,5137.525,452117.0,996424.0,170104.0
110422,California Polytechnic State University-San Luis Obispo,CA,NCAA Division I-FCS,"Public, 4-year or above",6940540.0,6940540.0,125.0,10419.0,1302413.0,1.0,13.0,35298634,35298634,191420.0,64802.0,9.0,32.0,408438.0,584105,2024,2023-24,https://ope.ed.gov/athletics/#/datafile/list,0.0,55524.32,5638127.0,3796444.0,1033846.0
110556,California State University-Fresno,CA,NCAA Division I-FBS,"Public, 4-year or above",18792911.0,18792911.0,112.0,27864.0,3120723.0,1.0,15.0,55761420,55761420,557193.0,155519.0,5.0,21.0,593757.0,869183,2024,2023-24,https://ope.ed.gov/athletics/#/datafile/list,0.0,167793.8482142857,15672188.0,6051864.0,2889978.0
110617,California State University-Sacramento,CA,NCAA Division I-FCS,"Public, 4-year or above",7275345.0,7275345.0,111.0,12642.0,1403239.0,1.0,14.0,33323561,33323561,201316.0,81269.0,7.0,28.0,220788.0,363867,2024,2023-24,https://ope.ed.gov/athletics/#/datafile/list,0.0,65543.64864864865,5872106.0,3684744.0,1339082.0
150172,Calumet College of Saint Joseph,IN,NAIA Division II ,"Private nonprofit, 4-year or above",1171852.0,1171852.0,82.0,2411.0,197700.0,1.0,8.0,5035759,5035759,18300.0,6068.0,7.0,22.0,23056.0,36203,2024,2023-24,https://ope.ed.gov/athletics/#/datafile/list,0.0,14290.878048780487,974152.0,261596.0,66844.0
198136,Campbell University,NC,NCAA Division I-FCS,"Private nonprofit, 4-year or above",5754026.0,5754026.0,109.0,9645.0,1051281.0,1.0,10.0,30779783,30779783,170992.0,64072.0,8.0,22.0,358655.0,535713,2024,2023-24,https://ope.ed.gov/athletics/#/datafile/list,0.0,52789.22935779816,4702745.0,2777520.0,811712.0
156365,Campbellsville University,KY,NAIA Division I ,"Private nonprofit, 4-year or above",2009906.0,1989467.0,156.0,1551.0,242003.0,1.0,7.0,17147406,16582170,48130.0,43643.0,13.0,18.0,44489.0,78852,2024,2023-24,https://ope.ed.gov/athletics/#/datafile/list,20439.0,12752.99358974359,1747464.0,1411264.0,353631.0
201548,Capital University,OH,NCAA Division III with football,"Private nonprofit, 4-year or above",478865.0,478860.0,92.0,975.0,89729.0,1.0,9.0,3642573,3642560,52515.0,22902.0,8.0,18.0,48560.0,55154,2024,2023-24,https://ope.ed.gov/athletics/#/datafile/list,5.0,5205.0,389131.0,832356.0,258633.0
173258,Carleton College,MN,NCAA Division III with football,"Private nonprofit, 4-year or above",475383.0,462766.0,70.0,800.0,55996.0,1.0,7.0,3775861,3426154,51415.0,13881.0,8.0,24.0,57765.0,67045,2024,2023-24,https://ope.ed.gov/athletics/#/datafile/list,12617.0,6610.942857142857,406770.0,744464.0,148582.0
211440,Carnegie Mellon University,PA,NCAA Division III with football,"Private nonprofit, 4-year or above",751014.0,737889.0,116.0,2346.0,272078.0,1.0,8.0,6838864,6490736,56169.0,15630.0,8.0,20.0,78384.0,136854,2024,2023-24,https://ope.ed.gov/athletics/#/datafile/list,13125.0,6361.112068965517,465811.0,761952.0,181209.0
180106,Carroll College,MT,NAIA Division I ,"Private nonprofit, 4-year or above",1888403.0,1888403.0,125.0,2188.0,273548.0,1.0,11.0,6966827,6966827,48153.0,15800.0,5.0,18.0,39666.0,58076,2024,2023-24,https://ope.ed.gov/athletics/#/datafile/list,0.0,15107.224,1614855.0,525165.0,221953.0
238458,Carroll University,WI,NCAA Division III with football,"Private nonprofit, 4-year or above",647198.0,591346.0,117.0,579.0,67789.0,1.0,9.0,3210053,2976086,41782.0,12532.0,9.0,34.0,11072.0,19757,2024,2023-24,https://ope.ed.gov/athletics/#/datafile/list,55852.0,5054.239316239316,523557.0,802126.0,154570.0
219806,Carson-Newman University,TN,NCAA Division II with football,"Private nonprofit, 4-year or above",2521758.0,1796731.0,175.0,2327.0,407153.0,1.0,8.0,12504239,11383617,44952.0,26723.0,10.0,14.0,0.0,0,2024,2023-24,https://ope.ed.gov/athletics/#/datafile/list,725027.0,10267.034285714286,1389578.0,823642.0,258736.0
238476,Carthage College,WI,NCAA Division III with football,"Private nonprofit, 4-year or above",687576.0,668210.0,146.0,1638.0,239217.0,1.0,10.0,6063850,5649740,66684.0,15517.0,11.0,31.0,36969.0,60426,2024,2023-24,https://ope.ed.gov/athletics/#/datafile/list,19366.0,4576.780821917808,428993.0,1214551.0,221854.0
201645,Case Western Reserve University,OH,NCAA Division III with football,"Private nonprofit, 4-year or above",542511.0,527356.0,108.0,654.0,70613.0,1.0,12.0,4796686,4679120,50634.0,9712.0,10.0,30.0,32103.0,47764,2024,2023-24,https://ope.ed.gov/athletics/#/datafile/list,15155.0,4882.925925925926,456743.0,797700.0,167178.0
198215,Catawba College,NC,NCAA Division II with football,"Private nonprofit, 4-year or above",2493370.0,2051550.0,132.0,1656.0,218557.0,1.0,9.0,13011095,11304080,57670.0,25179.0,9.0,27.0,12611.0,23861,2024,2023-24,https://ope.ed.gov/athletics/#/datafile/list,441820.0,15542.045454545454,1832993.0,1198863.0,284281.0
158477,Centenary College of Louisiana,LA,NCAA Division III with football,"Private nonprofit, 4-year or above",729099.0,729099.0,68.0,2282.0,155165.0,1.0,3.0,4243523,4243523,54995.0,45259.0,8.0,9.0,71165.0,96540,2024,2023-24,https://ope.ed.gov/athletics/#/datafile/list,0.0,10722.04411764706,573934.0,847291.0,190772.0
153108,Central College,IA,NCAA Division III with football,"Private nonprofit, 4-year or above",798807.0,798807.0,122.0,1292.0,157594.0,1.0,10.0,4819077,4819077,43390.0,11341.0,10.0,30.0,67927.0,97888,2024,2023-24,https://ope.ed.gov/athletics/#/datafile/list,0.0,6547.598360655737,641213.0,774130.0,156800.0
128771,Central Connecticut State University,CT,NCAA Division I-FCS,"Public, 4-year or above",2629738.0,2629738.0,100.0,2315.0,231483.0,1.0,11.0,15396494,15396494,130921.0,41782.0,5.0,19.0,40702.0,66611,2024,2023-24,https://ope.ed.gov/athletics/#/datafile/list,0.0,26297.38,2398255.0,1448463.0,590523.0
173203,Central Lakes College-Brainerd,MN,NJCAA Division III ,"Public, 2-year",135995.0,135995.0,47.0,589.0,27683.0,1.0,2.0,764183,764183,23230.0,6486.0,3.0,4.0,0.0,0,2024,2023-24,https://ope.ed.gov/athletics/#/datafile/list,0.0,2893.5106382978724,108312.0,95634.0,36202.0
176947,Central Methodist University-College of Liberal Arts and Sciences,MO,NAIA Division I ,"Private nonprofit, 4-year or above",1733373.0,1731331.0,103.0,937.0,96547.0,1.0,5.0,10759077,10625689,47020.0,23465.0,8.0,14.0,5079.0,11893,2024,2023-24,https://ope.ed.gov/athletics/#/datafile/list,2042.0,16809.038834951458,1634784.0,704670.0,164345.0
169248,Central Michigan University,MI,NCAA Division I-FBS,"Public, 4-year or above",10251410.0,10251410.0,123.0,9107.0,1120208.0,1.0,14.0,36647135,36647135,367250.0,111948.0,6.0,21.0,454271.0,655048,2024,2023-24,https://ope.ed.gov/athletics/#/datafile/list,0.0,83344.79674796748,9131202.0,4554408.0,1934522.0
201690,Central State University,OH,NCAA Division II with football,"Public, 4-year or above",1045057.0,1045057.0,131.0,1026.0,134465.0,1.0,7.0,3552206,3552206,69923.0,31144.0,4.0,7.0,21360.0,37160,2024,2023-24,https://ope.ed.gov/athletics/#/datafile/list,0.0,7977.534351145038,910592.0,497700.0,287931.0
234827,Central Washington University,WA,NCAA Division II with football,"Public, 4-year or above",2120514.0,2120514.0,118.0,4775.0,563454.0,1.0,12.0,9581989,9520870,71741.0,20792.0,5.0,22.0,46744.0,86232,2024,2023-24,https://ope.ed.gov/athletics/#/datafile/list,0.0,17970.457627118645,1557060.0,816129.0,321245.0
156408,Centre College,KY,NCAA Division III with football,"Private nonprofit, 4-year or above",536134.0,536134.0,119.0,1800.0,214254.0,1.0,7.0,5480212,5480212,34202.0,18259.0,9.0,20.0,59826.0,108810,2024,2023-24,https://ope.ed.gov/athletics/#/datafile/list,0.0,4505.327731092437,321880.0,672998.0,162015.0
111887,Cerritos College,CA,CCCAA,"Public, 2-year",442671.0,401467.0,111.0,626.0,69443.0,1.0,18.0,4986848,4459532,83050.0,7480.0,9.0,62.0,0.0,0,2024,2023-24,https://ope.ed.gov/athletics/#/datafile/list,41204.0,3616.8198198198197,332024.0,1211210.0,217690.0
111920,Chabot College,CA,CCCAA,"Public, 2-year",226566.0,226566.0,69.0,1180.0,81427.0,1.0,9.0,2173263,2173263,25477.0,9041.0,9.0,23.0,0.0,0,2024,2023-24,https://ope.ed.gov/athletics/#/datafile/list,0.0,3283.5652173913045,145139.0,437236.0,106846.0
180948,Chadron State College,NE,NCAA Division II with football,"Public, 4-year or above",1787467.0,1787467.0,139.0,2331.0,323942.0,1.0,10.0,6518222,6518222,64625.0,28638.0,6.0,19.0,57863.0,80996,2024,2023-24,https://ope.ed.gov/athletics/#/datafile/list,0.0,12859.474820143885,1463525.0,931872.0,351005.0
111939,Chaffey College,CA,CCCAA,"Public, 2-year",325916.0,279693.0,103.0,776.0,79932.0,1.0,6.0,3335017,2924295,40833.0,16055.0,7.0,15.0,0.0,0,2024,2023-24,https://ope.ed.gov/athletics/#/datafile/list,46223.0,2715.4660194174758,199761.0,526656.0,137163.0
111948,Chapman University,CA,NCAA Division III with football,"Private nonprofit, 4-year or above",811514.0,811514.0,120.0,1653.0,198360.0,1.0,11.0,5881015,5881015,40244.0,10897.0,11.0,22.0,20440.0,27705,2024,2023-24,https://ope.ed.gov/athletics/#/datafile/list,0.0,6762.616666666667,613154.0,682418.0,160111.0
217688,Charleston Southern University,SC,NCAA Division I-FCS,"Private nonprofit, 4-year or above",4067184.0,4067184.0,118.0,5741.0,677461.0,1.0,9.0,14027849,14027849,110922.0,56987.0,5.0,16.0,163770.0,211261,2024,2023-24,https://ope.ed.gov/athletics/#/datafile/list,0.0,34467.661016949154,3389723.0,1466402.0,623805.0
211583,Chestnut Hill College,PA,NCAA Division II without football,"Private nonprofit, 4-year or above",149601.0,147516.0,73.0,930.0,67862.0,1.0,7.0,3754390,3754390,21384.0,5263.0,8.0,18.0,6674.0,13104,2024,2023-24,https://ope.ed.gov/athletics/#/datafile/list,2085.0,2020.7671232876712,79654.0,265806.0,58225.0
198303,Chowan University,NC,NCAA Division II with football,"Private nonprofit, 4-year or above",1331891.0,1331891.0,140.0,2068.0,289499.0,1.0,5.0,6545645,6545645,45759.0,34590.0,9.0,10.0,29550.0,41954,2024,2023-24,https://ope.ed.gov/athletics/#/datafile/list,0.0,9513.507142857143,1042392.0,757731.0,218709.0
231712,Christopher Newport University,VA,NCAA Division III with football,"Public, 4-year or above",831122.0,831122.0,107.0,2873.0,307424.0,1.0,7.0,13164664,13164664,63467.0,20450.0,10.0,29.0,22450.0,39703,2024,2023-24,https://ope.ed.gov/athletics/#/datafile/list,0.0,7767.4953271028035,523698.0,1227720.0,206617.0
223898,Cisco College,TX,NJCAA Division I ,"Public, 2-year",792143.0,792143.0,97.0,2295.0,222662.0,1.0,2.0,3173243,3173243,66802.0,49573.0,2.0,3.0,18760.0,34992,2024,2023-24,https://ope.ed.gov/athletics/#/datafile/list,0.0,8166.422680412371,569481.0,282323.0,165948.0
217864,Citadel Military College of South Carolina,SC,NCAA Division I-FCS,"Public, 4-year or above",6992919.0,4789927.0,112.0,7271.0,814398.0,1.0,13.0,17159159,17130667,121790.0,60170.0,9.0,21.0,201919.0,216104,2024,2023-24,https://ope.ed.gov/athletics/#/datafile/list,2202992.0,42767.205357142855,3975529.0,2359680.0,904000.0
112172,Citrus College,CA,CCCAA,"Public, 2-year",329528.0,326291.0,80.0,1209.0,96723.0,1.0,9.0,3037435,3002109,53295.0,14764.0,8.0,11.0,0.0,0,2024,2023-24,https://ope.ed.gov/athletics/#/datafile/list,3237.0,4078.6375,229568.0,588764.0,186171.0
112190,City College of San Francisco,CA,CCCAA,"Public, 2-year",246444.0,246444.0,75.0,1454.0,109066.0,1.0,11.0,1870042,1870042,53875.0,27501.0,4.0,5.0,0.0,0,2024,2023-24,https://ope.ed.gov/athletics/#/datafile/list,0.0,3285.92,137378.0,353005.0,356386.0
112260,Claremont McKenna College,CA,NCAA Division III with football,"Private nonprofit, 4-year or above",824639.0,824639.0,83.0,2442.0,202664.0,1.0,10.0,4862086,4862086,57218.0,18833.0,11.0,33.0,65431.0,107194,2024,2023-24,https://ope.ed.gov/athletics/#/datafile/list,0.0,9935.409638554216,621975.0,1250887.0,245548.0
138947,Clark Atlanta University,GA,NCAA Division II with football,"Private nonprofit, 4-year or above",2312981.0,2312981.0,85.0,2010.0,170862.0,1.0,6.0,6916747,6916747,87250.0,44571.0,4.0,7.0,5941.0,13501,2024,2023-24,https://ope.ed.gov/athletics/#/datafile/list,0.0,27211.54117647059,2142119.0,660997.0,354676.0
153126,Clarke University,IA,NAIA Division I ,"Private nonprofit, 4-year or above",3035690.0,3035690.0,131.0,1674.0,219264.0,1.0,9.0,15134482,15134482,41610.0,15139.0,10.0,26.0,23609.0,41117,2024,2023-24,https://ope.ed.gov/athletics/#/datafile/list,0.0,23173.206106870228,2816426.0,809714.0,177861.0
217882,Clemson University,SC,NCAA Division I-FBS,"Public, 4-year or above",87272466.0,67787017.0,136.0,50828.0,6912547.0,1.0,10.0,171016070,171016070,1696815.0,356461.0,7.0,30.0,3737556.0,4785432,2024,2023-24,https://ope.ed.gov/athletics/#/datafile/list,19485449.0,498433.94852941175,60874470.0,22571535.0,5261425.0
175519,Coahoma Community College,MS,NJCAA Division I ,"Public, 2-year",968812.0,968812.0,65.0,2358.0,153256.0,1.0,5.0,2560003,2560003,60518.0,48620.0,4.0,7.0,3200.0,5424,2024,2023-24,https://ope.ed.gov/athletics/#/datafile/list,0.0,14904.8,815556.0,582412.0,303618.0
125462,Coalinga College,CA,CCCAA,"Public, 2-year",238896.0,214863.0,73.0,1236.0,90228.0,1.0,5.0,1584208,1535270,61627.0,9285.0,3.0,7.0,0.0,0,2024,2023-24,https://ope.ed.gov/athletics/#/datafile/list,24033.0,2943.328767123288,124635.0,249876.0,108052.0
218724,Coastal Carolina University,SC,NCAA Division I-FBS,"Public, 4-year or above",17343575.0,17343575.0,121.0,29440.0,3562180.0,1.0,10.0,43509290,43509290,429730.0,151738.0,7.0,24.0,865301.0,1116455,2024,2023-24,https://ope.ed.gov/athletics/#/datafile/list,0.0,143335.3305785124,13781395.0,6649822.0,1947110.0
153144,Coe College,IA,NCAA Division III with football,"Private nonprofit, 4-year or above",454055.0,454055.0,122.0,1188.0,144903.0,1.0,8.0,3631703,3631703,39577.0,8585.0,12.0,38.0,49139.0,81670,2024,2023-24,https://ope.ed.gov/athletics/#/datafile/list,0.0,3721.7622950819673,309152.0,801154.0,108257.0
154925,Coffeyville Community College,KS,NJCAA Division I ,"Public, 2-year",767543.0,742551.0,78.0,1876.0,146351.0,1.0,5.0,3982310,3472623,50610.0,30737.0,6.0,12.0,33300.0,44800,2024,2023-24,https://ope.ed.gov/athletics/#/datafile/list,24992.0,9519.884615384615,596200.0,672504.0,204295.0
161086,Colby College,ME,NCAA Division III with football,"Private nonprofit, 4-year or above",972420.0,972420.0,92.0,1995.0,183542.0,1.0,8.0,11420926,11420926,82281.0,30134.0,15.0,30.0,102490.0,187192,2024,2023-24,https://ope.ed.gov/athletics/#/datafile/list,0.0,10569.782608695652,788878.0,2138235.0,323353.0
190099,Colgate University,NY,NCAA Division I-FCS,"Private nonprofit, 4-year or above",8349717.0,8349717.0,90.0,11024.0,992116.0,1.0,10.0,38308822,38308822,200014.0,50534.0,10.0,34.0,592530.0,824884,2024,2023-24,https://ope.ed.gov/athletics/#/datafile/list,0.0,92774.63333333333,7357601.0,3718296.0,705354.0
144865,College of DuPage,IL,NJCAA Division III ,"Public, 2-year",540873.0,540200.0,95.0,2527.0,240040.0,1.0,10.0,3374177,3251510,20315.0,9140.0,11.0,32.0,2825.0,5110,2024,2023-24,https://ope.ed.gov/athletics/#/datafile/list,673.0,5686.315789473684,300160.0,515945.0,111715.0
122791,College of San Mateo,CA,CCCAA,"Public, 2-year",638270.0,638270.0,81.0,2963.0,240003.0,1.0,23.0,2990869,2990869,32043.0,2524.0,7.0,41.0,0.0,0,2024,2023-24,https://ope.ed.gov/athletics/#/datafile/list,0.0,7879.876543209876,398267.0,327785.0,90095.0
111461,College of the Canyons,CA,CCCAA,"Public, 2-year",310021.0,310021.0,83.0,1000.0,82966.0,1.0,16.0,3170215,3127038,65127.0,2992.0,8.0,35.0,221.0,821,2024,2023-24,https://ope.ed.gov/athletics/#/datafile/list,0.0,3735.1927710843374,227055.0,625736.0,112999.0
113573,College of the Desert,CA,CCCAA,"Public, 2-year",261814.0,261814.0,87.0,946.0,82301.0,1.0,7.0,2519536,2519536,43922.0,4699.0,7.0,18.0,0.0,0,2024,2023-24,https://ope.ed.gov/athletics/#/datafile/list,0.0,3009.3563218390805,179513.0,392036.0,76815.0
166124,College of the Holy Cross,MA,NCAA Division I-FCS,"Private nonprofit, 4-year or above",7660153.0,7660153.0,107.0,10523.0,1126010.0,1.0,10.0,32804880,32804880,118011.0,51799.0,12.0,30.0,417913.0,616567,2024,2023-24,https://ope.ed.gov/athletics/#/datafile/list,0.0,71590.21495327103,6534143.0,2970102.0,636001.0
121707,College of the Redwoods,CA,CCCAA,"Public, 2-year",319858.0,319858.0,69.0,3196.0,220545.0,1.0,7.0,1333974,1333974,22112.0,9078.0,7.0,18.0,0.0,0,2024,2023-24,https://ope.ed.gov/athletics/#/datafile/list,0.0,4635.623188405797,99313.0,318188.0,85658.0
123217,College of the Sequoias,CA,CCCAA,"Public, 2-year",291393.0,270875.0,86.0,768.0,66058.0,1.0,9.0,2250530,2043589,26031.0,3301.0,8.0,29.0,0.0,0,2024,2023-24,https://ope.ed.gov/athletics/#/datafile/list,20518.0,3149.7093023255816,204817.0,303977.0,55740.0
123484,College of the Siskiyous,CA,CCCAA,"Public, 2-year",259082.0,259082.0,58.0,1856.0,107621.0,1.0,7.0,1527919,1527919,29861.0,12320.0,5.0,14.0,0.0,0,2024,2023-24,https://ope.ed.gov/athletics/#/datafile/list,0.0,4466.931034482759,151461.0,321785.0,116101.0
127556,Colorado Mesa University,CO,NCAA Division II with football,"Public, 4-year or above",1883647.0,1780718.0,146.0,2419.0,353140.0,1.0,13.0,14342387,14313950,72218.0,22965.0,11.0,35.0,119476.0,195696,2024,2023-24,https://ope.ed.gov/athletics/#/datafile/list,102929.0,12196.698630136987,1427578.0,1598173.0,370763.0
126775,Colorado School of Mines,CO,NCAA Division II with football,"Public, 4-year or above",3187057.0,3187057.0,151.0,4270.0,644774.0,1.0,8.0,14787316,14787316,67276.0,24591.0,10.0,33.0,90826.0,154327,2024,2023-24,https://ope.ed.gov/athletics/#/datafile/list,0.0,21106.33774834437,2542283.0,1484263.0,264004.0
128106,Colorado State University Pueblo,CO,NCAA Division II with football,"Public, 4-year or above",2291803.0,2291803.0,157.0,2470.0,387846.0,1.0,10.0,11703976,11703976,79813.0,40133.0,8.0,20.0,108518.0,138245,2024,2023-24,https://ope.ed.gov/athletics/#/datafile/list,0.0,14597.471337579618,1903957.0,1441164.0,481143.0
126818,Colorado State University-Fort Collins,CO,NCAA Division I-FBS,"Public, 4-year or above",18194689.0,18194689.0,113.0,38887.0,4394233.0,1.0,14.0,50262504,50262504,646997.0,177665.0,5.0,19.0,1057445.0,1368815,2024,2023-24,https://ope.ed.gov/athletics/#/datafile/list,0.0,161014.94690265486,13800456.0,6610620.0,3134307.0
190150,Columbia University in the City of New York,NY,NCAA Division I-FCS,"Private nonprofit, 4-year or above",5663490.0,5663490.0,111.0,10179.0,1129870.0,1.0,9.0,40185323,40185323,194610.0,84827.0,14.0,47.0,985059.0,1336826,2024,2023-24,https://ope.ed.gov/athletics/#/datafile/list,0.0,51022.43243243243,4533620.0,6711409.0,958053.0
498562,Commonwealth University of Pennsylvania,PA,NCAA Division II with football,"Public, 4-year or above",1943745.0,1960892.0,222.0,1930.0,428530.0,2.0,15.0,19432170,19268656,67790.0,24591.0,20.0,33.0,21947.0,48704,2024,2023-24,https://ope.ed.gov/athletics/#/datafile/list,-17147.0,8832.846846846847,1532362.0,2167303.0,504445.0
446163,Community Christian College,CA,NJCAA Division I ,"Private nonprofit, 2-year",179360.0,204186.0,32.0,3809.0,121886.0,1.0,5.0,444320,440531,15000.0,5000.0,3.0,11.0,1500.0,1500,2024,2023-24,https://ope.ed.gov/athletics/#/datafile/list,-24826.0,6380.8125,82300.0,100000.0,40000.0
112686,Compton College,CA,CCCAA,"Public, 2-year",99286.0,98986.0,32.0,1002.0,32050.0,1.0,7.0,1447070,1447070,18144.0,1920.0,6.0,22.0,3000.0,3500,2024,2023-24,https://ope.ed.gov/athletics/#/datafile/list,300.0,3093.3125,66936.0,151104.0,31584.0
237330,Concord University,WV,NCAA Division II with football,"Public, 4-year or above",1397856.0,1397856.0,129.0,156.0,20092.0,1.0,11.0,5114759,5114759,56871.0,20941.0,6.0,15.0,9740.0,15376,2024,2023-24,https://ope.ed.gov/athletics/#/datafile/list,0.0,10836.093023255815,1377764.0,655341.0,287222.0
173300,Concordia College at Moorhead,MN,NCAA Division III with football,"Private nonprofit, 4-year or above",568404.0,568404.0,123.0,1250.0,153702.0,1.0,11.0,3976831,3976831,34790.0,6799.0,11.0,38.0,73558.0,91140,2024,2023-24,https://ope.ed.gov/athletics/#/datafile/list,0.0,4621.170731707317,414702.0,641052.0,109579.0
169363,Concordia University Ann Arbor,MI,NAIA Division II ,"Private nonprofit, 4-year or above",1641111.0,1568483.0,141.0,1840.0,259509.0,1.0,12.0,9673827,9063901,35100.0,12128.0,12.0,42.0,36628.0,64631,2024,2023-24,https://ope.ed.gov/athletics/#/datafile/list,72628.0,11123.99290780142,1308974.0,930576.0,180636.0
144351,Concordia University-Chicago,IL,NCAA Division III with football,"Private nonprofit, 4-year or above",440242.0,440242.0,83.0,1497.0,124230.0,1.0,6.0,3897897,3897897,43520.0,16018.0,10.0,18.0,28555.0,64275,2024,2023-24,https://ope.ed.gov/athletics/#/datafile/list,0.0,5304.120481927711,316012.0,723524.0,139628.0
180984,Concordia University-Nebraska,NE,NAIA Division II ,"Private nonprofit, 4-year or above",1540726.0,1463768.0,142.0,666.0,94640.0,1.0,13.0,10272152,9864941,44208.0,12917.0,8.0,26.0,26700.0,58607,2024,2023-24,https://ope.ed.gov/athletics/#/datafile/list,76958.0,10308.225352112677,1369128.0,689506.0,212129.0
173328,Concordia University-Saint Paul,MN,NCAA Division II with football,"Private nonprofit, 4-year or above",1620751.0,1620751.0,113.0,3516.0,397345.0,1.0,10.0,7818684,7818684,42366.0,12001.0,7.0,33.0,108347.0,141637,2024,2023-24,https://ope.ed.gov/athletics/#/datafile/list,0.0,14342.929203539823,1223406.0,692595.0,162376.0
238616,Concordia University-Wisconsin,WI,NCAA Division III with football,"Private nonprofit, 4-year or above",424813.0,423086.0,125.0,504.0,62965.0,1.0,10.0,3792419,3633573,49824.0,14680.0,13.0,42.0,54101.0,87374,2024,2023-24,https://ope.ed.gov/athletics/#/datafile/list,1727.0,3384.688,360121.0,1264272.0,196624.0
112826,Contra Costa College,CA,CCCAA,"Public, 2-year",435361.0,435361.0,65.0,2911.0,189224.0,1.0,9.0,1463093,1463093,20621.0,4385.0,4.0,11.0,0.0,0,2024,2023-24,https://ope.ed.gov/athletics/#/datafile/list,0.0,6697.861538461539,246137.0,130719.0,60086.0
175573,Copiah-Lincoln Community College,MS,NJCAA Division I ,"Public, 2-year",949710.0,949710.0,64.0,736.0,47105.0,1.0,6.0,3393698,3393698,40878.0,38018.0,6.0,12.0,29827.0,44660,2024,2023-24,https://ope.ed.gov/athletics/#/datafile/list,0.0,14839.21875,902605.0,701484.0,268986.0
153162,Cornell College,IA,NCAA Division III with football,"Private nonprofit, 4-year or above",507683.0,493859.0,97.0,625.0,60610.0,1.0,7.0,3363057,3048152,52585.0,15628.0,10.0,23.0,50357.0,85863,2024,2023-24,https://ope.ed.gov/athletics/#/datafile/list,13824.0,5091.329896907217,433249.0,885294.0,161981.0
190415,Cornell University,NY,NCAA Division I-FCS,"Private nonprofit, 4-year or above",4760539.0,4760539.0,117.0,4230.0,494897.0,1.0,10.0,40833886,40756322,187967.0,62415.0,15.0,41.0,1083227.0,1525346,2024,2023-24,https://ope.ed.gov/athletics/#/datafile/list,0.0,40688.36752136752,4265642.0,5378520.0,812117.0
174862,Crown College,MN,NCAA Division III with football,"Private nonprofit, 4-year or above",439025.0,439025.0,79.0,1459.0,115244.0,1.0,8.0,2155336,2155336,30554.0,8887.0,9.0,22.0,16245.0,20278,2024,2023-24,https://ope.ed.gov/athletics/#/datafile/list,0.0,5557.278481012659,323781.0,470500.0,101650.0
177144,Culver-Stockton College,MO,NAIA Division II ,"Private nonprofit, 4-year or above",1263112.0,1263112.0,179.0,1520.0,271995.0,1.0,5.0,5278110,5278110,33825.0,16196.0,8.0,11.0,17684.0,27442,2024,2023-24,https://ope.ed.gov/athletics/#/datafile/list,0.0,7056.491620111732,991117.0,448756.0,114805.0
219949,Cumberland University,TN,NAIA Division I ,"Private nonprofit, 4-year or above",2648246.0,2614044.0,66.0,4487.0,296152.0,1.0,4.0,12531065,12336489,37656.0,27675.0,12.0,12.0,31843.0,42484,2024,2023-24,https://ope.ed.gov/athletics/#/datafile/list,34202.0,39606.72727272727,2317892.0,783972.0,148356.0
165529,Curry College,MA,NCAA Division III with football,"Private nonprofit, 4-year or above",360924.0,360924.0,93.0,2028.0,188572.0,1.0,9.0,3065273,3065273,24914.0,9127.0,8.0,16.0,25510.0,48162,2024,2023-24,https://ope.ed.gov/athletics/#/datafile/list,0.0,3880.9032258064517,172352.0,345344.0,107057.0
219082,Dakota State University,SD,NAIA Division I ,"Public, 4-year or above",900954.0,900954.0,120.0,1260.0,151229.0,1.0,5.0,4842224,4842224,36606.0,21736.0,6.0,15.0,23261.0,38411,2024,2023-24,https://ope.ed.gov/athletics/#/datafile/list,0.0,7507.95,749725.0,545676.0,145286.0
219091,Dakota Wesleyan University,SD,NAIA Division I ,"Private nonprofit, 4-year or above",1158956.0,827367.0,58.0,1954.0,113330.0,1.0,4.0,5575212,5061541,46732.0,38743.0,7.0,8.0,25883.0,52390,2024,2023-24,https://ope.ed.gov/athletics/#/datafile/list,331589.0,14264.948275862069,714037.0,637068.0,201704.0
182670,Dartmouth College,NH,NCAA Division I-FCS,"Private nonprofit, 4-year or above",4604942.0,4604942.0,115.0,6494.0,746833.0,1.0,9.0,40640949,40640949,133553.0,70291.0,14.0,37.0,972122.0,1506294,2024,2023-24,https://ope.ed.gov/athletics/#/datafile/list,0.0,40042.973913043475,3858109.0,4470509.0,766172.0
169479,Davenport University,MI,NCAA Division II with football,"Private nonprofit, 4-year or above",2233008.0,2233008.0,136.0,1738.0,236311.0,1.0,10.0,14729553,14729553,48616.0,14942.0,10.0,37.0,65556.0,130900,2024,2023-24,https://ope.ed.gov/athletics/#/datafile/list,0.0,16419.176470588234,1996697.0,1039014.0,198036.0
198385,Davidson College,NC,NCAA Division I-FCS,"Private nonprofit, 4-year or above",2824745.0,2068341.0,102.0,4226.0,431031.0,1.0,10.0,21624104,21575464,133248.0,62754.0,10.0,27.0,299500.0,528226,2024,2023-24,https://ope.ed.gov/athletics/#/datafile/list,756404.0,20277.852941176472,1637310.0,3026838.0,760788.0
113333,De Anza College,CA,CCCAA,"Public, 2-year",288372.0,287626.0,60.0,959.0,57548.0,1.0,12.0,2187172,2074127,45755.0,3616.0,6.0,27.0,0.0,0,2024,2023-24,https://ope.ed.gov/athletics/#/datafile/list,746.0,4793.766666666666,230078.0,372162.0,89147.0
150400,DePauw University,IN,NCAA Division III with football,"Private nonprofit, 4-year or above",677983.0,677983.0,151.0,690.0,104203.0,1.0,5.0,5374246,5374246,61519.0,24994.0,9.0,18.0,44156.0,75519,2024,2023-24,https://ope.ed.gov/athletics/#/datafile/list,0.0,4489.953642384106,573780.0,1003563.0,186489.0
165574,Dean College,MA,NCAA Division III with football,"Private nonprofit, 4-year or above",383466.0,382355.0,86.0,1565.0,134604.0,1.0,6.0,2570722,2524050,30691.0,10782.0,8.0,15.0,34934.0,44596,2024,2023-24,https://ope.ed.gov/athletics/#/datafile/list,1111.0,4445.988372093023,247751.0,407258.0,95383.0
202514,Defiance College,OH,NCAA Division III with football,"Private nonprofit, 4-year or above",448163.0,448072.0,115.0,350.0,40233.0,1.0,8.0,2070595,1990902,38586.0,19196.0,7.0,16.0,33239.0,48806,2024,2023-24,https://ope.ed.gov/athletics/#/datafile/list,91.0,3896.278260869565,407839.0,577238.0,192154.0
130934,Delaware State University,DE,NCAA Division I-FCS,"Public, 4-year or above",3947183.0,3947183.0,97.0,7014.0,680356.0,1.0,10.0,16266754,16266754,142677.0,49478.0,4.0,17.0,103886.0,115582,2024,2023-24,https://ope.ed.gov/athletics/#/datafile/list,0.0,40692.60824742268,3266827.0,1411834.0,637457.0
211981,Delaware Valley University,PA,NCAA Division III with football,"Private nonprofit, 4-year or above",594083.0,594083.0,115.0,1271.0,146207.0,1.0,7.0,3294216,3294216,41306.0,16457.0,10.0,20.0,10838.0,20363,2024,2023-24,https://ope.ed.gov/athletics/#/datafile/list,0.0,5165.939130434783,447876.0,742200.0,156505.0
175616,Delta State University,MS,NCAA Division II with football,"Public, 4-year or above",1265830.0,1414104.0,107.0,2042.0,218518.0,1.0,6.0,5145717,5145717,60630.0,43295.0,7.0,10.0,36023.0,49496,2024,2023-24,https://ope.ed.gov/athletics/#/datafile/list,-148274.0,13215.925233644859,1195586.0,857360.0,320400.0
202523,Denison University,OH,NCAA Division III with football,"Private nonprofit, 4-year or above",695768.0,695768.0,111.0,2092.0,232207.0,1.0,12.0,8913759,8913759,50211.0,15206.0,12.0,37.0,63209.0,102467,2024,2023-24,https://ope.ed.gov/athletics/#/datafile/list,0.0,6268.18018018018,463561.0,1165154.0,232683.0
113634,Diablo Valley College,CA,CCCAA,"Public, 2-year",136110.0,108892.0,79.0,1031.0,81411.0,1.0,4.0,1167574,1025017,15156.0,2802.0,8.0,15.0,0.0,0,2024,2023-24,https://ope.ed.gov/athletics/#/datafile/list,27218.0,1378.379746835443,27481.0,163278.0,26364.0
212009,Dickinson College,PA,NCAA Division III with football,"Private nonprofit, 4-year or above",349903.0,362504.0,63.0,1298.0,81760.0,1.0,7.0,4342409,3925312,34233.0,6125.0,12.0,28.0,67872.0,96266,2024,2023-24,https://ope.ed.gov/athletics/#/datafile/list,-12601.0,5754.0317460317465,280744.0,582296.0,77108.0
200059,Dickinson State University,ND,NAIA Division I ,"Public, 4-year or above",750226.0,750226.0,114.0,1480.0,168776.0,1.0,7.0,3834015,3834015,23793.0,10279.0,8.0,18.0,18755.0,34693,2024,2023-24,https://ope.ed.gov/athletics/#/datafile/list,0.0,6580.929824561404,581450.0,375366.0,95746.0
181020,Doane University,NE,NAIA Division II ,"Private nonprofit, 4-year or above",1287269.0,1248178.0,104.0,1272.0,132292.0,1.0,4.0,9711188,9558573,52203.0,16851.0,10.0,32.0,23649.0,46073,2024,2023-24,https://ope.ed.gov/athletics/#/datafile/list,39091.0,12001.711538461539,1115886.0,1061262.0,119607.0
154998,Dodge City Community College,KS,NJCAA Division I ,"Public, 2-year",666342.0,666342.0,98.0,942.0,92297.0,1.0,5.0,3394786,3394786,53454.0,36024.0,6.0,9.0,31530.0,67336,2024,2023-24,https://ope.ed.gov/athletics/#/datafile/list,0.0,6799.408163265306,574045.0,644940.0,233574.0
153250,Dordt University,IA,NAIA Division II ,"Private nonprofit, 4-year or above",1690066.0,1690066.0,142.0,1541.0,218799.0,1.0,7.0,8690282,8690282,34199.0,13321.0,8.0,23.0,62955.0,106217,2024,2023-24,https://ope.ed.gov/athletics/#/datafile/list,0.0,11901.87323943662,1471267.0,579975.0,127446.0
153269,Drake University,IA,NCAA Division I-FCS,"Private nonprofit, 4-year or above",1522222.0,1522222.0,112.0,6350.0,711208.0,1.0,9.0,21791106,21791106,199127.0,49102.0,6.0,19.0,101943.0,187577,2024,2023-24,https://ope.ed.gov/athletics/#/datafile/list,0.0,13591.267857142857,811014.0,2127700.0,641045.0
198419,Duke University,NC,NCAA Division I-FBS,"Private nonprofit, 4-year or above",68359472.0,44119045.0,117.0,44604.0,5218699.0,1.0,10.0,166864316,166757447,835071.0,184283.0,11.0,51.0,3446592.0,4234298,2024,2023-24,https://ope.ed.gov/athletics/#/datafile/list,24240427.0,377085.8547008547,38900346.0,18584214.0,2677901.0
212106,Duquesne University,PA,NCAA Division I-FCS,"Private nonprofit, 4-year or above",5012721.0,5012721.0,114.0,8280.0,943882.0,1.0,11.0,28802065,28802065,380315.0,55632.0,6.0,24.0,257343.0,393982,2024,2023-24,https://ope.ed.gov/athletics/#/datafile/list,0.0,43971.23684210526,4068839.0,3617058.0,992267.0
198464,East Carolina University,NC,NCAA Division I-FBS,"Public, 4-year or above",15325528.0,15316764.0,125.0,19064.0,2382979.0,1.0,14.0,65211957,63575819,840181.0,183867.0,5.0,23.0,881295.0,1165403,2024,2023-24,https://ope.ed.gov/athletics/#/datafile/list,8764.0,122534.112,12933785.0,8429846.0,3414319.0
175643,East Central Community College,MS,NJCAA Division II ,"Public, 2-year",1056339.0,1056339.0,62.0,533.0,33057.0,1.0,8.0,3755275,3755275,73523.0,43400.0,6.0,12.0,7462.0,7886,2024,2023-24,https://ope.ed.gov/athletics/#/datafile/list,0.0,17037.725806451614,1023282.0,961938.0,420723.0
207041,East Central University,OK,NCAA Division II with football,"Public, 4-year or above",1798318.0,1798318.0,157.0,2206.0,346283.0,1.0,6.0,6726034,6726034,60219.0,54400.0,4.0,9.0,17266.0,39444,2024,2023-24,https://ope.ed.gov/athletics/#/datafile/list,0.0,11454.254777070064,1452035.0,730476.0,386619.0
113856,East Los Angeles College,CA,CCCAA,"Public, 2-year",275271.0,259040.0,112.0,1044.0,116950.0,1.0,8.0,2688531,2537954,15225.0,13031.0,7.0,21.0,0.0,0,2024,2023-24,https://ope.ed.gov/athletics/#/datafile/list,16231.0,2312.8571428571427,142090.0,380226.0,119473.0
175652,East Mississippi Community College,MS,NJCAA Division I ,"Public, 2-year",1249568.0,1249568.0,65.0,3831.0,248987.0,1.0,13.0,3770704,3770704,64107.0,43286.0,6.0,11.0,651.0,1627,2024,2023-24,https://ope.ed.gov/athletics/#/datafile/list,0.0,19224.123076923075,1000581.0,860788.0,626825.0
212115,East Stroudsburg University of Pennsylvania,PA,NCAA Division II with football,"Public, 4-year or above",1366296.0,1255996.0,97.0,2166.0,210081.0,1.0,10.0,12719494,10662700,78080.0,23283.0,7.0,20.0,24871.0,50194,2024,2023-24,https://ope.ed.gov/athletics/#/datafile/list,110300.0,12948.41237113402,1045915.0,1012220.0,310910.0
220075,East Tennessee State University,TN,NCAA Division I-FCS,"Public, 4-year or above",4425312.0,4425312.0,100.0,6140.0,614007.0,1.0,14.0,19811089,19811089,129861.0,49384.0,8.0,30.0,198477.0,286739,2024,2023-24,https://ope.ed.gov/athletics/#/datafile/list,0.0,44253.12,3811305.0,2520408.0,821237.0
224527,East Texas Baptist University,TX,NCAA Division III with football,"Private nonprofit, 4-year or above",737232.0,737232.0,148.0,1509.0,223332.0,1.0,8.0,5326859,5326859,49604.0,22668.0,7.0,20.0,69885.0,109693,2024,2023-24,https://ope.ed.gov/athletics/#/datafile/list,0.0,4981.2972972972975,513900.0,800588.0,230948.0
144892,Eastern Illinois University,IL,NCAA Division I-FCS,"Public, 4-year or above",4464282.0,4464282.0,125.0,5046.0,630723.0,1.0,17.0,19027915,19027915,76320.0,33985.0,9.0,27.0,150126.0,228530,2024,2023-24,https://ope.ed.gov/athletics/#/datafile/list,0.0,35714.256,3833559.0,1604475.0,654065.0
156620,Eastern Kentucky University,KY,NCAA Division I-FCS,"Public, 4-year or above",6046804.0,6046804.0,117.0,7428.0,869098.0,1.0,15.0,25201223,25201223,150029.0,60688.0,6.0,23.0,206215.0,301850,2024,2023-24,https://ope.ed.gov/athletics/#/datafile/list,0.0,51682.08547008547,5177706.0,2295998.0,1060349.0
169798,Eastern Michigan University,MI,NCAA Division I-FBS,"Public, 4-year or above",11290296.0,11290296.0,114.0,12904.0,1471027.0,1.0,10.0,37094526,37094526,273638.0,82110.0,5.0,20.0,791940.0,996500,2024,2023-24,https://ope.ed.gov/athletics/#/datafile/list,0.0,99037.68421052632,9819269.0,3010390.0,1094738.0
187648,Eastern New Mexico University-Main Campus,NM,NCAA Division II with football,"Public, 4-year or above",1421732.0,1421732.0,143.0,1170.0,167371.0,1.0,6.0,8612575,8612575,89195.0,39056.0,6.0,13.0,17918.0,50603,2024,2023-24,https://ope.ed.gov/athletics/#/datafile/list,0.0,9942.181818181818,1254361.0,1042898.0,323531.0
208646,Eastern Oregon University,OR,NAIA Division I ,"Public, 4-year or above",1216531.0,1216531.0,112.0,1306.0,146268.0,1.0,9.0,5947872,5947872,61648.0,12477.0,6.0,15.0,34008.0,53566,2024,2023-24,https://ope.ed.gov/athletics/#/datafile/list,0.0,10861.88392857143,1070263.0,557043.0,173941.0
212133,Eastern University,PA,NCAA Division III with football,"Private nonprofit, 4-year or above",816256.0,646225.0,127.0,1793.0,227727.0,1.0,9.0,5684261,4835932,45301.0,15697.0,9.0,31.0,46947.0,81394,2024,2023-24,https://ope.ed.gov/athletics/#/datafile/list,170031.0,5088.385826771653,418498.0,894316.0,186574.0
235097,Eastern Washington University,WA,NCAA Division I-FCS,"Public, 4-year or above",6244117.0,6244117.0,119.0,14921.0,1775581.0,1.0,14.0,20082060,20082060,152279.0,57135.0,4.0,23.0,323297.0,430271,2024,2023-24,https://ope.ed.gov/athletics/#/datafile/list,0.0,52471.57142857143,4468536.0,1923221.0,952169.0
133526,Edward Waters University,FL,NCAA Division II with football,"Private nonprofit, 4-year or above",1233088.0,1233088.0,101.0,2266.0,228861.0,1.0,9.0,4986351,4986351,53000.0,20000.0,5.0,20.0,0.0,0,2024,2023-24,https://ope.ed.gov/athletics/#/datafile/list,0.0,12208.79207920792,1004227.0,665000.0,233000.0
113980,El Camino Community College District,CA,CCCAA,"Public, 2-year",236831.0,235109.0,111.0,346.0,38449.0,1.0,16.0,2460785,2356639,39601.0,5583.0,10.0,32.0,0.0,0,2024,2023-24,https://ope.ed.gov/athletics/#/datafile/list,1722.0,2118.099099099099,196660.0,574666.0,128929.0
198507,Elizabeth City State University,NC,NCAA Division II with football,"Public, 4-year or above",750787.0,750787.0,121.0,1821.0,220299.0,1.0,8.0,3918662,3918662,57247.0,16941.0,4.0,10.0,2020.0,4203,2024,2023-24,https://ope.ed.gov/athletics/#/datafile/list,0.0,6204.851239669421,530488.0,398398.0,192775.0
153296,Ellsworth Community College,IA,NJCAA Division I ,"Public, 2-year",548394.0,552135.0,110.0,1825.0,200795.0,1.0,6.0,2463796,2313459,59603.0,3683.0,4.0,14.0,4275.0,8919,2024,2023-24,https://ope.ed.gov/athletics/#/datafile/list,-3741.0,5019.409090909091,351340.0,289974.0,81701.0
144962,Elmhurst University,IL,NCAA Division III with football,"Private nonprofit, 4-year or above",686009.0,679456.0,76.0,1800.0,136770.0,1.0,7.0,4888913,4715441,64385.0,11482.0,9.0,36.0,63220.0,102334,2024,2023-24,https://ope.ed.gov/athletics/#/datafile/list,6553.0,8940.21052631579,542686.0,992817.0,144759.0
198516,Elon University,NC,NCAA Division I-FCS,"Private nonprofit, 4-year or above",7244514.0,7244514.0,120.0,6044.0,725290.0,1.0,12.0,35793576,35793576,197584.0,86120.0,7.0,20.0,293895.0,458448,2024,2023-24,https://ope.ed.gov/athletics/#/datafile/list,0.0,60370.95,6519224.0,3105488.0,1231024.0
232025,Emory & Henry College,VA,NCAA Division II with football,"Private nonprofit, 4-year or above",1874928.0,1874928.0,124.0,495.0,61328.0,1.0,8.0,8837704,8837704,41357.0,30413.0,9.0,18.0,70660.0,91946,2024,2023-24,https://ope.ed.gov/athletics/#/datafile/list,0.0,15120.387096774193,1813600.0,919647.0,284661.0
155025,Emporia State University,KS,NCAA Division II with football,"Public, 4-year or above",2212056.0,2168229.0,123.0,1742.0,214309.0,1.0,6.0,10046745,9372441,102638.0,44759.0,7.0,14.0,93476.0,150953,2024,2023-24,https://ope.ed.gov/athletics/#/datafile/list,43827.0,17627.878048780487,1953920.0,1345092.0,371192.0
165699,Endicott College,MA,NCAA Division III with football,"Private nonprofit, 4-year or above",709803.0,709800.0,139.0,941.0,130745.0,1.0,9.0,5989745,5989745,36637.0,12127.0,10.0,33.0,15686.0,27521,2024,2023-24,https://ope.ed.gov/athletics/#/datafile/list,3.0,5106.474820143885,579055.0,766561.0,145780.0
191083,Erie Community College,NY,NJCAA Division III ,"Public, 2-year",390879.0,390879.0,50.0,3546.0,177275.0,1.0,7.0,1842173,1798689,21670.0,5197.0,8.0,16.0,4167.0,5962,2024,2023-24,https://ope.ed.gov/athletics/#/datafile/list,0.0,7817.58,213604.0,256512.0,58049.0
217998,Erskine College,SC,NCAA Division II with football,"Private nonprofit, 4-year or above",1003519.0,1003519.0,189.0,1625.0,307054.0,1.0,7.0,6850046,6850046,35065.0,31000.0,8.0,11.0,0.0,0,2024,2023-24,https://ope.ed.gov/athletics/#/datafile/list,0.0,5309.624338624339,696465.0,621520.0,252065.0
144971,Eureka College,IL,NCAA Division III with football,"Private nonprofit, 4-year or above",314400.0,314400.0,80.0,1438.0,115033.0,1.0,10.0,1875340,1875340,34525.0,4152.0,7.0,19.0,700.0,2484,2024,2023-24,https://ope.ed.gov/athletics/#/datafile/list,0.0,3930.0,199367.0,320563.0,76045.0
177339,Evangel University,MO,NAIA Division I ,"Private nonprofit, 4-year or above",2507378.0,2507378.0,111.0,2020.0,224175.0,1.0,7.0,10917074,10917074,34960.0,18966.0,9.0,18.0,25058.0,34282,2024,2023-24,https://ope.ed.gov/athletics/#/datafile/list,0.0,22588.99099099099,2283203.0,656028.0,167722.0
184694,Fairleigh Dickinson University-Florham Campus,NJ,NCAA Division III with football,"Private nonprofit, 4-year or above",434811.0,434811.0,121.0,1141.0,138119.0,1.0,8.0,4148168,3979213,30653.0,9603.0,11.0,20.0,25626.0,40569,2024,2023-24,https://ope.ed.gov/athletics/#/datafile/list,0.0,3593.4793388429753,296692.0,529243.0,107477.0
237367,Fairmont State University,WV,NCAA Division II with football,"Public, 4-year or above",1205575.0,1135550.0,98.0,1511.0,148125.0,1.0,6.0,6281819,6088243,42431.0,24727.0,8.0,14.0,7148.0,17272,2024,2023-24,https://ope.ed.gov/athletics/#/datafile/list,70025.0,11587.244897959185,987425.0,685626.0,190793.0
101189,Faulkner University,AL,NAIA Division I ,"Private nonprofit, 4-year or above",1401712.0,1401712.0,127.0,2797.0,355242.0,1.0,10.0,7378678,7378678,54961.0,21873.0,6.0,17.0,26479.0,49177,2024,2023-24,https://ope.ed.gov/athletics/#/datafile/list,0.0,11037.102362204725,1046470.0,701607.0,273691.0
198543,Fayetteville State University,NC,NCAA Division II with football,"Public, 4-year or above",1317413.0,1317413.0,80.0,3168.0,253412.0,1.0,8.0,5532468,5532468,51375.0,33424.0,4.0,12.0,0.0,1875,2024,2023-24,https://ope.ed.gov/athletics/#/datafile/list,0.0,16467.6625,1064001.0,606588.0,318767.0
114433,Feather River Community College District,CA,CCCAA,"Public, 2-year",382768.0,382768.0,55.0,1375.0,75615.0,1.0,8.0,2601078,2601078,91454.0,17659.0,5.0,12.0,10414.0,18289,2024,2023-24,https://ope.ed.gov/athletics/#/datafile/list,0.0,6959.418181818181,307153.0,669178.0,232726.0
169910,Ferris State University,MI,Other ,"Public, 4-year or above",2693485.0,2693485.0,148.0,3852.0,570146.0,1.0,7.0,12199553,12199553,98322.0,46356.0,6.0,15.0,94345.0,138948,2024,2023-24,https://ope.ed.gov/athletics/#/datafile/list,0.0,18199.222972972973,2123339.0,1285272.0,422814.0
232089,Ferrum College,VA,NCAA Division III with football,"Private nonprofit, 4-year or above",606243.0,606243.0,120.0,500.0,59946.0,1.0,8.0,3227137,3227137,44883.0,28052.0,8.0,13.0,62448.0,97038,2024,2023-24,https://ope.ed.gov/athletics/#/datafile/list,0.0,5052.025,546297.0,723740.0,269299.0
165820,Fitchburg State University,MA,NCAA Division III with football,"Public, 4-year or above",164309.0,152293.0,62.0,917.0,56857.0,1.0,6.0,2026127,1987634,11438.0,3957.0,8.0,21.0,4495.0,10083,2024,2023-24,https://ope.ed.gov/athletics/#/datafile/list,12016.0,2456.3387096774195,95436.0,174601.0,35180.0
133650,Florida Agricultural and Mechanical University,FL,NCAA Division I-FCS,"Public, 4-year or above",6454000.0,4500000.0,110.0,12104.0,1331400.0,1.0,10.0,13816885,12122966,139670.0,61544.0,6.0,21.0,2249.0,6551,2024,2023-24,https://ope.ed.gov/athletics/#/datafile/list,1954000.0,40909.09090909091,3168600.0,2130444.0,755110.0
133669,Florida Atlantic University,FL,NCAA Division I-FBS,"Public, 4-year or above",16688417.0,16688417.0,115.0,35928.0,4131678.0,1.0,10.0,45319502,45319502,324300.0,127560.0,8.0,21.0,616631.0,816468,2024,2023-24,https://ope.ed.gov/athletics/#/datafile/list,0.0,145116.6695652174,12556739.0,5273160.0,1599900.0
133951,Florida International University,FL,NCAA Division I-FBS,"Public, 4-year or above",11012712.0,11012712.0,112.0,21155.0,2369339.0,1.0,14.0,41981914,41981914,373175.0,132831.0,5.0,19.0,385887.0,505901,2024,2023-24,https://ope.ed.gov/athletics/#/datafile/list,0.0,98327.78571428571,8643373.0,4389664.0,2232809.0
133979,Florida Memorial University,FL,NAIA Division I ,"Private nonprofit, 4-year or above",1345237.0,1345237.0,103.0,2946.0,303488.0,1.0,7.0,5740261,5740261,51458.0,23292.0,6.0,11.0,11650.0,22300,2024,2023-24,https://ope.ed.gov/athletics/#/datafile/list,0.0,13060.553398058253,1041749.0,564960.0,214502.0
134097,Florida State University,FL,NCAA Division I-FBS,"Public, 4-year or above",95016739.0,61092937.0,125.0,112452.0,14056553.0,1.0,14.0,169896350,169896350,1440641.0,337790.0,8.0,28.0,2357890.0,3022735,2024,2023-24,https://ope.ed.gov/athletics/#/datafile/list,33923802.0,488743.496,47036384.0,20983248.0,6169701.0
114716,Foothill College,CA,CCCAA,"Public, 2-year",176303.0,176303.0,61.0,672.0,41000.0,1.0,8.0,994787,994787,47340.0,3500.0,5.0,14.0,0.0,0,2024,2023-24,https://ope.ed.gov/athletics/#/datafile/list,0.0,2890.2131147540986,135303.0,285700.0,75340.0
191241,Fordham University,NY,NCAA Division I-FCS,"Private nonprofit, 4-year or above",8960705.0,8960705.0,101.0,7970.0,805010.0,1.0,10.0,44514033,44514033,206544.0,71126.0,9.0,23.0,686790.0,898100,2024,2023-24,https://ope.ed.gov/athletics/#/datafile/list,0.0,88719.85148514851,8155695.0,3494794.0,917804.0
155061,Fort Hays State University,KS,NCAA Division II with football,"Public, 4-year or above",2113163.0,1970385.0,150.0,3170.0,475572.0,1.0,10.0,7769359,7615055,74618.0,51934.0,7.0,11.0,201923.0,255845,2024,2023-24,https://ope.ed.gov/athletics/#/datafile/list,142778.0,13135.9,1494813.0,1093600.0,593958.0
127185,Fort Lewis College,CO,NCAA Division II with football,"Public, 4-year or above",1657839.0,1657840.0,129.0,3083.0,397666.0,1.0,9.0,8531754,8370166,65801.0,27866.0,5.0,12.0,39558.0,61852,2024,2023-24,https://ope.ed.gov/athletics/#/datafile/list,-1.0,12851.472868217053,1260174.0,663397.0,316595.0
139719,Fort Valley State University,GA,NCAA Division II with football,"Public, 4-year or above",904815.0,904815.0,106.0,543.0,57533.0,1.0,6.0,5205897,5205897,55174.0,47076.0,6.0,8.0,7472.0,9440,2024,2023-24,https://ope.ed.gov/athletics/#/datafile/list,0.0,8535.990566037735,847282.0,707652.0,337630.0
165866,Framingham State University,MA,NCAA Division III with football,"Public, 4-year or above",222761.0,209573.0,79.0,1238.0,97811.0,1.0,7.0,1972566,1972566,17176.0,4919.0,6.0,16.0,2015.0,7918,2024,2023-24,https://ope.ed.gov/athletics/#/datafile/list,13188.0,2652.8227848101264,111762.0,181760.0,51609.0
150604,Franklin College,IN,NCAA Division III with football,"Private nonprofit, 4-year or above",469464.0,395021.0,113.0,990.0,111832.0,1.0,10.0,2763925,2474129,34473.0,10773.0,8.0,22.0,14820.0,20923,2024,2023-24,https://ope.ed.gov/athletics/#/datafile/list,74443.0,3495.761061946903,283189.0,512790.0,142203.0
182795,Franklin Pierce University,NH,NCAA Division II with football,"Private nonprofit, 4-year or above",1712680.0,1712680.0,100.0,1344.0,134373.0,1.0,5.0,9142545,9142545,53861.0,16503.0,9.0,17.0,34366.0,62879,2024,2023-24,https://ope.ed.gov/athletics/#/datafile/list,0.0,17126.8,1578307.0,765300.0,136376.0
212577,Franklin and Marshall College,PA,NCAA Division III with football,"Private nonprofit, 4-year or above",787682.0,793785.0,101.0,1417.0,143132.0,1.0,8.0,7339588,7162390,49667.0,19401.0,14.0,30.0,73888.0,115643,2024,2023-24,https://ope.ed.gov/athletics/#/datafile/list,-6103.0,7859.257425742574,650653.0,1277368.0,204875.0
114789,Fresno City College,CA,CCCAA,"Public, 2-year",837652.0,740789.0,76.0,3076.0,233779.0,1.0,8.0,4095365,4035365,39757.0,4500.0,9.0,28.0,0.0,0,2024,2023-24,https://ope.ed.gov/athletics/#/datafile/list,96863.0,9747.223684210527,507010.0,483813.0,75757.0
155089,Friends University,KS,NAIA Division I ,"Private nonprofit, 4-year or above",2787410.0,1147987.0,130.0,659.0,85618.0,1.0,8.0,11251179,7139905,40167.0,10347.0,9.0,23.0,27623.0,50375,2024,2023-24,https://ope.ed.gov/athletics/#/datafile/list,1639423.0,8830.66923076923,1062369.0,599484.0,122943.0
162584,Frostburg State University,MD,NCAA Division II with football,"Public, 4-year or above",1208987.0,1208987.0,145.0,1172.0,169911.0,1.0,11.0,9022066,9022066,49798.0,21596.0,11.0,30.0,16018.0,30078,2024,2023-24,https://ope.ed.gov/athletics/#/datafile/list,0.0,8337.841379310345,1039076.0,1195658.0,287354.0
114859,Fullerton College,CA,CCCAA,"Public, 2-year",255151.0,255151.0,99.0,1076.0,106567.0,1.0,14.0,2420351,2420351,51190.0,6193.0,10.0,34.0,0.0,0,2024,2023-24,https://ope.ed.gov/athletics/#/datafile/list,0.0,2577.282828282828,148584.0,722462.0,137892.0
218070,Furman University,SC,NCAA Division I-FCS,"Private nonprofit, 4-year or above",8822276.0,8822276.0,134.0,5659.0,758256.0,1.0,12.0,31927207,31927207,228166.0,64572.0,6.0,23.0,230914.0,385405,2024,2023-24,https://ope.ed.gov/athletics/#/datafile/list,0.0,65837.88059701493,8064020.0,2854152.0,1003030.0
131450,Gallaudet University,DC,NCAA Division III with football,"Private nonprofit, 4-year or above",450756.0,446252.0,72.0,2404.0,173052.0,1.0,6.0,3264180,3037053,30497.0,8620.0,7.0,18.0,24860.0,34018,2024,2023-24,https://ope.ed.gov/athletics/#/datafile/list,4504.0,6197.944444444444,273200.0,368639.0,82217.0
212601,Gannon University,PA,NCAA Division II with football,"Private nonprofit, 4-year or above",2272205.0,2262400.0,112.0,1111.0,124456.0,1.0,8.0,12856012,12443828,50408.0,23938.0,9.0,21.0,69037.0,115514,2024,2023-24,https://ope.ed.gov/athletics/#/datafile/list,9805.0,20200.0,2137944.0,956370.0,241912.0
155104,Garden City Community College,KS,NJCAA Division I ,"Public, 2-year",869116.0,869116.0,59.0,1971.0,116305.0,1.0,12.0,4400974,4400974,49794.0,20097.0,9.0,22.0,19401.0,35805,2024,2023-24,https://ope.ed.gov/athletics/#/datafile/list,0.0,14730.77966101695,752811.0,890280.0,290958.0
198561,Gardner-Webb University,NC,NCAA Division I-FCS,"Private nonprofit, 4-year or above",3640429.0,3640429.0,113.0,5483.0,619624.0,1.0,15.0,14245572,14245572,66622.0,26153.0,11.0,33.0,95247.0,143328,2024,2023-24,https://ope.ed.gov/athletics/#/datafile/list,0.0,32216.185840707964,3020805.0,1595891.0,458917.0
114938,Gavilan College,CA,CCCAA,"Public, 2-year",113696.0,84505.0,51.0,965.0,49209.0,1.0,7.0,952588,879233,6000.0,3833.0,4.0,15.0,0.0,0,2024,2023-24,https://ope.ed.gov/athletics/#/datafile/list,29191.0,1656.9607843137255,35296.0,81495.0,32831.0
212656,Geneva College,PA,NCAA Division III with football,"Private nonprofit, 4-year or above",469828.0,469828.0,95.0,1459.0,138603.0,1.0,11.0,2592724,2592724,44777.0,13153.0,8.0,16.0,49574.0,67823,2024,2023-24,https://ope.ed.gov/athletics/#/datafile/list,0.0,4945.557894736842,331225.0,568664.0,189460.0
208822,George Fox University,OR,NCAA Division III with football,"Private nonprofit, 4-year or above",1019713.0,1004078.0,114.0,3345.0,381375.0,1.0,14.0,5968333,5777936,56098.0,14841.0,8.0,35.0,90275.0,134076,2024,2023-24,https://ope.ed.gov/athletics/#/datafile/list,15635.0,8807.701754385966,622703.0,968219.0,263872.0
156745,Georgetown College,KY,NAIA Division I ,"Private nonprofit, 4-year or above",5177615.0,5177615.0,157.0,1550.0,243389.0,1.0,12.0,18008617,18008617,49147.0,22521.0,9.0,18.0,19906.0,31529,2024,2023-24,https://ope.ed.gov/athletics/#/datafile/list,0.0,32978.43949044586,4934226.0,847701.0,319399.0
131496,Georgetown University,DC,NCAA Division I-FCS,"Private nonprofit, 4-year or above",3736191.0,3486182.0,106.0,6241.0,661496.0,1.0,13.0,58357795,58357795,631640.0,60476.0,10.0,34.0,424026.0,637535,2024,2023-24,https://ope.ed.gov/athletics/#/datafile/list,250009.0,32888.50943396227,2824686.0,8372584.0,1417828.0
139755,Georgia Institute of Technology-Main Campus,GA,NCAA Division I-FBS,"Public, 4-year or above",65424854.0,37704644.0,125.0,106970.0,13371277.0,1.0,10.0,128210764,127823348,1031204.0,407546.0,7.0,29.0,2574425.0,3021825,2024,2023-24,https://ope.ed.gov/athletics/#/datafile/list,27720210.0,301637.152,24333367.0,19037262.0,5106664.0
485111,Georgia Military College,GA,NJCAA Division I ,"Public, 2-year",802921.0,802921.0,110.0,3021.0,332328.0,1.0,6.0,1883413,1883413,22451.0,31051.0,4.0,7.0,6274.0,17927,2024,2023-24,https://ope.ed.gov/athletics/#/datafile/list,0.0,7299.281818181818,470593.0,307161.0,208757.0
139931,Georgia Southern University,GA,NCAA Division I-FBS,"Public, 4-year or above",11165922.0,11165922.0,131.0,12464.0,1632761.0,1.0,18.0,36967213,36967213,254846.0,110262.0,6.0,19.0,386209.0,587197,2024,2023-24,https://ope.ed.gov/athletics/#/datafile/list,0.0,85236.04580152672,9533161.0,3624054.0,2239562.0
139940,Georgia State University,GA,NCAA Division I-FBS,"Public, 4-year or above",10836069.0,10836069.0,117.0,17277.0,2021372.0,1.0,14.0,39204432,39204432,295831.0,118194.0,6.0,21.0,454731.0,595048,2024,2023-24,https://ope.ed.gov/athletics/#/datafile/list,0.0,92615.97435897436,8814697.0,4257060.0,1950547.0
212674,Gettysburg College,PA,NCAA Division III with football,"Private nonprofit, 4-year or above",459222.0,459222.0,100.0,1564.0,156364.0,1.0,8.0,5581622,5581622,47913.0,13041.0,10.0,31.0,91686.0,134027,2024,2023-24,https://ope.ed.gov/athletics/#/datafile/list,0.0,4592.22,302858.0,883401.0,152241.0
115001,Glendale Community College,CA,CCCAA,"Public, 2-year",260650.0,260650.0,104.0,490.0,50926.0,1.0,8.0,2675732,2675732,67955.0,6555.0,8.0,18.0,0.0,0,2024,2023-24,https://ope.ed.gov/athletics/#/datafile/list,0.0,2506.25,209724.0,661630.0,120395.0
237385,Glenville State University,WV,NCAA Division II with football,"Public, 4-year or above",1288098.0,1296957.0,112.0,1771.0,198320.0,1.0,11.0,5159776,5084721,47581.0,25200.0,6.0,15.0,34634.0,45968,2024,2023-24,https://ope.ed.gov/athletics/#/datafile/list,-8859.0,11579.973214285714,1098637.0,663486.0,324781.0
115126,Golden West College,CA,CCCAA,"Public, 2-year",435313.0,435313.0,105.0,1193.0,125238.0,1.0,7.0,3747093,3747093,58702.0,10880.0,9.0,26.0,0.0,0,2024,2023-24,https://ope.ed.gov/athletics/#/datafile/list,0.0,4145.838095238095,310075.0,811198.0,134862.0
153366,Graceland University-Lamoni,IA,NAIA Division II ,"Private nonprofit, 4-year or above",2440980.0,2440980.0,169.0,1384.0,233827.0,1.0,8.0,8587161,8587161,29466.0,18681.0,11.0,20.0,26089.0,67508,2024,2023-24,https://ope.ed.gov/athletics/#/datafile/list,0.0,14443.668639053254,2207153.0,697746.0,178914.0
159009,Grambling State University,LA,NCAA Division I-FCS,"Public, 4-year or above",2485014.0,4567231.0,118.0,5578.0,658260.0,1.0,11.0,14014943,14014943,209801.0,67682.0,4.0,16.0,117903.0,175953,2024,2023-24,https://ope.ed.gov/athletics/#/datafile/list,-2082217.0,38705.34745762712,3908971.0,1922116.0,954303.0
170082,Grand Valley State University,MI,NCAA Division II with football,"Public, 4-year or above",4448375.0,4065387.0,131.0,5237.0,686104.0,1.0,10.0,25203200,24678743,83883.0,34794.0,8.0,23.0,83133.0,131715,2024,2023-24,https://ope.ed.gov/athletics/#/datafile/list,382988.0,31033.48854961832,3379283.0,1471326.0,431823.0
153375,Grand View University,IA,NAIA Division I ,"Private nonprofit, 4-year or above",2538408.0,2538408.0,158.0,1586.0,250597.0,1.0,9.0,11568735,11568735,41660.0,11469.0,10.0,42.0,23527.0,31685,2024,2023-24,https://ope.ed.gov/athletics/#/datafile/list,0.0,16065.87341772152,2287811.0,898298.0,144881.0
198598,Greensboro College,NC,NCAA Division III with football,"Private nonprofit, 4-year or above",379975.0,379975.0,127.0,648.0,82256.0,1.0,12.0,2664408,2664408,42158.0,10561.0,8.0,15.0,13094.0,30278,2024,2023-24,https://ope.ed.gov/athletics/#/datafile/list,0.0,2991.9291338582675,297719.0,495679.0,168890.0
145372,Greenville University,IL,NCAA Division III with football,"Private nonprofit, 4-year or above",286202.0,294506.0,90.0,1141.0,102652.0,1.0,6.0,2190328,2177387,38737.0,14058.0,7.0,21.0,11150.0,20900,2024,2023-24,https://ope.ed.gov/athletics/#/datafile/list,-8304.0,3272.288888888889,191854.0,566377.0,123085.0
153384,Grinnell College,IA,NCAA Division III with football,"Private nonprofit, 4-year or above",490052.0,490052.0,56.0,1806.0,101118.0,1.0,7.0,4290476,4290476,34859.0,14747.0,10.0,22.0,36749.0,51027,2024,2023-24,https://ope.ed.gov/athletics/#/datafile/list,0.0,8750.92857142857,388934.0,673024.0,138088.0
115296,Grossmont College,CA,CCCAA,"Public, 2-year",622525.0,182489.0,70.0,750.0,52489.0,1.0,8.0,3761941,839221,8000.0,4000.0,6.0,15.0,0.0,0,2024,2023-24,https://ope.ed.gov/athletics/#/datafile/list,440036.0,2606.9857142857145,130000.0,108000.0,40000.0
198613,Guilford College,NC,NCAA Division III with football,"Private nonprofit, 4-year or above",395829.0,395829.0,89.0,1086.0,96620.0,1.0,8.0,3197949,3148264,47011.0,16500.0,8.0,14.0,22857.0,27503,2024,2023-24,https://ope.ed.gov/athletics/#/datafile/list,0.0,4447.516853932584,299209.0,607088.0,179011.0
173647,Gustavus Adolphus College,MN,NCAA Division III with football,"Private nonprofit, 4-year or above",697415.0,697415.0,118.0,777.0,91701.0,1.0,10.0,5614098,5614098,49923.0,14923.0,9.0,37.0,33731.0,46122,2024,2023-24,https://ope.ed.gov/athletics/#/datafile/list,0.0,5910.296610169492,605714.0,1001458.0,199153.0
191515,Hamilton College,NY,NCAA Division III with football,"Private nonprofit, 4-year or above",1117236.0,1117236.0,76.0,2892.0,219764.0,1.0,8.0,10998469,10998469,80778.0,28830.0,14.0,29.0,64787.0,98693,2024,2023-24,https://ope.ed.gov/athletics/#/datafile/list,0.0,14700.473684210527,897472.0,1966962.0,311418.0
173665,Hamline University,MN,NCAA Division III with football,"Private nonprofit, 4-year or above",404350.0,404350.0,70.0,1991.0,139341.0,1.0,8.0,3692740,3692740,32222.0,9424.0,10.0,29.0,31866.0,55567,2024,2023-24,https://ope.ed.gov/athletics/#/datafile/list,0.0,5776.428571428572,265009.0,595516.0,107614.0
232256,Hampden-Sydney College,VA,NCAA Division III with football,"Private nonprofit, 4-year or above",1293044.0,1293044.0,118.0,994.0,117277.0,1.0,12.0,4905455,4905455,64852.0,30242.0,9.0,23.0,154912.0,154912,2024,2023-24,https://ope.ed.gov/athletics/#/datafile/list,0.0,10958.0,1175767.0,1279234.0,427756.0
232265,Hampton University,VA,NCAA Division I-FCS,"Private nonprofit, 4-year or above",5416400.0,4671817.0,103.0,7455.0,767865.0,1.0,10.0,15830182,15830182,58309.0,69789.0,7.0,24.0,313870.0,392337,2024,2023-24,https://ope.ed.gov/athletics/#/datafile/list,744583.0,45357.446601941745,3903952.0,2083099.0,756199.0
150756,Hanover College,IN,NCAA Division III with football,"Private nonprofit, 4-year or above",429703.0,429703.0,112.0,940.0,105261.0,1.0,6.0,3435194,3435194,42948.0,11452.0,11.0,22.0,50964.0,89696,2024,2023-24,https://ope.ed.gov/athletics/#/datafile/list,0.0,3836.6339285714284,324442.0,724372.0,111660.0
225247,Hardin-Simmons University,TX,NCAA Division III with football,"Private nonprofit, 4-year or above",1322472.0,1338678.0,203.0,2825.0,573458.0,1.0,9.0,5300572,4275267,47722.0,35375.0,9.0,17.0,7764.0,12342,2024,2023-24,https://ope.ed.gov/athletics/#/datafile/list,-16206.0,6594.472906403941,765220.0,1030873.0,366097.0
107044,Harding University,AR,NCAA Division II with football,"Private nonprofit, 4-year or above",2757397.0,2757397.0,136.0,1379.0,187490.0,1.0,7.0,9417132,9417132,66628.0,65863.0,7.0,12.0,51875.0,67720,2024,2023-24,https://ope.ed.gov/athletics/#/datafile/list,0.0,20274.977941176472,2569907.0,1256752.0,527669.0
115393,Hartnell College,CA,CCCAA,"Public, 2-year",118205.0,109921.0,35.0,2283.0,79905.0,1.0,6.0,1233288,1221630,4924.0,4703.0,7.0,18.0,0.0,0,2024,2023-24,https://ope.ed.gov/athletics/#/datafile/list,8284.0,3140.6,30016.0,119122.0,33142.0
191533,Hartwick College,NY,NCAA Division III with football,"Private nonprofit, 4-year or above",459232.0,459232.0,101.0,1527.0,154230.0,1.0,8.0,3124628,3124628,32766.0,13727.0,8.0,16.0,36005.0,61112,2024,2023-24,https://ope.ed.gov/athletics/#/datafile/list,0.0,4546.851485148515,305002.0,481760.0,142582.0
166027,Harvard University,MA,NCAA Division I-FCS,"Private nonprofit, 4-year or above",4294042.0,4294042.0,111.0,4537.0,503584.0,1.0,9.0,43636552,43636552,175947.0,54010.0,18.0,67.0,1218199.0,1793784,2024,2023-24,https://ope.ed.gov/athletics/#/datafile/list,0.0,38685.06306306306,3790458.0,6785716.0,662037.0
181127,Hastings College,NE,NAIA Division II ,"Private nonprofit, 4-year or above",1442332.0,1442332.0,108.0,1571.0,169716.0,1.0,7.0,9426717,9426717,42277.0,14292.0,10.0,21.0,23415.0,35390,2024,2023-24,https://ope.ed.gov/athletics/#/datafile/list,0.0,13354.925925925925,1272616.0,722902.0,142321.0
203085,Heidelberg University,OH,NCAA Division III with football,"Private nonprofit, 4-year or above",558830.0,558830.0,150.0,941.0,141157.0,1.0,9.0,3272833,3272833,42430.0,18189.0,10.0,22.0,39193.0,63674,2024,2023-24,https://ope.ed.gov/athletics/#/datafile/list,0.0,3725.5333333333333,417673.0,824458.0,206131.0
107071,Henderson State University,AR,NCAA Division II with football,"Public, 4-year or above",1593276.0,1593276.0,137.0,1078.0,147628.0,1.0,6.0,6175196,6175196,49385.0,39535.0,5.0,9.0,42424.0,62374,2024,2023-24,https://ope.ed.gov/athletics/#/datafile/list,0.0,11629.751824817518,1445648.0,602740.0,286595.0
107080,Hendrix College,AR,NCAA Division III with football,"Private nonprofit, 4-year or above",582959.0,582959.0,97.0,2747.0,266457.0,1.0,11.0,4095138,4095138,35558.0,15472.0,9.0,21.0,74922.0,107897,2024,2023-24,https://ope.ed.gov/athletics/#/datafile/list,0.0,6009.886597938144,316502.0,644934.0,205750.0
155186,Highland Community College,KS,NJCAA Division I ,"Public, 2-year",834668.0,706250.0,104.0,899.0,93496.0,1.0,6.0,2417524,2417524,56579.0,27673.0,4.0,8.0,29186.0,42864,2024,2023-24,https://ope.ed.gov/athletics/#/datafile/list,128418.0,6790.865384615385,612754.0,447700.0,222617.0
191621,Hilbert College,NY,NCAA Division III with football,"Private nonprofit, 4-year or above",330409.0,306028.0,66.0,1562.0,103084.0,1.0,6.0,2289895,1668529,34333.0,6558.0,9.0,15.0,13917.0,30168,2024,2023-24,https://ope.ed.gov/athletics/#/datafile/list,24381.0,4636.787878787879,202944.0,407367.0,73681.0
175786,Hinds Community College,MS,NJCAA Division I ,"Public, 2-year",888413.0,841032.0,65.0,1915.0,124504.0,1.0,7.0,4257963,3541385,43891.0,24999.0,8.0,15.0,10087.0,11657,2024,2023-24,https://ope.ed.gov/athletics/#/datafile/list,47381.0,12938.953846153847,716528.0,726113.0,218884.0
203128,Hiram College,OH,NCAA Division III with football,"Private nonprofit, 4-year or above",438293.0,438293.0,66.0,2217.0,146298.0,1.0,6.0,2252411,2252411,39215.0,13807.0,10.0,14.0,40698.0,71670,2024,2023-24,https://ope.ed.gov/athletics/#/datafile/list,0.0,6640.80303030303,291995.0,585448.0,122057.0
191630,Hobart William Smith Colleges,NY,NCAA Division III with football,"Private nonprofit, 4-year or above",686888.0,686888.0,98.0,1389.0,136116.0,1.0,9.0,10548310,10548310,57922.0,24936.0,15.0,28.0,106992.0,169323,2024,2023-24,https://ope.ed.gov/athletics/#/datafile/list,0.0,7009.061224489796,550772.0,1567038.0,282346.0
203155,Hocking College,OH,NJCAA Division III ,"Public, 2-year",325044.0,325044.0,120.0,1410.0,169154.0,1.0,5.0,972822,972822,21790.0,5285.0,5.0,7.0,113.0,668,2024,2023-24,https://ope.ed.gov/athletics/#/datafile/list,0.0,2708.7,155890.0,145945.0,48215.0
175810,Holmes Community College,MS,NJCAA Division II ,"Public, 2-year",993687.0,993687.0,65.0,945.0,61395.0,1.0,6.0,3129490,3129490,78314.0,43197.0,5.0,10.0,11752.0,21426,2024,2023-24,https://ope.ed.gov/athletics/#/datafile/list,0.0,15287.492307692308,932292.0,823540.0,337496.0
170301,Hope College,MI,NCAA Division III with football,"Private nonprofit, 4-year or above",713416.0,683726.0,128.0,429.0,54858.0,1.0,9.0,4777553,4631786,39193.0,9183.0,10.0,33.0,62732.0,92487,2024,2023-24,https://ope.ed.gov/athletics/#/datafile/list,29690.0,5341.609375,628868.0,694969.0,121840.0
225399,Houston Christian University,TX,NCAA Division I-FCS,"Private nonprofit, 4-year or above",5773605.0,5773605.0,117.0,6398.0,748624.0,1.0,9.0,20045332,20045332,83466.0,57178.0,6.0,16.0,209692.0,296737,2024,2023-24,https://ope.ed.gov/athletics/#/datafile/list,0.0,49347.05128205128,5024981.0,1415644.0,598068.0
225548,Howard Payne University,TX,NCAA Division III with football,"Private nonprofit, 4-year or above",790593.0,822681.0,128.0,2223.0,284558.0,1.0,8.0,3692363,3113267,56318.0,25717.0,6.0,14.0,53859.0,59079,2024,2023-24,https://ope.ed.gov/athletics/#/datafile/list,-32088.0,6427.1953125,538123.0,697946.0,262054.0
131520,Howard University,DC,NCAA Division I-FCS,"Private nonprofit, 4-year or above",5919007.0,5919007.0,101.0,9891.0,998988.0,1.0,12.0,23646782,23646782,186718.0,63379.0,7.0,22.0,39798.0,64019,2024,2023-24,https://ope.ed.gov/athletics/#/datafile/list,0.0,58604.0297029703,4920019.0,2701364.0,947266.0
191719,Hudson Valley Community College,NY,NJCAA Division III ,"Public, 2-year",121120.0,121120.0,86.0,831.0,71470.0,1.0,7.0,1178223,1178223,6628.0,2495.0,8.0,25.0,1424.0,2227,2024,2023-24,https://ope.ed.gov/athletics/#/datafile/list,0.0,1408.3720930232557,49650.0,115399.0,24093.0
101435,Huntingdon College,AL,NCAA Division III with football,"Private nonprofit, 4-year or above",841931.0,824640.0,149.0,1395.0,207855.0,1.0,8.0,4661552,4570095,67500.0,25983.0,10.0,16.0,48240.0,87870,2024,2023-24,https://ope.ed.gov/athletics/#/datafile/list,17291.0,5534.496644295302,616785.0,1090728.0,275364.0
487524,Husson University,ME,NCAA Division III with football,"Private nonprofit, 4-year or above",559942.0,559942.0,131.0,2230.0,292111.0,1.0,9.0,5207722,5207722,30536.0,9345.0,10.0,25.0,65811.0,91297,2024,2023-24,https://ope.ed.gov/athletics/#/datafile/list,0.0,4274.366412213741,267831.0,538985.0,114641.0
155195,Hutchinson Community College,KS,NJCAA Division I ,"Public, 2-year",1217516.0,1217516.0,110.0,1417.0,155830.0,1.0,9.0,5019401,5019401,57218.0,40594.0,6.0,16.0,62423.0,85157,2024,2023-24,https://ope.ed.gov/athletics/#/datafile/list,0.0,11068.327272727272,1061686.0,992812.0,422564.0
142276,Idaho State University,ID,NCAA Division I-FCS,"Public, 4-year or above",5138013.0,5138013.0,109.0,10116.0,1102621.0,1.0,14.0,17201288,17201288,88596.0,51078.0,5.0,20.0,209996.0,345976,2024,2023-24,https://ope.ed.gov/athletics/#/datafile/list,0.0,47137.733944954125,4035392.0,1464540.0,803688.0
145691,Illinois College,IL,NCAA Division III with football,"Private nonprofit, 4-year or above",594733.0,594733.0,112.0,1417.0,158692.0,1.0,9.0,3652510,3652510,36303.0,18748.0,9.0,16.0,56204.0,100526,2024,2023-24,https://ope.ed.gov/athletics/#/datafile/list,0.0,5310.116071428572,436041.0,626695.0,205035.0
145813,Illinois State University,IL,NCAA Division I-FCS,"Public, 4-year or above",5123265.0,5123265.0,112.0,8103.0,907480.0,1.0,17.0,30786532,30786532,216965.0,54581.0,6.0,34.0,163557.0,309803,2024,2023-24,https://ope.ed.gov/athletics/#/datafile/list,0.0,45743.4375,4215785.0,3157544.0,1144842.0
145646,Illinois Wesleyan University,IL,NCAA Division III with football,"Private nonprofit, 4-year or above",562397.0,562397.0,133.0,1660.0,220742.0,1.0,8.0,4760354,4760354,43263.0,11208.0,12.0,34.0,55374.0,87389,2024,2023-24,https://ope.ed.gov/athletics/#/datafile/list,0.0,4228.548872180451,341655.0,900228.0,132927.0
155201,Independence Community College,KS,NJCAA Division I ,"Public, 2-year",729792.0,729792.0,55.0,2225.0,122375.0,1.0,8.0,2206210,2206210,70783.0,36112.0,2.0,7.0,15858.0,20998,2024,2023-24,https://ope.ed.gov/athletics/#/datafile/list,0.0,13268.945454545454,607417.0,394350.0,359679.0
151324,Indiana State University,IN,NCAA Division I-FCS,"Public, 4-year or above",4723313.0,4723313.0,115.0,9769.0,1123405.0,1.0,12.0,20067416,19636625,231808.0,59533.0,4.0,26.0,326767.0,428252,2024,2023-24,https://ope.ed.gov/athletics/#/datafile/list,0.0,41072.28695652174,3599908.0,2475090.0,946204.0
213020,Indiana University of Pennsylvania-Main Campus,PA,NCAA Division II with football,"Public, 4-year or above",2037346.0,1972466.0,88.0,2569.0,226055.0,1.0,7.0,9326678,8999493,91470.0,38224.0,6.0,13.0,44623.0,81593,2024,2023-24,https://ope.ed.gov/athletics/#/datafile/list,64880.0,22414.386363636364,1746411.0,1045732.0,359038.0
151351,Indiana University-Bloomington,IN,NCAA Division I-FBS,"Public, 4-year or above",61330602.0,61330602.0,126.0,70657.0,8902737.0,1.0,15.0,164249955,164249955,1094647.0,228679.0,10.0,38.0,2374836.0,3102894,2024,2023-24,https://ope.ed.gov/athletics/#/datafile/list,0.0,486750.8095238095,52427865.0,19636272.0,4524832.0
151801,Indiana Wesleyan University-Marion,IN,NAIA Division II ,"Private nonprofit, 4-year or above",1856764.0,1907495.0,128.0,1931.0,247185.0,1.0,11.0,13169475,11149970,35973.0,13202.0,10.0,34.0,45421.0,68975,2024,2023-24,https://ope.ed.gov/athletics/#/datafile/list,-50731.0,14902.3046875,1660310.0,808598.0,181195.0
153524,Iowa Central Community College,IA,NJCAA Division II ,"Public, 2-year",1090961.0,1090961.0,182.0,1087.0,197856.0,1.0,9.0,7001093,7001093,38426.0,21995.0,13.0,36.0,37396.0,62379,2024,2023-24,https://ope.ed.gov/athletics/#/datafile/list,0.0,5994.291208791209,893105.0,1291358.0,236381.0
153603,Iowa State University,IA,NCAA Division I-FBS,"Public, 4-year or above",56607092.0,30019709.0,139.0,40801.0,5671290.0,1.0,10.0,100543747,100471526,1701413.0,345795.0,5.0,22.0,1088663.0,1584291,2024,2023-24,https://ope.ed.gov/athletics/#/datafile/list,26587383.0,215969.12949640286,24348419.0,16114555.0,5159363.0
153630,Iowa Western Community College,IA,NJCAA Division I ,"Public, 2-year",1412491.0,1412491.0,131.0,3243.0,424846.0,1.0,11.0,8575657,8575657,48116.0,18405.0,10.0,34.0,56525.0,110607,2024,2023-24,https://ope.ed.gov/athletics/#/datafile/list,0.0,10782.374045801527,987645.0,1106930.0,250571.0
175829,Itawamba Community College,MS,NJCAA Division II ,"Public, 2-year",734424.0,734424.0,62.0,1482.0,91874.0,1.0,5.0,3108526,3108526,67031.0,43744.0,6.0,9.0,9430.0,15870,2024,2023-24,https://ope.ed.gov/athletics/#/datafile/list,0.0,11845.548387096775,642550.0,795882.0,285751.0
191968,Ithaca College,NY,NCAA Division III with football,"Private nonprofit, 4-year or above",746923.0,746923.0,116.0,2471.0,286691.0,1.0,7.0,7682152,7682152,46300.0,17370.0,13.0,23.0,77197.0,125525,2024,2023-24,https://ope.ed.gov/athletics/#/datafile/list,0.0,6438.991379310345,460232.0,1001410.0,167890.0
175856,Jackson State University,MS,NCAA Division I-FCS,"Public, 4-year or above",2867733.0,2867733.0,130.0,2221.0,288778.0,1.0,10.0,11948835,11948835,133333.0,60719.0,5.0,18.0,80438.0,124679,2024,2023-24,https://ope.ed.gov/athletics/#/datafile/list,0.0,22059.484615384616,2578955.0,1759607.0,740523.0
101480,Jacksonville State University,AL,NCAA Division I-FBS,"Public, 4-year or above",12388628.0,12388628.0,144.0,10058.0,1448291.0,1.0,10.0,29060404,29060404,269824.0,89888.0,6.0,18.0,515204.0,708431,2024,2023-24,https://ope.ed.gov/athletics/#/datafile/list,0.0,86032.13888888889,10940337.0,3236928.0,1168704.0
232423,James Madison University,VA,NCAA Division I-FCS,"Public, 4-year or above",15874372.0,15874372.0,119.0,26902.0,3201369.0,1.0,10.0,66110281,66110281,372338.0,117687.0,6.0,19.0,582241.0,893816,2024,2023-24,https://ope.ed.gov/athletics/#/datafile/list,0.0,133398.08403361344,12673003.0,4470081.0,1549208.0
203368,John Carroll University,OH,NCAA Division III with football,"Private nonprofit, 4-year or above",869579.0,869579.0,149.0,1581.0,235588.0,1.0,13.0,5407495,5407495,50548.0,15193.0,10.0,33.0,47271.0,63351,2024,2023-24,https://ope.ed.gov/athletics/#/datafile/list,0.0,5836.10067114094,633991.0,1006849.0,248057.0
162928,Johns Hopkins University,MD,Other ,"Private nonprofit, 4-year or above",983455.0,977022.0,90.0,1863.0,167667.0,1.0,7.0,16163490,15967354,94156.0,26693.0,11.0,29.0,112322.0,171431,2024,2023-24,https://ope.ed.gov/athletics/#/datafile/list,6433.0,10855.8,809355.0,1809813.0,281007.0
198756,Johnson C Smith University,NC,NCAA Division II with football,"Private nonprofit, 4-year or above",2792948.0,2792948.0,98.0,2083.0,204111.0,1.0,11.0,6540772,6540772,32565.0,19781.0,7.0,23.0,1521.0,2028,2024,2023-24,https://ope.ed.gov/athletics/#/datafile/list,0.0,28499.469387755104,2588837.0,682918.0,250156.0
175883,Jones County Junior College,MS,NJCAA Division I ,"Public, 2-year",1359587.0,1359587.0,64.0,1063.0,68034.0,1.0,6.0,5190858,5190858,76667.0,54453.0,6.0,13.0,15892.0,52686,2024,2023-24,https://ope.ed.gov/athletics/#/datafile/list,0.0,21243.546875,1291553.0,1167891.0,403385.0
146339,Judson University,IL,NAIA Division I ,"Private nonprofit, 4-year or above",1822435.0,1822435.0,131.0,601.0,78724.0,1.0,18.0,6659831,6546150,26657.0,7802.0,10.0,34.0,6109.0,6639,2024,2023-24,https://ope.ed.gov/athletics/#/datafile/list,0.0,13911.717557251908,1743711.0,531838.0,167093.0
213251,Juniata College,PA,NCAA Division III with football,"Private nonprofit, 4-year or above",518918.0,476677.0,76.0,1376.0,104572.0,1.0,6.0,4379539,3942791,40812.0,12035.0,12.0,20.0,63678.0,103652,2024,2023-24,https://ope.ed.gov/athletics/#/datafile/list,42241.0,6272.065789473684,372105.0,730444.0,113022.0
170532,Kalamazoo College,MI,NCAA Division III with football,"Private nonprofit, 4-year or above",602823.0,602823.0,94.0,2066.0,194203.0,1.0,10.0,3485837,3485837,58614.0,14702.0,9.0,21.0,49830.0,59602,2024,2023-24,https://ope.ed.gov/athletics/#/datafile/list,0.0,6413.010638297872,408620.0,836268.0,205634.0
155399,Kansas State University,KS,NCAA Division I-FBS,"Public, 4-year or above",40378631.0,16697101.0,124.0,44176.0,5477832.0,1.0,10.0,106312406,87502697,1532476.0,380795.0,5.0,20.0,1383037.0,1836261,2024,2023-24,https://ope.ed.gov/athletics/#/datafile/list,23681530.0,134654.04032258064,11219269.0,15278280.0,5340426.0
155414,Kansas Wesleyan University,KS,NAIA Division I ,"Private nonprofit, 4-year or above",2955995.0,2955995.0,142.0,1416.0,201037.0,1.0,7.0,18032389,18032389,38919.0,24906.0,10.0,15.0,36558.0,50918,2024,2023-24,https://ope.ed.gov/athletics/#/datafile/list,0.0,20816.8661971831,2754958.0,762780.0,213261.0
185262,Kean University,NJ,NCAA Division III with football,"Public, 4-year or above",506625.0,506625.0,97.0,2397.0,232550.0,1.0,13.0,5392019,5392019,83041.0,8238.0,8.0,42.0,17701.0,39156,2024,2023-24,https://ope.ed.gov/athletics/#/datafile/list,0.0,5222.938144329897,274075.0,1010324.0,190135.0
135081,Keiser University-Ft Lauderdale,FL,NAIA Division I ,"Private nonprofit, 4-year or above",3505754.0,3108388.0,128.0,3558.0,455413.0,1.0,10.0,17268785,16455189,65002.0,24697.0,11.0,27.0,31238.0,45528,2024,2023-24,https://ope.ed.gov/athletics/#/datafile/list,397366.0,24284.28125,2652975.0,1381841.0,311972.0
486840,Kennesaw State University,GA,NCAA Division I-FCS,"Public, 4-year or above",8271167.0,8271167.0,125.0,11736.0,1466975.0,1.0,10.0,32926067,32926067,194570.0,68795.0,7.0,20.0,416468.0,506303,2024,2023-24,https://ope.ed.gov/athletics/#/datafile/list,0.0,66169.336,6804192.0,2737890.0,882520.0
203517,Kent State University at Kent,OH,NCAA Division I-FBS,"Public, 4-year or above",9870490.0,9870490.0,100.0,41898.0,4189831.0,1.0,10.0,34453185,34453185,222127.0,79293.0,6.0,22.0,711971.0,896056,2024,2023-24,https://ope.ed.gov/athletics/#/datafile/list,0.0,98704.9,5680659.0,3077208.0,1015057.0
157100,Kentucky Christian University,KY,NAIA Division I ,"Private nonprofit, 4-year or above",1595093.0,1595093.0,97.0,2051.0,198947.0,1.0,9.0,6229483,6229483,27419.0,12209.0,6.0,12.0,33523.0,59762,2024,2023-24,https://ope.ed.gov/athletics/#/datafile/list,0.0,16444.25773195876,1396146.0,311022.0,137300.0
157058,Kentucky State University,KY,NCAA Division II with football,"Public, 4-year or above",1544221.0,1981854.0,127.0,2480.0,314991.0,1.0,3.0,5335353,5335353,54624.0,27276.0,8.0,8.0,500.0,873,2024,2023-24,https://ope.ed.gov/athletics/#/datafile/list,-437633.0,15605.149606299212,1666863.0,655200.0,136452.0
157076,Kentucky Wesleyan College,KY,NCAA Division II with football,"Private nonprofit, 4-year or above",2063005.0,1993317.0,112.0,2611.0,292430.0,1.0,8.0,7827789,7662084,42966.0,17270.0,9.0,18.0,64045.0,94268,2024,2023-24,https://ope.ed.gov/athletics/#/datafile/list,69688.0,17797.473214285714,1700887.0,697554.0,181126.0
203535,Kenyon College,OH,NCAA Division III with football,"Private nonprofit, 4-year or above",449278.0,449278.0,61.0,1948.0,118833.0,1.0,8.0,3628716,3628716,37895.0,14526.0,11.0,23.0,87111.0,127782,2024,2023-24,https://ope.ed.gov/athletics/#/datafile/list,0.0,7365.213114754099,330445.0,750943.0,154103.0
213303,Keystone College,PA,NCAA Division III with football,"Private nonprofit, 4-year or above",446818.0,446818.0,106.0,1744.0,184876.0,1.0,8.0,1952374,1952374,38285.0,14800.0,7.0,15.0,30915.0,39632,2024,2023-24,https://ope.ed.gov/athletics/#/datafile/list,0.0,4215.264150943396,261942.0,489995.0,156685.0
226019,Kilgore College,TX,NJCAA Division I ,"Public, 2-year",902533.0,820627.0,70.0,529.0,37030.0,1.0,6.0,1959516,1948929,81281.0,26563.0,2.0,8.0,19561.0,24061,2024,2023-24,https://ope.ed.gov/athletics/#/datafile/list,81906.0,11723.242857142857,783597.0,375066.0,240659.0
213321,King's College,PA,NCAA Division III with football,"Private nonprofit, 4-year or above",559238.0,559238.0,122.0,1436.0,175232.0,1.0,8.0,3123928,3123928,33600.0,13702.0,12.0,23.0,59173.0,72796,2024,2023-24,https://ope.ed.gov/athletics/#/datafile/list,0.0,4583.918032786885,384006.0,718346.0,143216.0
146427,Knox College,IL,NCAA Division III with football,"Private nonprofit, 4-year or above",402644.0,402644.0,70.0,2027.0,141894.0,1.0,6.0,3181966,3181966,39217.0,17429.0,9.0,12.0,10944.0,16708,2024,2023-24,https://ope.ed.gov/athletics/#/datafile/list,0.0,5752.057142857143,260750.0,562101.0,143791.0
213349,Kutztown University of Pennsylvania,PA,NCAA Division II with football,"Public, 4-year or above",1491359.0,1313368.0,105.0,2598.0,272819.0,1.0,8.0,9765008,9765008,108043.0,47170.0,6.0,16.0,16995.0,46412,2024,2023-24,https://ope.ed.gov/athletics/#/datafile/list,177991.0,12508.266666666666,1040549.0,1402978.0,485403.0
140234,LaGrange College,GA,NCAA Division III with football,"Private nonprofit, 4-year or above",398603.0,398603.0,91.0,1576.0,143431.0,1.0,4.0,2197662,2197662,42012.0,30366.0,8.0,6.0,21899.0,28591,2024,2023-24,https://ope.ed.gov/athletics/#/datafile/list,0.0,4380.252747252747,255172.0,518292.0,163476.0
213376,Lackawanna College,PA,NJCAA Division II ,"Private nonprofit, 2-year",997478.0,979135.0,124.0,2086.0,258668.0,1.0,8.0,2954427,2954427,29348.0,10961.0,5.0,15.0,7351.0,10446,2024,2023-24,https://ope.ed.gov/athletics/#/datafile/list,18343.0,7896.25,720467.0,311155.0,117036.0
213385,Lafayette College,PA,NCAA Division I-FCS,"Private nonprofit, 4-year or above",8528504.0,8528504.0,100.0,8280.0,827988.0,1.0,10.0,32374130,32374130,115635.0,50882.0,9.0,27.0,405684.0,560951,2024,2023-24,https://ope.ed.gov/athletics/#/datafile/list,0.0,85285.04,7700516.0,2414529.0,624455.0
203580,Lake Erie College,OH,NCAA Division II with football,"Private nonprofit, 4-year or above",1356284.0,1356284.0,143.0,1236.0,176807.0,1.0,12.0,7271011,7271011,44609.0,11843.0,9.0,24.0,17476.0,32502,2024,2023-24,https://ope.ed.gov/athletics/#/datafile/list,0.0,9484.503496503496,1179477.0,685713.0,186725.0
146481,Lake Forest College,IL,NCAA Division III with football,"Private nonprofit, 4-year or above",500625.0,500625.0,115.0,969.0,111414.0,1.0,15.0,4306293,4306293,30879.0,11589.0,11.0,27.0,60442.0,86868,2024,2023-24,https://ope.ed.gov/athletics/#/datafile/list,0.0,4353.260869565217,389211.0,652572.0,204714.0
238980,Lakeland University,WI,NCAA Division III with football,"Private nonprofit, 4-year or above",495046.0,483591.0,100.0,1400.0,140003.0,1.0,8.0,2808261,2808261,32107.0,16152.0,11.0,16.0,19599.0,32173,2024,2023-24,https://ope.ed.gov/athletics/#/datafile/list,11455.0,4835.91,343588.0,611609.0,161323.0
226091,Lamar University,TX,NCAA Division I-FCS,"Public, 4-year or above",5750095.0,5750095.0,119.0,10265.0,1221533.0,1.0,11.0,23698410,23698410,156320.0,70752.0,6.0,20.0,158078.0,240808,2024,2023-24,https://ope.ed.gov/athletics/#/datafile/list,0.0,48320.12605042017,4528562.0,2352960.0,934592.0
220598,Lane College,TN,NCAA Division II with football,"Private nonprofit, 4-year or above",1100591.0,1100591.0,99.0,2696.0,266908.0,1.0,6.0,3612939,3612939,45996.0,30465.0,6.0,8.0,18934.0,20717,2024,2023-24,https://ope.ed.gov/athletics/#/datafile/list,0.0,11117.080808080807,833683.0,519696.0,228786.0
117247,Laney College,CA,CCCAA,"Public, 2-year",166707.0,166707.0,90.0,931.0,83768.0,1.0,12.0,768331,768331,11558.0,4973.0,2.0,15.0,0.0,0,2024,2023-24,https://ope.ed.gov/athletics/#/datafile/list,0.0,1852.3,82939.0,97711.0,71234.0
207209,Langston University,OK,NAIA Division I ,"Public, 4-year or above",821620.0,821620.0,95.0,451.0,42850.0,1.0,9.0,3184425,3184425,61800.0,22642.0,4.0,14.0,29700.0,52700,2024,2023-24,https://ope.ed.gov/athletics/#/datafile/list,0.0,8648.631578947368,778770.0,564188.0,265578.0
170675,Lawrence Technological University,MI,NAIA Division I ,"Private nonprofit, 4-year or above",1578430.0,1866083.0,108.0,4852.0,523962.0,1.0,7.0,11186396,10969544,38376.0,14647.0,13.0,34.0,59079.0,82793,2024,2023-24,https://ope.ed.gov/athletics/#/datafile/list,-287653.0,17278.546296296296,1342121.0,996886.0,140905.0
239017,Lawrence University,WI,NCAA Division III with football,"Private nonprofit, 4-year or above",424741.0,424741.0,41.0,1039.0,42598.0,1.0,6.0,4139247,4139247,52931.0,11023.0,9.0,26.0,31149.0,67014,2024,2023-24,https://ope.ed.gov/athletics/#/datafile/list,0.0,10359.536585365853,382143.0,762977.0,119069.0
213507,Lebanon Valley College,PA,NCAA Division III with football,"Private nonprofit, 4-year or above",493574.0,493574.0,114.0,1469.0,167449.0,1.0,13.0,4151431,4061494,34832.0,6085.0,12.0,38.0,52147.0,79388,2024,2023-24,https://ope.ed.gov/athletics/#/datafile/list,0.0,4329.596491228071,326125.0,649214.0,113937.0
213543,Lehigh University,PA,NCAA Division I-FCS,"Private nonprofit, 4-year or above",6675379.0,6675379.0,93.0,8210.0,763502.0,1.0,10.0,42935424,42935424,112037.0,46911.0,12.0,32.0,419735.0,606718,2024,2023-24,https://ope.ed.gov/athletics/#/datafile/list,0.0,71778.2688172043,5911877.0,2845596.0,581147.0
198835,Lenoir-Rhyne University,NC,NCAA Division II with football,"Private nonprofit, 4-year or above",2304352.0,2304352.0,146.0,1461.0,213307.0,1.0,10.0,12573705,12573705,39798.0,26122.0,11.0,25.0,50861.0,79910,2024,2023-24,https://ope.ed.gov/athletics/#/datafile/list,0.0,15783.232876712329,2091045.0,1090828.0,301018.0
209056,Lewis & Clark College,OR,NCAA Division III with football,"Private nonprofit, 4-year or above",598809.0,598809.0,95.0,2346.0,222870.0,1.0,13.0,4814500,4814500,34038.0,10184.0,10.0,28.0,48866.0,86934,2024,2023-24,https://ope.ed.gov/athletics/#/datafile/list,0.0,6303.252631578947,375939.0,625532.0,166430.0
232557,Liberty University,VA,NCAA Division I-FBS,"Private nonprofit, 4-year or above",27972039.0,27972039.0,117.0,33613.0,3932692.0,1.0,10.0,69076595,69076595,926880.0,151440.0,7.0,25.0,1160745.0,1501550,2024,2023-24,https://ope.ed.gov/athletics/#/datafile/list,0.0,239077.2564102564,24039347.0,10274160.0,2441280.0
218238,Limestone University,SC,NCAA Division II with football,"Private nonprofit, 4-year or above",2184548.0,2184548.0,193.0,925.0,178431.0,1.0,8.0,10027689,10027689,89399.0,41003.0,10.0,19.0,59351.0,78712,2024,2023-24,https://ope.ed.gov/athletics/#/datafile/list,0.0,11318.901554404145,2006117.0,1673047.0,417423.0
213598,Lincoln University,PA,NCAA Division II with football,"Public, 4-year or above",1006444.0,1006444.0,90.0,1964.0,176772.0,1.0,7.0,4879328,4879328,62769.0,19040.0,4.0,15.0,35352.0,59323,2024,2023-24,https://ope.ed.gov/athletics/#/datafile/list,0.0,11182.711111111112,829672.0,536676.0,196049.0
177940,Lincoln University,MO,NCAA Division II with football,"Public, 4-year or above",1077466.0,1058419.0,74.0,1124.0,83169.0,1.0,6.0,6314816,6098394,65033.0,25744.0,4.0,9.0,40266.0,52831,2024,2023-24,https://ope.ed.gov/athletics/#/datafile/list,19047.0,14302.95945945946,975250.0,491828.0,219497.0
177968,Lindenwood University,MO,NCAA Division I-FCS,"Private nonprofit, 4-year or above",3736507.0,3736507.0,102.0,4066.0,414745.0,1.0,12.0,22466359,22466359,82653.0,39588.0,12.0,33.0,162937.0,240243,2024,2023-24,https://ope.ed.gov/athletics/#/datafile/list,0.0,36632.42156862745,3321762.0,2298240.0,557709.0
157216,Lindsey Wilson College,KY,NAIA Division I ,"Private nonprofit, 4-year or above",1604790.0,1604790.0,156.0,1083.0,169004.0,1.0,9.0,10748763,10679358,38477.0,18368.0,11.0,25.0,34893.0,57944,2024,2023-24,https://ope.ed.gov/athletics/#/datafile/list,0.0,10287.115384615385,1435786.0,882447.0,203789.0
209065,Linfield University,OR,NCAA Division III with football,"Private nonprofit, 4-year or above",860157.0,688233.0,122.0,2297.0,280200.0,1.0,11.0,5702318,4391080,39499.0,15237.0,11.0,26.0,42311.0,86050,2024,2023-24,https://ope.ed.gov/athletics/#/datafile/list,171924.0,5641.254098360656,408033.0,830651.0,207106.0
198862,Livingstone College,NC,NCAA Division II with football,"Private nonprofit, 4-year or above",1490700.0,1093072.0,58.0,895.0,51885.0,1.0,9.0,4167074,4090068,43760.0,22610.0,6.0,7.0,38178.0,44402,2024,2023-24,https://ope.ed.gov/athletics/#/datafile/list,397628.0,18846.068965517243,1041187.0,420830.0,247250.0
117645,Long Beach City College,CA,CCCAA,"Public, 2-year",625347.0,611499.0,88.0,595.0,52380.0,1.0,11.0,5015238,4927445,71931.0,13647.0,9.0,36.0,0.0,0,2024,2023-24,https://ope.ed.gov/athletics/#/datafile/list,13848.0,6948.852272727273,559119.0,1138671.0,222048.0
192448,Long Island University,NY,NCAA Division I-FCS,"Private nonprofit, 4-year or above",6455864.0,6455864.0,124.0,5360.0,664621.0,1.0,12.0,46592675,46592675,121625.0,47068.0,16.0,39.0,537707.0,771793,2024,2023-24,https://ope.ed.gov/athletics/#/datafile/list,0.0,52063.41935483871,5791243.0,3781652.0,686441.0
153825,Loras College,IA,NCAA Division III with football,"Private nonprofit, 4-year or above",604267.0,604267.0,114.0,1295.0,147626.0,1.0,7.0,5629798,5629798,37157.0,10678.0,12.0,45.0,56438.0,83992,2024,2023-24,https://ope.ed.gov/athletics/#/datafile/list,0.0,5300.587719298245,456641.0,926394.0,111903.0
117706,Los Angeles Pierce College,CA,CCCAA,"Public, 2-year",274679.0,274679.0,62.0,1521.0,94272.0,1.0,6.0,1790185,1790185,15950.0,13009.0,6.0,18.0,0.0,0,2024,2023-24,https://ope.ed.gov/athletics/#/datafile/list,0.0,4430.306451612903,180407.0,329862.0,94004.0
117715,Los Angeles Southwest College,CA,CCCAA,"Public, 2-year",409367.0,409367.0,80.0,1022.0,81796.0,1.0,8.0,789955,789955,17900.0,14000.0,2.0,11.0,10000.0,15000,2024,2023-24,https://ope.ed.gov/athletics/#/datafile/list,0.0,5117.0875,327571.0,189800.0,129900.0
117733,Los Angeles Valley College,CA,CCCAA,"Public, 2-year",335585.0,335585.0,65.0,2037.0,132425.0,1.0,9.0,1937500,1937500,76391.0,10550.0,5.0,13.0,0.0,0,2024,2023-24,https://ope.ed.gov/athletics/#/datafile/list,0.0,5162.846153846154,203160.0,519105.0,171341.0
117894,Los Medanos College,CA,CCCAA,"Public, 2-year",111255.0,111255.0,59.0,1137.0,67083.0,1.0,7.0,740076,740076,42753.0,3260.0,3.0,9.0,0.0,0,2024,2023-24,https://ope.ed.gov/athletics/#/datafile/list,0.0,1885.677966101695,44172.0,157599.0,65573.0
198871,Louisburg College,NC,NJCAA Division II ,"Private nonprofit, 2-year",228826.0,228826.0,104.0,490.0,50960.0,1.0,6.0,1792078,1792078,42000.0,15050.0,5.0,10.0,3302.0,5121,2024,2023-24,https://ope.ed.gov/athletics/#/datafile/list,0.0,2200.25,177866.0,360500.0,132300.0
159568,Louisiana Christian University,LA,NAIA Division I ,"Private nonprofit, 4-year or above",1319123.0,1319123.0,134.0,2135.0,286141.0,1.0,10.0,5019092,5019092,51560.0,18177.0,5.0,14.0,66267.0,83608,2024,2023-24,https://ope.ed.gov/athletics/#/datafile/list,0.0,9844.201492537313,1032982.0,512278.0,233330.0
159391,Louisiana State University and Agricultural & Mechanical College,LA,NCAA Division I-FBS,"Public, 4-year or above",107950137.0,58303320.0,117.0,49370.0,5776271.0,1.0,10.0,220281227,218545643,2011429.0,496763.0,8.0,31.0,4089873.0,5425681,2024,2023-24,https://ope.ed.gov/athletics/#/datafile/list,49646817.0,498318.9743589744,52527049.0,31491085.0,6979059.0
159647,Louisiana Tech University,LA,NCAA Division I-FBS,"Public, 4-year or above",10946827.0,10946827.0,110.0,14058.0,1546365.0,1.0,10.0,30305928,30305928,352697.0,98999.0,5.0,20.0,482335.0,634139,2024,2023-24,https://ope.ed.gov/athletics/#/datafile/list,0.0,99516.60909090909,9400462.0,3743465.0,1342687.0
153834,Luther College,IA,NCAA Division III with football,"Private nonprofit, 4-year or above",569946.0,554695.0,80.0,708.0,56652.0,1.0,6.0,4807219,4575191,38141.0,16795.0,10.0,23.0,58029.0,74958,2024,2023-24,https://ope.ed.gov/athletics/#/datafile/list,15251.0,6933.6875,498043.0,767695.0,138911.0
213668,Lycoming College,PA,NCAA Division III with football,"Private nonprofit, 4-year or above",844675.0,719000.0,109.0,1327.0,144616.0,1.0,10.0,4642103,3479195,45700.0,10751.0,10.0,27.0,54449.0,78005,2024,2023-24,https://ope.ed.gov/athletics/#/datafile/list,125675.0,6596.3302752293575,574384.0,747277.0,153210.0
106342,Lyon College,AR,NCAA Division III with football,"Private nonprofit, 4-year or above",840730.0,840730.0,121.0,2852.0,345114.0,1.0,12.0,3109422,3109422,34667.0,30612.0,9.0,21.0,82645.0,108928,2024,2023-24,https://ope.ed.gov/athletics/#/datafile/list,0.0,6948.181818181818,495616.0,954855.0,402011.0
173902,Macalester College,MN,NCAA Division III with football,"Private nonprofit, 4-year or above",548559.0,578168.0,61.0,1132.0,69067.0,1.0,11.0,6217782,5952999,61604.0,12726.0,8.0,36.0,62223.0,98001,2024,2023-24,https://ope.ed.gov/athletics/#/datafile/list,-29609.0,9478.16393442623,509101.0,950968.0,201590.0
170806,Madonna University,MI,NAIA Division I ,"Private nonprofit, 4-year or above",640337.0,719150.0,127.0,1578.0,200405.0,1.0,6.0,4333125,4155418,29065.0,7970.0,10.0,27.0,14307.0,30440,2024,2023-24,https://ope.ed.gov/athletics/#/datafile/list,-78813.0,5662.59842519685,518745.0,505840.0,76885.0
161299,Maine Maritime Academy,ME,NCAA Division III with football,"Public, 4-year or above",238614.0,238614.0,36.0,1838.0,66170.0,1.0,5.0,2877592,2877592,25432.0,13273.0,8.0,7.0,56637.0,79691,2024,2023-24,https://ope.ed.gov/athletics/#/datafile/list,0.0,6628.166666666667,172444.0,296367.0,91797.0
151777,Manchester University,IN,NCAA Division III with football,"Private nonprofit, 4-year or above",409671.0,406644.0,85.0,608.0,51694.0,1.0,7.0,2969423,2782266,33570.0,14533.0,10.0,21.0,35074.0,53298,2024,2023-24,https://ope.ed.gov/athletics/#/datafile/list,3027.0,4784.047058823529,354950.0,640893.0,135301.0
151786,Marian University,IN,NAIA Division II ,"Private nonprofit, 4-year or above",3121318.0,3121318.0,163.0,1420.0,231484.0,1.0,11.0,17373913,17373913,41186.0,12728.0,13.0,46.0,50125.0,72139,2024,2023-24,https://ope.ed.gov/athletics/#/datafile/list,0.0,19149.19018404908,2889834.0,1120906.0,181194.0
203845,Marietta College,OH,NCAA Division III with football,"Private nonprofit, 4-year or above",482901.0,423748.0,110.0,1033.0,113589.0,1.0,9.0,4154714,3971431,34107.0,14705.0,9.0,19.0,60088.0,84781,2024,2023-24,https://ope.ed.gov/athletics/#/datafile/list,59153.0,3852.2545454545457,310159.0,586358.0,166452.0
192819,Marist College,NY,NCAA Division I-FCS,"Private nonprofit, 4-year or above",2369675.0,2369675.0,110.0,6490.0,713895.0,1.0,12.0,22301262,22301262,113994.0,43770.0,10.0,28.0,274850.0,419998,2024,2023-24,https://ope.ed.gov/athletics/#/datafile/list,0.0,21542.5,1655780.0,2365500.0,639234.0
198899,Mars Hill University,NC,NCAA Division II with football,"Private nonprofit, 4-year or above",1901060.0,1901060.0,141.0,1143.0,161165.0,1.0,6.0,8114454,8114454,36123.0,34671.0,9.0,11.0,34636.0,43063,2024,2023-24,https://ope.ed.gov/athletics/#/datafile/list,0.0,13482.695035460993,1739895.0,706488.0,244149.0
237525,Marshall University,WV,NCAA Division I-FBS,"Public, 4-year or above",15542536.0,15542536.0,143.0,27586.0,3944855.0,1.0,14.0,45966327,45966327,236306.0,103131.0,7.0,27.0,902539.0,1094397,2024,2023-24,https://ope.ed.gov/athletics/#/datafile/list,0.0,108689.06293706293,11597681.0,4438679.0,1680140.0
173452,Martin Luther College,MN,NCAA Division III with football,"Private nonprofit, 4-year or above",240249.0,240249.0,43.0,1411.0,60668.0,1.0,7.0,1596736,1596736,14403.0,4140.0,9.0,23.0,0.0,0,2024,2023-24,https://ope.ed.gov/athletics/#/datafile/list,0.0,5587.186046511628,179581.0,224847.0,43383.0
220710,Maryville College,TN,NCAA Division III with football,"Private nonprofit, 4-year or above",609832.0,544604.0,132.0,1182.0,156017.0,1.0,7.0,4531887,3581590,36465.0,18045.0,8.0,19.0,28833.0,49892,2024,2023-24,https://ope.ed.gov/athletics/#/datafile/list,65228.0,4125.787878787879,388587.0,634575.0,162780.0
166683,Massachusetts Institute of Technology,MA,NCAA Division III with football,"Private nonprofit, 4-year or above",283976.0,283976.0,64.0,2062.0,131996.0,1.0,10.0,8880743,8880743,44091.0,15586.0,15.0,34.0,70737.0,119603,2024,2023-24,https://ope.ed.gov/athletics/#/datafile/list,0.0,4437.125,151980.0,1191289.0,199951.0
166692,Massachusetts Maritime Academy,MA,NCAA Division III with football,"Public, 4-year or above",260435.0,235515.0,122.0,668.0,81458.0,1.0,11.0,1992079,1731294,8443.0,4251.0,7.0,19.0,58815.0,104864,2024,2023-24,https://ope.ed.gov/athletics/#/datafile/list,24920.0,1930.450819672131,154057.0,139870.0,55204.0
200226,Mayville State University,ND,NAIA Division II ,"Public, 4-year or above",734379.0,734379.0,96.0,2683.0,257522.0,1.0,9.0,2271303,2271303,38958.0,15060.0,4.0,15.0,63575.0,72551,2024,2023-24,https://ope.ed.gov/athletics/#/datafile/list,0.0,7649.78125,476857.0,381732.0,174498.0
164270,McDaniel College,MD,NCAA Division III with football,"Private nonprofit, 4-year or above",765179.0,539577.0,78.0,907.0,70716.0,1.0,7.0,5405180,4901026,40724.0,11125.0,12.0,36.0,68980.0,113486,2024,2023-24,https://ope.ed.gov/athletics/#/datafile/list,225602.0,6917.653846153846,468861.0,889188.0,118599.0
147013,McKendree University,IL,NCAA Division II with football,"Private nonprofit, 4-year or above",2116679.0,2116679.0,156.0,978.0,152559.0,1.0,7.0,16127414,16127414,47876.0,19189.0,16.0,23.0,87212.0,172055,2024,2023-24,https://ope.ed.gov/athletics/#/datafile/list,0.0,13568.455128205129,1964120.0,1207363.0,182199.0
226587,McMurry University,TX,NCAA Division III with football,"Private nonprofit, 4-year or above",706176.0,706176.0,131.0,1555.0,203668.0,1.0,7.0,4202525,4181697,39495.0,25205.0,9.0,14.0,54020.0,72072,2024,2023-24,https://ope.ed.gov/athletics/#/datafile/list,0.0,5390.656488549618,502508.0,708325.0,215930.0
159717,McNeese State University,LA,NCAA Division I-FCS,"Public, 4-year or above",4524028.0,4470233.0,127.0,5690.0,722588.0,1.0,12.0,16868726,16868726,189792.0,45280.0,4.0,20.0,263367.0,431878,2024,2023-24,https://ope.ed.gov/athletics/#/datafile/list,53795.0,35198.68503937008,3747645.0,1664768.0,733152.0
155511,McPherson College,KS,NAIA Division I ,"Private nonprofit, 4-year or above",2994735.0,2994735.0,153.0,840.0,128470.0,1.0,6.0,9682870,9682870,45795.0,20530.0,7.0,14.0,15296.0,39225,2024,2023-24,https://ope.ed.gov/athletics/#/datafile/list,0.0,19573.43137254902,2866265.0,607985.0,168975.0
118718,Merced College,CA,CCCAA,"Public, 2-year",108739.0,108739.0,63.0,814.0,51301.0,1.0,5.0,1664100,1664100,43418.0,3039.0,7.0,13.0,0.0,0,2024,2023-24,https://ope.ed.gov/athletics/#/datafile/list,0.0,1726.015873015873,57438.0,343433.0,58613.0
140447,Mercer University,GA,NCAA Division I-FCS,"Private nonprofit, 4-year or above",6831119.0,6831119.0,116.0,7290.0,845660.0,1.0,10.0,28868884,28868884,151133.0,72392.0,8.0,20.0,343270.0,573747,2024,2023-24,https://ope.ed.gov/athletics/#/datafile/list,0.0,58888.956896551725,5985459.0,2656904.0,875053.0
213987,Mercyhurst University,PA,NCAA Division II with football,"Private nonprofit, 4-year or above",2566243.0,2566243.0,108.0,1772.0,191327.0,1.0,9.0,17222164,17122705,51965.0,21418.0,12.0,28.0,116787.0,196115,2024,2023-24,https://ope.ed.gov/athletics/#/datafile/list,0.0,23761.50925925926,2374916.0,1223284.0,244727.0
166850,Merrimack College,MA,NCAA Division I-FCS,"Private nonprofit, 4-year or above",4054035.0,4054035.0,109.0,4947.0,539250.0,1.0,9.0,30694837,30694837,96707.0,31557.0,12.0,27.0,332631.0,461385,2024,2023-24,https://ope.ed.gov/athletics/#/datafile/list,0.0,37192.98165137615,3514785.0,2012523.0,380720.0
198969,Methodist University,NC,NCAA Division III with football,"Private nonprofit, 4-year or above",753581.0,753581.0,167.0,1100.0,183757.0,1.0,10.0,3843400,3838622,44710.0,13006.0,10.0,25.0,43151.0,69565,2024,2023-24,https://ope.ed.gov/athletics/#/datafile/list,0.0,4512.461077844311,569824.0,772250.0,174770.0
204024,Miami University-Oxford,OH,NCAA Division I-FBS,"Public, 4-year or above",10598976.0,10598977.0,129.0,11136.0,1436567.0,1.0,14.0,40819194,40819194,288906.0,78427.0,7.0,30.0,649731.0,882262,2024,2023-24,https://ope.ed.gov/athletics/#/datafile/list,-1.0,82162.61240310078,9162410.0,4375152.0,1386884.0
171100,Michigan State University,MI,NCAA Division I-FBS,"Public, 4-year or above",87183718.0,57039591.0,116.0,44482.0,5159869.0,1.0,14.0,164109191,164109191,1062737.0,261916.0,9.0,41.0,2373775.0,3135578,2024,2023-24,https://ope.ed.gov/athletics/#/datafile/list,30144127.0,491720.6120689655,51879722.0,20303189.0,4729561.0
171128,Michigan Technological University,MI,NCAA Division II with football,"Public, 4-year or above",2331783.0,2433261.0,119.0,1668.0,198537.0,1.0,9.0,12419740,12419740,70268.0,38771.0,7.0,15.0,109213.0,139143,2024,2023-24,https://ope.ed.gov/athletics/#/datafile/list,-101478.0,20447.571428571428,2234724.0,1073441.0,419207.0
155520,MidAmerica Nazarene University,KS,NAIA Division I ,"Private nonprofit, 4-year or above",4185491.0,4061584.0,116.0,1159.0,134436.0,1.0,8.0,15829541,15829541,53273.0,17303.0,6.0,19.0,0.0,0,2024,2023-24,https://ope.ed.gov/athletics/#/datafile/list,123907.0,35013.65517241379,3927148.0,648395.0,191697.0
220978,Middle Tennessee State University,TN,NCAA Division I-FBS,"Public, 4-year or above",16235857.0,16235857.0,121.0,22263.0,2693855.0,1.0,14.0,43275343,43275343,367396.0,99988.0,6.0,26.0,507276.0,705360,2024,2023-24,https://ope.ed.gov/athletics/#/datafile/list,0.0,134180.63636363635,13542002.0,4804064.0,1767228.0
230959,Middlebury College,VT,NCAA Division III with football,"Private nonprofit, 4-year or above",762191.0,762191.0,104.0,1005.0,104527.0,1.0,7.0,10451334,10451334,45908.0,20604.0,14.0,39.0,151449.0,290347,2024,2023-24,https://ope.ed.gov/athletics/#/datafile/list,0.0,7328.759615384615,657664.0,1446268.0,190136.0
181330,Midland University,NE,NAIA Division II ,"Private nonprofit, 4-year or above",3688640.0,4059120.0,172.0,1378.0,237005.0,1.0,14.0,25390620,25390620,31062.0,9921.0,15.0,37.0,62076.0,92534,2024,2023-24,https://ope.ed.gov/athletics/#/datafile/list,-370480.0,23599.53488372093,3822115.0,833007.0,169956.0
157377,Midway University,KY,NAIA Division I ,"Private nonprofit, 4-year or above",508373.0,508373.0,60.0,1514.0,90848.0,1.0,5.0,6302339,6302339,28432.0,11139.0,12.0,21.0,19032.0,43138,2024,2023-24,https://ope.ed.gov/athletics/#/datafile/list,0.0,8472.883333333333,417525.0,575103.0,84127.0
226833,Midwestern State University,TX,NCAA Division II with football,"Public, 4-year or above",1493314.0,1493314.0,156.0,964.0,150400.0,1.0,11.0,7139767,7139767,92358.0,23616.0,5.0,18.0,46325.0,65948,2024,2023-24,https://ope.ed.gov/athletics/#/datafile/list,0.0,9572.52564102564,1342914.0,886878.0,352134.0
101675,Miles College,AL,NCAA Division II with football,"Private nonprofit, 4-year or above",1822981.0,1822981.0,126.0,3421.0,431026.0,1.0,8.0,4786849,4141142,55000.0,50000.0,5.0,11.0,27835.0,38943,2024,2023-24,https://ope.ed.gov/athletics/#/datafile/list,0.0,14468.103174603175,1391955.0,825000.0,455000.0
214041,Millersville University of Pennsylvania,PA,NCAA Division II with football,"Public, 4-year or above",1203088.0,1203088.0,92.0,1473.0,135498.0,1.0,7.0,6250791,6081901,73724.0,32066.0,7.0,13.0,22832.0,43483,2024,2023-24,https://ope.ed.gov/athletics/#/datafile/list,0.0,13077.04347826087,1067590.0,932926.0,298186.0
147244,Millikin University,IL,NCAA Division III with football,"Private nonprofit, 4-year or above",619905.0,619905.0,100.0,1403.0,140271.0,1.0,7.0,4520764,4520764,39940.0,13621.0,11.0,30.0,61693.0,81833,2024,2023-24,https://ope.ed.gov/athletics/#/datafile/list,0.0,6199.05,479634.0,847970.0,135287.0
175980,Millsaps College,MS,NCAA Division III with football,"Private nonprofit, 4-year or above",484739.0,484739.0,97.0,1675.0,162493.0,1.0,6.0,2325628,2325628,52350.0,22584.0,9.0,14.0,18800.0,28368,2024,2023-24,https://ope.ed.gov/athletics/#/datafile/list,0.0,4997.309278350515,322246.0,787326.0,187854.0
173735,Minnesota North College,MN,NJCAA Division III ,"Public, 2-year",216665.0,216665.0,91.0,932.0,84828.0,2.0,7.0,1982620,1982620,22029.0,4151.0,13.0,28.0,3945.0,7080,2024,2023-24,https://ope.ed.gov/athletics/#/datafile/list,0.0,2380.934065934066,131837.0,402605.0,73115.0
173559,Minnesota State Community and Technical College,MN,NJCAA Division III ,"Public, 2-year",122055.0,122055.0,54.0,1190.0,64260.0,1.0,6.0,666958,666958,18696.0,5953.0,4.0,8.0,4120.0,8240,2024,2023-24,https://ope.ed.gov/athletics/#/datafile/list,0.0,2260.277777777778,57795.0,122408.0,54414.0
174358,Minnesota State University Moorhead,MN,NCAA Division II with football,"Public, 4-year or above",1431682.0,1360595.0,107.0,1814.0,194105.0,1.0,10.0,7159681,6917138,73484.0,15414.0,4.0,17.0,33144.0,54849,2024,2023-24,https://ope.ed.gov/athletics/#/datafile/list,71087.0,12715.841121495327,1166490.0,555974.0,227624.0
173920,Minnesota State University-Mankato,MN,NCAA Division II with football,"Public, 4-year or above",1892029.0,1892029.0,99.0,4171.0,412978.0,1.0,10.0,17969212,17968500,121068.0,39398.0,8.0,25.0,119012.0,177499,2024,2023-24,https://ope.ed.gov/athletics/#/datafile/list,0.0,19111.40404040404,1479051.0,1953494.0,515048.0
173638,Minnesota West Community and Technical College,MN,NJCAA Division III ,"Public, 2-year",93892.0,93892.0,38.0,1387.0,52700.0,1.0,2.0,653611,653611,16205.0,4925.0,5.0,5.0,0.0,0,2024,2023-24,https://ope.ed.gov/athletics/#/datafile/list,0.0,2470.842105263158,41192.0,105650.0,26055.0
200253,Minot State University,ND,NCAA Division II with football,"Public, 4-year or above",1540601.0,1540601.0,115.0,2168.0,249343.0,1.0,8.0,8625626,8625626,73927.0,39351.0,7.0,19.0,120016.0,160118,2024,2023-24,https://ope.ed.gov/athletics/#/datafile/list,0.0,13396.53043478261,1291258.0,1265158.0,388735.0
214069,Misericordia University,PA,NCAA Division III with football,"Private nonprofit, 4-year or above",402561.0,395966.0,118.0,581.0,68546.0,1.0,8.0,4534693,3457198,22847.0,9888.0,10.0,22.0,109333.0,149287,2024,2023-24,https://ope.ed.gov/athletics/#/datafile/list,6595.0,3355.64406779661,327420.0,446006.0,101951.0
176053,Mississippi College,MS,NCAA Division II with football,"Private nonprofit, 4-year or above",2073664.0,2073664.0,111.0,2603.0,288907.0,1.0,14.0,9006889,9006889,45461.0,27647.0,8.0,17.0,20717.0,40333,2024,2023-24,https://ope.ed.gov/athletics/#/datafile/list,0.0,18681.65765765766,1784757.0,833687.0,432519.0
176008,Mississippi Delta Community College,MS,NJCAA Division II ,"Public, 2-year",538143.0,538143.0,55.0,1514.0,83285.0,1.0,5.0,1559846,1559846,43448.0,29822.0,3.0,7.0,50905.0,64586,2024,2023-24,https://ope.ed.gov/athletics/#/datafile/list,0.0,9784.418181818182,454858.0,339098.0,192558.0
176071,Mississippi Gulf Coast Community College,MS,NJCAA Division I ,"Public, 2-year",1205258.0,1205637.0,65.0,1772.0,115150.0,1.0,7.0,5114666,4744840,49839.0,40300.0,6.0,14.0,25874.0,35359,2024,2023-24,https://ope.ed.gov/athletics/#/datafile/list,-379.0,18548.26153846154,1090487.0,863234.0,331939.0
176080,Mississippi State University,MS,NCAA Division I-FBS,"Public, 4-year or above",35559188.0,35559188.0,117.0,53608.0,6272180.0,1.0,10.0,125114437,125114437,1559703.0,339339.0,6.0,24.0,1690616.0,2471910,2024,2023-24,https://ope.ed.gov/athletics/#/datafile/list,0.0,303924.68376068375,29287008.0,17502354.0,4953093.0
176044,Mississippi Valley State University,MS,NCAA Division I-FCS,"Public, 4-year or above",1457079.0,1457079.0,85.0,3410.0,289878.0,1.0,7.0,5346725,5346725,57075.0,40305.0,5.0,12.0,48989.0,56958,2024,2023-24,https://ope.ed.gov/athletics/#/datafile/list,0.0,17142.105882352942,1167201.0,769035.0,339210.0
178244,Missouri Baptist University,MO,NAIA Division I ,"Private nonprofit, 4-year or above",2642030.0,2659526.0,105.0,1361.0,142890.0,1.0,7.0,18434194,18247266,34579.0,17981.0,11.0,20.0,12556.0,22299,2024,2023-24,https://ope.ed.gov/athletics/#/datafile/list,-17496.0,25328.819047619047,2516636.0,739989.0,160446.0
178341,Missouri Southern State University,MO,NCAA Division II with football,"Public, 4-year or above",2031045.0,1954466.0,112.0,1887.0,211398.0,1.0,12.0,8903321,8861393,73150.0,30817.0,5.0,21.0,90044.0,122809,2024,2023-24,https://ope.ed.gov/athletics/#/datafile/list,76579.0,17450.589285714286,1743068.0,1012907.0,442954.0
179566,Missouri State University-Springfield,MO,NCAA Division I-FCS,"Public, 4-year or above",5247467.0,5247467.0,94.0,13559.0,1274581.0,1.0,11.0,25259555,25259555,228549.0,41058.0,6.0,22.0,422477.0,625865,2024,2023-24,https://ope.ed.gov/athletics/#/datafile/list,0.0,55824.117021276594,3972886.0,2274570.0,680187.0
178411,Missouri University of Science and Technology,MO,NCAA Division II with football,"Public, 4-year or above",1935796.0,1935795.0,118.0,1412.0,166559.0,1.0,8.0,8263453,8140455,76082.0,47837.0,9.0,9.0,42525.0,71740,2024,2023-24,https://ope.ed.gov/athletics/#/datafile/list,1.0,16405.042372881355,1769236.0,1115271.0,458778.0
178369,Missouri Valley College,MO,NAIA Division I ,"Private nonprofit, 4-year or above",3212400.0,3457066.0,61.0,788.0,48096.0,1.0,7.0,17739017,17734384,38353.0,23770.0,13.0,28.0,31058.0,53392,2024,2023-24,https://ope.ed.gov/athletics/#/datafile/list,-244666.0,56673.2131147541,3408970.0,1164149.0,204743.0
178387,Missouri Western State University,MO,NCAA Division II with football,"Public, 4-year or above",2060378.0,2258954.0,124.0,2728.0,338301.0,1.0,11.0,8826709,8826709,67875.0,41953.0,5.0,14.0,56739.0,85434,2024,2023-24,https://ope.ed.gov/athletics/#/datafile/list,-198576.0,18217.370967741936,1920653.0,926717.0,529358.0
118976,Modesto Junior College,CA,CCCAA,"Public, 2-year",263662.0,263662.0,71.0,889.0,63130.0,1.0,7.0,3703768,3703768,59862.0,1961.0,11.0,30.0,0.0,0,2024,2023-24,https://ope.ed.gov/athletics/#/datafile/list,0.0,3713.549295774648,200532.0,717312.0,73589.0
147341,Monmouth College,IL,NCAA Division III with football,"Private nonprofit, 4-year or above",400069.0,400069.0,119.0,720.0,85709.0,1.0,7.0,1838085,1838085,29513.0,17172.0,10.0,17.0,35241.0,54104,2024,2023-24,https://ope.ed.gov/athletics/#/datafile/list,0.0,3361.924369747899,314360.0,587054.0,149717.0
185572,Monmouth University,NJ,NCAA Division I-FCS,"Private nonprofit, 4-year or above",6667821.0,6667821.0,118.0,7331.0,865069.0,1.0,13.0,32787685,32787685,152549.0,61999.0,9.0,25.0,273419.0,372635,2024,2023-24,https://ope.ed.gov/athletics/#/datafile/list,0.0,56506.957627118645,5802752.0,2922916.0,958536.0
193308,Monroe College,NY,Other ,"Private for-profit, 4-year or above",1552252.0,1552252.0,107.0,3989.0,426873.0,1.0,8.0,10820053,10820053,36284.0,9306.0,12.0,45.0,15039.0,36172,2024,2023-24,https://ope.ed.gov/athletics/#/datafile/list,0.0,14507.028037383177,1125379.0,854178.0,110732.0
180461,Montana State University,MT,NCAA Division I-FCS,"Public, 4-year or above",11284422.0,8083850.0,111.0,16289.0,1808073.0,1.0,10.0,28597087,28597087,237566.0,72782.0,5.0,20.0,298412.0,422097,2024,2023-24,https://ope.ed.gov/athletics/#/datafile/list,3200572.0,72827.47747747747,6275777.0,2643470.0,965386.0
180522,Montana State University-Northern,MT,NAIA Division I ,"Public, 4-year or above",690442.0,707568.0,74.0,2495.0,184665.0,1.0,3.0,2412101,2342757,26265.0,27568.0,6.0,6.0,30078.0,34081,2024,2023-24,https://ope.ed.gov/athletics/#/datafile/list,-17126.0,9561.72972972973,522903.0,322998.0,108969.0
180416,Montana Technological University,MT,NAIA Division I ,"Public, 4-year or above",1408896.0,1408896.0,129.0,2006.0,258745.0,1.0,7.0,3939775,3939775,46120.0,37742.0,4.0,8.0,33730.0,42056,2024,2023-24,https://ope.ed.gov/athletics/#/datafile/list,0.0,10921.67441860465,1150151.0,486416.0,310314.0
185590,Montclair State University,NJ,NCAA Division III with football,"Public, 4-year or above",361038.0,349589.0,135.0,808.0,109036.0,1.0,11.0,6781058,4423665,55656.0,13588.0,9.0,30.0,60296.0,113124,2024,2023-24,https://ope.ed.gov/athletics/#/datafile/list,11449.0,2589.5481481481484,240553.0,908544.0,205124.0
119067,Monterey Peninsula College,CA,CCCAA,"Public, 2-year",169219.0,169219.0,75.0,1244.0,93300.0,1.0,9.0,1318041,1318041,25692.0,4080.0,6.0,15.0,0.0,0,2024,2023-24,https://ope.ed.gov/athletics/#/datafile/list,0.0,2256.2533333333336,75919.0,215352.0,62412.0
119137,Moorpark College,CA,CCCAA,"Public, 2-year",277759.0,245446.0,77.0,529.0,40730.0,1.0,8.0,1641463,1571986,40316.0,7816.0,8.0,27.0,0.0,0,2024,2023-24,https://ope.ed.gov/athletics/#/datafile/list,32313.0,3187.6103896103896,204716.0,533560.0,102844.0
214157,Moravian University,PA,NCAA Division III with football,"Private nonprofit, 4-year or above",584471.0,528831.0,77.0,1575.0,121284.0,1.0,12.0,4553602,4087955,50996.0,5727.0,9.0,37.0,53724.0,80126,2024,2023-24,https://ope.ed.gov/athletics/#/datafile/list,55640.0,6867.935064935065,407547.0,670863.0,119720.0
157386,Morehead State University,KY,NCAA Division I-FCS,"Public, 4-year or above",1618864.0,1618864.0,119.0,3696.0,439873.0,1.0,10.0,12893166,12893166,115026.0,39784.0,5.0,16.0,131008.0,195615,2024,2023-24,https://ope.ed.gov/athletics/#/datafile/list,0.0,13603.899159663866,1178991.0,1211674.0,512866.0
163453,Morgan State University,MD,NCAA Division I-FCS,"Public, 4-year or above",6560595.0,5835179.0,82.0,18275.0,1498559.0,1.0,11.0,21666097,21666097,191080.0,68928.0,5.0,18.0,178515.0,242707,2024,2023-24,https://ope.ed.gov/athletics/#/datafile/list,725416.0,71160.71951219512,4336620.0,2196104.0,949288.0
154004,Morningside University,IA,NWAC,"Private nonprofit, 4-year or above",1376274.0,1361453.0,126.0,968.0,122027.0,1.0,10.0,6655044,6451261,53351.0,13368.0,10.0,28.0,14024.0,23028,2024,2023-24,https://ope.ed.gov/athletics/#/datafile/list,14821.0,10805.182539682539,1239426.0,907814.0,187031.0
219198,Mount Marty University,SD,NAIA Division II ,"Private nonprofit, 4-year or above",2448778.0,2448778.0,121.0,517.0,62504.0,1.0,2.0,11008091,11008091,47341.0,17044.0,7.0,6.0,30736.0,36473,2024,2023-24,https://ope.ed.gov/athletics/#/datafile/list,0.0,20237.834710743802,2386274.0,433651.0,81429.0
204200,Mount St. Joseph University,OH,NCAA Division III with football,"Private nonprofit, 4-year or above",537707.0,537707.0,152.0,538.0,81744.0,1.0,10.0,4418136,4418136,49967.0,18019.0,10.0,18.0,28107.0,40565,2024,2023-24,https://ope.ed.gov/athletics/#/datafile/list,0.0,3537.5460526315787,455963.0,824012.0,230157.0
119164,Mt San Antonio College,CA,CCCAA,"Public, 2-year",364594.0,351924.0,90.0,640.0,57588.0,1.0,14.0,4417259,4236325,58879.0,11578.0,11.0,19.0,0.0,0,2024,2023-24,https://ope.ed.gov/athletics/#/datafile/list,12670.0,3910.266666666667,294336.0,867651.0,220971.0
119216,Mt San Jacinto Community College District,CA,CCCAA,"Public, 2-year",123423.0,115310.0,75.0,338.0,25369.0,1.0,8.0,678795,623490,8400.0,7000.0,5.0,13.0,12436.0,24814,2024,2023-24,https://ope.ed.gov/athletics/#/datafile/list,8113.0,1537.4666666666667,89941.0,133000.0,64400.0
214175,Muhlenberg College,PA,NCAA Division III with football,"Private nonprofit, 4-year or above",662037.0,662037.0,113.0,1423.0,160754.0,1.0,7.0,4363886,4222504,47079.0,15461.0,9.0,18.0,74595.0,121136,2024,2023-24,https://ope.ed.gov/athletics/#/datafile/list,0.0,5858.734513274337,501283.0,702009.0,155306.0
157401,Murray State University,KY,NCAA Division I-FCS,"Public, 4-year or above",5524181.0,4410894.0,110.0,7572.0,832880.0,1.0,10.0,19402490,19402490,175715.0,57329.0,5.0,18.0,235833.0,369653,2024,2023-24,https://ope.ed.gov/athletics/#/datafile/list,1113287.0,40099.03636363636,3578014.0,1910497.0,749005.0
204264,Muskingum University,OH,NCAA Division III with football,"Private nonprofit, 4-year or above",551231.0,551231.0,125.0,786.0,98310.0,1.0,8.0,3530468,3530468,35132.0,13749.0,11.0,24.0,15294.0,30634,2024,2023-24,https://ope.ed.gov/athletics/#/datafile/list,0.0,4409.848,452921.0,716428.0,145124.0
193478,Nassau Community College,NY,NJCAA Division III ,"Public, 2-year",83558.0,80546.0,84.0,931.0,78194.0,1.0,13.0,1595064,1573052,13733.0,4832.0,11.0,31.0,0.0,0,2024,2023-24,https://ope.ed.gov/athletics/#/datafile/list,3012.0,958.8809523809524,2352.0,300855.0,76549.0
227146,Navarro College,TX,NJCAA Division I ,"Public, 2-year",904432.0,904432.0,87.0,1556.0,135372.0,1.0,5.0,3407219,3407219,83864.0,39812.0,3.0,7.0,18538.0,24344,2024,2023-24,https://ope.ed.gov/athletics/#/datafile/list,0.0,10395.770114942528,769060.0,530276.0,282924.0
181446,Nebraska Wesleyan University,NE,NCAA Division III with football,"Private nonprofit, 4-year or above",397087.0,387039.0,134.0,1059.0,141953.0,1.0,10.0,3037781,3004118,49304.0,8385.0,10.0,27.0,30299.0,48527,2024,2023-24,https://ope.ed.gov/athletics/#/datafile/list,10048.0,2888.3507462686566,245086.0,719435.0,133154.0
182980,New England College,NH,NCAA Division III with football,"Private nonprofit, 4-year or above",200927.0,200927.0,11.0,8561.0,94172.0,1.0,1.0,3011335,3011335,53795.0,2456.0,10.0,17.0,20852.0,46830,2024,2023-24,https://ope.ed.gov/athletics/#/datafile/list,0.0,18266.090909090908,106755.0,579702.0,56251.0
187897,New Mexico Highlands University,NM,NCAA Division II with football,"Public, 4-year or above",1287513.0,1287513.0,129.0,1191.0,153652.0,1.0,8.0,5727194,5727194,67925.0,37872.0,5.0,13.0,17442.0,26658,2024,2023-24,https://ope.ed.gov/athletics/#/datafile/list,0.0,9980.720930232557,1133861.0,831961.0,370901.0
187912,New Mexico Military Institute,NM,NJCAA Division I ,"Public, 2-year",1495778.0,1458111.0,108.0,1838.0,198470.0,1.0,6.0,3363653,3361405,57819.0,26888.0,4.0,12.0,55250.0,81310,2024,2023-24,https://ope.ed.gov/athletics/#/datafile/list,37667.0,13501.027777777777,1259641.0,553932.0,219147.0
188030,New Mexico State University-Main Campus,NM,NCAA Division I-FBS,"Public, 4-year or above",12576528.0,12576528.0,136.0,17127.0,2329339.0,1.0,10.0,38923972,38923972,226720.0,121519.0,6.0,16.0,531249.0,678975,2024,2023-24,https://ope.ed.gov/athletics/#/datafile/list,0.0,92474.4705882353,10247189.0,3304624.0,1441910.0
218414,Newberry College,SC,NCAA Division II with football,"Private nonprofit, 4-year or above",2318463.0,2215675.0,223.0,631.0,140751.0,1.0,10.0,11477719,11477719,66580.0,28096.0,9.0,22.0,68416.0,99201,2024,2023-24,https://ope.ed.gov/athletics/#/datafile/list,102788.0,9935.762331838565,2074924.0,1217332.0,347540.0
159966,Nicholls State University,LA,NCAA Division I-FCS,"Public, 4-year or above",3347110.0,3244154.0,129.0,3776.0,487051.0,1.0,11.0,13331867,12953173,122624.0,40258.0,6.0,20.0,45888.0,56491,2024,2023-24,https://ope.ed.gov/athletics/#/datafile/list,102956.0,25148.48062015504,2757103.0,1540904.0,565462.0
167260,Nichols College,MA,NCAA Division III with football,"Private nonprofit, 4-year or above",500084.0,443613.0,121.0,816.0,98741.0,1.0,9.0,4594663,4451237,39757.0,8799.0,12.0,29.0,45358.0,84076,2024,2023-24,https://ope.ed.gov/athletics/#/datafile/list,56471.0,3666.223140495868,344872.0,732255.0,118948.0
232937,Norfolk State University,VA,NCAA Division I-FCS,"Public, 4-year or above",4689269.0,4689269.0,114.0,4558.0,519633.0,1.0,10.0,21939879,21939879,169002.0,65662.0,5.0,17.0,97398.0,111591,2024,2023-24,https://ope.ed.gov/athletics/#/datafile/list,0.0,41133.93859649123,4169636.0,1961264.0,825622.0
461795,North American University,TX,NAIA Division II ,"Private nonprofit, 4-year or above",584090.0,557237.0,167.0,1114.0,186045.0,1.0,9.0,1163226,1162723,23333.0,15066.0,4.0,13.0,7794.0,11833,2024,2023-24,https://ope.ed.gov/athletics/#/datafile/list,26853.0,3336.748502994012,371192.0,289190.0,158927.0
199102,North Carolina A & T State University,NC,NCAA Division I-FCS,"Public, 4-year or above",4661127.0,4666143.0,130.0,5813.0,755711.0,1.0,9.0,18028580,18007107,166377.0,64714.0,6.0,19.0,231285.0,358966,2024,2023-24,https://ope.ed.gov/athletics/#/datafile/list,-5016.0,35893.407692307694,3910432.0,2227828.0,748803.0
199157,North Carolina Central University,NC,NCAA Division I-FCS,"Public, 4-year or above",4552255.0,4552255.0,110.0,10927.0,1201938.0,1.0,9.0,12472714,12472714,106006.0,54194.0,7.0,18.0,36558.0,58123,2024,2023-24,https://ope.ed.gov/athletics/#/datafile/list,0.0,41384.13636363636,3350317.0,1717534.0,593752.0
199193,North Carolina State University at Raleigh,NC,NCAA Division I-FBS,"Public, 4-year or above",77855260.0,36498949.0,128.0,42959.0,5498704.0,1.0,10.0,133227278,124901094,1141302.0,235268.0,10.0,41.0,2393323.0,2990963,2024,2023-24,https://ope.ed.gov/athletics/#/datafile/list,41356311.0,285148.0390625,31000245.0,21059008.0,3493982.0
199209,North Carolina Wesleyan University,NC,NCAA Division III with football,"Private nonprofit, 4-year or above",527279.0,527279.0,152.0,1164.0,176942.0,1.0,7.0,3141291,3141291,54012.0,24068.0,7.0,12.0,26765.0,40521,2024,2023-24,https://ope.ed.gov/athletics/#/datafile/list,0.0,3468.940789473684,350337.0,666900.0,222488.0
147660,North Central College,IL,NCAA Division III with football,"Private nonprofit, 4-year or above",1223549.0,846592.0,157.0,1764.0,276895.0,1.0,21.0,7372997,5530314,57431.0,10009.0,13.0,60.0,51557.0,103114,2024,2023-24,https://ope.ed.gov/athletics/#/datafile/list,376957.0,5392.3057324840765,569697.0,1347143.0,267620.0
200305,North Dakota State College of Science,ND,NJCAA Division I ,"Public, 2-year",139258.0,139258.0,74.0,852.0,63062.0,1.0,6.0,1065073,1065073,33952.0,5333.0,3.0,9.0,5593.0,7346,2024,2023-24,https://ope.ed.gov/athletics/#/datafile/list,0.0,1881.8648648648648,76196.0,149853.0,65950.0
200332,North Dakota State University-Main Campus,ND,NCAA Division I-FCS,"Public, 4-year or above",6527171.0,6527171.0,125.0,8422.0,1052692.0,1.0,10.0,30251922,30251922,191157.0,86231.0,6.0,24.0,316265.0,491354,2024,2023-24,https://ope.ed.gov/athletics/#/datafile/list,0.0,52217.368,5474479.0,3216486.0,1053467.0
218441,North Greenville University,SC,NCAA Division II with football,"Private nonprofit, 4-year or above",1523020.0,1429562.0,110.0,1928.0,212053.0,1.0,5.0,12129615,12129615,36200.0,19200.0,11.0,12.0,38067.0,51695,2024,2023-24,https://ope.ed.gov/athletics/#/datafile/list,93458.0,12996.018181818183,1217509.0,628600.0,132200.0
147679,North Park University,IL,NCAA Division III with football,"Private nonprofit, 4-year or above",711910.0,711910.0,97.0,1742.0,169021.0,1.0,8.0,4053154,4053154,44444.0,19824.0,9.0,26.0,39719.0,49815,2024,2023-24,https://ope.ed.gov/athletics/#/datafile/list,0.0,7339.278350515464,542889.0,915420.0,203036.0
176169,Northeast Mississippi Community College,MS,NJCAA Division I ,"Public, 2-year",1072446.0,1072446.0,65.0,1787.0,116124.0,1.0,8.0,3227474,3227474,56090.0,62200.0,5.0,8.0,71625.0,91274,2024,2023-24,https://ope.ed.gov/athletics/#/datafile/list,0.0,16499.169230769232,956322.0,778050.0,553690.0
207290,Northeastern Oklahoma A&M College,OK,NJCAA Division I ,"Public, 2-year",904110.0,907575.0,142.0,1191.0,169142.0,1.0,6.0,3153081,3134617,29221.0,19554.0,5.0,12.0,0.0,0,2024,2023-24,https://ope.ed.gov/athletics/#/datafile/list,-3465.0,6391.37323943662,738433.0,380753.0,146545.0
207263,Northeastern State University,OK,NCAA Division II with football,"Public, 4-year or above",1444447.0,1444447.0,118.0,2436.0,287409.0,1.0,9.0,5586993,5586993,73505.0,20745.0,5.0,17.0,31791.0,48540,2024,2023-24,https://ope.ed.gov/athletics/#/datafile/list,0.0,12241.07627118644,1157038.0,720190.0,260210.0
105330,Northern Arizona University,AZ,NCAA Division I-FCS,"Public, 4-year or above",6051074.0,6051074.0,118.0,15465.0,1824886.0,1.0,13.0,29460146,29460146,197331.0,65988.0,4.0,17.0,230836.0,386276,2024,2023-24,https://ope.ed.gov/athletics/#/datafile/list,0.0,51280.28813559322,4226188.0,1911120.0,1055175.0
147703,Northern Illinois University,IL,NCAA Division I-FBS,"Public, 4-year or above",9254076.0,9254076.0,118.0,22151.0,2613848.0,1.0,10.0,24939848,24939848,225740.0,99721.0,7.0,20.0,335213.0,484132,2024,2023-24,https://ope.ed.gov/athletics/#/datafile/list,0.0,78424.37288135593,6640228.0,3574600.0,1222950.0
171456,Northern Michigan University,MI,NCAA Division II with football,"Public, 4-year or above",2266645.0,2320284.0,95.0,3775.0,358655.0,1.0,8.0,14838256,14725721,95102.0,37569.0,8.0,19.0,189907.0,233814,2024,2023-24,https://ope.ed.gov/athletics/#/datafile/list,-53639.0,24424.042105263157,1961629.0,1474627.0,395654.0
219259,Northern State University,SD,NCAA Division II with football,"Public, 4-year or above",1890443.0,1962819.0,129.0,3242.0,418241.0,1.0,9.0,8794475,8763650,81063.0,24120.0,5.0,21.0,68036.0,101165,2024,2023-24,https://ope.ed.gov/athletics/#/datafile/list,-72376.0,15215.651162790698,1544578.0,911835.0,298143.0
176178,Northwest Mississippi Community College,MS,NJCAA Division II ,"Public, 2-year",1242162.0,1242162.0,57.0,3340.0,190393.0,1.0,6.0,3776432,3776432,58000.0,42000.0,7.0,9.0,12000.0,24000,2024,2023-24,https://ope.ed.gov/athletics/#/datafile/list,0.0,21792.315789473683,1051769.0,784000.0,310000.0
178624,Northwest Missouri State University,MO,NCAA Division II with football,"Public, 4-year or above",3400048.0,3400048.0,141.0,2991.0,421669.0,1.0,9.0,12203463,12203463,97660.0,55248.0,5.0,12.0,109074.0,137131,2024,2023-24,https://ope.ed.gov/athletics/#/datafile/list,0.0,24113.81560283688,2978379.0,1151276.0,594892.0
154101,Northwestern College,IA,NAIA Division II ,"Private nonprofit, 4-year or above",1700119.0,1658951.0,151.0,1440.0,217423.0,1.0,9.0,8822407,8591495,42800.0,15207.0,9.0,25.0,20710.0,30713,2024,2023-24,https://ope.ed.gov/athletics/#/datafile/list,41168.0,10986.430463576158,1441528.0,765375.0,179663.0
207306,Northwestern Oklahoma State University,OK,NCAA Division II with football,"Public, 4-year or above",1238109.0,1172101.0,139.0,1873.0,260285.0,1.0,12.0,6451863,6280965,46462.0,16771.0,7.0,19.0,58798.0,89517,2024,2023-24,https://ope.ed.gov/athletics/#/datafile/list,66008.0,8432.381294964029,911816.0,643883.0,247714.0
160038,Northwestern State University of Louisiana,LA,NCAA Division I-FCS,"Public, 4-year or above",4182862.0,3231434.0,126.0,3486.0,439175.0,1.0,12.0,15228540,12032739,104932.0,35922.0,4.0,23.0,138919.0,204058,2024,2023-24,https://ope.ed.gov/athletics/#/datafile/list,951428.0,25646.301587301587,2792259.0,1245934.0,535996.0
147767,Northwestern University,IL,NCAA Division I-FBS,"Private nonprofit, 4-year or above",74048991.0,39114872.0,103.0,45506.0,4687158.0,1.0,14.0,124080838,124080838,1000924.0,208566.0,8.0,33.0,1739285.0,2376989,2024,2023-24,https://ope.ed.gov/athletics/#/datafile/list,34934119.0,379756.03883495147,34427714.0,14890070.0,3920848.0
171492,Northwood University,MI,NCAA Division II with football,"Private nonprofit, 4-year or above",2395764.0,2395764.0,127.0,1271.0,161397.0,1.0,9.0,10037938,10037938,55508.0,22991.0,8.0,24.0,68525.0,81804,2024,2023-24,https://ope.ed.gov/athletics/#/datafile/list,0.0,18864.283464566928,2234367.0,995848.0,262427.0
230995,Norwich University,VT,NCAA Division III with football,"Private nonprofit, 4-year or above",665501.0,665501.0,92.0,1655.0,152255.0,1.0,7.0,4712605,4712605,52334.0,20172.0,12.0,23.0,51397.0,75417,2024,2023-24,https://ope.ed.gov/athletics/#/datafile/list,0.0,7233.70652173913,513246.0,1091964.0,193538.0
152099,Oakland City University,IN,NAIA Division I ,"Private nonprofit, 4-year or above",1174744.0,1174774.0,50.0,2194.0,109724.0,1.0,4.0,12539979,11792843,29508.0,11593.0,10.0,15.0,23451.0,36247,2024,2023-24,https://ope.ed.gov/athletics/#/datafile/list,-30.0,23495.48,1065050.0,468975.0,75880.0
204501,Oberlin College,OH,NCAA Division III with football,"Private nonprofit, 4-year or above",503940.0,503940.0,61.0,1514.0,92344.0,1.0,6.0,4777560,4777560,65179.0,27814.0,10.0,22.0,102894.0,144797,2024,2023-24,https://ope.ed.gov/athletics/#/datafile/list,0.0,8261.311475409837,411596.0,1263698.0,232063.0
204617,Ohio Dominican University,OH,NCAA Division II with football,"Private nonprofit, 4-year or above",1298491.0,1301377.0,133.0,1432.0,190513.0,1.0,8.0,4936751,4609921,49886.0,19742.0,6.0,14.0,20038.0,24895,2024,2023-24,https://ope.ed.gov/athletics/#/datafile/list,-2886.0,9784.78947368421,1110864.0,575704.0,207822.0
204635,Ohio Northern University,OH,NCAA Division III with football,"Private nonprofit, 4-year or above",789381.0,789381.0,143.0,892.0,127490.0,1.0,10.0,5923483,5923483,50949.0,16399.0,13.0,43.0,75944.0,117467,2024,2023-24,https://ope.ed.gov/athletics/#/datafile/list,0.0,5520.146853146854,661891.0,1367494.0,214939.0
204796,Ohio State University-Main Campus,OH,NCAA Division I-FBS,"Public, 4-year or above",111646810.0,78586384.0,120.0,71016.0,8521902.0,1.0,10.0,262172467,262172467,1144731.0,394914.0,15.0,49.0,3045168.0,4282343,2024,2023-24,https://ope.ed.gov/athletics/#/datafile/list,33060426.0,654886.5333333333,70064482.0,36521751.0,5093871.0
204857,Ohio University-Main Campus,OH,NCAA Division I-FBS,"Public, 4-year or above",11443834.0,11443834.0,127.0,20857.0,2648843.0,1.0,14.0,32958838,32958838,291004.0,74902.0,6.0,26.0,641309.0,814763,2024,2023-24,https://ope.ed.gov/athletics/#/datafile/list,0.0,90108.92913385827,8794991.0,3693476.0,1339632.0
204909,Ohio Wesleyan University,OH,NCAA Division III with football,"Private nonprofit, 4-year or above",646591.0,646591.0,95.0,1895.0,179998.0,1.0,8.0,4242549,4242549,30953.0,13857.0,11.0,21.0,62263.0,94192,2024,2023-24,https://ope.ed.gov/athletics/#/datafile/list,0.0,6806.221052631579,466593.0,631480.0,141809.0
207403,Oklahoma Baptist University,OK,NCAA Division II with football,"Private nonprofit, 4-year or above",2118740.0,2118740.0,123.0,2096.0,257864.0,1.0,9.0,9133723,9133723,67960.0,31621.0,4.0,15.0,52385.0,74425,2024,2023-24,https://ope.ed.gov/athletics/#/datafile/list,0.0,17225.52845528455,1860876.0,746155.0,352549.0
207351,Oklahoma Panhandle State University,OK,NAIA Division I ,"Public, 4-year or above",678264.0,665185.0,76.0,2336.0,177529.0,1.0,7.0,4039323,3951561,35166.0,16050.0,8.0,12.0,42500.0,88000,2024,2023-24,https://ope.ed.gov/athletics/#/datafile/list,13079.0,8752.434210526315,487656.0,473928.0,147516.0
207388,Oklahoma State University-Main Campus,OK,NCAA Division I-FBS,"Public, 4-year or above",66900325.0,33952496.0,127.0,52141.0,6621920.0,1.0,10.0,131559155,130346189,1698300.0,268352.0,7.0,32.0,1742483.0,2375115,2024,2023-24,https://ope.ed.gov/athletics/#/datafile/list,32947829.0,267342.48818897636,27330576.0,20475364.0,4381820.0
232982,Old Dominion University,VA,NCAA Division I-FBS,"Public, 4-year or above",14079638.0,14079638.0,116.0,28149.0,3265260.0,1.0,14.0,51827948,51827948,303582.0,110684.0,8.0,24.0,719457.0,975358,2024,2023-24,https://ope.ed.gov/athletics/#/datafile/list,0.0,121376.18965517242,10814378.0,5085072.0,1853158.0
147828,Olivet Nazarene University,IL,NAIA Division II ,"Private nonprofit, 4-year or above",1649015.0,1839739.0,132.0,1727.0,227964.0,1.0,8.0,8614868,8386648,40173.0,21712.0,9.0,24.0,14661.0,24891,2024,2023-24,https://ope.ed.gov/athletics/#/datafile/list,-190724.0,13937.416666666666,1611775.0,882645.0,213869.0
120342,Orange Coast College,CA,CCCAA,"Public, 2-year",197497.0,197497.0,88.0,826.0,72721.0,1.0,11.0,4332462,4332462,55426.0,5041.0,12.0,39.0,0.0,0,2024,2023-24,https://ope.ed.gov/athletics/#/datafile/list,0.0,2244.284090909091,124776.0,861711.0,110877.0
209542,Oregon State University,OR,NCAA Division I-FBS,"Public, 4-year or above",47424861.0,25813332.0,127.0,37593.0,4774260.0,1.0,10.0,120225018,112813895,1046382.0,242850.0,7.0,23.0,1452949.0,2013777,2024,2023-24,https://ope.ed.gov/athletics/#/datafile/list,21611529.0,203254.58267716537,21039072.0,12910224.0,3474882.0
155627,Ottawa University-Ottawa,KS,NAIA Division I ,"Private nonprofit, 4-year or above",2005103.0,2193438.0,133.0,517.0,68719.0,1.0,9.0,14952628,14546232,36063.0,10229.0,14.0,45.0,49728.0,76496,2024,2023-24,https://ope.ed.gov/athletics/#/datafile/list,-188335.0,16492.015037593985,2124719.0,965187.0,128124.0
464226,Ottawa University-Surprise,AZ,NAIA Division I ,"Private nonprofit, 4-year or above",3559523.0,3321242.0,160.0,2312.0,369990.0,1.0,12.0,13595229,13554755,52989.0,19138.0,14.0,30.0,34000.0,41000,2024,2023-24,https://ope.ed.gov/athletics/#/datafile/list,238281.0,20757.7625,2951252.0,1315986.0,282645.0
204936,Otterbein University,OH,NCAA Division III with football,"Private nonprofit, 4-year or above",430107.0,360302.0,84.0,1056.0,88678.0,1.0,8.0,3352284,3317092,49576.0,13380.0,9.0,21.0,30578.0,50099,2024,2023-24,https://ope.ed.gov/athletics/#/datafile/list,69805.0,4289.309523809524,271624.0,727164.0,156616.0
107512,Ouachita Baptist University,AR,NCAA Division II with football,"Private nonprofit, 4-year or above",2708156.0,2698509.0,125.0,2769.0,346175.0,1.0,8.0,9713928,9368926,74196.0,38378.0,9.0,15.0,60000.0,81000,2024,2023-24,https://ope.ed.gov/athletics/#/datafile/list,9647.0,21588.072,2352334.0,1243434.0,381220.0
194310,Pace University,NY,NCAA Division II with football,"Private nonprofit, 4-year or above",1810352.0,1719570.0,115.0,2308.0,265406.0,1.0,10.0,9069724,9069724,70207.0,21550.0,6.0,16.0,32675.0,56608,2024,2023-24,https://ope.ed.gov/athletics/#/datafile/list,90782.0,14952.782608695652,1454164.0,766042.0,285707.0
236230,Pacific Lutheran University,WA,NCAA Division III with football,"Private nonprofit, 4-year or above",1127968.0,894405.0,99.0,2579.0,255370.0,1.0,15.0,5626749,4719873,44548.0,8550.0,8.0,37.0,16939.0,40337,2024,2023-24,https://ope.ed.gov/athletics/#/datafile/list,233563.0,9034.39393939394,639035.0,672734.0,172798.0
495147,Pacific Northwest Christian College,WA,NJCAA Division I ,"Private nonprofit, 2-year",273171.0,273171.0,70.0,2268.0,158725.0,1.0,7.0,396195,396195,15000.0,7325.0,2.0,8.0,3738.0,3906,2024,2023-24,https://ope.ed.gov/athletics/#/datafile/list,0.0,3902.442857142857,114446.0,88600.0,66275.0
209612,Pacific University,OR,NCAA Division III with football,"Private nonprofit, 4-year or above",770313.0,770313.0,155.0,1628.0,252299.0,1.0,13.0,4985655,4985655,42504.0,8921.0,11.0,44.0,54594.0,82301,2024,2023-24,https://ope.ed.gov/athletics/#/datafile/list,0.0,4969.761290322581,518014.0,860068.0,158477.0
120971,Palomar College,CA,CCCAA,"Public, 2-year",183753.0,183753.0,100.0,958.0,95811.0,1.0,9.0,1695159,1695159,13880.0,7510.0,8.0,18.0,0.0,0,2024,2023-24,https://ope.ed.gov/athletics/#/datafile/list,0.0,1837.53,87942.0,246220.0,81470.0
121044,Pasadena City College,CA,CCCAA,"Public, 2-year",651725.0,578039.0,76.0,1410.0,107183.0,1.0,15.0,3689932,3503997,92374.0,17568.0,7.0,25.0,0.0,0,2024,2023-24,https://ope.ed.gov/athletics/#/datafile/list,73686.0,7605.776315789473,470856.0,1085818.0,355894.0
176239,Pearl River Community College,MS,NJCAA Division I ,"Public, 2-year",719792.0,719792.0,61.0,2103.0,128257.0,1.0,5.0,3640673,3640673,67189.0,21903.0,6.0,10.0,9205.0,16445,2024,2023-24,https://ope.ed.gov/athletics/#/datafile/list,0.0,11799.868852459016,591535.0,622164.0,176704.0
214777,Pennsylvania State University-Main Campus,PA,NCAA Division I-FBS,"Public, 4-year or above",120244417.0,61584152.0,128.0,139872.0,17903596.0,1.0,10.0,220283390,199046216,1161885.0,272073.0,14.0,48.0,3926554.0,4787569,2024,2023-24,https://ope.ed.gov/athletics/#/datafile/list,58660265.0,481126.1875,43680556.0,29325894.0,3882615.0
498571,Pennsylvania Western University,PA,NCAA Division II with football,"Public, 4-year or above",3629667.0,3541585.0,312.0,1572.0,490394.0,3.0,27.0,21339912,21339912,68525.0,36319.0,19.0,42.0,117420.0,161655,2024,2023-24,https://ope.ed.gov/athletics/#/datafile/list,88082.0,11351.233974358975,3051191.0,2827373.0,1186188.0
181534,Peru State College,NE,NAIA Division II ,"Public, 4-year or above",686474.0,650541.0,104.0,831.0,86416.0,1.0,6.0,3446575,3422742,37542.0,19600.0,5.0,12.0,7438.0,12016,2024,2023-24,https://ope.ed.gov/athletics/#/datafile/list,35933.0,6255.201923076923,564125.0,422910.0,155142.0
155681,Pittsburg State University,KS,NCAA Division II with football,"Public, 4-year or above",3260320.0,3260320.0,120.0,5165.0,619833.0,1.0,13.0,11519382,11519382,166499.0,45034.0,4.0,23.0,92557.0,145630,2024,2023-24,https://ope.ed.gov/athletics/#/datafile/list,0.0,27169.333333333332,2640487.0,1701778.0,751941.0
121257,Pitzer College,CA,NCAA Division III with football,"Private nonprofit, 4-year or above",445713.0,401339.0,74.0,2414.0,178636.0,1.0,9.0,8237804,6618213,73101.0,10628.0,10.0,40.0,40301.0,75871,2024,2023-24,https://ope.ed.gov/athletics/#/datafile/list,44374.0,5423.5,222703.0,1156130.0,168753.0
183080,Plymouth State University,NH,NCAA Division III with football,"Public, 4-year or above",423207.0,385449.0,105.0,589.0,61805.0,1.0,7.0,3470718,3470714,25659.0,7429.0,12.0,18.0,12404.0,25485,2024,2023-24,https://ope.ed.gov/athletics/#/datafile/list,37758.0,3670.942857142857,323644.0,441630.0,77662.0
138868,Point University,GA,NAIA Division II ,"Private nonprofit, 4-year or above",2256275.0,1278492.0,106.0,2267.0,240340.0,1.0,4.0,9832365,6824122,42800.0,31556.0,9.0,9.0,22973.0,36220,2024,2023-24,https://ope.ed.gov/athletics/#/datafile/list,977783.0,12061.245283018869,1038152.0,669204.0,169024.0
121345,Pomona College,CA,NCAA Division III with football,"Private nonprofit, 4-year or above",445713.0,401339.0,74.0,2414.0,178636.0,1.0,9.0,8237804,6618213,73101.0,10628.0,10.0,40.0,40301.0,75871,2024,2023-24,https://ope.ed.gov/athletics/#/datafile/list,44374.0,5423.5,222703.0,1156130.0,168753.0
209807,Portland State University,OR,NCAA Division I-FCS,"Public, 4-year or above",4791274.0,4791274.0,109.0,9201.0,1002913.0,1.0,10.0,17520602,17520602,78088.0,60815.0,6.0,19.0,230502.0,329149,2024,2023-24,https://ope.ed.gov/athletics/#/datafile/list,0.0,43956.64220183486,3788361.0,1624013.0,686238.0
130183,Post University,CT,NCAA Division II with football,"Private for-profit, 4-year or above",1053545.0,1047794.0,92.0,2462.0,226511.0,1.0,9.0,9216188,9040438,64448.0,15250.0,9.0,20.0,38675.0,52083,2024,2023-24,https://ope.ed.gov/athletics/#/datafile/list,5751.0,11389.065217391304,821283.0,885032.0,201698.0
227526,Prairie View A & M University,TX,NCAA Division I-FCS,"Public, 4-year or above",3609079.0,3609079.0,127.0,7513.0,954158.0,1.0,9.0,15374541,15374541,97658.0,39320.0,8.0,20.0,34742.0,74522,2024,2023-24,https://ope.ed.gov/athletics/#/datafile/list,0.0,28417.944881889765,2654921.0,1567664.0,451538.0
218539,Presbyterian College,SC,Other ,"Private nonprofit, 4-year or above",1633393.0,1633393.0,103.0,8218.0,846495.0,1.0,10.0,13975515,13975515,70439.0,29157.0,8.0,17.0,162079.0,238349,2024,2023-24,https://ope.ed.gov/athletics/#/datafile/list,0.0,15858.184466019418,786898.0,1059181.0,362009.0
186131,Princeton University,NJ,NCAA Division I-FCS,"Private nonprofit, 4-year or above",5255490.0,5255490.0,118.0,8924.0,1052973.0,1.0,9.0,47797015,47797015,222019.0,67259.0,17.0,47.0,1287489.0,1907335,2024,2023-24,https://ope.ed.gov/athletics/#/datafile/list,0.0,44538.05084745763,4202517.0,6935496.0,827350.0
243780,Purdue University-Main Campus,IN,NCAA Division I-FBS,"Public, 4-year or above",61554007.0,31387598.0,130.0,58491.0,7603839.0,1.0,14.0,134863232,116766603,1209548.0,258938.0,8.0,34.0,2647613.0,3218903,2024,2023-24,https://ope.ed.gov/athletics/#/datafile/list,30166409.0,241443.06153846154,23783759.0,18480276.0,4834680.0
148131,Quincy University,IL,NCAA Division II with football,"Private nonprofit, 4-year or above",2480174.0,2124157.0,125.0,1278.0,159792.0,1.0,7.0,13272935,13272935,50329.0,31331.0,13.0,25.0,67752.0,118886,2024,2023-24,https://ope.ed.gov/athletics/#/datafile/list,356017.0,16993.256,1964365.0,1437552.0,269646.0
233295,Randolph-Macon College,VA,NCAA Division III with football,"Private nonprofit, 4-year or above",882944.0,869816.0,133.0,1361.0,181020.0,1.0,8.0,5246809,4537887,64693.0,30085.0,9.0,16.0,37075.0,59526,2024,2023-24,https://ope.ed.gov/athletics/#/datafile/list,13128.0,6539.9699248120305,688796.0,1063597.0,305373.0
117052,Reedley College,CA,CCCAA,"Public, 2-year",411404.0,398870.0,105.0,923.0,96880.0,1.0,9.0,2624553,2592256,59924.0,12610.0,5.0,17.0,22500.0,54000,2024,2023-24,https://ope.ed.gov/athletics/#/datafile/list,12534.0,3798.7619047619046,301990.0,513990.0,173414.0
140872,Reinhardt University,GA,NAIA Division I ,"Private nonprofit, 4-year or above",2356987.0,2356987.0,164.0,871.0,142879.0,1.0,7.0,12472974,12206754,42924.0,30152.0,10.0,12.0,13856.0,18368,2024,2023-24,https://ope.ed.gov/athletics/#/datafile/list,0.0,14371.871951219513,2214108.0,791064.0,253988.0
194824,Rensselaer Polytechnic Institute,NY,NCAA Division III with football,"Private nonprofit, 4-year or above",918472.0,840441.0,119.0,1564.0,186066.0,1.0,11.0,13106270,13106270,85668.0,21831.0,11.0,33.0,139649.0,241217,2024,2023-24,https://ope.ed.gov/athletics/#/datafile/list,78031.0,7062.529411764706,654375.0,1662771.0,325809.0
221351,Rhodes College,TN,NCAA Division III with football,"Private nonprofit, 4-year or above",740134.0,740134.0,95.0,2958.0,281006.0,1.0,9.0,6089742,6089742,55546.0,17595.0,9.0,31.0,55231.0,75941,2024,2023-24,https://ope.ed.gov/athletics/#/datafile/list,0.0,7790.884210526316,459128.0,1045359.0,213901.0
227757,Rice University,TX,NCAA Division I-FBS,"Private nonprofit, 4-year or above",17681106.0,17681106.0,116.0,23643.0,2742560.0,1.0,10.0,64414381,64414381,370492.0,157295.0,6.0,22.0,648190.0,890004,2024,2023-24,https://ope.ed.gov/athletics/#/datafile/list,0.0,152423.3275862069,14938546.0,5683442.0,1943442.0
239628,Ripon College,WI,NCAA Division III with football,"Private nonprofit, 4-year or above",401497.0,398622.0,99.0,1533.0,151751.0,1.0,9.0,2708140,2640064,32992.0,5991.0,9.0,25.0,21898.0,38764,2024,2023-24,https://ope.ed.gov/athletics/#/datafile/list,2875.0,4026.4848484848485,246871.0,446703.0,86911.0
121901,Riverside City College,CA,CCCAA,"Public, 2-year",710824.0,710824.0,104.0,678.0,70512.0,1.0,14.0,7645671,7645671,83200.0,15283.0,9.0,29.0,0.0,0,2024,2023-24,https://ope.ed.gov/athletics/#/datafile/list,0.0,6834.846153846154,640312.0,1192007.0,297162.0
215655,Robert Morris University,PA,NCAA Division I-FCS,"Private nonprofit, 4-year or above",3725176.0,3725176.0,117.0,4175.0,488455.0,1.0,9.0,21120272,21120272,169908.0,57310.0,7.0,18.0,194058.0,325873,2024,2023-24,https://ope.ed.gov/athletics/#/datafile/list,0.0,31839.11111111111,3236721.0,2220936.0,685698.0
174738,Rochester Community and Technical College,MN,NJCAA Division III ,"Public, 2-year",188961.0,175557.0,78.0,783.0,61079.0,1.0,7.0,1205704,1042979,21478.0,4385.0,4.0,14.0,0.0,0,2024,2023-24,https://ope.ed.gov/athletics/#/datafile/list,13404.0,2250.730769230769,114478.0,147302.0,52173.0
148405,Rockford University,IL,NCAA Division III with football,"Private nonprofit, 4-year or above",391316.0,391316.0,97.0,741.0,71876.0,1.0,6.0,2275693,2275693,45609.0,10278.0,6.0,22.0,18380.0,25505,2024,2023-24,https://ope.ed.gov/athletics/#/datafile/list,0.0,4034.185567010309,319440.0,499770.0,107277.0
180595,Rocky Mountain College,MT,NAIA Division I ,"Private nonprofit, 4-year or above",3062886.0,3062886.0,135.0,5233.0,706456.0,1.0,12.0,8736176,8736176,37838.0,19629.0,6.0,20.0,98695.0,115278,2024,2023-24,https://ope.ed.gov/athletics/#/datafile/list,0.0,22688.044444444444,2356430.0,619608.0,273386.0
148487,Roosevelt University,IL,NAIA Division II ,"Private nonprofit, 4-year or above",2491005.0,2491005.0,141.0,1679.0,236764.0,1.0,5.0,9476907,9476907,53791.0,24817.0,8.0,15.0,5599.0,19417,2024,2023-24,https://ope.ed.gov/athletics/#/datafile/list,0.0,17666.702127659573,2254241.0,802583.0,177876.0
152318,Rose-Hulman Institute of Technology,IN,NCAA Division III with football,"Private nonprofit, 4-year or above",582529.0,505508.0,100.0,1154.0,115405.0,1.0,7.0,3835336,3835336,38361.0,20509.0,10.0,17.0,20025.0,38042,2024,2023-24,https://ope.ed.gov/athletics/#/datafile/list,77021.0,5055.08,390103.0,732263.0,181924.0
184782,Rowan University,NJ,NCAA Division III with football,"Public, 4-year or above",731441.0,698615.0,98.0,1798.0,176192.0,1.0,11.0,7226060,6483326,99350.0,12986.0,6.0,29.0,16259.0,36433,2024,2023-24,https://ope.ed.gov/athletics/#/datafile/list,32826.0,7128.724489795918,522423.0,972694.0,242196.0
186380,Rutgers University-New Brunswick,NJ,NCAA Division I-FBS,"Public, 4-year or above",61952063.0,61952063.0,133.0,77749.0,10340635.0,1.0,10.0,155852426,155852426,1273272.0,361386.0,9.0,33.0,2766967.0,3560956,2024,2023-24,https://ope.ed.gov/athletics/#/datafile/list,0.0,465804.984962406,51611428.0,23385186.0,4887132.0
196121,SUNY Brockport,NY,NCAA Division III with football,"Public, 4-year or above",783006.0,783006.0,115.0,1800.0,206958.0,1.0,8.0,5119991,5119991,40574.0,12596.0,11.0,27.0,63225.0,95094,2024,2023-24,https://ope.ed.gov/athletics/#/datafile/list,0.0,6808.747826086957,576048.0,786406.0,141342.0
196130,SUNY Buffalo State University,NY,NCAA Division III with football,"Public, 4-year or above",563186.0,563186.0,119.0,889.0,105817.0,1.0,8.0,4478480,4478480,67282.0,19937.0,6.0,18.0,43706.0,74142,2024,2023-24,https://ope.ed.gov/athletics/#/datafile/list,0.0,4732.655462184874,457369.0,762558.0,226778.0
196006,SUNY College of Technology at Alfred,NY,NCAA Division III with football,"Public, 4-year or above",574021.0,560495.0,101.0,1779.0,179709.0,1.0,9.0,3537426,3486754,48910.0,8273.0,7.0,22.0,14190.0,20944,2024,2023-24,https://ope.ed.gov/athletics/#/datafile/list,13526.0,5549.455445544554,380786.0,524376.0,123367.0
196291,SUNY Maritime College,NY,NCAA Division III with football,"Public, 4-year or above",270761.0,255627.0,90.0,682.0,61417.0,1.0,8.0,1527774,1083180,38402.0,11293.0,7.0,15.0,8500.0,10000,2024,2023-24,https://ope.ed.gov/athletics/#/datafile/list,15134.0,2840.3,194210.0,438209.0,128746.0
196051,SUNY Morrisville,NY,NCAA Division III with football,"Public, 4-year or above",466893.0,457366.0,132.0,1235.0,163001.0,1.0,7.0,3514641,3429573,56232.0,13848.0,6.0,14.0,14937.0,22980,2024,2023-24,https://ope.ed.gov/athletics/#/datafile/list,9527.0,3464.8939393939395,294365.0,531264.0,153168.0
122180,Sacramento City College,CA,CCCAA,"Public, 2-year",239216.0,239216.0,85.0,386.0,32820.0,1.0,9.0,2620542,2620542,56586.0,7962.0,7.0,10.0,0.0,0,2024,2023-24,https://ope.ed.gov/athletics/#/datafile/list,0.0,2814.3058823529414,206396.0,475722.0,128244.0
130253,Sacred Heart University,CT,NCAA Division I-FCS,"Private nonprofit, 4-year or above",4810936.0,4810936.0,166.0,4423.0,734249.0,1.0,10.0,41021209,41021209,87918.0,45505.0,12.0,31.0,200744.0,361508,2024,2023-24,https://ope.ed.gov/athletics/#/datafile/list,0.0,28981.5421686747,4076687.0,2465671.0,542968.0
122205,Saddleback College,CA,CCCAA,"Public, 2-year",474470.0,422120.0,98.0,606.0,59369.0,1.0,14.0,4293576,4190300,57697.0,11105.0,10.0,35.0,0.0,0,2024,2023-24,https://ope.ed.gov/athletics/#/datafile/list,52350.0,4307.34693877551,362751.0,965645.0,213167.0
172051,Saginaw Valley State University,MI,NCAA Division II with football,"Public, 4-year or above",2156800.0,2156800.0,145.0,1515.0,219680.0,1.0,19.0,11660447,11611593,55364.0,28962.0,8.0,17.0,91120.0,132384,2024,2023-24,https://ope.ed.gov/athletics/#/datafile/list,0.0,14874.48275862069,1937120.0,935266.0,605642.0
154235,Saint Ambrose University,IA,NAIA Division II ,"Private nonprofit, 4-year or above",1402972.0,1321019.0,160.0,1107.0,177151.0,1.0,7.0,10003232,9668617,37020.0,5660.0,14.0,44.0,75846.0,145964,2024,2023-24,https://ope.ed.gov/athletics/#/datafile/list,81953.0,8256.36875,1143868.0,767320.0,76640.0
183239,Saint Anselm College,NH,NCAA Division II with football,"Private nonprofit, 4-year or above",1676763.0,1632995.0,128.0,1282.0,164078.0,1.0,8.0,11294032,10743869,47157.0,13607.0,10.0,22.0,74825.0,102754,2024,2023-24,https://ope.ed.gov/athletics/#/datafile/list,43768.0,12757.7734375,1468917.0,770924.0,156013.0
199582,Saint Augustine's University,NC,NCAA Division II with football,"Private nonprofit, 4-year or above",2307140.0,1661695.0,96.0,2115.0,203038.0,1.0,4.0,4995325,4262267,77692.0,20900.0,6.0,9.0,50000.0,100000,2024,2023-24,https://ope.ed.gov/athletics/#/datafile/list,645445.0,17309.322916666668,1458657.0,654252.0,161292.0
215743,Saint Francis University,PA,NCAA Division I-FCS,"Private nonprofit, 4-year or above",3595672.0,3595672.0,137.0,2903.0,397773.0,1.0,11.0,17546269,17546269,72603.0,23148.0,9.0,31.0,85998.0,196723,2024,2023-24,https://ope.ed.gov/athletics/#/datafile/list,0.0,26245.781021897812,3197899.0,1371015.0,327231.0
152381,Saint Mary-of-the-Woods College,IN,NAIA Division I ,"Private nonprofit, 4-year or above",723362.0,698583.0,71.0,1644.0,116724.0,1.0,5.0,4129123,3870480,23250.0,7251.0,8.0,20.0,8025.0,9448,2024,2023-24,https://ope.ed.gov/athletics/#/datafile/list,24779.0,9839.197183098591,581859.0,331020.0,59505.0
239716,Saint Norbert College,WI,NCAA Division III with football,"Private nonprofit, 4-year or above",582454.0,582454.0,134.0,1078.0,144407.0,1.0,15.0,4273089,4273089,46365.0,10583.0,10.0,38.0,38320.0,62140,2024,2023-24,https://ope.ed.gov/athletics/#/datafile/list,0.0,4346.671641791045,438047.0,865804.0,205110.0
215798,Saint Vincent College,PA,NCAA Division III with football,"Private nonprofit, 4-year or above",691637.0,691637.0,104.0,1507.0,156715.0,1.0,10.0,4274046,4274046,28441.0,17755.0,13.0,20.0,61328.0,72044,2024,2023-24,https://ope.ed.gov/athletics/#/datafile/list,0.0,6650.3557692307695,534922.0,724833.0,205991.0
148627,Saint Xavier University,IL,NAIA Division II ,"Private nonprofit, 4-year or above",1423335.0,1423335.0,102.0,1574.0,160500.0,1.0,14.0,6590152,6590152,49991.0,10413.0,9.0,24.0,7836.0,9965,2024,2023-24,https://ope.ed.gov/athletics/#/datafile/list,0.0,13954.264705882353,1262835.0,699831.0,195773.0
163851,Salisbury University,MD,NCAA Division III with football,"Public, 4-year or above",503314.0,503314.0,108.0,1451.0,156694.0,1.0,7.0,4464869,4442868,71373.0,35475.0,10.0,12.0,17711.0,26677,2024,2023-24,https://ope.ed.gov/athletics/#/datafile/list,0.0,4660.314814814815,346620.0,1139430.0,319698.0
217536,Salve Regina University,RI,NCAA Division III with football,"Private nonprofit, 4-year or above",402216.0,310885.0,143.0,716.0,102379.0,1.0,10.0,4813342,4173532,56262.0,19627.0,8.0,14.0,55632.0,71746,2024,2023-24,https://ope.ed.gov/athletics/#/datafile/list,91331.0,2174.020979020979,208506.0,724874.0,252532.0
227881,Sam Houston State University,TX,NCAA Division I-FBS,"Public, 4-year or above",7088562.0,7088562.0,130.0,8233.0,1070286.0,1.0,14.0,26631390,26567953,285252.0,70207.0,5.0,22.0,265046.0,346111,2024,2023-24,https://ope.ed.gov/athletics/#/datafile/list,0.0,54527.4,6018276.0,2970814.0,1268150.0
102049,Samford University,AL,NCAA Division I-FCS,"Private nonprofit, 4-year or above",6378192.0,5940410.0,148.0,7069.0,1046157.0,1.0,10.0,24858789,22198478,153584.0,70963.0,7.0,17.0,207736.0,283681,2024,2023-24,https://ope.ed.gov/athletics/#/datafile/list,437782.0,40137.90540540541,4894253.0,2281459.0,863214.0
123527,San Bernardino Valley College,CA,CCCAA,"Public, 2-year",257046.0,257046.0,79.0,570.0,45046.0,1.0,8.0,1593523,1593523,14514.0,5000.0,6.0,18.0,0.0,0,2024,2023-24,https://ope.ed.gov/athletics/#/datafile/list,0.0,3253.746835443038,212000.0,177084.0,54514.0
122375,San Diego Mesa College,CA,CCCAA,"Public, 2-year",307735.0,349304.0,85.0,1486.0,126310.0,1.0,7.0,3484038,3484038,34429.0,8892.0,9.0,27.0,0.0,0,2024,2023-24,https://ope.ed.gov/athletics/#/datafile/list,-41569.0,4109.458823529411,222994.0,549945.0,96673.0
122409,San Diego State University,CA,NCAA Division I-FBS,"Public, 4-year or above",30556022.0,23539311.0,115.0,94627.0,10882090.0,1.0,10.0,83949123,83949123,923229.0,369572.0,6.0,19.0,844794.0,1126952,2024,2023-24,https://ope.ed.gov/athletics/#/datafile/list,7016711.0,204689.6608695652,12657221.0,12561242.0,4618949.0
122658,San Joaquin Delta College,CA,CCCAA,"Public, 2-year",245689.0,276084.0,56.0,1433.0,80229.0,1.0,10.0,3489922,3489922,42808.0,8400.0,10.0,23.0,0.0,0,2024,2023-24,https://ope.ed.gov/athletics/#/datafile/list,-30395.0,4930.071428571428,195855.0,621280.0,126808.0
122746,San Jose City College,CA,CCCAA,"Public, 2-year",216344.0,216344.0,59.0,1209.0,71314.0,1.0,11.0,1596125,1596125,36898.0,3357.0,5.0,23.0,0.0,0,2024,2023-24,https://ope.ed.gov/athletics/#/datafile/list,0.0,3666.8474576271187,145030.0,261701.0,73825.0
122755,San Jose State University,CA,NCAA Division I-FBS,"Public, 4-year or above",8889840.0,8889840.0,109.0,14083.0,1535000.0,1.0,10.0,30593724,30593724,295690.0,197020.0,7.0,26.0,412187.0,692189,2024,2023-24,https://ope.ed.gov/athletics/#/datafile/list,0.0,81558.16513761468,7354840.0,7192350.0,2265890.0
121619,Santa Ana College,CA,CCCAA,"Public, 2-year",323934.0,323934.0,54.0,1748.0,94401.0,1.0,8.0,1958204,1958204,42787.0,12520.0,6.0,21.0,0.0,0,2024,2023-24,https://ope.ed.gov/athletics/#/datafile/list,0.0,5998.777777777777,229533.0,519642.0,142947.0
122889,Santa Barbara City College,CA,CCCAA,"Public, 2-year",271182.0,271182.0,98.0,880.0,86268.0,1.0,7.0,2825575,2825575,31100.0,10177.0,8.0,12.0,0.0,0,2024,2023-24,https://ope.ed.gov/athletics/#/datafile/list,0.0,2767.1632653061224,184914.0,370924.0,102339.0
122977,Santa Monica College,CA,CCCAA,"Public, 2-year",357472.0,357472.0,85.0,736.0,62531.0,1.0,8.0,3074684,3074684,6722.0,9800.0,8.0,22.0,0.0,0,2024,2023-24,https://ope.ed.gov/athletics/#/datafile/list,0.0,4205.552941176471,294941.0,269376.0,85122.0
123013,Santa Rosa Junior College,CA,CCCAA,"Public, 2-year",408516.0,400530.0,92.0,1262.0,116104.0,1.0,13.0,2988759,2835553,39120.0,2704.0,9.0,26.0,0.0,0,2024,2023-24,https://ope.ed.gov/athletics/#/datafile/list,7986.0,4353.586956521739,284426.0,422384.0,74272.0
140960,Savannah State University,GA,NCAA Division II with football,"Public, 4-year or above",373400.0,770999.0,107.0,342.0,36543.0,1.0,8.0,2455344,2455344,56500.0,28200.0,5.0,6.0,0.0,652,2024,2023-24,https://ope.ed.gov/athletics/#/datafile/list,-397599.0,7205.598130841122,734456.0,451700.0,282100.0
215947,Seton Hill University,PA,NCAA Division II with football,"Private nonprofit, 4-year or above",1448584.0,1448584.0,113.0,1306.0,147550.0,1.0,8.0,8136395,8136395,61800.0,30193.0,7.0,20.0,52144.0,66138,2024,2023-24,https://ope.ed.gov/athletics/#/datafile/list,0.0,12819.32743362832,1301034.0,1036460.0,303344.0
123299,Shasta College,CA,CCCAA,"Public, 2-year",196061.0,196061.0,94.0,854.0,80231.0,1.0,9.0,1436892,1436892,18194.0,8567.0,8.0,17.0,306.0,473,2024,2023-24,https://ope.ed.gov/athletics/#/datafile/list,0.0,2085.755319148936,115830.0,291191.0,95297.0
199643,Shaw University,NC,NCAA Division II with football,"Private nonprofit, 4-year or above",1355251.0,1355251.0,118.0,1602.0,189000.0,1.0,7.0,5605550,5605550,50757.0,27429.0,5.0,12.0,48200.0,95400,2024,2023-24,https://ope.ed.gov/athletics/#/datafile/list,0.0,11485.177966101695,1166251.0,582933.0,242760.0
233541,Shenandoah University,VA,NCAA Division III with football,"Private nonprofit, 4-year or above",521977.0,521977.0,149.0,709.0,105635.0,1.0,8.0,4670594,4670594,54544.0,21975.0,9.0,17.0,35881.0,55944,2024,2023-24,https://ope.ed.gov/athletics/#/datafile/list,0.0,3503.201342281879,416342.0,864471.0,230344.0
237792,Shepherd University,WV,NCAA Division II with football,"Public, 4-year or above",1609623.0,1609623.0,105.0,3091.0,324551.0,1.0,10.0,5277628,5277628,43866.0,34648.0,7.0,11.0,22672.0,42301,2024,2023-24,https://ope.ed.gov/athletics/#/datafile/list,0.0,15329.742857142857,1285072.0,688190.0,390346.0
216010,Shippensburg University of Pennsylvania,PA,NCAA Division II with football,"Public, 4-year or above",1057355.0,1086261.0,90.0,1949.0,175369.0,1.0,9.0,12056627,11030249,63857.0,28612.0,8.0,16.0,25702.0,42029,2024,2023-24,https://ope.ed.gov/athletics/#/datafile/list,-28906.0,12069.566666666668,910892.0,968648.0,321365.0
140988,Shorter University,GA,NCAA Division II with football,"Private nonprofit, 4-year or above",1641089.0,1641089.0,136.0,1792.0,243676.0,1.0,5.0,7448679,7448679,43025.0,28823.0,8.0,9.0,58516.0,67342,2024,2023-24,https://ope.ed.gov/athletics/#/datafile/list,0.0,12066.83088235294,1397413.0,603607.0,187140.0
172264,Siena Heights University,MI,NAIA Division II ,"Private nonprofit, 4-year or above",1851709.0,1828742.0,144.0,1217.0,175298.0,1.0,14.0,10256217,10171015,32237.0,8318.0,10.0,28.0,0.0,0,2024,2023-24,https://ope.ed.gov/athletics/#/datafile/list,22967.0,12699.597222222223,1653444.0,555274.0,148689.0
123341,Sierra College,CA,CCCAA,"Public, 2-year",346611.0,343102.0,125.0,946.0,118296.0,1.0,14.0,3804725,3636063,47689.0,12830.0,7.0,15.0,0.0,0,2024,2023-24,https://ope.ed.gov/athletics/#/datafile/list,3509.0,2744.816,224806.0,526273.0,227309.0
154350,Simpson College,IA,NCAA Division III with football,"Private nonprofit, 4-year or above",581450.0,572205.0,86.0,1854.0,159477.0,1.0,11.0,4474069,4452935,38458.0,12417.0,12.0,30.0,35680.0,63925,2024,2023-24,https://ope.ed.gov/athletics/#/datafile/list,9245.0,6653.546511627907,412728.0,834006.0,175045.0
123457,Simpson University,CA,NAIA Division II ,"Private nonprofit, 4-year or above",3059964.0,3059964.0,121.0,1258.0,152222.0,1.0,4.0,13120089,13120089,69160.0,38871.0,10.0,10.0,21515.0,43500,2024,2023-24,https://ope.ed.gov/athletics/#/datafile/list,0.0,25288.95867768595,2907742.0,1080310.0,224644.0
216038,Slippery Rock University of Pennsylvania,PA,NCAA Division II with football,"Public, 4-year or above",1256732.0,1300201.0,107.0,1901.0,203394.0,1.0,11.0,7698553,7695271,99879.0,50089.0,5.0,8.0,14157.0,31926,2024,2023-24,https://ope.ed.gov/athletics/#/datafile/list,-43469.0,12151.41121495327,1096807.0,900107.0,650858.0
230597,Snow College,UT,NJCAA Division I ,"Public, 4-year or above",1462335.0,1462335.0,75.0,11151.0,836288.0,1.0,8.0,4509088,4509088,55886.0,16898.0,5.0,11.0,5215.0,12175,2024,2023-24,https://ope.ed.gov/athletics/#/datafile/list,0.0,19497.8,626047.0,465308.0,191070.0
218733,South Carolina State University,SC,NCAA Division I-FCS,"Public, 4-year or above",3978457.0,3856327.0,112.0,7164.0,802348.0,1.0,10.0,13516308,13516308,156047.0,51767.0,4.0,14.0,85149.0,120247,2024,2023-24,https://ope.ed.gov/athletics/#/datafile/list,122130.0,34431.49107142857,3053979.0,1348926.0,673717.0
219347,South Dakota School of Mines and Technology,SD,NCAA Division II with football,"Public, 4-year or above",1696801.0,1352282.0,124.0,6736.0,835228.0,1.0,8.0,6125743,6125743,65706.0,33911.0,5.0,12.0,44683.0,62925,2024,2023-24,https://ope.ed.gov/athletics/#/datafile/list,344519.0,10905.5,517054.0,735462.0,336994.0
219356,South Dakota State University,SD,NCAA Division I-FCS,"Public, 4-year or above",6705266.0,6705266.0,119.0,12376.0,1472718.0,1.0,15.0,26424829,26424829,215275.0,50885.0,7.0,29.0,130335.0,201861,2024,2023-24,https://ope.ed.gov/athletics/#/datafile/list,0.0,56346.773109243695,5232548.0,2982590.0,978550.0
179557,Southeast Missouri State University,MO,NCAA Division I-FCS,"Public, 4-year or above",3768577.0,3768577.0,110.0,5691.0,625981.0,1.0,10.0,15758389,15758389,159738.0,50675.0,4.0,17.0,124645.0,194229,2024,2023-24,https://ope.ed.gov/athletics/#/datafile/list,0.0,34259.79090909091,3142596.0,1500427.0,666488.0
160612,Southeastern Louisiana University,LA,NCAA Division I-FCS,"Public, 4-year or above",4335592.0,4335592.0,127.0,5628.0,714702.0,1.0,10.0,17404468,17404468,146017.0,60673.0,5.0,19.0,76049.0,137739,2024,2023-24,https://ope.ed.gov/athletics/#/datafile/list,0.0,34138.51968503937,3620890.0,1882872.0,752747.0
207847,Southeastern Oklahoma State University,OK,NCAA Division II with football,"Public, 4-year or above",1326069.0,1326069.0,133.0,1115.0,148270.0,1.0,9.0,6560154,6560154,54094.0,20738.0,6.0,16.0,20859.0,35043,2024,2023-24,https://ope.ed.gov/athletics/#/datafile/list,0.0,9970.443609022557,1177799.0,656372.0,240736.0
137564,Southeastern University,FL,NAIA Division I ,"Private nonprofit, 4-year or above",1913374.0,1901660.0,121.0,1613.0,195122.0,1.0,8.0,10738322,10400902,56665.0,28605.0,10.0,18.0,41526.0,59383,2024,2023-24,https://ope.ed.gov/athletics/#/datafile/list,11714.0,15716.198347107438,1706538.0,1081540.0,285505.0
107983,Southern Arkansas University Main Campus,AR,NCAA Division II with football,"Public, 4-year or above",1155220.0,1155220.0,121.0,720.0,87076.0,1.0,5.0,6653838,6653838,45168.0,29109.0,7.0,11.0,27733.0,42624,2024,2023-24,https://ope.ed.gov/athletics/#/datafile/list,0.0,9547.272727272728,1068144.0,636375.0,190713.0
130493,Southern Connecticut State University,CT,NCAA Division II with football,"Public, 4-year or above",970617.0,970617.0,98.0,1072.0,105061.0,1.0,12.0,10950771,10950771,125364.0,21144.0,6.0,24.0,17653.0,31179,2024,2023-24,https://ope.ed.gov/athletics/#/datafile/list,0.0,9904.255102040815,865556.0,1259640.0,379092.0
149222,Southern Illinois University-Carbondale,IL,NCAA Division I-FCS,"Public, 4-year or above",4906751.0,4906751.0,105.0,10396.0,1091595.0,1.0,12.0,28355917,28355917,201159.0,62317.0,6.0,27.0,250753.0,385251,2024,2023-24,https://ope.ed.gov/athletics/#/datafile/list,0.0,46730.961904761905,3815156.0,2889513.0,948963.0
228246,Southern Methodist University,TX,NCAA Division I-FBS,"Private nonprofit, 4-year or above",31960585.0,31960585.0,128.0,60727.0,7773067.0,1.0,13.0,99506414,99506414,903488.0,296693.0,7.0,24.0,1097872.0,1568350,2024,2023-24,https://ope.ed.gov/athletics/#/datafile/list,0.0,249692.0703125,24187518.0,13445048.0,4760497.0
206862,Southern Nazarene University,OK,NCAA Division II with football,"Private nonprofit, 4-year or above",1613424.0,1707226.0,146.0,1277.0,186434.0,1.0,7.0,10553098,10374129,34948.0,16349.0,9.0,19.0,35092.0,73107,2024,2023-24,https://ope.ed.gov/athletics/#/datafile/list,-93802.0,11693.328767123288,1520792.0,625163.0,149391.0
210146,Southern Oregon University,OR,NAIA Division II ,"Public, 4-year or above",1079606.0,1079606.0,108.0,4554.0,491856.0,1.0,15.0,6918386,6918386,45753.0,7136.0,8.0,30.0,44251.0,58972,2024,2023-24,https://ope.ed.gov/athletics/#/datafile/list,0.0,9996.351851851852,587750.0,580104.0,152793.0
160621,Southern University and A & M College,LA,NCAA Division I-FCS,"Public, 4-year or above",2919827.0,2944500.0,103.0,5944.0,612243.0,1.0,11.0,13026700,13026700,92806.0,61188.0,8.0,20.0,55519.0,74202,2024,2023-24,https://ope.ed.gov/athletics/#/datafile/list,-24673.0,28587.3786407767,2332257.0,1966208.0,765874.0
230603,Southern Utah University,UT,NCAA Division I-FCS,"Public, 4-year or above",5733379.0,4278457.0,110.0,9300.0,1023001.0,1.0,10.0,18133901,18133901,152163.0,39312.0,4.0,21.0,121470.0,237027,2024,2023-24,https://ope.ed.gov/athletics/#/datafile/list,1454922.0,38895.06363636364,3255456.0,1434204.0,545283.0
233611,Southern Virginia University,VA,NCAA Division III with football,"Private nonprofit, 4-year or above",829870.0,829870.0,92.0,2869.0,263903.0,1.0,7.0,5991847,5991847,54996.0,19181.0,13.0,27.0,47149.0,67132,2024,2023-24,https://ope.ed.gov/athletics/#/datafile/list,0.0,9020.326086956522,565967.0,1232835.0,189263.0
179326,Southwest Baptist University,MO,NCAA Division II with football,"Private nonprofit, 4-year or above",1692502.0,1692502.0,118.0,2215.0,261315.0,1.0,7.0,8952933,8952933,42750.0,23893.0,8.0,19.0,31157.0,44075,2024,2023-24,https://ope.ed.gov/athletics/#/datafile/list,0.0,14343.237288135593,1431187.0,795967.0,210001.0
175078,Southwest Minnesota State University,MN,NCAA Division II with football,"Public, 4-year or above",1123504.0,1123504.0,116.0,1135.0,131661.0,1.0,7.0,6556438,6556438,72772.0,24858.0,5.0,14.0,30957.0,48040,2024,2023-24,https://ope.ed.gov/athletics/#/datafile/list,0.0,9685.379310344828,991843.0,711872.0,246778.0
176354,Southwest Mississippi Community College,MS,NJCAA Division I ,"Public, 2-year",819941.0,819941.0,70.0,1585.0,110946.0,1.0,7.0,3209602,3209602,58538.0,41313.0,6.0,8.0,77454.0,119576,2024,2023-24,https://ope.ed.gov/athletics/#/datafile/list,0.0,11713.442857142858,708995.0,681732.0,347729.0
228325,Southwestern Assemblies of God University,TX,NAIA Division I ,"Private nonprofit, 4-year or above",1022588.0,1027705.0,103.0,1017.0,104723.0,1.0,7.0,4475029,4464425,57499.0,16477.0,5.0,19.0,11132.0,22068,2024,2023-24,https://ope.ed.gov/athletics/#/datafile/list,-5117.0,9977.718446601943,922982.0,600558.0,172838.0
123800,Southwestern College,CA,CCCAA,"Public, 2-year",184817.0,185664.0,68.0,507.0,34476.0,1.0,8.0,1121447,1121366,24438.0,6888.0,8.0,15.0,0.0,0,2024,2023-24,https://ope.ed.gov/athletics/#/datafile/list,-847.0,2730.3529411764707,151188.0,298824.0,79542.0
155900,Southwestern College,KS,NAIA Division II ,"Private nonprofit, 4-year or above",2000922.0,1976188.0,151.0,669.0,101016.0,1.0,9.0,6743926,6739251,48314.0,12021.0,8.0,22.0,30190.0,42561,2024,2023-24,https://ope.ed.gov/athletics/#/datafile/list,24734.0,13087.337748344371,1875172.0,650974.0,156503.0
207865,Southwestern Oklahoma State University,OK,NCAA Division II with football,"Public, 4-year or above",1224107.0,1224107.0,119.0,1512.0,179893.0,1.0,7.0,5681448,5681448,60074.0,28829.0,5.0,12.0,30159.0,51418,2024,2023-24,https://ope.ed.gov/athletics/#/datafile/list,0.0,10286.61344537815,1044214.0,646318.0,261877.0
228343,Southwestern University,TX,NCAA Division III with football,"Private nonprofit, 4-year or above",1032650.0,984071.0,111.0,3276.0,363602.0,1.0,11.0,6383474,5932438,44584.0,21664.0,10.0,22.0,62108.0,88225,2024,2023-24,https://ope.ed.gov/athletics/#/datafile/list,48579.0,8865.504504504504,620469.0,922448.0,282888.0
167899,Springfield College,MA,NCAA Division III with football,"Private nonprofit, 4-year or above",906644.0,906644.0,119.0,1239.0,147500.0,1.0,12.0,6278803,6278803,51694.0,26056.0,14.0,35.0,188757.0,245060,2024,2023-24,https://ope.ed.gov/athletics/#/datafile/list,0.0,7618.857142857143,759144.0,1635676.0,364366.0
195216,St Lawrence University,NY,NCAA Division III with football,"Private nonprofit, 4-year or above",694467.0,694467.0,87.0,1854.0,161336.0,1.0,7.0,12570183,12570183,51829.0,19420.0,15.0,27.0,200344.0,303483,2024,2023-24,https://ope.ed.gov/athletics/#/datafile/list,0.0,7982.379310344828,533131.0,1301775.0,187769.0
174844,St Olaf College,MN,NCAA Division III with football,"Private nonprofit, 4-year or above",444550.0,457342.0,91.0,1115.0,101483.0,1.0,9.0,5381213,4924570,46251.0,10590.0,13.0,43.0,43714.0,59320,2024,2023-24,https://ope.ed.gov/athletics/#/datafile/list,-12792.0,5025.736263736264,355859.0,1056633.0,141561.0
199698,St. Andrews University,NC,NAIA Division II ,"Private nonprofit, 4-year or above",1206127.0,1184127.0,100.0,756.0,75587.0,1.0,4.0,7557636,7462701,40080.0,28705.0,8.0,9.0,1349.0,3387,2024,2023-24,https://ope.ed.gov/athletics/#/datafile/list,22000.0,11841.27,1108540.0,578985.0,154900.0
195720,St. John Fisher University,NY,NCAA Division III with football,"Private nonprofit, 4-year or above",694425.0,653785.0,138.0,1333.0,183885.0,1.0,14.0,6553258,6213241,48605.0,10175.0,12.0,44.0,111186.0,167621,2024,2023-24,https://ope.ed.gov/athletics/#/datafile/list,40640.0,4737.572463768116,469900.0,1030960.0,191055.0
137476,St. Thomas University,FL,NAIA Division I ,"Private nonprofit, 4-year or above",2389857.0,2363906.0,106.0,6631.0,702926.0,1.0,14.0,12382067,12026397,48537.0,40444.0,10.0,18.0,73663.0,101335,2024,2023-24,https://ope.ed.gov/athletics/#/datafile/list,25951.0,22301.0,1660980.0,1213362.0,614753.0
243744,Stanford University,CA,NCAA Division I-FBS,"Private nonprofit, 4-year or above",33719431.0,33719431.0,107.0,73424.0,7856396.0,1.0,10.0,199603664,199603664,564029.0,192023.0,15.0,43.0,1930262.0,2867497,2024,2023-24,https://ope.ed.gov/athletics/#/datafile/list,0.0,315134.8691588785,25863035.0,16717424.0,2484259.0
196149,State University of New York at Cortland,NY,NCAA Division III with football,"Public, 4-year or above",996280.0,996280.0,117.0,2628.0,307441.0,1.0,32.0,7265609,7265609,53111.0,14395.0,11.0,39.0,62038.0,95844,2024,2023-24,https://ope.ed.gov/athletics/#/datafile/list,0.0,8515.213675213676,688839.0,1145626.0,513751.0
228431,Stephen F Austin State University,TX,NCAA Division I-FCS,"Public, 4-year or above",5287932.0,5287932.0,173.0,6543.0,1131995.0,1.0,10.0,23836563,23836563,184731.0,81695.0,5.0,19.0,381938.0,554281,2024,2023-24,https://ope.ed.gov/athletics/#/datafile/list,0.0,30566.08092485549,4155937.0,2475860.0,1001681.0
155937,Sterling College,KS,NAIA Division II ,"Private nonprofit, 4-year or above",1408917.0,1382990.0,134.0,579.0,77641.0,1.0,10.0,5665266,5426163,34081.0,13157.0,9.0,16.0,8063.0,14762,2024,2023-24,https://ope.ed.gov/athletics/#/datafile/list,25927.0,10320.820895522387,1305349.0,517241.0,165651.0
137546,Stetson University,FL,NCAA Division I-FCS,"Private nonprofit, 4-year or above",2533905.0,2533905.0,116.0,10462.0,1213602.0,1.0,8.0,24996531,24996531,120356.0,43557.0,8.0,17.0,286595.0,466084,2024,2023-24,https://ope.ed.gov/athletics/#/datafile/list,0.0,21844.008620689656,1320303.0,1703317.0,468812.0
164173,Stevenson University,MD,NCAA Division III with football,"Private nonprofit, 4-year or above",612986.0,595752.0,128.0,1704.0,218079.0,1.0,8.0,6785058,6666455,35810.0,16682.0,14.0,26.0,106602.0,169540,2024,2023-24,https://ope.ed.gov/athletics/#/datafile/list,17234.0,4654.3125,377673.0,935072.0,169266.0
167996,Stonehill College,MA,NCAA Division I-FCS,"Private nonprofit, 4-year or above",2671784.0,2671784.0,120.0,3516.0,421897.0,1.0,10.0,17026091,17026091,82058.0,27389.0,8.0,21.0,128246.0,221307,2024,2023-24,https://ope.ed.gov/athletics/#/datafile/list,0.0,22264.866666666665,2249887.0,1231633.0,355948.0
196097,Stony Brook University,NY,NCAA Division I-FCS,"Public, 4-year or above",8870634.0,8870634.0,116.0,9234.0,1071144.0,1.0,11.0,40755628,40755628,259831.0,86503.0,6.0,21.0,296002.0,421017,2024,2023-24,https://ope.ed.gov/athletics/#/datafile/list,0.0,76470.9827586207,7799490.0,3375549.0,1211364.0
228501,Sul Ross State University,TX,NCAA Division II with football,"Public, 4-year or above",664926.0,589779.0,84.0,1701.0,142906.0,1.0,4.0,2744172,2422152,39174.0,64528.0,6.0,6.0,39999.0,52659,2024,2023-24,https://ope.ed.gov/athletics/#/datafile/list,75147.0,7021.178571428572,446873.0,622212.0,297286.0
216278,Susquehanna University,PA,NCAA Division III with football,"Private nonprofit, 4-year or above",588215.0,588215.0,129.0,1737.0,224018.0,1.0,8.0,5711669,5711669,55841.0,12927.0,11.0,27.0,36861.0,55220,2024,2023-24,https://ope.ed.gov/athletics/#/datafile/list,0.0,4559.806201550387,364197.0,963280.0,159257.0
247603,Sussex County Community College,NJ,NJCAA Division III ,"Public, 2-year",377921.0,377921.0,110.0,1067.0,117407.0,1.0,9.0,853735,853735,8065.0,4305.0,6.0,15.0,865.0,865,2024,2023-24,https://ope.ed.gov/athletics/#/datafile/list,0.0,3435.6454545454544,260514.0,112965.0,46810.0
196413,Syracuse University,NY,NCAA Division I-FBS,"Private nonprofit, 4-year or above",56819598.0,43995922.0,138.0,43691.0,6029295.0,1.0,10.0,111504051,108152358,1099056.0,330595.0,6.0,22.0,1467363.0,1807151,2024,2023-24,https://ope.ed.gov/athletics/#/datafile/list,12823676.0,318811.02898550726,37966627.0,13867426.0,4405006.0
155973,Tabor College,KS,NAIA Division II ,"Private nonprofit, 4-year or above",1530187.0,1521252.0,107.0,555.0,59392.0,1.0,6.0,6302286,6226823,39716.0,7474.0,8.0,17.0,22590.0,42954,2024,2023-24,https://ope.ed.gov/athletics/#/datafile/list,8935.0,14217.308411214954,1461860.0,444786.0,84560.0
228529,Tarleton State University,TX,NCAA Division I-FCS,"Public, 4-year or above",7236653.0,6209804.0,131.0,9525.0,1247710.0,1.0,12.0,27686274,27686274,159875.0,77383.0,5.0,22.0,306127.0,455930,2024,2023-24,https://ope.ed.gov/athletics/#/datafile/list,1026849.0,47403.083969465646,4962094.0,2501801.0,1088471.0
152530,Taylor University,IN,NAIA Division I ,"Private nonprofit, 4-year or above",1684055.0,1531787.0,107.0,2207.0,236124.0,1.0,6.0,7883887,6737186,37101.0,10691.0,8.0,18.0,23266.0,32043,2024,2023-24,https://ope.ed.gov/athletics/#/datafile/list,152268.0,14315.766355140187,1295663.0,489246.0,101247.0
216339,Temple University,PA,NCAA Division I-FBS,"Public, 4-year or above",26008180.0,26008180.0,107.0,44533.0,4764992.0,1.0,10.0,70320170,70320170,435091.0,186325.0,7.0,22.0,825859.0,1113123,2024,2023-24,https://ope.ed.gov/athletics/#/datafile/list,0.0,243067.10280373832,21243188.0,7144787.0,2298341.0
221838,Tennessee State University,TN,NCAA Division I-FCS,"Public, 4-year or above",7414224.0,7414224.0,123.0,14519.0,1785866.0,1.0,10.0,20340661,20340661,179835.0,79139.0,5.0,18.0,129171.0,153572,2024,2023-24,https://ope.ed.gov/athletics/#/datafile/list,0.0,60278.243902439026,5628358.0,2323677.0,971225.0
221847,Tennessee Technological University,TN,NCAA Division I-FCS,"Public, 4-year or above",4992255.0,4992255.0,104.0,9770.0,1016103.0,1.0,14.0,18279402,18279402,173947.0,59369.0,6.0,21.0,197400.0,251446,2024,2023-24,https://ope.ed.gov/athletics/#/datafile/list,0.0,48002.45192307692,3976152.0,2290431.0,1005113.0
228723,Texas A & M University-College Station,TX,NCAA Division I-FBS,"Public, 4-year or above",122362503.0,82167511.0,143.0,70683.0,10107608.0,1.0,10.0,231773287,223847369,2507345.0,418746.0,7.0,33.0,5325502.0,6353264,2024,2023-24,https://ope.ed.gov/athletics/#/datafile/list,40194992.0,574597.979020979,72059903.0,31370033.0,6694805.0
224554,Texas A & M University-Commerce,TX,NCAA Division I-FCS,"Public, 4-year or above",4858433.0,4762230.0,110.0,8720.0,959215.0,1.0,12.0,18000481,17433995,109195.0,37100.0,4.0,19.0,139723.0,230440,2024,2023-24,https://ope.ed.gov/athletics/#/datafile/list,96203.0,43293.0,3803015.0,1141680.0,554395.0
228705,Texas A & M University-Kingsville,TX,NCAA Division II with football,"Public, 4-year or above",2488647.0,2486488.0,138.0,4922.0,679205.0,1.0,8.0,11384781,11384781,81614.0,38468.0,4.0,13.0,103285.0,152230,2024,2023-24,https://ope.ed.gov/athletics/#/datafile/list,2159.0,18018.028985507248,1807283.0,826540.0,389358.0
228875,Texas Christian University,TX,NCAA Division I-FBS,"Private nonprofit, 4-year or above",75279255.0,54129228.0,151.0,61637.0,9307232.0,1.0,14.0,141889741,141889741,2044945.0,275814.0,7.0,40.0,1811880.0,2383214,2024,2023-24,https://ope.ed.gov/athletics/#/datafile/list,21150027.0,358471.7086092715,44821996.0,25347175.0,5906341.0
228884,Texas College,TX,NAIA Division I ,"Private nonprofit, 4-year or above",959657.0,959657.0,77.0,2930.0,225579.0,1.0,4.0,3313105,3313105,29500.0,11250.0,4.0,4.0,0.0,0,2024,2023-24,https://ope.ed.gov/athletics/#/datafile/list,0.0,12463.077922077922,734078.0,163000.0,74500.0
228981,Texas Lutheran University,TX,NCAA Division III with football,"Private nonprofit, 4-year or above",803704.0,824948.0,173.0,1185.0,205076.0,1.0,9.0,4303876,4178124,59758.0,32218.0,8.0,16.0,14538.0,17764,2024,2023-24,https://ope.ed.gov/athletics/#/datafile/list,-21244.0,4768.485549132948,619872.0,993552.0,349720.0
229063,Texas Southern University,TX,NCAA Division I-FCS,"Public, 4-year or above",3355738.0,3454140.0,103.0,1908.0,196549.0,1.0,10.0,11075651,11075651,187803.0,74718.0,5.0,17.0,35827.0,54839,2024,2023-24,https://ope.ed.gov/athletics/#/datafile/list,-98402.0,33535.33980582524,3257591.0,2209221.0,934983.0
228459,Texas State University,TX,NCAA Division I-FBS,"Public, 4-year or above",14291224.0,14291224.0,120.0,41067.0,4928096.0,1.0,10.0,46310998,46310998,361695.0,120209.0,5.0,20.0,681719.0,839263,2024,2023-24,https://ope.ed.gov/athletics/#/datafile/list,0.0,119093.53333333334,9363128.0,4212655.0,1563785.0
229115,Texas Tech University,TX,NCAA Division I-FBS,"Public, 4-year or above",62265520.0,34401458.0,122.0,62843.0,7666833.0,1.0,10.0,115268119,114344886,1636211.0,332034.0,6.0,24.0,2660211.0,3545455,2024,2023-24,https://ope.ed.gov/athletics/#/datafile/list,27864062.0,281979.1639344262,26734625.0,17786082.0,4956551.0
229160,Texas Wesleyan University,TX,NAIA Division I ,"Private nonprofit, 4-year or above",1606603.0,1510615.0,150.0,2420.0,363039.0,1.0,7.0,9065899,8598034,47531.0,28232.0,8.0,16.0,20478.0,27786,2024,2023-24,https://ope.ed.gov/athletics/#/datafile/list,95988.0,10070.766666666666,1147576.0,831960.0,245155.0
216296,Thaddeus Stevens College of Technology,PA,NJCAA Division III ,"Public, 2-year",158600.0,154720.0,93.0,1197.0,111297.0,1.0,9.0,361936,356351,5923.0,5278.0,5.0,8.0,0.0,0,2024,2023-24,https://ope.ed.gov/athletics/#/datafile/list,3880.0,1663.6559139784947,43423.0,71839.0,53425.0
131283,The Catholic University of America,DC,NCAA Division III with football,"Private nonprofit, 4-year or above",610423.0,585914.0,105.0,1964.0,206238.0,1.0,12.0,5666498,5411878,54689.0,8300.0,10.0,34.0,56298.0,109711,2024,2023-24,https://ope.ed.gov/athletics/#/datafile/list,24509.0,5580.133333333333,379676.0,829090.0,154289.0
142294,The College of Idaho,ID,NAIA Division II ,"Private nonprofit, 4-year or above",2205633.0,2205633.0,130.0,4486.0,583119.0,1.0,13.0,7599178,7599178,41314.0,14352.0,9.0,23.0,42366.0,52628,2024,2023-24,https://ope.ed.gov/athletics/#/datafile/list,0.0,16966.407692307694,1622514.0,701922.0,227890.0
187134,The College of New Jersey,NJ,NCAA Division III with football,"Public, 4-year or above",580762.0,580762.0,111.0,970.0,107626.0,1.0,7.0,4962193,4962193,87208.0,12437.0,8.0,28.0,21800.0,39700,2024,2023-24,https://ope.ed.gov/athletics/#/datafile/list,0.0,5232.09009009009,473136.0,1045900.0,174267.0
174899,The College of Saint Scholastica,MN,NCAA Division III with football,"Private nonprofit, 4-year or above",545752.0,516134.0,65.0,1034.0,67234.0,1.0,4.0,5078577,4042654,42910.0,15259.0,11.0,24.0,22459.0,34144,2024,2023-24,https://ope.ed.gov/athletics/#/datafile/list,29618.0,7940.523076923077,448900.0,838226.0,103946.0
206589,The College of Wooster,OH,NCAA Division III with football,"Private nonprofit, 4-year or above",547573.0,526226.0,81.0,1231.0,99680.0,1.0,7.0,5584687,4770135,56371.0,25667.0,9.0,15.0,36233.0,56770,2024,2023-24,https://ope.ed.gov/athletics/#/datafile/list,21347.0,6496.617283950617,426546.0,892344.0,236040.0
100751,The University of Alabama,AL,NCAA Division I-FBS,"Public, 4-year or above",138657460.0,112230118.0,142.0,91786.0,13033655.0,1.0,10.0,243096720,243096720,2459304.0,521443.0,7.0,29.0,6454846.0,7096598,2024,2023-24,https://ope.ed.gov/athletics/#/datafile/list,26427342.0,790352.9436619718,99196463.0,32336975.0,7673734.0
202763,The University of Findlay,OH,NCAA Division II with football,"Private nonprofit, 4-year or above",2309320.0,2429318.0,138.0,1072.0,147932.0,1.0,11.0,12462748,12460777,61421.0,13326.0,10.0,31.0,31035.0,52322,2024,2023-24,https://ope.ed.gov/athletics/#/datafile/list,-119998.0,17603.753623188404,2281386.0,1027316.0,208007.0
180489,The University of Montana,MT,NCAA Division I-FCS,"Public, 4-year or above",10460498.0,8668766.0,125.0,4641.0,580100.0,1.0,9.0,28241473,28044922,296244.0,116225.0,4.0,17.0,311675.0,474730,2024,2023-24,https://ope.ed.gov/athletics/#/datafile/list,1791732.0,69350.128,8088666.0,3160801.0,1342269.0
180692,The University of Montana-Western,MT,NAIA Division I ,"Public, 4-year or above",1071953.0,1071952.0,129.0,1560.0,201195.0,1.0,5.0,2777407,2774595,45640.0,37505.0,4.0,7.0,30242.0,75041,2024,2023-24,https://ope.ed.gov/athletics/#/datafile/list,1.0,8309.70542635659,870757.0,445095.0,233165.0
171599,The University of Olivet,MI,NCAA Division III with football,"Private nonprofit, 4-year or above",617489.0,565579.0,156.0,852.0,132863.0,1.0,8.0,3452457,2898415,42934.0,19547.0,12.0,23.0,30269.0,37733,2024,2023-24,https://ope.ed.gov/athletics/#/datafile/list,51910.0,3625.50641025641,432716.0,964789.0,199310.0
221740,The University of Tennessee-Chattanooga,TN,NCAA Division I-FCS,"Public, 4-year or above",5287623.0,5287623.0,75.0,7670.0,575236.0,1.0,10.0,22508082,22508082,168955.0,72168.0,6.0,18.0,305048.0,420869,2024,2023-24,https://ope.ed.gov/athletics/#/datafile/list,0.0,70501.64,4712387.0,2312754.0,890635.0
221759,The University of Tennessee-Knoxville,TN,NCAA Division I-FBS,"Public, 4-year or above",143399351.0,56987228.0,126.0,47853.0,6029478.0,1.0,10.0,204906178,204906178,2238050.0,311343.0,7.0,36.0,3359080.0,4625415,2024,2023-24,https://ope.ed.gov/athletics/#/datafile/list,86412123.0,452279.5873015873,50957750.0,26874698.0,5351480.0
221768,The University of Tennessee-Martin,TN,NCAA Division I-FCS,"Public, 4-year or above",3815848.0,3773932.0,149.0,4033.0,600984.0,1.0,8.0,15320815,15320815,100560.0,40387.0,6.0,18.0,193751.0,233348,2024,2023-24,https://ope.ed.gov/athletics/#/datafile/list,41916.0,25328.40268456376,3172948.0,1330326.0,423656.0
229018,The University of Texas Permian Basin,TX,NWAC,"Public, 4-year or above",1753534.0,2180204.0,120.0,3595.0,431401.0,1.0,12.0,9640352,9640352,77500.0,32898.0,6.0,21.0,85618.0,131212,2024,2023-24,https://ope.ed.gov/athletics/#/datafile/list,-426670.0,18168.366666666665,1748803.0,1155858.0,472276.0
228778,The University of Texas at Austin,TX,NCAA Division I-FBS,"Public, 4-year or above",200736464.0,61775571.0,121.0,26230.0,3173817.0,1.0,14.0,320312665,237475591,2264952.0,477542.0,7.0,29.0,4802626.0,5783497,2024,2023-24,https://ope.ed.gov/athletics/#/datafile/list,138960893.0,510541.9090909091,58601754.0,29703382.0,8950540.0
228796,The University of Texas at El Paso,TX,NCAA Division I-FBS,"Public, 4-year or above",13148049.0,13148049.0,123.0,21132.0,2599249.0,1.0,14.0,37006248,36602226,339482.0,91978.0,5.0,21.0,536704.0,750929,2024,2023-24,https://ope.ed.gov/athletics/#/datafile/list,0.0,106894.70731707317,10548800.0,3628948.0,1627174.0
229027,The University of Texas at San Antonio,TX,NCAA Division I-FBS,"Public, 4-year or above",17814255.0,17814255.0,115.0,31860.0,3663897.0,1.0,14.0,48689117,48689117,261580.0,172114.0,6.0,21.0,705368.0,942937,2024,2023-24,https://ope.ed.gov/athletics/#/datafile/list,0.0,154906.5652173913,14150358.0,5183874.0,2671176.0
138354,The University of West Florida,FL,NCAA Division II with football,"Public, 4-year or above",2341471.0,2177953.0,111.0,3672.0,407602.0,1.0,10.0,14082440,13028397,77610.0,28552.0,7.0,21.0,67520.0,101100,2024,2023-24,https://ope.ed.gov/athletics/#/datafile/list,163518.0,19621.1981981982,1770351.0,1142862.0,363130.0
221519,The University of the South,TN,NCAA Division III with football,"Private nonprofit, 4-year or above",989998.0,989998.0,76.0,5556.0,422227.0,1.0,5.0,5981444,5981444,70029.0,41266.0,10.0,13.0,78125.0,140280,2024,2023-24,https://ope.ed.gov/athletics/#/datafile/list,0.0,13026.28947368421,567771.0,1236748.0,276359.0
216357,Thiel College,PA,NCAA Division III with football,"Private nonprofit, 4-year or above",438180.0,438180.0,104.0,295.0,30690.0,1.0,7.0,2599174,2599174,58422.0,20670.0,10.0,18.0,29368.0,50728,2024,2023-24,https://ope.ed.gov/athletics/#/datafile/list,0.0,4213.2692307692305,407490.0,956280.0,203112.0
157809,Thomas More University,KY,NCAA Division II with football,"Private nonprofit, 4-year or above",1667453.0,1582277.0,140.0,892.0,124924.0,1.0,12.0,7756911,6167361,32967.0,10682.0,13.0,33.0,22789.0,32799,2024,2023-24,https://ope.ed.gov/athletics/#/datafile/list,85176.0,11301.978571428572,1457353.0,781077.0,161151.0
141167,Thomas University,GA,NAIA Division II ,"Private nonprofit, 4-year or above",1357372.0,904372.0,83.0,3273.0,271645.0,1.0,8.0,7551647,4838201,47535.0,23966.0,6.0,19.0,4810.0,7228,2024,2023-24,https://ope.ed.gov/athletics/#/datafile/list,453000.0,10896.048192771084,632727.0,740564.0,239263.0
206048,Tiffin University,OH,NCAA Division II with football,"Private nonprofit, 4-year or above",1877262.0,1877262.0,147.0,1950.0,286671.0,1.0,7.0,10961196,10961196,52677.0,21288.0,10.0,18.0,54876.0,84804,2024,2023-24,https://ope.ed.gov/athletics/#/datafile/list,0.0,12770.489795918367,1590591.0,909954.0,201693.0
164076,Towson University,MD,NCAA Division I-FCS,"Public, 4-year or above",5155500.0,5155500.0,106.0,7179.0,760990.0,1.0,10.0,27431821,27431821,247069.0,84436.0,6.0,22.0,239242.0,386959,2024,2023-24,https://ope.ed.gov/athletics/#/datafile/list,0.0,48636.79245283019,4394510.0,3340006.0,1091429.0
152567,Trine University,IN,NCAA Division III with football,"Private nonprofit, 4-year or above",856943.0,832993.0,231.0,901.0,208125.0,1.0,12.0,6289656,6157867,50639.0,19175.0,13.0,29.0,85509.0,124693,2024,2023-24,https://ope.ed.gov/athletics/#/datafile/list,23950.0,3606.030303030303,624868.0,1214382.0,280739.0
130590,Trinity College,CT,NCAA Division III with football,"Private nonprofit, 4-year or above",1035367.0,1012223.0,110.0,1375.0,151295.0,1.0,10.0,10532619,10532619,71408.0,29580.0,13.0,32.0,39918.0,75441,2024,2023-24,https://ope.ed.gov/athletics/#/datafile/list,23144.0,9202.027272727273,860928.0,1874864.0,367208.0
229267,Trinity University,TX,NCAA Division III with football,"Private nonprofit, 4-year or above",1395580.0,1395580.0,91.0,5137.0,467423.0,1.0,10.0,8829188,8795539,116798.0,40338.0,10.0,24.0,0.0,0,2024,2023-24,https://ope.ed.gov/athletics/#/datafile/list,0.0,15336.043956043955,928157.0,2136092.0,520178.0
225308,Trinity Valley Community College,TX,NJCAA Division I ,"Public, 2-year",1254525.0,1254525.0,83.0,2312.0,191922.0,1.0,6.0,5725126,5725126,35472.0,30246.0,3.0,9.0,51142.0,115782,2024,2023-24,https://ope.ed.gov/athletics/#/datafile/list,0.0,15114.759036144578,1062603.0,378630.0,216948.0
102368,Troy University,AL,NCAA Division I-FBS,"Public, 4-year or above",9718291.0,10125953.0,129.0,7515.0,969434.0,1.0,14.0,36937664,36937664,378909.0,185400.0,6.0,26.0,401673.0,597365,2024,2023-24,https://ope.ed.gov/athletics/#/datafile/list,-407662.0,78495.75968992247,9156519.0,7093854.0,2974509.0
178615,Truman State University,MO,NCAA Division II with football,"Public, 4-year or above",1398425.0,1398425.0,93.0,2035.0,189258.0,1.0,7.0,5925685,5925685,51768.0,30642.0,7.0,10.0,43540.0,65837,2024,2023-24,https://ope.ed.gov/athletics/#/datafile/list,0.0,15036.827956989247,1209167.0,668796.0,266262.0
168148,Tufts University,MA,NCAA Division III with football,"Private nonprofit, 4-year or above",1174470.0,1174470.0,105.0,2544.0,267105.0,1.0,7.0,12313427,12313427,86978.0,28171.0,12.0,34.0,178204.0,271547,2024,2023-24,https://ope.ed.gov/athletics/#/datafile/list,0.0,11185.42857142857,907365.0,2001550.0,284175.0
160755,Tulane University of Louisiana,LA,NCAA Division I-FBS,"Private nonprofit, 4-year or above",6893919.0,12979136.0,125.0,13038.0,1629744.0,1.0,17.0,39305494,39305494,807800.0,170067.0,5.0,28.0,1043218.0,1353237,2024,2023-24,https://ope.ed.gov/athletics/#/datafile/list,-6085217.0,103833.088,11349392.0,8800876.0,3698939.0
221953,Tusculum University,TN,NCAA Division II with football,"Private nonprofit, 4-year or above",1696905.0,1696905.0,162.0,1163.0,188400.0,1.0,7.0,9391310,9391310,38429.0,25678.0,11.0,18.0,46216.0,79330,2024,2023-24,https://ope.ed.gov/athletics/#/datafile/list,0.0,10474.722222222223,1508505.0,884923.0,218175.0
102377,Tuskegee University,AL,NCAA Division II with football,"Private nonprofit, 4-year or above",5864188.0,5864188.0,135.0,3795.0,512338.0,1.0,11.0,9437773,9437773,111521.0,73747.0,6.0,13.0,85136.0,106855,2024,2023-24,https://ope.ed.gov/athletics/#/datafile/list,0.0,43438.42962962963,5351850.0,1627837.0,922738.0
229355,Tyler Junior College,TX,NJCAA Division I ,"Public, 2-year",1009609.0,1009609.0,90.0,1231.0,110826.0,1.0,5.0,5556159,5556159,75004.0,24328.0,6.0,9.0,18780.0,47551,2024,2023-24,https://ope.ed.gov/athletics/#/datafile/list,0.0,11217.877777777778,898783.0,668976.0,196644.0
196866,Union College,NY,NCAA Division III with football,"Private nonprofit, 4-year or above",740012.0,734730.0,104.0,1885.0,196069.0,1.0,9.0,10483776,10345295,84273.0,24826.0,10.0,24.0,123308.0,234529,2024,2023-24,https://ope.ed.gov/athletics/#/datafile/list,5282.0,7064.711538461538,538661.0,1438554.0,307707.0
157863,Union College,KY,NAIA Division I ,"Private nonprofit, 4-year or above",2728294.0,2716982.0,149.0,545.0,81167.0,1.0,4.0,11825470,11779612,29408.0,24077.0,10.0,8.0,15699.0,22182,2024,2023-24,https://ope.ed.gov/athletics/#/datafile/list,11312.0,18234.77852348993,2635815.0,486696.0,125716.0
197027,United States Merchant Marine Academy,NY,NCAA Division III with football,"Public, 4-year or above",601402.0,578171.0,94.0,2080.0,195554.0,1.0,9.0,6073616,4965476,43175.0,29260.0,11.0,16.0,49224.0,64078,2024,2023-24,https://ope.ed.gov/athletics/#/datafile/list,23231.0,6150.755319148936,382617.0,943085.0,306515.0
196060,University at Albany,NY,NCAA Division I-FCS,"Public, 4-year or above",5841776.0,5331097.0,100.0,8870.0,887025.0,1.0,12.0,22862969,22862969,162578.0,50124.0,8.0,30.0,220220.0,321608,2024,2023-24,https://ope.ed.gov/athletics/#/datafile/list,510679.0,53310.97,4444072.0,2804344.0,764066.0
196088,University at Buffalo,NY,NCAA Division I-FBS,"Public, 4-year or above",11996469.0,11996469.0,108.0,19669.0,2124220.0,1.0,14.0,42271934,42113971,213868.0,76655.0,5.0,25.0,685342.0,877071,2024,2023-24,https://ope.ed.gov/athletics/#/datafile/list,0.0,111078.41666666667,9872249.0,2985715.0,1287038.0
200800,University of Akron Main Campus,OH,NCAA Division I-FBS,"Public, 4-year or above",7854373.0,7854373.0,111.0,12787.0,1419408.0,1.0,19.0,30010416,30010416,362852.0,77128.0,5.0,21.0,503721.0,704382,2024,2023-24,https://ope.ed.gov/athletics/#/datafile/list,0.0,70760.11711711712,6434965.0,3433948.0,1828284.0
100663,University of Alabama at Birmingham,AL,NCAA Division I-FBS,"Public, 4-year or above",15818252.0,14865442.0,120.0,19894.0,2387281.0,1.0,10.0,43271595,42655846,485753.0,114167.0,6.0,22.0,523279.0,789941,2024,2023-24,https://ope.ed.gov/athletics/#/datafile/list,952810.0,123878.68333333333,12478161.0,5426192.0,1627423.0
104179,University of Arizona,AZ,NCAA Division I-FBS,"Public, 4-year or above",37131453.0,37131453.0,113.0,55357.0,6255322.0,1.0,10.0,138959027,138959027,1196728.0,254682.0,9.0,31.0,2460752.0,3167542,2024,2023-24,https://ope.ed.gov/athletics/#/datafile/list,0.0,328596.9292035398,30876131.0,18665694.0,3743548.0
106397,University of Arkansas,AR,NCAA Division I-FBS,"Public, 4-year or above",86618681.0,57117597.0,125.0,74739.0,9342391.0,1.0,14.0,170608754,170011614,2503345.0,509428.0,6.0,22.0,1943793.0,2672593,2024,2023-24,https://ope.ed.gov/athletics/#/datafile/list,29501084.0,456940.776,47775206.0,26227486.0,9635337.0
106485,University of Arkansas at Monticello,AR,NCAA Division II with football,"Public, 4-year or above",1380990.0,1380990.0,110.0,2933.0,322603.0,1.0,5.0,4585105,4585105,61080.0,38840.0,4.0,7.0,46664.0,65547,2024,2023-24,https://ope.ed.gov/athletics/#/datafile/list,0.0,12554.454545454546,1058387.0,516200.0,255280.0
106412,University of Arkansas at Pine Bluff,AR,NCAA Division I-FCS,"Public, 4-year or above",2107692.0,2107692.0,77.0,1425.0,109739.0,1.0,8.0,9236849,9236849,117178.0,41098.0,5.0,14.0,3342.0,6447,2024,2023-24,https://ope.ed.gov/athletics/#/datafile/list,0.0,27372.623376623378,1997953.0,1161262.0,445962.0
110635,University of California-Berkeley,CA,NCAA Division I-FBS,"Public, 4-year or above",45082235.0,45082235.0,121.0,58281.0,7052036.0,1.0,10.0,146563317,146563317,817172.0,205285.0,12.0,35.0,2578213.0,3522381,2024,2023-24,https://ope.ed.gov/athletics/#/datafile/list,0.0,372580.45454545453,38030199.0,16991039.0,2870022.0
110644,University of California-Davis,CA,NCAA Division I-FCS,"Public, 4-year or above",7009614.0,7009614.0,111.0,13511.0,1499767.0,1.0,12.0,46626686,46626686,166188.0,58526.0,9.0,26.0,385901.0,658910,2024,2023-24,https://ope.ed.gov/athletics/#/datafile/list,0.0,63149.67567567567,5509847.0,3017368.0,868500.0
110662,University of California-Los Angeles,CA,NCAA Division I-FBS,"Public, 4-year or above",45783508.0,45783508.0,127.0,54362.0,6903955.0,1.0,10.0,170897220,170897220,1350349.0,224923.0,9.0,36.0,1936519.0,2617571,2024,2023-24,https://ope.ed.gov/athletics/#/datafile/list,0.0,360500.062992126,38879553.0,20250369.0,3599579.0
106704,University of Central Arkansas,AR,NCAA Division I-FCS,"Public, 4-year or above",3959093.0,3959093.0,135.0,6038.0,815173.0,1.0,10.0,16831604,16831604,106254.0,39280.0,6.0,23.0,216908.0,357830,2024,2023-24,https://ope.ed.gov/athletics/#/datafile/list,0.0,29326.614814814813,3143920.0,1540964.0,499054.0
132903,University of Central Florida,FL,NCAA Division I-FBS,"Public, 4-year or above",30249823.0,30249823.0,121.0,48189.0,5830912.0,1.0,10.0,93417587,90055820,1186824.0,338530.0,6.0,20.0,1413208.0,1816053,2024,2023-24,https://ope.ed.gov/athletics/#/datafile/list,0.0,249998.53719008266,24418911.0,13891544.0,4572124.0
176965,University of Central Missouri,MO,NCAA Division II with football,"Public, 4-year or above",3143276.0,3143276.0,148.0,2898.0,428944.0,1.0,13.0,14008234,14008234,101923.0,34435.0,6.0,21.0,119193.0,161153,2024,2023-24,https://ope.ed.gov/athletics/#/datafile/list,0.0,21238.35135135135,2714332.0,1334673.0,549578.0
206941,University of Central Oklahoma,OK,NCAA Division II with football,"Public, 4-year or above",2503341.0,2116022.0,133.0,3140.0,417575.0,1.0,10.0,13766608,13208294,90392.0,50238.0,5.0,9.0,25252.0,35765,2024,2023-24,https://ope.ed.gov/athletics/#/datafile/list,387319.0,15909.939849624061,1698447.0,904102.0,592772.0
237312,University of Charleston,WV,NCAA Division II with football,"Private nonprofit, 4-year or above",2144310.0,2103826.0,128.0,1356.0,173618.0,1.0,9.0,9886282,9447204,47914.0,15417.0,8.0,25.0,80715.0,112755,2024,2023-24,https://ope.ed.gov/athletics/#/datafile/list,40484.0,16436.140625,1930208.0,768737.0,186667.0
144050,University of Chicago,IL,NCAA Division III with football,"Private nonprofit, 4-year or above",775001.0,775001.0,87.0,1863.0,162073.0,1.0,6.0,8210820,8210820,90636.0,28456.0,8.0,19.0,85912.0,142574,2024,2023-24,https://ope.ed.gov/athletics/#/datafile/list,0.0,8908.057471264368,612928.0,1265752.0,261372.0
201885,University of Cincinnati-Main Campus,OH,NCAA Division I-FBS,"Public, 4-year or above",30400338.0,30400338.0,115.0,59489.0,6841253.0,1.0,14.0,89597392,89597392,195182.0,218653.0,6.0,29.0,896293.0,1244553,2024,2023-24,https://ope.ed.gov/athletics/#/datafile/list,0.0,264350.7652173913,23559085.0,7512029.0,3256324.0
126614,University of Colorado Boulder,CO,NCAA Division I-FBS,"Public, 4-year or above",64658200.0,38459488.0,121.0,56704.0,6861144.0,1.0,10.0,146567503,138325220,2300956.0,310772.0,5.0,23.0,1141989.0,1574097,2024,2023-24,https://ope.ed.gov/athletics/#/datafile/list,26198712.0,317847.0082644628,31598344.0,18652536.0,5408676.0
129020,University of Connecticut,CT,NCAA Division I-FBS,"Public, 4-year or above",17751690.0,17751690.0,114.0,47538.0,5419296.0,1.0,10.0,91800871,91528665,1252060.0,188493.0,8.0,31.0,1261839.0,1876690,2024,2023-24,https://ope.ed.gov/athletics/#/datafile/list,0.0,155716.57894736843,12332394.0,15859763.0,3136990.0
202480,University of Dayton,OH,NCAA Division I-FCS,"Private nonprofit, 4-year or above",819412.0,1986557.0,122.0,5620.0,685604.0,1.0,11.0,43705495,43705495,469457.0,73360.0,7.0,24.0,258115.0,473113,2024,2023-24,https://ope.ed.gov/athletics/#/datafile/list,-1167145.0,16283.254098360656,1300953.0,5046839.0,1276417.0
130943,University of Delaware,DE,NCAA Division I-FCS,"Public, 4-year or above",9082396.0,9082396.0,108.0,15636.0,1688650.0,1.0,11.0,48411479,48411479,242603.0,71610.0,8.0,27.0,337469.0,609001,2024,2023-24,https://ope.ed.gov/athletics/#/datafile/list,0.0,84096.25925925926,7393746.0,3874294.0,1030313.0
153278,University of Dubuque,IA,NCAA Division III with football,"Private nonprofit, 4-year or above",580169.0,574264.0,123.0,1047.0,128802.0,1.0,7.0,5274399,5113424,64178.0,33911.0,12.0,15.0,60147.0,101582,2024,2023-24,https://ope.ed.gov/athletics/#/datafile/list,5905.0,4668.8130081300815,445462.0,1278801.0,301555.0
134130,University of Florida,FL,NCAA Division I-FBS,"Public, 4-year or above",97895142.0,45681605.0,124.0,79864.0,9903183.0,1.0,10.0,180556616,180556616,1826717.0,288445.0,7.0,34.0,3528622.0,4509578,2024,2023-24,https://ope.ed.gov/athletics/#/datafile/list,52213537.0,368400.04032258067,35778422.0,22594149.0,4711167.0
457402,University of Fort Lauderdale,FL,NCCAA Division I ,"Private nonprofit, 4-year or above",339300.0,386460.0,57.0,3885.0,221460.0,1.0,7.0,1914128,1875364,38400.0,13000.0,5.0,15.0,0.0,0,2024,2023-24,https://ope.ed.gov/athletics/#/datafile/list,-47160.0,6780.0,165000.0,387000.0,129400.0
139959,University of Georgia,GA,NCAA Division I-FBS,"Public, 4-year or above",133656737.0,68931272.0,133.0,80514.0,10708355.0,1.0,10.0,241843474,182882099,2485611.0,440144.0,7.0,31.0,5069281.0,6390073,2024,2023-24,https://ope.ed.gov/athletics/#/datafile/list,64725465.0,518280.24060150376,58222917.0,31043741.0,6887051.0
141574,University of Hawaii at Manoa,HI,NCAA Division I-FBS,"Public, 4-year or above",13239833.0,13876434.0,122.0,33772.0,4120136.0,1.0,10.0,53350682,53350682,229831.0,110857.0,7.0,23.0,495727.0,779103,2024,2023-24,https://ope.ed.gov/athletics/#/datafile/list,-636601.0,113741.26229508196,9756298.0,4158528.0,1338401.0
225511,University of Houston,TX,NCAA Division I-FBS,"Public, 4-year or above",26934492.0,26934492.0,121.0,23849.0,2885699.0,1.0,10.0,98914486,98914486,2076246.0,303498.0,5.0,20.0,1120325.0,1411573,2024,2023-24,https://ope.ed.gov/athletics/#/datafile/list,0.0,222599.10743801654,24048793.0,16451190.0,5111226.0
142285,University of Idaho,ID,NCAA Division I-FCS,"Public, 4-year or above",6804775.0,6804775.0,111.0,17608.0,1954514.0,1.0,14.0,24112825,24112825,95335.0,69381.0,5.0,17.0,301223.0,489693,2024,2023-24,https://ope.ed.gov/athletics/#/datafile/list,0.0,61304.27927927928,4850261.0,1656152.0,1066669.0
145637,University of Illinois Urbana-Champaign,IL,NCAA Division I-FBS,"Public, 4-year or above",68645674.0,38984930.0,120.0,43163.0,5179547.0,1.0,14.0,149390875,149390875,1756557.0,321687.0,8.0,36.0,2843217.0,3570247,2024,2023-24,https://ope.ed.gov/athletics/#/datafile/list,29660744.0,324874.4166666667,33805383.0,25633188.0,6260175.0
151263,University of Indianapolis,IN,NCAA Division II with football,"Private nonprofit, 4-year or above",2657729.0,2657729.0,120.0,1842.0,221015.0,1.0,10.0,17373884,17373884,59651.0,18045.0,10.0,45.0,76274.0,99479,2024,2023-24,https://ope.ed.gov/athletics/#/datafile/list,0.0,22147.741666666665,2436714.0,1408535.0,240101.0
153658,University of Iowa,IA,NCAA Division I-FBS,"Public, 4-year or above",91827582.0,55519658.0,129.0,52160.0,6728604.0,1.0,14.0,173213951,150493777,2076495.0,469499.0,6.0,25.0,1474938.0,2301031,2024,2023-24,https://ope.ed.gov/athletics/#/datafile/list,36307924.0,430384.94573643414,48791054.0,24196445.0,8649481.0
200156,University of Jamestown,ND,NAIA Division II ,"Private nonprofit, 4-year or above",2508221.0,2508221.0,143.0,1522.0,217673.0,1.0,9.0,10701409,10701409,47427.0,24050.0,9.0,13.0,73449.0,118627,2024,2023-24,https://ope.ed.gov/athletics/#/datafile/list,0.0,17540.00699300699,2290548.0,739493.0,263877.0
155317,University of Kansas,KS,NCAA Division I-FBS,"Public, 4-year or above",39365810.0,31326379.0,118.0,35630.0,4204357.0,1.0,10.0,215031889,156040840,801349.0,345160.0,5.0,24.0,1751293.0,2405884,2024,2023-24,https://ope.ed.gov/athletics/#/datafile/list,8039431.0,265477.78813559323,27122022.0,12290585.0,4252949.0
157085,University of Kentucky,KY,NCAA Division I-FBS,"Public, 4-year or above",46617232.0,46617232.0,121.0,47469.0,5743760.0,1.0,14.0,193967575,193915782,2592260.0,331786.0,8.0,36.0,2790829.0,3610998,2024,2023-24,https://ope.ed.gov/athletics/#/datafile/list,0.0,385266.3801652893,40873472.0,32682376.0,7237264.0
117140,University of La Verne,CA,NCAA Division III with football,"Private nonprofit, 4-year or above",680559.0,653994.0,115.0,1057.0,121534.0,1.0,9.0,3487508,3145378,68501.0,14467.0,9.0,26.0,0.0,0,2024,2023-24,https://ope.ed.gov/athletics/#/datafile/list,26565.0,5686.904347826087,532460.0,992651.0,198704.0
160658,University of Louisiana at Lafayette,LA,NCAA Division I-FBS,"Public, 4-year or above",14747542.0,14747542.0,137.0,23950.0,3281187.0,1.0,15.0,42952287,42952287,435824.0,183398.0,6.0,21.0,539292.0,787354,2024,2023-24,https://ope.ed.gov/athletics/#/datafile/list,0.0,107646.29197080292,11466355.0,6466302.0,3186794.0
159993,University of Louisiana at Monroe,LA,NCAA Division I-FBS,"Public, 4-year or above",7453549.0,7453549.0,115.0,10191.0,1171951.0,1.0,10.0,20253458,20253458,306911.0,148590.0,5.0,18.0,277472.0,368216,2024,2023-24,https://ope.ed.gov/athletics/#/datafile/list,0.0,64813.46956521739,6281598.0,4209175.0,1792811.0
157289,University of Louisville,KY,NCAA Division I-FBS,"Public, 4-year or above",37682973.0,37682973.0,115.0,54951.0,6319382.0,1.0,10.0,165168798,165168798,1320727.0,263345.0,9.0,30.0,2175799.0,3009306,2024,2023-24,https://ope.ed.gov/athletics/#/datafile/list,0.0,327678.0260869565,31363591.0,19786893.0,3954177.0
161253,University of Maine,ME,NCAA Division I-FCS,"Public, 4-year or above",5541436.0,5541436.0,107.0,10866.0,1162635.0,1.0,10.0,20148241,20148241,160906.0,57603.0,6.0,20.0,353892.0,470918,2024,2023-24,https://ope.ed.gov/athletics/#/datafile/list,0.0,51789.121495327105,4378801.0,2117496.0,736936.0
200217,University of Mary,ND,NCAA Division II with football,"Private nonprofit, 4-year or above",1638153.0,1638153.0,99.0,2340.0,231632.0,1.0,7.0,8800443,8800443,56163.0,17692.0,7.0,23.0,108691.0,161631,2024,2023-24,https://ope.ed.gov/athletics/#/datafile/list,0.0,16547.0,1406521.0,800057.0,180007.0
226471,University of Mary Hardin-Baylor,TX,NCAA Division III with football,"Private nonprofit, 4-year or above",1717619.0,1717619.0,185.0,2950.0,545794.0,1.0,12.0,6475814,6475814,73219.0,34116.0,7.0,19.0,95293.0,111168,2024,2023-24,https://ope.ed.gov/athletics/#/datafile/list,0.0,9284.427027027026,1171825.0,1160737.0,482611.0
163286,University of Maryland-College Park,MD,NCAA Division I-FBS,"Public, 4-year or above",65913616.0,37007117.0,118.0,39077.0,4611133.0,1.0,10.0,132764504,132764504,1492492.0,243955.0,8.0,34.0,2419826.0,3123959,2024,2023-24,https://ope.ed.gov/athletics/#/datafile/list,28906499.0,313619.63559322036,32395984.0,20234406.0,3932042.0
166629,University of Massachusetts-Amherst,MA,NCAA Division I-FBS,"Public, 4-year or above",11529030.0,11529030.0,107.0,16660.0,1782591.0,1.0,14.0,49525166,49525166,429235.0,86506.0,9.0,36.0,744282.0,1104939,2024,2023-24,https://ope.ed.gov/athletics/#/datafile/list,0.0,107747.94392523365,9746439.0,6977331.0,1640319.0
167987,University of Massachusetts-Dartmouth,MA,NCAA Division III with football,"Public, 4-year or above",367896.0,353821.0,109.0,1819.0,198266.0,1.0,8.0,5599903,5128985,23915.0,4922.0,8.0,24.0,20018.0,46080,2024,2023-24,https://ope.ed.gov/athletics/#/datafile/list,14075.0,3246.064220183486,155555.0,309448.0,63291.0
220862,University of Memphis,TN,NCAA Division I-FBS,"Public, 4-year or above",22107916.0,22107916.0,165.0,15792.0,2605633.0,1.0,14.0,62737618,62737618,790059.0,162749.0,7.0,23.0,1052981.0,1362965,2024,2023-24,https://ope.ed.gov/athletics/#/datafile/list,0.0,133987.3696969697,19502283.0,9273640.0,3068545.0
135726,University of Miami,FL,NCAA Division I-FBS,"Private nonprofit, 4-year or above",78100432.0,78100431.0,126.0,42877.0,5402529.0,1.0,10.0,182459468,182459468,2071309.0,376131.0,6.0,25.0,5596372.0,6397446,2024,2023-24,https://ope.ed.gov/athletics/#/datafile/list,1.0,619844.6904761905,72697902.0,21831129.0,5832619.0
170976,University of Michigan-Ann Arbor,MI,NCAA Division I-FBS,"Public, 4-year or above",149104336.0,72291729.0,152.0,56154.0,8535332.0,1.0,14.0,221371145,220814081,1404807.0,295782.0,14.0,51.0,2965947.0,4050571,2024,2023-24,https://ope.ed.gov/athletics/#/datafile/list,76812607.0,475603.4802631579,63756397.0,34752180.0,5545755.0
174233,University of Minnesota-Duluth,MN,NCAA Division II with football,"Public, 4-year or above",2253167.0,2253167.0,100.0,3728.0,372841.0,1.0,13.0,13920940,13920940,240011.0,46224.0,5.0,24.0,128649.0,229163,2024,2023-24,https://ope.ed.gov/athletics/#/datafile/list,0.0,22531.67,1880326.0,2309431.0,840923.0
174251,University of Minnesota-Morris,MN,NCAA Division III with football,"Public, 4-year or above",331113.0,322123.0,77.0,1789.0,137742.0,1.0,5.0,1799507,1793804,25800.0,8851.0,8.0,14.0,16928.0,30381,2024,2023-24,https://ope.ed.gov/athletics/#/datafile/list,8990.0,4183.415584415585,184381.0,330314.0,70055.0
174066,University of Minnesota-Twin Cities,MN,NCAA Division I-FBS,"Public, 4-year or above",90671593.0,45200853.0,116.0,56957.0,6606955.0,1.0,14.0,144816418,138599675,1120381.0,198441.0,9.0,35.0,2637037.0,3212872,2024,2023-24,https://ope.ed.gov/athletics/#/datafile/list,45470740.0,389662.525862069,38593898.0,17028864.0,3898555.0
176017,University of Mississippi,MS,NCAA Division I-FBS,"Public, 4-year or above",75260713.0,57122596.0,127.0,60936.0,7738930.0,1.0,14.0,145401658,145401658,2782637.0,428185.0,6.0,28.0,2663873.0,3325957,2024,2023-24,https://ope.ed.gov/athletics/#/datafile/list,18138117.0,449784.22047244094,49383666.0,28685002.0,8777227.0
178396,University of Missouri-Columbia,MO,NCAA Division I-FBS,"Public, 4-year or above",52195922.0,52195922.0,121.0,37166.0,4497071.0,1.0,10.0,157734870,157734870,1874966.0,240547.0,7.0,36.0,2526096.0,3214962,2024,2023-24,https://ope.ed.gov/athletics/#/datafile/list,0.0,431371.2561983471,47698851.0,21784454.0,4280436.0
204185,University of Mount Union,OH,NCAA Division III with football,"Private nonprofit, 4-year or above",638029.0,638029.0,179.0,560.0,100200.0,1.0,11.0,4299259,4299259,43099.0,13866.0,11.0,39.0,54276.0,74563,2024,2023-24,https://ope.ed.gov/athletics/#/datafile/list,0.0,3564.40782122905,537829.0,1014863.0,195625.0
181215,University of Nebraska at Kearney,NE,NCAA Division II with football,"Public, 4-year or above",2234262.0,2234262.0,140.0,2215.0,310140.0,1.0,6.0,10046054,10046054,83108.0,48132.0,5.0,12.0,49284.0,83505,2024,2023-24,https://ope.ed.gov/athletics/#/datafile/list,0.0,15959.014285714286,1924122.0,993124.0,371900.0
181464,University of Nebraska-Lincoln,NE,NCAA Division I-FBS,"Public, 4-year or above",126225245.0,52429432.0,142.0,49920.0,7088684.0,1.0,13.0,211778141,175438100,1467677.0,299137.0,8.0,30.0,2832460.0,3470402,2024,2023-24,https://ope.ed.gov/athletics/#/datafile/list,73795813.0,369221.3521126761,45340748.0,20715526.0,5356458.0
182281,University of Nevada-Las Vegas,NV,NCAA Division I-FBS,"Public, 4-year or above",19389498.0,19389498.0,110.0,37368.0,4110481.0,1.0,10.0,65376772,65376772,465236.0,144046.0,7.0,30.0,1088887.0,1398328,2024,2023-24,https://ope.ed.gov/athletics/#/datafile/list,0.0,176268.16363636364,15279017.0,7578032.0,1905696.0
182290,University of Nevada-Reno,NV,NCAA Division I-FBS,"Public, 4-year or above",13562661.0,13562661.0,118.0,27170.0,3206116.0,1.0,10.0,53922006,53916558,404875.0,184307.0,7.0,18.0,724940.0,992064,2024,2023-24,https://ope.ed.gov/athletics/#/datafile/list,0.0,114937.80508474576,10356545.0,6151651.0,2247945.0
161457,University of New England,ME,NCAA Division III with football,"Private nonprofit, 4-year or above",740215.0,730628.0,128.0,896.0,114735.0,1.0,11.0,4371025,3962696,61931.0,14878.0,7.0,18.0,46213.0,72284,2024,2023-24,https://ope.ed.gov/athletics/#/datafile/list,9587.0,5708.03125,615893.0,701321.0,225589.0
183044,University of New Hampshire-Main Campus,NH,NCAA Division I-FCS,"Public, 4-year or above",5963554.0,5963554.0,103.0,9768.0,1006112.0,1.0,10.0,34986719,34986719,205602.0,60183.0,6.0,22.0,250872.0,419205,2024,2023-24,https://ope.ed.gov/athletics/#/datafile/list,0.0,57898.58252427184,4957442.0,2557638.0,807432.0
129941,University of New Haven,CT,NCAA Division II with football,"Private nonprofit, 4-year or above",2834328.0,2826190.0,135.0,1912.0,258167.0,1.0,15.0,11974460,11769900,73517.0,19244.0,7.0,27.0,39519.0,82004,2024,2023-24,https://ope.ed.gov/athletics/#/datafile/list,8138.0,20934.74074074074,2568023.0,1034207.0,362177.0
187985,University of New Mexico-Main Campus,NM,NCAA Division I-FBS,"Public, 4-year or above",13821744.0,13821744.0,119.0,21823.0,2596949.0,1.0,10.0,53653134,53043230,331511.0,113812.0,8.0,27.0,675868.0,947442,2024,2023-24,https://ope.ed.gov/athletics/#/datafile/list,0.0,116149.10924369747,11224795.0,5725012.0,1469631.0
101879,University of North Alabama,AL,NCAA Division I-FCS,"Public, 4-year or above",3880517.0,3880517.0,122.0,5369.0,654965.0,1.0,10.0,15423738,15423738,111733.0,52715.0,6.0,16.0,129658.0,190093,2024,2023-24,https://ope.ed.gov/athletics/#/datafile/list,0.0,31807.516393442624,3225552.0,1513838.0,638883.0
199120,University of North Carolina at Chapel Hill,NC,NCAA Division I-FBS,"Public, 4-year or above",66848688.0,40068730.0,127.0,60970.0,7743163.0,1.0,10.0,157614732,149062850,813531.0,270353.0,11.0,40.0,2332231.0,3244785,2024,2023-24,https://ope.ed.gov/athletics/#/datafile/list,26779958.0,315501.81102362205,32325567.0,19762961.0,3517061.0
199139,University of North Carolina at Charlotte,NC,NCAA Division I-FBS,"Public, 4-year or above",14487211.0,14487211.0,122.0,23912.0,2917310.0,1.0,10.0,47156982,47156982,358070.0,112337.0,7.0,24.0,973624.0,1306879,2024,2023-24,https://ope.ed.gov/athletics/#/datafile/list,0.0,118747.63114754099,11569901.0,5202578.0,1481440.0
199281,University of North Carolina at Pembroke,NC,NCAA Division II with football,"Public, 4-year or above",950445.0,942487.0,122.0,1486.0,181249.0,1.0,10.0,5083937,4461316,47399.0,15243.0,5.0,17.0,35328.0,50345,2024,2023-24,https://ope.ed.gov/athletics/#/datafile/list,7958.0,7725.303278688524,761238.0,496126.0,199829.0
200280,University of North Dakota,ND,NCAA Division I-FCS,"Public, 4-year or above",6229989.0,6229989.0,108.0,11333.0,1223929.0,1.0,11.0,31703548,31552730,205910.0,88578.0,6.0,20.0,345103.0,605691,2024,2023-24,https://ope.ed.gov/athletics/#/datafile/list,0.0,57685.083333333336,5006060.0,3007020.0,1180268.0
227216,University of North Texas,TX,NCAA Division I-FBS,"Public, 4-year or above",13287352.0,13287352.0,137.0,26221.0,3592334.0,1.0,10.0,53633725,53633725,568393.0,165029.0,4.0,22.0,562444.0,783242,2024,2023-24,https://ope.ed.gov/athletics/#/datafile/list,0.0,96987.9708029197,9695018.0,5904210.0,2218683.0
127741,University of Northern Colorado,CO,NCAA Division I-FCS,"Public, 4-year or above",5534867.0,5534867.0,105.0,11806.0,1239659.0,1.0,11.0,21711259,21711259,129454.0,51843.0,6.0,22.0,146000.0,276384,2024,2023-24,https://ope.ed.gov/athletics/#/datafile/list,0.0,52713.01904761905,4295208.0,1917270.0,699727.0
154095,University of Northern Iowa,IA,NCAA Division I-FCS,"Public, 4-year or above",3797203.0,3797203.0,107.0,6595.0,705628.0,1.0,12.0,17006201,17006201,231127.0,67726.0,6.0,18.0,165177.0,248456,2024,2023-24,https://ope.ed.gov/athletics/#/datafile/list,0.0,35487.878504672895,3091575.0,2605830.0,1043839.0
174491,University of Northwestern-St Paul,MN,NCAA Division III with football,"Private nonprofit, 4-year or above",378811.0,372928.0,84.0,1257.0,105608.0,1.0,9.0,2454850,2438436,24923.0,7574.0,10.0,27.0,18566.0,34004,2024,2023-24,https://ope.ed.gov/athletics/#/datafile/list,5883.0,4439.619047619048,267320.0,453728.0,93089.0
152080,University of Notre Dame,IN,NCAA Division I-FBS,"Private nonprofit, 4-year or above",150214795.0,68796341.0,124.0,174738.0,21667455.0,1.0,14.0,234746127,209049397,1142426.0,294054.0,12.0,41.0,3293015.0,4193605,2024,2023-24,https://ope.ed.gov/athletics/#/datafile/list,81418454.0,554809.2016129033,47128886.0,25765326.0,5259182.0
207500,University of Oklahoma-Norman Campus,OK,NCAA Division I-FBS,"Public, 4-year or above",124879959.0,65814050.0,126.0,58319.0,7348255.0,1.0,14.0,188933196,188623620,1486335.0,293184.0,8.0,38.0,4937958.0,5884214,2024,2023-24,https://ope.ed.gov/athletics/#/datafile/list,59065909.0,522333.7301587302,58465795.0,23031672.0,5590911.0
209551,University of Oregon,OR,NCAA Division I-FBS,"Public, 4-year or above",109244128.0,53914776.0,129.0,66776.0,8614094.0,1.0,14.0,150908401,148961287,2199507.0,390229.0,6.0,26.0,2857946.0,3455478,2024,2023-24,https://ope.ed.gov/athletics/#/datafile/list,55329352.0,417944.0,45300682.0,23342996.0,7662713.0
215062,University of Pennsylvania,PA,NCAA Division I-FCS,"Private nonprofit, 4-year or above",3242390.0,3242390.0,111.0,6697.0,743401.0,1.0,13.0,56137691,56137691,188293.0,52969.0,15.0,48.0,772909.0,1109054,2024,2023-24,https://ope.ed.gov/athletics/#/datafile/list,0.0,29210.72072072072,2498989.0,5366907.0,876890.0
157535,University of Pikeville,KY,NAIA Division I ,"Private nonprofit, 4-year or above",2000273.0,2000273.0,128.0,3791.0,485286.0,1.0,9.0,9399432,9399432,37171.0,33336.0,12.0,12.0,49598.0,79348,2024,2023-24,https://ope.ed.gov/athletics/#/datafile/list,0.0,15627.1328125,1514987.0,846084.0,337195.0
215293,University of Pittsburgh-Pittsburgh Campus,PA,NCAA Division I-FBS,"Public, 4-year or above",49476171.0,42593983.0,117.0,74273.0,8689994.0,1.0,14.0,138637236,138637236,1964700.0,295833.0,7.0,38.0,1836471.0,2586439,2024,2023-24,https://ope.ed.gov/athletics/#/datafile/list,6882188.0,364051.13675213675,33903989.0,24994554.0,6106362.0
236328,University of Puget Sound,WA,NCAA Division III with football,"Private nonprofit, 4-year or above",476518.0,476518.0,82.0,1362.0,111672.0,1.0,12.0,4024985,4024985,37702.0,6157.0,9.0,37.0,25645.0,38572,2024,2023-24,https://ope.ed.gov/athletics/#/datafile/list,0.0,5811.195121951219,364846.0,567127.0,111586.0
121691,University of Redlands,CA,NCAA Division III with football,"Private nonprofit, 4-year or above",705678.0,760925.0,137.0,1498.0,205268.0,1.0,11.0,6709739,6708892,49086.0,19898.0,10.0,33.0,64047.0,100157,2024,2023-24,https://ope.ed.gov/athletics/#/datafile/list,-55247.0,5554.19708029197,555657.0,1147494.0,267964.0
217484,University of Rhode Island,RI,NCAA Division I-FCS,"Public, 4-year or above",6057821.0,6023322.0,99.0,12749.0,1262150.0,1.0,10.0,37500207,37039351,351694.0,70885.0,6.0,20.0,322861.0,504947,2024,2023-24,https://ope.ed.gov/athletics/#/datafile/list,34499.0,60841.63636363636,4761172.0,3527864.0,1060544.0
233374,University of Richmond,VA,NCAA Division I-FCS,"Private nonprofit, 4-year or above",7969361.0,7969361.0,90.0,13094.0,1178455.0,1.0,10.0,47266585,47266585,377819.0,89021.0,7.0,20.0,393913.0,593677,2024,2023-24,https://ope.ed.gov/athletics/#/datafile/list,0.0,88548.45555555556,6790906.0,4425153.0,1268029.0
195030,University of Rochester,NY,NCAA Division III with football,"Private nonprofit, 4-year or above",549244.0,549244.0,95.0,1831.0,173900.0,1.0,7.0,8177423,8177423,55795.0,25228.0,9.0,18.0,89470.0,139737,2024,2023-24,https://ope.ed.gov/athletics/#/datafile/list,0.0,5781.515789473684,375344.0,956259.0,232391.0
152336,University of Saint Francis-Fort Wayne,IN,NAIA Division I ,"Private nonprofit, 4-year or above",1762836.0,1715636.0,140.0,1893.0,264974.0,1.0,8.0,7527423,6451012,42243.0,13450.0,9.0,11.0,32194.0,52392,2024,2023-24,https://ope.ed.gov/athletics/#/datafile/list,47200.0,12254.542857142857,1450662.0,528137.0,149843.0
155812,University of Saint Mary,KS,NAIA Division II ,"Private nonprofit, 4-year or above",709599.0,709599.0,97.0,732.0,70961.0,1.0,6.0,6460723,6460723,33545.0,15749.0,10.0,26.0,22039.0,57508,2024,2023-24,https://ope.ed.gov/athletics/#/datafile/list,0.0,7315.453608247422,638638.0,744924.0,128039.0
122436,University of San Diego,CA,NCAA Division I-FCS,"Private nonprofit, 4-year or above",2232092.0,2232092.0,96.0,7019.0,673792.0,1.0,12.0,32342967,32342967,229617.0,84228.0,8.0,19.0,361076.0,565561,2024,2023-24,https://ope.ed.gov/athletics/#/datafile/list,0.0,23250.958333333332,1558300.0,3437268.0,1240353.0
219383,University of Sioux Falls,SD,NCAA Division II with football,"Private nonprofit, 4-year or above",2012038.0,2012038.0,108.0,3586.0,387319.0,1.0,11.0,8083298,8015838,60438.0,27277.0,6.0,19.0,68370.0,97376,2024,2023-24,https://ope.ed.gov/athletics/#/datafile/list,0.0,18629.98148148148,1624719.0,880891.0,360485.0
102094,University of South Alabama,AL,NCAA Division I-FBS,"Public, 4-year or above",14295303.0,14499007.0,122.0,23995.0,2927384.0,1.0,13.0,30591632,30591632,236055.0,72121.0,8.0,36.0,582805.0,821007,2024,2023-24,https://ope.ed.gov/athletics/#/datafile/list,-203704.0,118844.31967213115,11571623.0,4484796.0,1173628.0
218663,University of South Carolina-Columbia,SC,NCAA Division I-FBS,"Public, 4-year or above",78496729.0,47559965.0,117.0,32354.0,3785447.0,1.0,14.0,183652273,183652273,460004.0,248390.0,8.0,38.0,2558812.0,3301919,2024,2023-24,https://ope.ed.gov/athletics/#/datafile/list,30936764.0,406495.4273504274,43774518.0,13118852.0,3937464.0
219471,University of South Dakota,SD,NCAA Division I-FCS,"Public, 4-year or above",4819690.0,4819690.0,120.0,2590.0,310754.0,1.0,12.0,21548929,21548929,149486.0,51895.0,6.0,23.0,250342.0,415937,2024,2023-24,https://ope.ed.gov/athletics/#/datafile/list,0.0,40164.083333333336,4508936.0,2090501.0,772226.0
137351,University of South Florida,FL,NCAA Division I-FBS,"Public, 4-year or above",31067491.0,31067491.0,119.0,66446.0,7907112.0,1.0,10.0,95425212,95425212,666048.0,164418.0,7.0,25.0,2240004.0,2773343,2024,2023-24,https://ope.ed.gov/athletics/#/datafile/list,0.0,261071.35294117648,23160379.0,8772786.0,2310228.0
123961,University of Southern California,CA,NCAA Division I-FBS,"Private nonprofit, 4-year or above",74868267.0,74868267.0,113.0,39630.0,4478232.0,1.0,14.0,242378198,242378198,1773757.0,294484.0,9.0,43.0,5119176.0,5922264,2024,2023-24,https://ope.ed.gov/athletics/#/datafile/list,0.0,662551.0353982301,70390035.0,28626625.0,5896533.0
176372,University of Southern Mississippi,MS,NCAA Division I-FBS,"Public, 4-year or above",9034727.0,9034727.0,110.0,12224.0,1344680.0,1.0,23.0,28107301,28107301,238234.0,101321.0,7.0,27.0,367205.0,589793,2024,2023-24,https://ope.ed.gov/athletics/#/datafile/list,0.0,82133.88181818182,7690047.0,4403305.0,2568617.0
148584,University of St Francis,IL,NAIA Division I ,"Private nonprofit, 4-year or above",1440410.0,1370814.0,88.0,1555.0,136842.0,1.0,11.0,7280666,7086419,38563.0,7392.0,9.0,27.0,6717.0,9599,2024,2023-24,https://ope.ed.gov/athletics/#/datafile/list,69596.0,15577.431818181818,1233972.0,546651.0,119875.0
174914,University of St Thomas,MN,NCAA Division I-FCS,"Private nonprofit, 4-year or above",2340223.0,2340223.0,110.0,6143.0,675774.0,1.0,12.0,25339821,25339821,151773.0,39793.0,8.0,30.0,140288.0,241745,2024,2023-24,https://ope.ed.gov/athletics/#/datafile/list,0.0,21274.754545454547,1664449.0,2407974.0,629289.0
206084,University of Toledo,OH,NCAA Division I-FBS,"Public, 4-year or above",12031877.0,12031877.0,120.0,13034.0,1564127.0,1.0,10.0,37298170,37298170,327760.0,89421.0,6.0,18.0,545584.0,757451,2024,2023-24,https://ope.ed.gov/athletics/#/datafile/list,0.0,100265.64166666666,10467750.0,3576138.0,1221970.0
207971,University of Tulsa,OK,NCAA Division I-FBS,"Private nonprofit, 4-year or above",15815741.0,15815741.0,127.0,15683.0,1991753.0,1.0,12.0,46084367,46084367,300904.0,122857.0,7.0,20.0,458159.0,695620,2024,2023-24,https://ope.ed.gov/athletics/#/datafile/list,0.0,124533.3937007874,13823988.0,4563468.0,1775188.0
230764,University of Utah,UT,NCAA Division I-FBS,"Public, 4-year or above",72804610.0,43371848.0,127.0,56555.0,7182542.0,1.0,10.0,111749094,111749094,1126128.0,366025.0,9.0,28.0,1979263.0,2579530,2024,2023-24,https://ope.ed.gov/athletics/#/datafile/list,29432762.0,341510.6141732283,36189306.0,20383852.0,4786378.0
233897,University of Virginia's College at Wise,VA,NCAA Division II with football,"Public, 4-year or above",1353167.0,1353167.0,108.0,3005.0,324525.0,1.0,19.0,5375071,5375071,46615.0,13130.0,8.0,29.0,32807.0,83157,2024,2023-24,https://ope.ed.gov/athletics/#/datafile/list,0.0,12529.324074074075,1028642.0,753690.0,296085.0
234076,University of Virginia-Main Campus,VA,NCAA Division I-FBS,"Public, 4-year or above",45794222.0,30394907.0,128.0,46571.0,5961091.0,1.0,14.0,134608065,134608065,1034423.0,180661.0,11.0,42.0,2035771.0,2644598,2024,2023-24,https://ope.ed.gov/athletics/#/datafile/list,15399315.0,237460.2109375,24433816.0,18966415.0,3563677.0
236948,University of Washington-Seattle Campus,WA,NCAA Division I-FBS,"Public, 4-year or above",127773249.0,75962361.0,123.0,175380.0,21571798.0,1.0,10.0,187686516,187686516,1362570.0,384398.0,8.0,28.0,3620674.0,4244472,2024,2023-24,https://ope.ed.gov/athletics/#/datafile/list,51810888.0,617580.1707317074,54390563.0,21663704.0,5206550.0
101587,University of West Alabama,AL,NCAA Division II with football,"Public, 4-year or above",2403982.0,2415641.0,105.0,2734.0,287036.0,1.0,11.0,9802076,9697700,70757.0,34813.0,6.0,19.0,79585.0,119301,2024,2023-24,https://ope.ed.gov/athletics/#/datafile/list,-11659.0,23006.10476190476,2128605.0,1085989.0,453700.0
141334,University of West Georgia,GA,NCAA Division II with football,"Public, 4-year or above",2244720.0,2244720.0,144.0,2448.0,352541.0,1.0,11.0,10334036,10334036,97142.0,31890.0,5.0,22.0,87846.0,148212,2024,2023-24,https://ope.ed.gov/athletics/#/datafile/list,0.0,15588.333333333334,1892179.0,1187290.0,447932.0
240268,University of Wisconsin-Eau Claire,WI,NCAA Division III with football,"Public, 4-year or above",985307.0,969631.0,116.0,2301.0,266970.0,1.0,8.0,6877794,6877794,41113.0,6775.0,12.0,57.0,42587.0,75396,2024,2023-24,https://ope.ed.gov/athletics/#/datafile/list,15676.0,8358.887931034482,702661.0,879531.0,95313.0
240329,University of Wisconsin-La Crosse,WI,NCAA Division III with football,"Public, 4-year or above",788623.0,686467.0,115.0,1740.0,200075.0,1.0,27.0,7475147,6703575,48078.0,11389.0,9.0,41.0,25443.0,48204,2024,2023-24,https://ope.ed.gov/athletics/#/datafile/list,102156.0,5969.278260869565,486392.0,899651.0,355581.0
240444,University of Wisconsin-Madison,WI,NCAA Division I-FBS,"Public, 4-year or above",106732837.0,42297448.0,124.0,56907.0,7056460.0,1.0,15.0,183762847,172873023,1332698.0,198231.0,10.0,45.0,2012068.0,2703041,2024,2023-24,https://ope.ed.gov/athletics/#/datafile/list,64435389.0,341108.4516129032,35240988.0,22247375.0,4306163.0
240365,University of Wisconsin-Oshkosh,WI,NCAA Division III with football,"Public, 4-year or above",900764.0,658387.0,124.0,1327.0,164543.0,1.0,15.0,5783716,5219141,47231.0,29565.0,7.0,8.0,25884.0,40371,2024,2023-24,https://ope.ed.gov/athletics/#/datafile/list,242377.0,5309.572580645161,493844.0,567137.0,490706.0
240462,University of Wisconsin-Platteville,WI,NCAA Division III with football,"Public, 4-year or above",1091824.0,1111000.0,116.0,1871.0,216993.0,1.0,13.0,6303947,5429277,54029.0,17877.0,7.0,28.0,58622.0,75856,2024,2023-24,https://ope.ed.gov/athletics/#/datafile/list,-19176.0,9577.586206896553,894007.0,878759.0,286430.0
240471,University of Wisconsin-River Falls,WI,NCAA Division III with football,"Public, 4-year or above",581942.0,581942.0,119.0,1214.0,144469.0,1.0,15.0,4307948,4307948,51614.0,10320.0,5.0,19.0,25563.0,42601,2024,2023-24,https://ope.ed.gov/athletics/#/datafile/list,0.0,4890.268907563025,437473.0,454150.0,206414.0
240480,University of Wisconsin-Stevens Point,WI,NCAA Division III with football,"Public, 4-year or above",527637.0,560159.0,132.0,1172.0,154767.0,1.0,18.0,4800925,4800897,39999.0,10887.0,12.0,41.0,33099.0,71850,2024,2023-24,https://ope.ed.gov/athletics/#/datafile/list,-32522.0,4243.628787878788,405392.0,926355.0,235965.0
240417,University of Wisconsin-Stout,WI,NCCAA Division II ,"Public, 4-year or above",591292.0,591292.0,113.0,1064.0,120203.0,1.0,9.0,5068687,5068687,42111.0,13882.0,8.0,24.0,28525.0,50421,2024,2023-24,https://ope.ed.gov/athletics/#/datafile/list,0.0,5232.672566371682,471089.0,670056.0,167049.0
240189,University of Wisconsin-Whitewater,WI,NCAA Division III with football,"Public, 4-year or above",709190.0,693165.0,107.0,492.0,52600.0,1.0,8.0,4865233,4814849,31842.0,10630.0,10.0,26.0,2700.0,5500,2024,2023-24,https://ope.ed.gov/athletics/#/datafile/list,16025.0,6478.177570093458,640565.0,594800.0,116882.0
240727,University of Wyoming,WY,NCAA Division I-FBS,"Public, 4-year or above",18588805.0,15712482.0,116.0,12557.0,1456632.0,1.0,14.0,53042120,53042120,502130.0,91384.0,6.0,33.0,834487.0,1045025,2024,2023-24,https://ope.ed.gov/athletics/#/datafile/list,2876323.0,135452.43103448275,14255850.0,6028452.0,1781506.0
156541,University of the Cumberlands,KY,NAIA Division I ,"Private nonprofit, 4-year or above",1384617.0,1384617.0,75.0,2787.0,209047.0,1.0,9.0,11699955,11699955,57063.0,44088.0,11.0,14.0,88161.0,134222,2024,2023-24,https://ope.ed.gov/athletics/#/datafile/list,0.0,18461.56,1175570.0,1244925.0,453855.0
225627,University of the Incarnate Word,TX,NCAA Division I-FCS,"Private nonprofit, 4-year or above",6248332.0,6248332.0,104.0,8899.0,925457.0,1.0,10.0,24959864,24959864,100391.0,50382.0,9.0,23.0,128808.0,202507,2024,2023-24,https://ope.ed.gov/athletics/#/datafile/list,0.0,60080.11538461538,5322875.0,2062305.0,604211.0
154493,Upper Iowa University,IA,NCAA Division II with football,"Private nonprofit, 4-year or above",1530933.0,1538705.0,111.0,1205.0,133794.0,1.0,7.0,7283835,6997845,64435.0,26491.0,6.0,16.0,47514.0,72898,2024,2023-24,https://ope.ed.gov/athletics/#/datafile/list,-7772.0,13862.207207207208,1404911.0,810466.0,249872.0
216524,Ursinus College,PA,NCAA Division III with football,"Private nonprofit, 4-year or above",582112.0,582112.0,145.0,908.0,131644.0,1.0,8.0,5524377,5524377,52191.0,10108.0,10.0,34.0,36649.0,63907,2024,2023-24,https://ope.ed.gov/athletics/#/datafile/list,0.0,4014.5655172413794,450468.0,865582.0,133055.0
230728,Utah State University,UT,NCAA Division I-FBS,"Public, 4-year or above",17406324.0,17406324.0,115.0,17115.0,1968271.0,1.0,14.0,42936608,42936608,508825.0,118482.0,5.0,27.0,516618.0,789856,2024,2023-24,https://ope.ed.gov/athletics/#/datafile/list,0.0,151359.3391304348,15438053.0,5743139.0,2167573.0
230171,Utah Tech University,UT,NCAA Division I-FCS,"Public, 4-year or above",4301571.0,4301571.0,106.0,11896.0,1260933.0,1.0,11.0,18137527,18137527,125171.0,49114.0,6.0,20.0,246550.0,375548,2024,2023-24,https://ope.ed.gov/athletics/#/datafile/list,0.0,40580.85849056604,3040638.0,1733306.0,665425.0
197045,Utica University,NY,NCAA Division III with football,"Private nonprofit, 4-year or above",797702.0,787061.0,178.0,1087.0,193452.0,1.0,11.0,6604451,6285857,56091.0,11265.0,11.0,28.0,78700.0,128488,2024,2023-24,https://ope.ed.gov/athletics/#/datafile/list,10641.0,4421.691011235955,593609.0,932421.0,180006.0
141264,Valdosta State University,GA,NCAA Division II with football,"Public, 4-year or above",1719180.0,1719180.0,169.0,1978.0,334226.0,1.0,6.0,9428505,7872376,69941.0,44990.0,6.0,9.0,129649.0,146466,2024,2023-24,https://ope.ed.gov/athletics/#/datafile/list,0.0,10172.662721893492,1384954.0,824556.0,339881.0
200572,Valley City State University,ND,NAIA Division II ,"Public, 4-year or above",980214.0,842579.0,102.0,1480.0,150969.0,1.0,6.0,4173488,3539880,49651.0,23964.0,6.0,12.0,26401.0,32070,2024,2023-24,https://ope.ed.gov/athletics/#/datafile/list,137635.0,8260.578431372549,691610.0,585474.0,193435.0
152600,Valparaiso University,IN,NCAA Division I-FCS,"Private nonprofit, 4-year or above",1475327.0,1489722.0,122.0,3415.0,416578.0,1.0,7.0,16419261,16335955,138459.0,54095.0,6.0,14.0,169089.0,260586,2024,2023-24,https://ope.ed.gov/athletics/#/datafile/list,-14395.0,12210.83606557377,1073144.0,1588084.0,517124.0
221999,Vanderbilt University,TN,NCAA Division I-FBS,"Private nonprofit, 4-year or above",43613902.0,43613902.0,117.0,59619.0,6975371.0,1.0,10.0,140707218,140707218,1824466.0,291033.0,6.0,24.0,2904662.0,3873391,2024,2023-24,https://ope.ed.gov/athletics/#/datafile/list,0.0,372768.3931623932,36638531.0,17931588.0,4734796.0
125028,Ventura College,CA,CCCAA,"Public, 2-year",349825.0,335118.0,76.0,985.0,74843.0,1.0,13.0,2770904,2693991,28446.0,9828.0,9.0,28.0,0.0,0,2024,2023-24,https://ope.ed.gov/athletics/#/datafile/list,14707.0,4409.4473684210525,260275.0,531198.0,156210.0
231165,Vermont State University,VT,Other ,"Public, 4-year or above",398064.0,385951.0,106.0,1007.0,106746.0,1.0,9.0,7069830,4537054,39712.0,5452.0,28.0,43.0,36009.0,54616,2024,2023-24,https://ope.ed.gov/athletics/#/datafile/list,12113.0,3641.0471698113206,279205.0,1346372.0,88780.0
125091,Victor Valley College,CA,CCCAA,"Public, 2-year",240781.0,198540.0,60.0,378.0,22694.0,1.0,7.0,1777570,1628770,16250.0,6989.0,8.0,18.0,0.0,0,2024,2023-24,https://ope.ed.gov/athletics/#/datafile/list,42241.0,3309.0,175846.0,255802.0,65173.0
216597,Villanova University,PA,NCAA Division I-FCS,"Private nonprofit, 4-year or above",8414668.0,8414668.0,96.0,12664.0,1215745.0,1.0,13.0,60998084,60998084,384302.0,92577.0,9.0,27.0,516438.0,785816,2024,2023-24,https://ope.ed.gov/athletics/#/datafile/list,0.0,87652.79166666667,7198923.0,5958297.0,1587803.0
234085,Virginia Military Institute,VA,NCAA Division I-FCS,"Public, 4-year or above",5018787.0,5018787.0,146.0,3666.0,535285.0,1.0,12.0,19155089,19155089,96995.0,46458.0,9.0,26.0,132610.0,149950,2024,2023-24,https://ope.ed.gov/athletics/#/datafile/list,0.0,34375.25342465754,4483502.0,2080863.0,654491.0
233921,Virginia Polytechnic Institute and State University,VA,NCAA Division I-FBS,"Public, 4-year or above",77050782.0,38930135.0,126.0,63736.0,8030711.0,1.0,10.0,139458791,126337823,1009951.0,181899.0,9.0,43.0,2179443.0,2696619,2024,2023-24,https://ope.ed.gov/athletics/#/datafile/list,38120647.0,308969.3253968254,30899424.0,16911216.0,2828941.0
234155,Virginia State University,VA,NCAA Division II with football,"Public, 4-year or above",1762897.0,1762897.0,137.0,1373.0,188094.0,1.0,10.0,8552806,8552806,67924.0,28531.0,7.0,16.0,15045.0,19740,2024,2023-24,https://ope.ed.gov/athletics/#/datafile/list,0.0,12867.861313868612,1574803.0,931964.0,353234.0
234164,Virginia Union University,VA,NCAA Division II with football,"Private nonprofit, 4-year or above",1597382.0,1448417.0,107.0,2531.0,270804.0,1.0,10.0,5132612,4964492,38917.0,23559.0,6.0,17.0,34695.0,53176,2024,2023-24,https://ope.ed.gov/athletics/#/datafile/list,148965.0,13536.607476635514,1177613.0,634005.0,274507.0
234137,Virginia University of Lynchburg,VA,NCCAA Division I ,"Private nonprofit, 4-year or above",598500.0,517894.0,103.0,1681.0,173123.0,1.0,10.0,840510,640777,42000.0,5370.0,3.0,11.0,3200.0,6400,2024,2023-24,https://ope.ed.gov/athletics/#/datafile/list,80606.0,5028.097087378641,344771.0,185070.0,95700.0
197197,Wagner College,NY,NCAA Division I-FCS,"Private nonprofit, 4-year or above",4649007.0,4649007.0,131.0,4136.0,541824.0,1.0,9.0,22415885,22415885,62383.0,25162.0,10.0,25.0,162711.0,205091,2024,2023-24,https://ope.ed.gov/athletics/#/datafile/list,0.0,35488.603053435116,4107183.0,1252880.0,288841.0
199847,Wake Forest University,NC,NCAA Division I-FBS,"Private nonprofit, 4-year or above",32478209.0,32478209.0,126.0,27685.0,3488313.0,1.0,10.0,102342890,102342890,1351958.0,268708.0,7.0,28.0,1312639.0,1863274,2024,2023-24,https://ope.ed.gov/athletics/#/datafile/list,0.0,257763.5634920635,28989896.0,16987530.0,4039038.0
154518,Waldorf University,IA,NAIA Division I ,"Private for-profit, 4-year or above",2231747.0,2190682.0,114.0,893.0,101815.0,1.0,9.0,10520683,10280840,30636.0,15442.0,11.0,22.0,28603.0,54194,2024,2023-24,https://ope.ed.gov/athletics/#/datafile/list,41065.0,19216.508771929824,2088867.0,676720.0,169614.0
206437,Walsh University,OH,NCAA Division II with football,"Private nonprofit, 4-year or above",1787711.0,1743001.0,126.0,2006.0,252702.0,1.0,9.0,10170537,9332541,53208.0,15376.0,8.0,26.0,31269.0,46531,2024,2023-24,https://ope.ed.gov/athletics/#/datafile/list,44710.0,13833.34126984127,1490299.0,825440.0,191592.0
138275,Warner University,FL,NAIA Division I ,"Private nonprofit, 4-year or above",635270.0,653071.0,118.0,2238.0,264069.0,1.0,5.0,3712470,2571192,46022.0,33907.0,8.0,7.0,15690.0,27330,2024,2023-24,https://ope.ed.gov/athletics/#/datafile/list,-17801.0,5534.5,389002.0,605525.0,215557.0
154527,Wartburg College,IA,NCAA Division III with football,"Private nonprofit, 4-year or above",519083.0,519083.0,153.0,826.0,126331.0,1.0,10.0,5283577,5283577,37581.0,13641.0,11.0,33.0,99245.0,174694,2024,2023-24,https://ope.ed.gov/athletics/#/datafile/list,0.0,3392.699346405229,392752.0,863544.0,173991.0
156082,Washburn University,KS,NCAA Division II with football,"Public, 4-year or above",2399704.0,2399704.0,133.0,1872.0,248994.0,1.0,12.0,10492123,10492123,84914.0,29690.0,6.0,24.0,78077.0,105047,2024,2023-24,https://ope.ed.gov/athletics/#/datafile/list,0.0,18042.887218045114,2150710.0,1222044.0,441194.0
216667,Washington & Jefferson College,PA,NCAA Division III with football,"Private nonprofit, 4-year or above",552203.0,518718.0,143.0,1051.0,150225.0,1.0,7.0,3526882,3497272,41808.0,11383.0,11.0,20.0,36416.0,60233,2024,2023-24,https://ope.ed.gov/athletics/#/datafile/list,33485.0,3627.3986013986014,368493.0,687548.0,121489.0
236939,Washington State University,WA,NCAA Division I-FBS,"Public, 4-year or above",57025563.0,20256043.0,134.0,29864.0,4001763.0,1.0,14.0,89041553,78538161,914630.0,221647.0,5.0,23.0,1192046.0,1850035,2024,2023-24,https://ope.ed.gov/athletics/#/datafile/list,36769520.0,151164.5,16254280.0,9671031.0,4017688.0
179867,Washington University in St Louis,MO,NCAA Division III with football,"Private nonprofit, 4-year or above",870399.0,820339.0,109.0,1501.0,163647.0,1.0,9.0,12342838,11586931,94635.0,14420.0,7.0,34.0,59802.0,108213,2024,2023-24,https://ope.ed.gov/athletics/#/datafile/list,50060.0,7526.045871559633,656692.0,1152725.0,224415.0
234207,Washington and Lee University,VA,NCAA Division III with football,"Private nonprofit, 4-year or above",550988.0,550988.0,84.0,1495.0,125581.0,1.0,9.0,7354543,7245944,60240.0,27421.0,12.0,20.0,42888.0,56366,2024,2023-24,https://ope.ed.gov/athletics/#/datafile/list,0.0,6559.380952380952,425407.0,1271300.0,307029.0
229780,Wayland Baptist University,TX,NAIA Division I ,"Private nonprofit, 4-year or above",1138330.0,1138330.0,131.0,2112.0,276672.0,1.0,7.0,7465891,7465891,44456.0,25454.0,7.0,21.0,24186.0,39608,2024,2023-24,https://ope.ed.gov/athletics/#/datafile/list,0.0,8689.541984732825,861658.0,845726.0,222634.0
181783,Wayne State College,NE,NCAA Division II with football,"Public, 4-year or above",1467391.0,1467391.0,102.0,2956.0,301501.0,1.0,8.0,6884354,6884354,80397.0,29517.0,4.0,17.0,55542.0,102695,2024,2023-24,https://ope.ed.gov/athletics/#/datafile/list,0.0,14386.186274509804,1165890.0,823377.0,316533.0
172644,Wayne State University,MI,NCAA Division II with football,"Public, 4-year or above",2554349.0,2554349.0,101.0,3395.0,342890.0,1.0,14.0,14822060,14822060,93147.0,42281.0,8.0,16.0,53830.0,69640,2024,2023-24,https://ope.ed.gov/athletics/#/datafile/list,0.0,25290.58415841584,2211459.0,1421672.0,685081.0
216694,Waynesburg University,PA,NCAA Division III with football,"Private nonprofit, 4-year or above",475022.0,475022.0,122.0,727.0,88708.0,1.0,8.0,2040314,2040314,21973.0,9409.0,10.0,24.0,24603.0,43141,2024,2023-24,https://ope.ed.gov/athletics/#/datafile/list,0.0,3893.622950819672,386314.0,445546.0,97245.0
138293,Webber International University,FL,NAIA Division I ,"Private nonprofit, 4-year or above",2571887.0,2492244.0,63.0,1191.0,75017.0,1.0,12.0,12245706,11887562,33440.0,16021.0,13.0,23.0,17029.0,29646,2024,2023-24,https://ope.ed.gov/athletics/#/datafile/list,79643.0,39559.42857142857,2417227.0,803203.0,225692.0
230782,Weber State University,UT,NCAA Division I-FCS,"Public, 4-year or above",4685738.0,4685738.0,109.0,9107.0,992716.0,1.0,11.0,18344302,18284425,111717.0,59912.0,5.0,18.0,202536.0,320906,2024,2023-24,https://ope.ed.gov/athletics/#/datafile/list,0.0,42988.422018348625,3693022.0,1637001.0,770749.0
130697,Wesleyan University,CT,NCAA Division III with football,"Private nonprofit, 4-year or above",997223.0,812413.0,99.0,876.0,86694.0,1.0,8.0,13985441,9561118,89679.0,12112.0,14.0,39.0,52404.0,106327,2024,2023-24,https://ope.ed.gov/athletics/#/datafile/list,184810.0,8206.191919191919,725719.0,1727874.0,186575.0
216764,West Chester University of Pennsylvania,PA,NCAA Division II with football,"Public, 4-year or above",1513105.0,1335813.0,106.0,2170.0,229994.0,1.0,9.0,10747314,9780496,70930.0,26887.0,8.0,18.0,22713.0,39180,2024,2023-24,https://ope.ed.gov/athletics/#/datafile/list,177292.0,12602.009433962265,1105819.0,1051406.0,312913.0
237932,West Liberty University,WV,NCAA Division II with football,"Public, 4-year or above",1571774.0,1571774.0,99.0,1356.0,134252.0,1.0,9.0,6065435,6065435,54504.0,13476.0,7.0,25.0,11707.0,19549,2024,2023-24,https://ope.ed.gov/athletics/#/datafile/list,0.0,15876.505050505051,1437522.0,718428.0,175788.0
125471,West Los Angeles College,CA,CCCAA,"Public, 2-year",125858.0,122753.0,55.0,723.0,39756.0,1.0,7.0,868620,868620,17900.0,13820.0,5.0,14.0,0.0,0,2024,2023-24,https://ope.ed.gov/athletics/#/datafile/list,3105.0,2231.8727272727274,82997.0,282980.0,114640.0
229814,West Texas A & M University,TX,NCAA Division II with football,"Public, 4-year or above",1962729.0,1962729.0,141.0,2497.0,352025.0,1.0,10.0,12421742,12421742,90011.0,39309.0,7.0,19.0,119400.0,176354,2024,2023-24,https://ope.ed.gov/athletics/#/datafile/list,0.0,13920.063829787234,1610704.0,1376948.0,483101.0
237899,West Virginia State University,WV,NCAA Division II with football,"Public, 4-year or above",1991673.0,1915011.0,115.0,1210.0,139154.0,1.0,11.0,5700340,5700340,52836.0,18231.0,6.0,19.0,16251.0,37363,2024,2023-24,https://ope.ed.gov/athletics/#/datafile/list,76662.0,16652.26956521739,1775857.0,663405.0,253377.0
238032,West Virginia University,WV,NCAA Division I-FBS,"Public, 4-year or above",44818776.0,23220348.0,116.0,42441.0,4923156.0,1.0,10.0,106013297,106013297,382478.0,218205.0,7.0,24.0,1286773.0,1901845,2024,2023-24,https://ope.ed.gov/athletics/#/datafile/list,21598428.0,200175.41379310345,18297192.0,7914266.0,2564528.0
237969,West Virginia Wesleyan College,WV,NCAA Division II with football,"Private nonprofit, 4-year or above",876337.0,876337.0,107.0,1848.0,197703.0,1.0,6.0,4341115,4341115,31369.0,16827.0,8.0,13.0,29914.0,49113,2024,2023-24,https://ope.ed.gov/athletics/#/datafile/list,0.0,8190.065420560748,678634.0,469703.0,132331.0
200004,Western Carolina University,NC,NCAA Division I-FCS,"Public, 4-year or above",4980032.0,4980032.0,123.0,4935.0,607044.0,1.0,13.0,16052292,16052292,186243.0,44633.0,5.0,24.0,142152.0,241402,2024,2023-24,https://ope.ed.gov/athletics/#/datafile/list,0.0,40488.06504065041,4372988.0,2002407.0,766472.0
128391,Western Colorado University,CO,NCAA Division II with football,"Public, 4-year or above",1990817.0,1990817.0,127.0,1818.0,230866.0,1.0,8.0,7864970,7864970,63572.0,22134.0,5.0,15.0,70412.0,112354,2024,2023-24,https://ope.ed.gov/athletics/#/datafile/list,0.0,15675.72440944882,1759951.0,649870.0,240644.0
130776,Western Connecticut State University,CT,NCAA Division III with football,"Public, 4-year or above",674494.0,674494.0,115.0,1606.0,184679.0,1.0,8.0,5347367,5347367,68374.0,14815.0,9.0,23.0,4017.0,10793,2024,2023-24,https://ope.ed.gov/athletics/#/datafile/list,0.0,5865.165217391304,489815.0,956111.0,186894.0
149772,Western Illinois University,IL,NCAA Division I-FCS,"Public, 4-year or above",3891295.0,3891295.0,117.0,964.0,112732.0,1.0,14.0,13827702,13827702,99194.0,53513.0,6.0,16.0,101509.0,143592,2024,2023-24,https://ope.ed.gov/athletics/#/datafile/list,0.0,33258.931623931625,3778563.0,1451372.0,848376.0
157951,Western Kentucky University,KY,NCAA Division I-FBS,"Public, 4-year or above",11025519.0,11025519.0,117.0,20701.0,2422036.0,1.0,10.0,36875120,36875120,462734.0,113008.0,5.0,22.0,452574.0,598371,2024,2023-24,https://ope.ed.gov/athletics/#/datafile/list,0.0,94235.20512820513,8603483.0,4799846.0,1592814.0
172699,Western Michigan University,MI,NCAA Division I-FBS,"Public, 4-year or above",9231882.0,9231882.0,113.0,14001.0,1582166.0,1.0,10.0,40487398,40487398,319939.0,94170.0,6.0,21.0,734701.0,880396,2024,2023-24,https://ope.ed.gov/athletics/#/datafile/list,0.0,81698.07079646018,7649716.0,3897204.0,1261639.0
168254,Western New England University,MA,NCAA Division III with football,"Private nonprofit, 4-year or above",713056.0,713056.0,127.0,2966.0,376737.0,1.0,9.0,5611605,5152592,49524.0,6930.0,10.0,31.0,26962.0,47300,2024,2023-24,https://ope.ed.gov/athletics/#/datafile/list,0.0,5614.614173228347,336319.0,710070.0,111894.0
188304,Western New Mexico University,NM,NCAA Division II with football,"Public, 4-year or above",1666239.0,1621954.0,100.0,2853.0,285284.0,1.0,9.0,5347096,5270870,45314.0,45892.0,6.0,7.0,61905.0,94337,2024,2023-24,https://ope.ed.gov/athletics/#/datafile/list,44285.0,16219.54,1336670.0,593128.0,458342.0
210429,Western Oregon University,OR,NCAA Division II with football,"Public, 4-year or above",2087291.0,2087291.0,129.0,5252.0,677565.0,1.0,5.0,8626225,8626225,58263.0,31087.0,7.0,12.0,57810.0,102617,2024,2023-24,https://ope.ed.gov/athletics/#/datafile/list,0.0,16180.550387596899,1409726.0,780885.0,213698.0
168263,Westfield State University,MA,NCAA Division III with football,"Public, 4-year or above",218322.0,213801.0,99.0,1370.0,135665.0,1.0,10.0,3332241,3288273,24848.0,2981.0,8.0,19.0,10445.0,16381,2024,2023-24,https://ope.ed.gov/athletics/#/datafile/list,4521.0,2159.6060606060605,78136.0,255423.0,54658.0
179946,Westminster College,MO,NCAA Division III with football,"Private nonprofit, 4-year or above",406318.0,406318.0,64.0,1875.0,119986.0,1.0,4.0,2211263,2211263,40725.0,21530.0,8.0,12.0,8488.0,17269,2024,2023-24,https://ope.ed.gov/athletics/#/datafile/list,0.0,6348.71875,286332.0,584160.0,126845.0
216807,Westminster College,PA,NCAA Division III with football,"Private nonprofit, 4-year or above",627462.0,627462.0,115.0,1994.0,229362.0,1.0,12.0,3199764,3199764,30958.0,5815.0,11.0,29.0,68162.0,88112,2024,2023-24,https://ope.ed.gov/athletics/#/datafile/list,0.0,5456.191304347826,398100.0,509173.0,100738.0
149781,Wheaton College,IL,NCAA Division III with football,"Private nonprofit, 4-year or above",814294.0,814294.0,114.0,1874.0,213665.0,1.0,10.0,5306294,5306294,58170.0,18703.0,9.0,24.0,102761.0,130896,2024,2023-24,https://ope.ed.gov/athletics/#/datafile/list,0.0,7142.929824561404,600629.0,972402.0,245200.0
238078,Wheeling University,WV,NCAA Division II with football,"Private nonprofit, 4-year or above",1836639.0,1836639.0,142.0,1115.0,158373.0,1.0,7.0,6202871,6197671,46285.0,40214.0,11.0,7.0,48382.0,81988,2024,2023-24,https://ope.ed.gov/athletics/#/datafile/list,0.0,12934.077464788732,1678266.0,790633.0,327783.0
237066,Whitworth University,WA,NCAA Division III with football,"Private nonprofit, 4-year or above",1025862.0,856204.0,114.0,1917.0,218587.0,1.0,12.0,5517180,4950445,50219.0,8974.0,10.0,43.0,49231.0,63887,2024,2023-24,https://ope.ed.gov/athletics/#/datafile/list,169658.0,7510.561403508772,637617.0,888072.0,157907.0
216852,Widener University,PA,NCAA Division III with football,"Private nonprofit, 4-year or above",551969.0,527282.0,102.0,379.0,38681.0,1.0,8.0,4869822,4547150,46822.0,7930.0,10.0,40.0,21208.0,32955,2024,2023-24,https://ope.ed.gov/athletics/#/datafile/list,24687.0,5169.431372549019,488601.0,785420.0,110262.0
216931,Wilkes University,PA,NCAA Division III with football,"Private nonprofit, 4-year or above",636905.0,636905.0,128.0,1190.0,152336.0,1.0,12.0,4720137,4720137,48931.0,10667.0,12.0,25.0,56354.0,85256,2024,2023-24,https://ope.ed.gov/athletics/#/datafile/list,0.0,4975.8203125,484569.0,853847.0,176935.0
210401,Willamette University,OR,NCAA Division III with football,"Private nonprofit, 4-year or above",664333.0,664333.0,78.0,1954.0,152404.0,1.0,7.0,3997628,3997628,42750.0,15379.0,9.0,24.0,32228.0,51496,2024,2023-24,https://ope.ed.gov/athletics/#/datafile/list,0.0,8517.089743589744,511929.0,753846.0,150403.0
231624,William & Mary,VA,NCAA Division I-FCS,"Public, 4-year or above",5195664.0,8568427.0,100.0,12626.0,1262581.0,1.0,10.0,36410832,30794145,220370.0,103011.0,10.0,24.0,248526.0,412888,2024,2023-24,https://ope.ed.gov/athletics/#/datafile/list,-3372763.0,85684.27,7305846.0,4675964.0,1250480.0
179955,William Jewell College,MO,NCAA Division II with football,"Private nonprofit, 4-year or above",1569014.0,1536765.0,100.0,1772.0,177245.0,1.0,11.0,8144839,8115249,49079.0,31663.0,10.0,18.0,31930.0,54227,2024,2023-24,https://ope.ed.gov/athletics/#/datafile/list,32249.0,15367.65,1359520.0,1060724.0,397372.0
187444,William Paterson University of New Jersey,NJ,NCAA Division III with football,"Public, 4-year or above",339625.0,331115.0,78.0,1017.0,79288.0,1.0,9.0,3278205,3218299,50481.0,8166.0,6.0,19.0,6651.0,18342,2024,2023-24,https://ope.ed.gov/athletics/#/datafile/list,8510.0,4245.0641025641025,251827.0,458040.0,123975.0
154590,William Penn University,IA,NAIA Division I ,"Private nonprofit, 4-year or above",2606668.0,2605482.0,121.0,1013.0,122573.0,1.0,7.0,18137790,18104835,51450.0,15367.0,13.0,40.0,41035.0,83385,2024,2023-24,https://ope.ed.gov/athletics/#/datafile/list,1186.0,21532.909090909092,2482909.0,1283530.0,159019.0
168342,Williams College,MA,NCAA Division III with football,"Private nonprofit, 4-year or above",688163.0,688163.0,75.0,1141.0,85557.0,1.0,8.0,12939158,12939158,65964.0,22536.0,16.0,30.0,79837.0,134317,2024,2023-24,https://ope.ed.gov/athletics/#/datafile/list,0.0,9175.506666666666,602606.0,1731504.0,246252.0
206507,Wilmington College,OH,NCAA Division III with football,"Private nonprofit, 4-year or above",396163.0,383971.0,111.0,968.0,107464.0,1.0,7.0,2273101,2009484,39892.0,12111.0,10.0,21.0,13352.0,21375,2024,2023-24,https://ope.ed.gov/athletics/#/datafile/list,12192.0,3459.198198198198,276507.0,653251.0,124669.0
199962,Wingate University,NC,NCAA Division II with football,"Private nonprofit, 4-year or above",1868995.0,1738073.0,189.0,610.0,115325.0,1.0,10.0,13232464,12073396,55123.0,19798.0,10.0,26.0,49221.0,85648,2024,2023-24,https://ope.ed.gov/athletics/#/datafile/list,130922.0,9196.153439153439,1622748.0,1065978.0,253103.0
175272,Winona State University,MN,NCAA Division II with football,"Public, 4-year or above",1650246.0,1650246.0,122.0,1865.0,227510.0,1.0,10.0,6971687,6971687,69046.0,26063.0,5.0,16.0,34191.0,60636,2024,2023-24,https://ope.ed.gov/athletics/#/datafile/list,0.0,13526.606557377048,1422736.0,762238.0,329676.0
199999,Winston-Salem State University,NC,NCAA Division II with football,"Public, 4-year or above",1925126.0,1638554.0,96.0,2264.0,217340.0,1.0,5.0,4756160,4361892,62501.0,48685.0,4.0,9.0,8520.0,13644,2024,2023-24,https://ope.ed.gov/athletics/#/datafile/list,286572.0,17068.270833333332,1421214.0,688169.0,305926.0
240338,Wisconsin Lutheran College,WI,NCAA Division III with football,"Private nonprofit, 4-year or above",500197.0,494260.0,112.0,1293.0,144782.0,1.0,13.0,3643539,3494736,31383.0,6658.0,10.0,45.0,47432.0,65164,2024,2023-24,https://ope.ed.gov/athletics/#/datafile/list,5937.0,4413.035714285715,349478.0,613440.0,117937.0
206525,Wittenberg University,OH,NCAA Division III with football,"Private nonprofit, 4-year or above",811594.0,811594.0,147.0,682.0,100213.0,1.0,8.0,6388767,6388767,47713.0,27044.0,11.0,27.0,62738.0,88863,2024,2023-24,https://ope.ed.gov/athletics/#/datafile/list,0.0,5521.047619047619,711381.0,1255031.0,264065.0
218973,Wofford College,SC,NCAA Division I-FCS,"Private nonprofit, 4-year or above",6979374.0,6979374.0,122.0,5643.0,688449.0,1.0,10.0,29366387,29366387,131434.0,63096.0,7.0,17.0,151454.0,224724,2024,2023-24,https://ope.ed.gov/athletics/#/datafile/list,0.0,57207.983606557376,6290925.0,1992670.0,762394.0
168421,Worcester Polytechnic Institute,MA,NCAA Division III with football,"Private nonprofit, 4-year or above",606667.0,552103.0,106.0,1248.0,132296.0,1.0,8.0,5467789,4965947,69173.0,9892.0,9.0,29.0,34073.0,49877,2024,2023-24,https://ope.ed.gov/athletics/#/datafile/list,54564.0,5208.518867924528,419807.0,909425.0,148309.0
168430,Worcester State University,MA,NCAA Division III with football,"Public, 4-year or above",236566.0,235587.0,93.0,1130.0,105070.0,1.0,6.0,2565004,2563828,14406.0,2998.0,9.0,24.0,2853.0,6340,2024,2023-24,https://ope.ed.gov/athletics/#/datafile/list,979.0,2533.1935483870966,130517.0,201606.0,32394.0
130794,Yale University,CT,NCAA Division I-FCS,"Private nonprofit, 4-year or above",9981379.0,9662350.0,119.0,14443.0,1718707.0,1.0,9.0,84593440,77124108,170021.0,66077.0,17.0,37.0,1005608.0,1428834,2024,2023-24,https://ope.ed.gov/athletics/#/datafile/list,319029.0,81196.21848739496,7943643.0,5335206.0,764714.0
206695,Youngstown State University,OH,NCAA Division I-FCS,"Public, 4-year or above",4968090.0,4968090.0,123.0,8289.0,1019595.0,1.0,12.0,21696473,21696473,155917.0,37739.0,7.0,30.0,201414.0,332046,2024,2023-24,https://ope.ed.gov/athletics/#/datafile/list,0.0,40390.9756097561,3948495.0,2223589.0,608785.0
126119,Yuba College,CA,CCCAA,"Public, 2-year",141307.0,141307.0,60.0,1484.0,89031.0,1.0,5.0,939210,939210,32305.0,3333.0,5.0,12.0,0.0,0,2024,2023-24,https://ope.ed.gov/athletics/#/datafile/list,0.0,2355.116666666667,52276.0,201521.0,48970.0
