unitid,school,state,classification,sector,football_revenue,football_expenses,football_participants,football_opexp_per_participant,football_operating_expenses,football_head_coaches,football_assistant_coaches,dept_total_revenue,dept_total_expenses,avg_head_coach_salary_men,avg_asst_coach_salary_men,num_head_coaches_men,num_asst_coaches_men,recruiting_expenses_men,recruiting_expenses_total,report_year,academic_year,source_url,football_net,football_spend_per_player,football_nonoperating_spend,mens_coaching_payroll,football_coach_payroll_est
222178,Abilene Christian University,TX,NCAA Division I-FCS,"Private nonprofit, 4-year or above",7248655.0,7019715.0,105.0,10512.0,1103811.0,1.0,10.0,23809978,23809978,181116.0,59554.0,6.0,20.0,254901.0,395935,2023,2022-23,https://ope.ed.gov/athletics/#/datafile/list,228940.0,66854.42857142857,5915904.0,2277776.0,776656.0
126182,Adams State University,CO,NCAA Division II with football,"Public, 4-year or above",1124559.0,1124559.0,120.0,2376.0,285111.0,1.0,4.0,6808822,6808822,53142.0,14344.0,10.0,21.0,41017.0,82166,2023,2022-23,https://ope.ed.gov/athletics/#/datafile/list,0.0,9371.325,839448.0,832644.0,110518.0
168528,Adrian College,MI,NCAA Division III with football,"Private nonprofit, 4-year or above",340364.0,340364.0,182.0,470.0,85590.0,1.0,9.0,4264619,4264619,30667.0,13169.0,13.0,23.0,48100.0,101143,2023,2022-23,https://ope.ed.gov/athletics/#/datafile/list,0.0,1870.131868131868,254774.0,701558.0,149188.0
100654,Alabama A & M University,AL,NCAA Division I-FCS,"Public, 4-year or above",3852349.0,3852349.0,112.0,5886.0,659286.0,1.0,10.0,11320919,11320919,78772.0,60357.0,7.0,13.0,0.0,0,2023,2022-23,https://ope.ed.gov/athletics/#/datafile/list,0.0,34395.97321428572,3193063.0,1336045.0,682342.0
100724,Alabama State University,AL,NCAA Division I-FCS,"Public, 4-year or above",4196270.0,4196270.0,127.0,7434.0,944087.0,1.0,11.0,14444678,14444678,120506.0,61038.0,6.0,21.0,306202.0,379741,2023,2022-23,https://ope.ed.gov/athletics/#/datafile/list,0.0,33041.496062992126,3252183.0,2004834.0,791924.0
138716,Albany State University,GA,NCAA Division II with football,"Public, 4-year or above",1426611.0,1322022.0,94.0,647.0,60779.0,1.0,7.0,3430234,3430234,73189.0,23319.0,4.0,11.0,8256.0,10856,2023,2022-23,https://ope.ed.gov/athletics/#/datafile/list,104589.0,14064.063829787234,1261243.0,549265.0,236422.0
168546,Albion College,MI,NCAA Division III with football,"Private nonprofit, 4-year or above",487647.0,597760.0,128.0,1560.0,199692.0,1.0,9.0,5210398,4890838,39799.0,23100.0,11.0,23.0,27168.0,66527,2023,2022-23,https://ope.ed.gov/athletics/#/datafile/list,-110113.0,4670.0,398068.0,969089.0,247699.0
210571,Albright College,PA,NCAA Division III with football,"Private nonprofit, 4-year or above",492753.0,492753.0,137.0,1536.0,210402.0,1.0,9.0,2680977,2680977,25127.0,10969.0,11.0,27.0,24080.0,30328,2023,2022-23,https://ope.ed.gov/athletics/#/datafile/list,0.0,3596.7372262773724,282351.0,572560.0,123848.0
175342,Alcorn State University,MS,NCAA Division I-FCS,"Public, 4-year or above",2737622.0,2737622.0,122.0,2959.0,361000.0,1.0,10.0,6924619,6924619,92800.0,55411.0,5.0,17.0,60250.0,80750,2023,2022-23,https://ope.ed.gov/athletics/#/datafile/list,0.0,22439.524590163935,2376622.0,1405987.0,646910.0
188641,Alfred University,NY,NCAA Division III with football,"Private nonprofit, 4-year or above",624147.0,624147.0,99.0,1266.0,125295.0,1.0,9.0,3287022,3287022,27245.0,13120.0,10.0,20.0,96266.0,131615,2023,2022-23,https://ope.ed.gov/athletics/#/datafile/list,0.0,6304.515151515152,498852.0,534850.0,145325.0
108807,Allan Hancock College,CA,CCCAA,"Public, 2-year",374865.0,374865.0,94.0,1062.0,99781.0,1.0,1.0,2296513,2296513,48554.0,6821.0,7.0,14.0,0.0,0,2023,2022-23,https://ope.ed.gov/athletics/#/datafile/list,0.0,3987.925531914894,275084.0,435372.0,55375.0
210669,Allegheny College,PA,NCAA Division III with football,"Private nonprofit, 4-year or above",663171.0,663171.0,98.0,1307.0,128046.0,1.0,7.0,4328214,4328214,48818.0,26323.0,9.0,19.0,107755.0,174334,2023,2022-23,https://ope.ed.gov/athletics/#/datafile/list,0.0,6767.051020408163,535125.0,939499.0,233079.0
217624,Allen University,SC,NCAA Division II with football,"Private nonprofit, 4-year or above",791197.0,791197.0,79.0,984.0,77719.0,1.0,6.0,2425188,2425188,29136.0,26583.0,4.0,5.0,16952.0,46477,2023,2022-23,https://ope.ed.gov/athletics/#/datafile/list,0.0,10015.151898734177,713478.0,249459.0,188634.0
168591,Alma College,MI,NCAA Division III with football,"Private nonprofit, 4-year or above",746351.0,746351.0,189.0,430.0,81181.0,1.0,13.0,5352610,5352610,47034.0,12413.0,11.0,35.0,40826.0,73562,2023,2022-23,https://ope.ed.gov/athletics/#/datafile/list,0.0,3948.94708994709,665170.0,951829.0,208403.0
210775,Alvernia University,PA,NCAA Division III with football,"Private nonprofit, 4-year or above",399252.0,390727.0,91.0,1070.0,97374.0,1.0,7.0,3692891,3503786,18500.0,11849.0,10.0,24.0,59878.0,96338,2023,2022-23,https://ope.ed.gov/athletics/#/datafile/list,8525.0,4293.7032967032965,293353.0,469376.0,101443.0
164447,American International College,MA,NCAA Division II with football,"Private nonprofit, 4-year or above",1533444.0,1533444.0,120.0,848.0,101709.0,1.0,10.0,11901300,11901300,51512.0,21006.0,11.0,22.0,91195.0,121184,2023,2022-23,https://ope.ed.gov/athletics/#/datafile/list,0.0,12778.7,1431735.0,1028764.0,261572.0
109208,American River College,CA,CCCAA,"Public, 2-year",324026.0,324026.0,95.0,1499.0,142368.0,1.0,15.0,2043210,2043210,45997.0,6463.0,9.0,25.0,0.0,0,2023,2022-23,https://ope.ed.gov/athletics/#/datafile/list,0.0,3410.8,181658.0,575548.0,142942.0
164465,Amherst College,MA,NCAA Division III with football,"Private nonprofit, 4-year or above",925161.0,925161.0,78.0,1385.0,108022.0,1.0,7.0,9440964,9356989,85699.0,25507.0,13.0,33.0,85452.0,149806,2023,2022-23,https://ope.ed.gov/athletics/#/datafile/list,0.0,11861.038461538461,817139.0,1955818.0,264248.0
150066,Anderson University,IN,NCAA Division III with football,"Private nonprofit, 4-year or above",454375.0,440107.0,90.0,1337.0,120289.0,1.0,12.0,3545712,3377564,45801.0,9396.0,10.0,29.0,27824.0,39467,2023,2022-23,https://ope.ed.gov/athletics/#/datafile/list,14268.0,4890.077777777778,319818.0,730494.0,158553.0
222831,Angelo State University,TX,NCAA Division II with football,"Public, 4-year or above",2001668.0,1884992.0,132.0,3228.0,426107.0,1.0,6.0,9396558,8839091,117392.0,53765.0,4.0,11.0,59842.0,107370,2023,2022-23,https://ope.ed.gov/athletics/#/datafile/list,116676.0,14280.242424242424,1458885.0,1060983.0,439982.0
164492,Anna Maria College,MA,NCAA Division III with football,"Private nonprofit, 4-year or above",342861.0,342861.0,107.0,800.0,85634.0,1.0,9.0,2115481,2115481,52685.0,8824.0,6.0,20.0,14450.0,22124,2023,2022-23,https://ope.ed.gov/athletics/#/datafile/list,0.0,3204.308411214953,257227.0,492590.0,132101.0
109350,Antelope Valley Community College District,CA,CCCAA,"Public, 2-year",210036.0,210036.0,73.0,476.0,34717.0,1.0,8.0,2100259,2100259,19966.0,8165.0,8.0,22.0,0.0,0,2023,2022-23,https://ope.ed.gov/athletics/#/datafile/list,0.0,2877.205479452055,175319.0,339358.0,85286.0
197869,Appalachian State University,NC,NCAA Division I-FBS,"Public, 4-year or above",10434931.0,10434931.0,133.0,12568.0,1671502.0,1.0,10.0,38816356,38816356,255326.0,136269.0,6.0,20.0,640397.0,806729,2023,2022-23,https://ope.ed.gov/athletics/#/datafile/list,0.0,78458.12781954887,8763429.0,4257336.0,1618016.0
105899,Arizona Christian University,AZ,NAIA Division I,"Private nonprofit, 4-year or above",2858492.0,2858492.0,161.0,2382.0,383431.0,1.0,15.0,11103889,11103889,34455.0,11391.0,11.0,37.0,15954.0,19992,2023,2022-23,https://ope.ed.gov/athletics/#/datafile/list,0.0,17754.608695652172,2475061.0,800472.0,205320.0
104151,Arizona State University Campus Immersion,AZ,NCAA Division I-FBS,"Public, 4-year or above",50870945.0,43280984.0,122.0,33846.0,4129202.0,1.0,11.0,128265591,128265591,972799.0,228548.0,9.0,30.0,1350594.0,1836485,2023,2022-23,https://ope.ed.gov/athletics/#/datafile/list,7589961.0,354762.1639344262,39151782.0,15611631.0,3486827.0
106306,Arkansas Baptist College,AR,NAIA Division I,"Private nonprofit, 4-year or above",357404.0,357404.0,122.0,295.0,35965.0,1.0,5.0,904977,904977,38338.0,19143.0,5.0,7.0,11139.0,13164,2023,2022-23,https://ope.ed.gov/athletics/#/datafile/list,0.0,2929.5409836065573,321439.0,325691.0,134053.0
106458,Arkansas State University,AR,NCAA Division I-FBS,"Public, 4-year or above",8952854.0,8952854.0,134.0,19632.0,2630754.0,1.0,21.0,24654674,24654674,108273.0,60922.0,5.0,25.0,682040.0,842355,2023,2022-23,https://ope.ed.gov/athletics/#/datafile/list,0.0,66812.34328358209,6322100.0,2064415.0,1387635.0
106467,Arkansas Tech University,AR,NCAA Division II with football,"Public, 4-year or above",1450873.0,1450873.0,145.0,465.0,67396.0,1.0,10.0,6630988,6630988,53072.0,44193.0,4.0,8.0,0.0,5661,2023,2022-23,https://ope.ed.gov/athletics/#/datafile/list,0.0,10006.020689655172,1383477.0,565832.0,495002.0
201104,Ashland University,OH,NCAA Division II with football,"Private nonprofit, 4-year or above",2355396.0,2355396.0,132.0,3111.0,410668.0,1.0,11.0,10478020,10478020,55073.0,26325.0,9.0,18.0,49115.0,71006,2023,2022-23,https://ope.ed.gov/athletics/#/datafile/list,0.0,17843.909090909092,1944728.0,969507.0,344648.0
164562,Assumption University,MA,NCAA Division II with football,"Private nonprofit, 4-year or above",1457046.0,1375954.0,91.0,1410.0,128307.0,1.0,9.0,9408918,8823144,48458.0,13267.0,9.0,22.0,51751.0,80492,2023,2022-23,https://ope.ed.gov/athletics/#/datafile/list,81092.0,15120.373626373626,1247647.0,727996.0,167861.0
485768,Atlantis University,FL,USCAA,"Private for-profit, 4-year or above",113324.0,113324.0,51.0,221.0,11250.0,1.0,3.0,1202326,1202326,36000.0,5000.0,5.0,14.0,0.0,0,2023,2022-23,https://ope.ed.gov/athletics/#/datafile/list,0.0,2222.0392156862745,102074.0,250000.0,51000.0
100858,Auburn University,AL,NCAA Division I-FBS,"Public, 4-year or above",125647858.0,71635159.0,115.0,51554.0,5928761.0,1.0,10.0,192658903,183653846,1961010.0,375656.0,7.0,27.0,2407704.0,3368302,2023,2022-23,https://ope.ed.gov/athletics/#/datafile/list,54012699.0,622914.4260869565,65706398.0,23869782.0,5717570.0
173045,Augsburg University,MN,NCAA Division III with football,"Private nonprofit, 4-year or above",550551.0,550551.0,89.0,679.0,60468.0,1.0,11.0,5089289,5089289,50405.0,9392.0,9.0,30.0,39860.0,58159,2023,2022-23,https://ope.ed.gov/athletics/#/datafile/list,0.0,6185.966292134832,490083.0,735405.0,153717.0
143084,Augustana College,IL,NCAA Division III with football,"Private nonprofit, 4-year or above",602059.0,602059.0,140.0,1175.0,164480.0,1.0,10.0,4648977,4648977,44492.0,12327.0,12.0,39.0,127139.0,169811,2023,2022-23,https://ope.ed.gov/athletics/#/datafile/list,0.0,4300.421428571429,437579.0,1014657.0,167762.0
219000,Augustana University,SD,NCAA Division II with football,"Private nonprofit, 4-year or above",2479138.0,2479138.0,113.0,2778.0,313888.0,1.0,10.0,13226297,13226297,48207.0,21602.0,8.0,25.0,129514.0,181191,2023,2022-23,https://ope.ed.gov/athletics/#/datafile/list,0.0,21939.274336283186,2165250.0,925706.0,264227.0
143118,Aurora University,IL,NCAA Division III with football,"Private nonprofit, 4-year or above",599320.0,599320.0,124.0,893.0,110761.0,1.0,8.0,5359714,5359714,60102.0,11248.0,12.0,39.0,58349.0,94571,2023,2022-23,https://ope.ed.gov/athletics/#/datafile/list,0.0,4833.225806451613,488559.0,1159896.0,150086.0
222983,Austin College,TX,NCAA Division III with football,"Private nonprofit, 4-year or above",606734.0,606734.0,98.0,1940.0,190115.0,1.0,6.0,3017451,3017451,47118.0,17666.0,8.0,12.0,21043.0,30304,2023,2022-23,https://ope.ed.gov/athletics/#/datafile/list,0.0,6191.163265306122,416619.0,588936.0,153114.0
219602,Austin Peay State University,TN,NCAA Division I-FCS,"Public, 4-year or above",5397432.0,5397432.0,114.0,11168.0,1273148.0,1.0,10.0,22249063,22249063,158912.0,59811.0,6.0,16.0,231087.0,310720,2023,2022-23,https://ope.ed.gov/athletics/#/datafile/list,0.0,47345.89473684211,4124284.0,1910448.0,757022.0
446048,Ave Maria University,FL,NAIA Division II,"Private nonprofit, 4-year or above",1949245.0,1949245.0,100.0,4372.0,437200.0,1.0,8.0,10406044,10406044,32656.0,23169.0,9.0,24.0,4859.0,12963,2023,2022-23,https://ope.ed.gov/athletics/#/datafile/list,0.0,19492.45,1512045.0,849960.0,218008.0
231420,Averett University,VA,NCAA Division III with football,"Private nonprofit, 4-year or above",510412.0,510412.0,138.0,703.0,96954.0,1.0,11.0,3290263,3290263,43557.0,13944.0,9.0,24.0,49725.0,71520,2023,2022-23,https://ope.ed.gov/athletics/#/datafile/list,0.0,3698.6376811594205,413458.0,726669.0,196941.0
176628,Avila University,MO,NAIA Division I,"Private nonprofit, 4-year or above",1502411.0,1493400.0,114.0,887.0,101078.0,1.0,8.0,6254396,6206345,39924.0,9152.0,6.0,18.0,5870.0,11404,2023,2022-23,https://ope.ed.gov/athletics/#/datafile/list,9011.0,13100.0,1392322.0,404280.0,113140.0
154688,Baker University,KS,NAIA Division I,"Private nonprofit, 4-year or above",2977296.0,2945869.0,110.0,1111.0,122171.0,1.0,10.0,15057659,14702141,33338.0,13368.0,10.0,28.0,15296.0,29080,2023,2022-23,https://ope.ed.gov/athletics/#/datafile/list,31427.0,26780.627272727274,2823698.0,707684.0,167018.0
109819,Bakersfield College,CA,CCCAA,"Public, 2-year",477232.0,477232.0,97.0,797.0,77280.0,1.0,10.0,3964887,3964887,49325.0,9567.0,10.0,20.0,0.0,0,2023,2022-23,https://ope.ed.gov/athletics/#/datafile/list,0.0,4919.917525773196,399952.0,684590.0,144995.0
201195,Baldwin Wallace University,OH,NCAA Division III with football,"Private nonprofit, 4-year or above",635430.0,635430.0,119.0,1833.0,218157.0,1.0,15.0,5422317,5422317,45653.0,13968.0,12.0,32.0,121224.0,176225,2023,2022-23,https://ope.ed.gov/athletics/#/datafile/list,0.0,5339.747899159664,417273.0,994812.0,255173.0
150136,Ball State University,IN,NCAA Division I-FBS,"Public, 4-year or above",8701842.0,8701842.0,117.0,9408.0,1100784.0,1.0,14.0,28979328,28979328,240942.0,73186.0,7.0,27.0,250779.0,376242,2023,2022-23,https://ope.ed.gov/athletics/#/datafile/list,0.0,74374.71794871795,7601058.0,3662616.0,1265546.0
197911,Barton College,NC,NCAA Division II with football,"Private nonprofit, 4-year or above",2302094.0,2302094.0,145.0,983.0,142500.0,1.0,6.0,9671656,9671656,50753.0,25101.0,9.0,16.0,20592.0,28291,2023,2022-23,https://ope.ed.gov/athletics/#/datafile/list,0.0,15876.510344827586,2159594.0,858393.0,201359.0
160977,Bates College,ME,NCAA Division III with football,"Private nonprofit, 4-year or above",1010420.0,833805.0,74.0,1585.0,117286.0,1.0,7.0,9097649,8843820,53179.0,21356.0,14.0,30.0,63633.0,102371,2023,2022-23,https://ope.ed.gov/athletics/#/datafile/list,176615.0,11267.635135135135,716519.0,1385186.0,202671.0
223232,Baylor University,TX,NCAA Division I-FBS,"Private nonprofit, 4-year or above",47861263.0,47861263.0,117.0,54329.0,6356506.0,1.0,10.0,137460582,137460582,1776200.0,365817.0,6.0,23.0,2082025.0,2808823,2023,2022-23,https://ope.ed.gov/athletics/#/datafile/list,0.0,409070.62393162394,41504757.0,19070991.0,5434370.0
175421,Belhaven University,MS,NCAA Division III with football,"Private nonprofit, 4-year or above",1168173.0,1155717.0,91.0,5615.0,510967.0,1.0,12.0,4544002,4483322,46534.0,23750.0,9.0,20.0,94363.0,128502,2023,2022-23,https://ope.ed.gov/athletics/#/datafile/list,12456.0,12700.186813186812,644750.0,893806.0,331534.0
238333,Beloit College,WI,NCAA Division III with football,"Private nonprofit, 4-year or above",356717.0,356717.0,63.0,1050.0,66166.0,1.0,9.0,2081941,2081941,29701.0,8595.0,8.0,23.0,44957.0,61943,2023,2022-23,https://ope.ed.gov/athletics/#/datafile/list,0.0,5662.174603174603,290551.0,435293.0,107056.0
173124,Bemidji State University,MN,NCAA Division II with football,"Public, 4-year or above",1389301.0,1389301.0,106.0,2134.0,226185.0,1.0,11.0,8598486,8598486,134813.0,37759.0,5.0,19.0,99671.0,169793,2023,2022-23,https://ope.ed.gov/athletics/#/datafile/list,0.0,13106.61320754717,1163116.0,1391486.0,550162.0
217721,Benedict College,SC,NCAA Division II with football,"Private nonprofit, 4-year or above",1715645.0,1598070.0,116.0,1632.0,189298.0,1.0,9.0,6075041,5925902,72411.0,25114.0,6.0,13.0,14352.0,17339,2023,2022-23,https://ope.ed.gov/athletics/#/datafile/list,117575.0,13776.465517241379,1408772.0,760948.0,298437.0
154712,Benedictine College,KS,NAIA Division I,"Private nonprofit, 4-year or above",2750049.0,2750049.0,211.0,385.0,81298.0,1.0,8.0,8995689,8995689,60359.0,30208.0,7.0,15.0,33850.0,46806,2023,2022-23,https://ope.ed.gov/athletics/#/datafile/list,0.0,13033.40758293839,2668751.0,875633.0,302023.0
145619,Benedictine University,IL,NCAA Division III with football,"Private nonprofit, 4-year or above",489779.0,452222.0,132.0,587.0,77427.0,1.0,6.0,7025945,6365288,45605.0,17874.0,13.0,32.0,13734.0,24193,2023,2022-23,https://ope.ed.gov/athletics/#/datafile/list,37557.0,3425.9242424242425,374795.0,1164833.0,152849.0
164739,Bentley University,MA,NCAA Division II with football,"Private nonprofit, 4-year or above",1897634.0,1577591.0,93.0,2938.0,273232.0,1.0,8.0,17148254,15901290,73413.0,26419.0,10.0,20.0,68623.0,85514,2023,2022-23,https://ope.ed.gov/athletics/#/datafile/list,320043.0,16963.344086021505,1304359.0,1262510.0,284765.0
139144,Berry College,GA,NCAA Division III with football,"Private nonprofit, 4-year or above",940899.0,889918.0,132.0,2142.0,282782.0,1.0,9.0,9121402,8558026,47490.0,31088.0,10.0,12.0,49438.0,78105,2023,2022-23,https://ope.ed.gov/athletics/#/datafile/list,50981.0,6741.80303030303,607136.0,847956.0,327282.0
237181,Bethany College,WV,NCAA Division III with football,"Private nonprofit, 4-year or above",391600.0,380832.0,122.0,551.0,67202.0,1.0,9.0,3545421,3476489,43212.0,20365.0,8.0,11.0,23216.0,36795,2023,2022-23,https://ope.ed.gov/athletics/#/datafile/list,10768.0,3121.5737704918033,313630.0,569711.0,226497.0
154721,Bethany College,KS,NAIA Division II,"Private nonprofit, 4-year or above",2581110.0,1978734.0,95.0,807.0,76671.0,1.0,7.0,13374106,12747309,43820.0,18594.0,8.0,13.0,11537.0,27695,2023,2022-23,https://ope.ed.gov/athletics/#/datafile/list,602376.0,20828.77894736842,1902063.0,592282.0,173978.0
154749,Bethel College-North Newton,KS,NAIA Division II,"Private nonprofit, 4-year or above",1466110.0,1454559.0,114.0,901.0,102766.0,1.0,10.0,5245401,5235651,20396.0,8845.0,8.0,25.0,19190.0,40563,2023,2022-23,https://ope.ed.gov/athletics/#/datafile/list,11551.0,12759.28947368421,1351793.0,384293.0,108846.0
219718,Bethel University,TN,NAIA Division I,"Private nonprofit, 4-year or above",2303019.0,893632.0,85.0,2910.0,247351.0,1.0,7.0,6864915,4059244,31167.0,30279.0,10.0,14.0,6107.0,9028,2023,2022-23,https://ope.ed.gov/athletics/#/datafile/list,1409387.0,10513.317647058824,646281.0,735576.0,243120.0
173160,Bethel University,MN,NCAA Division III with football,"Private nonprofit, 4-year or above",685228.0,685228.0,109.0,2920.0,318311.0,1.0,11.0,3661457,3661457,38511.0,7649.0,10.0,40.0,23952.0,27778,2023,2022-23,https://ope.ed.gov/athletics/#/datafile/list,0.0,6286.495412844037,366917.0,691070.0,122650.0
132602,Bethune-Cookman University,FL,NCAA Division I-FCS,"Private nonprofit, 4-year or above",5270780.0,5270780.0,87.0,22111.0,1923637.0,1.0,13.0,13636502,13636502,110674.0,46820.0,6.0,27.0,122313.0,173838,2023,2022-23,https://ope.ed.gov/athletics/#/datafile/list,0.0,60583.67816091954,3347143.0,1928184.0,719334.0
100937,Birmingham-Southern College,AL,NCAA Division III with football,"Private nonprofit, 4-year or above",612867.0,612867.0,108.0,2813.0,303766.0,1.0,6.0,4398747,4398747,47414.0,22959.0,9.0,14.0,58882.0,72740,2023,2022-23,https://ope.ed.gov/athletics/#/datafile/list,0.0,5674.694444444444,309101.0,748152.0,185168.0
219046,Black Hills State University,SD,NCAA Division II with football,"Public, 4-year or above",1476656.0,1290065.0,100.0,1051.0,105095.0,1.0,8.0,5305099,5305099,55526.0,27512.0,4.0,12.0,104889.0,122699,2023,2022-23,https://ope.ed.gov/athletics/#/datafile/list,186591.0,12900.65,1184970.0,552248.0,275622.0
223427,Blinn College District,TX,NJCAA Division I,"Public, 2-year",922492.0,917466.0,119.0,1174.0,139742.0,1.0,6.0,5311180,5276959,73256.0,35536.0,5.0,12.0,27202.0,43572,2023,2022-23,https://ope.ed.gov/athletics/#/datafile/list,5026.0,7709.798319327731,777724.0,792712.0,286472.0
237215,Bluefield State University,WV,Independent,"Public, 4-year or above",1546872.0,1538032.0,93.0,3371.0,313491.0,1.0,10.0,6127830,5683130,33821.0,19855.0,9.0,16.0,59270.0,65126,2023,2022-23,https://ope.ed.gov/athletics/#/datafile/list,8840.0,16537.978494623654,1224541.0,622069.0,232371.0
231554,Bluefield University,VA,NAIA Division I,"Private nonprofit, 4-year or above",1961299.0,1961299.0,117.0,1285.0,150352.0,1.0,5.0,7523439,7523439,39784.0,28251.0,8.0,8.0,27557.0,38357,2023,2022-23,https://ope.ed.gov/athletics/#/datafile/list,0.0,16763.239316239316,1810947.0,544280.0,181039.0
201371,Bluffton University,OH,NCAA Division III with football,"Private nonprofit, 4-year or above",563219.0,503318.0,117.0,1376.0,160942.0,1.0,8.0,2244060,2080123,32723.0,14464.0,8.0,14.0,41147.0,53898,2023,2022-23,https://ope.ed.gov/athletics/#/datafile/list,59901.0,4301.863247863248,342376.0,464280.0,148435.0
142115,Boise State University,ID,NCAA Division I-FBS,"Public, 4-year or above",24013799.0,17141911.0,112.0,17653.0,1977123.0,1.0,14.0,52634912,52634907,568824.0,162669.0,5.0,20.0,714812.0,966360,2023,2022-23,https://ope.ed.gov/athletics/#/datafile/list,6871888.0,153052.7767857143,15164788.0,6097500.0,2846190.0
164924,Boston College,MA,NCAA Division I-FBS,"Private nonprofit, 4-year or above",44047419.0,33262419.0,109.0,61391.0,6691611.0,1.0,10.0,118430392,118430392,609417.0,227145.0,12.0,28.0,1558928.0,1938106,2023,2022-23,https://ope.ed.gov/athletics/#/datafile/list,10785000.0,305159.80733944953,26570808.0,13673064.0,2880867.0
161004,Bowdoin College,ME,NCAA Division III with football,"Private nonprofit, 4-year or above",810024.0,749050.0,81.0,1718.0,139198.0,1.0,7.0,13386119,13386119,58785.0,28252.0,13.0,23.0,60741.0,120945,2023,2022-23,https://ope.ed.gov/athletics/#/datafile/list,60974.0,9247.530864197532,609852.0,1414001.0,256549.0
162007,Bowie State University,MD,NCAA Division II with football,"Public, 4-year or above",1424464.0,1441288.0,131.0,1266.0,165875.0,1.0,8.0,5254659,4528441,79682.0,26695.0,3.0,13.0,32.0,293,2023,2022-23,https://ope.ed.gov/athletics/#/datafile/list,-16824.0,11002.198473282442,1275413.0,586081.0,293242.0
201441,Bowling Green State University-Main Campus,OH,NCAA Division I-FBS,"Public, 4-year or above",9795624.0,9795624.0,106.0,12998.0,1377788.0,1.0,10.0,30310123,30154920,208170.0,82924.0,7.0,21.0,595796.0,729074,2023,2022-23,https://ope.ed.gov/athletics/#/datafile/list,0.0,92411.54716981133,8417836.0,3198594.0,1037410.0
198066,Brevard College,NC,NCAA Division III with football,"Private nonprofit, 4-year or above",527259.0,527259.0,162.0,1188.0,192506.0,1.0,13.0,2931926,2931926,39456.0,15985.0,7.0,18.0,6424.0,17122,2023,2022-23,https://ope.ed.gov/athletics/#/datafile/list,0.0,3254.685185185185,334753.0,563922.0,247261.0
152992,Briar Cliff University,IA,NAIA Division II,"Private nonprofit, 4-year or above",1261885.0,1239788.0,95.0,973.0,92405.0,1.0,8.0,7606239,7595570,34161.0,15176.0,8.0,21.0,31958.0,48742,2023,2022-23,https://ope.ed.gov/athletics/#/datafile/list,22097.0,13050.4,1147383.0,591984.0,155569.0
231581,Bridgewater College,VA,NCAA Division III with football,"Private nonprofit, 4-year or above",602496.0,602496.0,117.0,1532.0,179237.0,1.0,7.0,4358354,4358354,42829.0,23858.0,10.0,17.0,67196.0,115165,2023,2022-23,https://ope.ed.gov/athletics/#/datafile/list,0.0,5149.538461538462,423259.0,833876.0,209835.0
165024,Bridgewater State University,MA,NCAA Division III with football,"Public, 4-year or above",159396.0,149094.0,98.0,564.0,55288.0,1.0,10.0,4478127,4161089,20570.0,7978.0,9.0,24.0,2417.0,5324,2023,2022-23,https://ope.ed.gov/athletics/#/datafile/list,10302.0,1521.3673469387754,93806.0,376602.0,100350.0
230038,Brigham Young University,UT,NCAA Division I-FBS,"Private nonprofit, 4-year or above",46931978.0,35308693.0,124.0,55331.0,6861090.0,1.0,10.0,106430702,106430702,1111071.0,304158.0,9.0,27.0,1273961.0,1653285,2023,2022-23,https://ope.ed.gov/athletics/#/datafile/list,11623285.0,284747.52419354836,28447603.0,18211905.0,4152651.0
217156,Brown University,RI,NCAA Division I-FCS,"Private nonprofit, 4-year or above",3742076.0,3742076.0,110.0,8968.0,986439.0,1.0,8.0,36265052,36265052,183497.0,66328.0,12.0,32.0,804153.0,1173736,2023,2022-23,https://ope.ed.gov/athletics/#/datafile/list,0.0,34018.87272727273,2755637.0,4324460.0,714121.0
217165,Bryant University,RI,NCAA Division I-FCS,"Private nonprofit, 4-year or above",5233966.0,5233966.0,130.0,6182.0,803680.0,1.0,11.0,24327303,24327303,138747.0,46387.0,9.0,25.0,178066.0,307977,2023,2022-23,https://ope.ed.gov/athletics/#/datafile/list,0.0,40261.276923076926,4430286.0,2408398.0,649004.0
211291,Bucknell University,PA,NCAA Division I-FCS,"Private nonprofit, 4-year or above",6976380.0,6976380.0,93.0,8038.0,747523.0,1.0,11.0,33643542,33643542,113918.0,43813.0,11.0,29.0,430326.0,606671,2023,2022-23,https://ope.ed.gov/athletics/#/datafile/list,0.0,75014.83870967742,6228857.0,2523675.0,595861.0
153001,Buena Vista University,IA,NCAA Division III with football,"Private nonprofit, 4-year or above",464372.0,464372.0,80.0,1519.0,121514.0,1.0,7.0,3465875,3385069,47021.0,19819.0,9.0,14.0,45116.0,64978,2023,2022-23,https://ope.ed.gov/athletics/#/datafile/list,0.0,5804.65,342858.0,700655.0,185754.0
154800,Butler Community College,KS,NJCAA Division I,"Public, 2-year",1330628.0,1330628.0,83.0,781.0,64812.0,1.0,8.0,5381397,5090840,58815.0,26526.0,4.0,12.0,30968.0,39477,2023,2022-23,https://ope.ed.gov/athletics/#/datafile/list,0.0,16031.66265060241,1265816.0,553572.0,271023.0
150163,Butler University,IN,NCAA Division I-FCS,"Private nonprofit, 4-year or above",1338221.0,1372925.0,108.0,4670.0,504309.0,1.0,10.0,32370059,31474736,446738.0,68876.0,7.0,23.0,300965.0,501397,2023,2022-23,https://ope.ed.gov/athletics/#/datafile/list,-34704.0,12712.268518518518,868616.0,4711314.0,1135498.0
110246,Butte College,CA,CCCAA,"Public, 2-year",169839.0,136372.0,78.0,478.0,37308.0,1.0,14.0,1255011,998303,11493.0,6676.0,6.0,15.0,0.0,0,2023,2022-23,https://ope.ed.gov/athletics/#/datafile/list,33467.0,1748.3589743589744,99064.0,169098.0,104957.0
110334,Cabrillo College,CA,CCCAA,"Public, 2-year",262737.0,262069.0,55.0,781.0,42981.0,1.0,8.0,1777087,1693630,30614.0,3276.0,7.0,15.0,0.0,0,2023,2022-23,https://ope.ed.gov/athletics/#/datafile/list,668.0,4764.890909090909,219088.0,263438.0,56822.0
110413,California Lutheran University,CA,NCAA Division III with football,"Private nonprofit, 4-year or above",786197.0,786197.0,116.0,1827.0,211898.0,1.0,5.0,6308280,6308280,56460.0,15538.0,11.0,29.0,23566.0,41816,2023,2022-23,https://ope.ed.gov/athletics/#/datafile/list,0.0,6777.560344827586,574299.0,1071662.0,134150.0
110422,California Polytechnic State University-San Luis Obispo,CA,NCAA Division I-FCS,"Public, 4-year or above",6136326.0,6136326.0,122.0,10350.0,1262649.0,1.0,13.0,31249116,30710336,166272.0,56167.0,10.0,32.0,403455.0,590391,2023,2022-23,https://ope.ed.gov/athletics/#/datafile/list,0.0,50297.75409836065,4873677.0,3460064.0,896443.0
110556,California State University-Fresno,CA,NCAA Division I-FBS,"Public, 4-year or above",16680717.0,16612261.0,112.0,25842.0,2894305.0,1.0,14.0,51120332,51120332,591122.0,159478.0,5.0,19.0,536826.0,760229,2023,2022-23,https://ope.ed.gov/athletics/#/datafile/list,68456.0,148323.75892857142,13717956.0,5985692.0,2823814.0
110617,California State University-Sacramento,CA,NCAA Division I-FCS,"Public, 4-year or above",7343151.0,7343151.0,129.0,11796.0,1521625.0,1.0,12.0,34284776,34284776,202276.0,89979.0,7.0,22.0,184612.0,289979,2023,2022-23,https://ope.ed.gov/athletics/#/datafile/list,0.0,56923.651162790695,5821526.0,3395470.0,1282024.0
150172,Calumet College of Saint Joseph,IN,NAIA Division II,"Private nonprofit, 4-year or above",672756.0,709066.0,67.0,2269.0,151991.0,1.0,9.0,3817742,3817742,26500.0,7028.0,9.0,17.0,22504.0,45038,2023,2022-23,https://ope.ed.gov/athletics/#/datafile/list,-36310.0,10583.074626865671,557075.0,357976.0,89752.0
198136,Campbell University,NC,NCAA Division I-FCS,"Private nonprofit, 4-year or above",6103600.0,6103600.0,102.0,12604.0,1285562.0,1.0,11.0,30027747,30027747,154768.0,61452.0,8.0,24.0,413344.0,570606,2023,2022-23,https://ope.ed.gov/athletics/#/datafile/list,0.0,59839.21568627451,4818038.0,2712992.0,830740.0
156365,Campbellsville University,KY,NAIA Division I,"Private nonprofit, 4-year or above",1337513.0,1326948.0,115.0,1610.0,185097.0,1.0,11.0,12560579,12098178,48451.0,35814.0,13.0,31.0,67714.0,108083,2023,2022-23,https://ope.ed.gov/athletics/#/datafile/list,10565.0,11538.678260869565,1141851.0,1740097.0,442405.0
201548,Capital University,OH,NCAA Division III with football,"Private nonprofit, 4-year or above",549997.0,529551.0,102.0,1024.0,104479.0,1.0,12.0,3666267,3622100,53371.0,14747.0,8.0,15.0,37749.0,40872,2023,2022-23,https://ope.ed.gov/athletics/#/datafile/list,20446.0,5191.676470588235,425072.0,648173.0,230335.0
173258,Carleton College,MN,NCAA Division III with football,"Private nonprofit, 4-year or above",452930.0,452930.0,80.0,2062.0,164934.0,1.0,6.0,2928821,2767971,54192.0,15760.0,8.0,21.0,38855.0,54976,2023,2022-23,https://ope.ed.gov/athletics/#/datafile/list,0.0,5661.625,287996.0,764496.0,148752.0
211440,Carnegie Mellon University,PA,NCAA Division III with football,"Private nonprofit, 4-year or above",729674.0,704003.0,106.0,1689.0,179023.0,1.0,8.0,6299968,5790170,49591.0,12871.0,8.0,24.0,76745.0,127850,2023,2022-23,https://ope.ed.gov/athletics/#/datafile/list,25671.0,6641.537735849057,524980.0,705632.0,152559.0
180106,Carroll College,MT,NAIA Division I,"Private nonprofit, 4-year or above",1947726.0,1947726.0,109.0,3328.0,362748.0,1.0,9.0,6858725,6858725,47955.0,16872.0,5.0,14.0,63638.0,79392,2023,2022-23,https://ope.ed.gov/athletics/#/datafile/list,0.0,17869.045871559632,1584978.0,475983.0,199803.0
238458,Carroll University,WI,NCAA Division III with football,"Private nonprofit, 4-year or above",660596.0,623740.0,113.0,440.0,49698.0,1.0,10.0,3608859,3488503,42967.0,11633.0,9.0,39.0,17525.0,29427,2023,2022-23,https://ope.ed.gov/athletics/#/datafile/list,36856.0,5519.8230088495575,574042.0,840390.0,159297.0
219806,Carson-Newman University,TN,NCAA Division II with football,"Private nonprofit, 4-year or above",2193323.0,1637711.0,153.0,1860.0,284541.0,1.0,11.0,11762007,10913151,46235.0,16830.0,9.0,18.0,0.0,0,2023,2022-23,https://ope.ed.gov/athletics/#/datafile/list,555612.0,10703.993464052288,1353170.0,719055.0,231365.0
238476,Carthage College,WI,NCAA Division III with football,"Private nonprofit, 4-year or above",747958.0,734242.0,131.0,1671.0,218903.0,1.0,11.0,5737370,5477898,64643.0,13631.0,11.0,31.0,54729.0,78521,2023,2022-23,https://ope.ed.gov/athletics/#/datafile/list,13716.0,5604.900763358779,515339.0,1133634.0,214584.0
201645,Case Western Reserve University,OH,NCAA Division III with football,"Private nonprofit, 4-year or above",529705.0,524706.0,101.0,785.0,79272.0,1.0,12.0,5134891,4998098,48467.0,11792.0,10.0,23.0,34122.0,58840,2023,2022-23,https://ope.ed.gov/athletics/#/datafile/list,4999.0,5195.108910891089,445434.0,755886.0,189971.0
230834,Castleton University,VT,NCAA Division III with football,"Public, 4-year or above",425922.0,425922.0,116.0,1007.0,116760.0,1.0,8.0,3863013,3765374,30011.0,5760.0,14.0,27.0,21316.0,34361,2023,2022-23,https://ope.ed.gov/athletics/#/datafile/list,0.0,3671.7413793103447,309162.0,575674.0,76091.0
198215,Catawba College,NC,NCAA Division II with football,"Private nonprofit, 4-year or above",2151984.0,2113157.0,112.0,1631.0,182628.0,1.0,9.0,10797648,10766991,68696.0,32691.0,9.0,26.0,28396.0,42354,2023,2022-23,https://ope.ed.gov/athletics/#/datafile/list,38827.0,18867.473214285714,1930529.0,1468230.0,362915.0
158477,Centenary College of Louisiana,LA,NCAA Division III without football,"Private nonprofit, 4-year or above",274221.0,274221.0,15.0,428.0,6415.0,1.0,2.0,3028025,3028025,57262.0,27268.0,8.0,8.0,54495.0,75066,2023,2022-23,https://ope.ed.gov/athletics/#/datafile/list,0.0,18281.4,267806.0,676240.0,111798.0
153108,Central College,IA,NCAA Division III with football,"Private nonprofit, 4-year or above",763914.0,763914.0,145.0,1136.0,164770.0,1.0,11.0,4490057,4490057,34664.0,10933.0,10.0,30.0,59145.0,86171,2023,2022-23,https://ope.ed.gov/athletics/#/datafile/list,0.0,5268.372413793103,599144.0,674630.0,154927.0
128771,Central Connecticut State University,CT,NCAA Division I-FCS,"Public, 4-year or above",2759089.0,2759088.0,94.0,2701.0,253853.0,1.0,9.0,16873996,16873996,138762.0,43590.0,5.0,18.0,45532.0,65186,2023,2022-23,https://ope.ed.gov/athletics/#/datafile/list,1.0,29352.0,2505235.0,1478430.0,531072.0
173203,Central Lakes College-Brainerd,MN,NJCAA Division III,"Public, 2-year",105191.0,105191.0,57.0,274.0,15618.0,1.0,2.0,722882,722882,27054.0,4834.0,3.0,6.0,0.0,0,2023,2022-23,https://ope.ed.gov/athletics/#/datafile/list,0.0,1845.4561403508771,89573.0,110166.0,36722.0
176947,Central Methodist University-College of Liberal Arts and Sciences,MO,NAIA Division I,"Private nonprofit, 4-year or above",1623045.0,1543730.0,144.0,816.0,117534.0,1.0,4.0,10911971,10608611,56981.0,33622.0,7.0,9.0,7284.0,14394,2023,2022-23,https://ope.ed.gov/athletics/#/datafile/list,79315.0,10720.347222222223,1426196.0,701465.0,191469.0
169248,Central Michigan University,MI,NCAA Division I-FBS,"Public, 4-year or above",10996154.0,10996154.0,122.0,7929.0,967376.0,1.0,14.0,35740895,35740895,324152.0,98337.0,6.0,18.0,548005.0,743136,2023,2022-23,https://ope.ed.gov/athletics/#/datafile/list,0.0,90132.40983606558,10028778.0,3714978.0,1700870.0
201690,Central State University,OH,NCAA Division II with football,"Public, 4-year or above",1428375.0,1428375.0,131.0,277.0,36306.0,1.0,8.0,4557153,4557153,88250.0,32577.0,4.0,9.0,8538.0,15981,2023,2022-23,https://ope.ed.gov/athletics/#/datafile/list,0.0,10903.625954198473,1392069.0,646193.0,348866.0
234827,Central Washington University,WA,NCAA Division II with football,"Public, 4-year or above",1907397.0,1754867.0,109.0,3827.0,417177.0,1.0,13.0,8816253,8638024,67437.0,19977.0,5.0,21.0,69311.0,99971,2023,2022-23,https://ope.ed.gov/athletics/#/datafile/list,152530.0,16099.697247706423,1337690.0,756702.0,327138.0
156408,Centre College,KY,NCAA Division III with football,"Private nonprofit, 4-year or above",473868.0,473868.0,107.0,1719.0,183946.0,1.0,7.0,5026261,5026261,32416.0,22961.0,9.0,22.0,55818.0,105907,2023,2022-23,https://ope.ed.gov/athletics/#/datafile/list,0.0,4428.672897196262,289922.0,796886.0,193143.0
111887,Cerritos College,CA,CCCAA,"Public, 2-year",611145.0,585994.0,124.0,658.0,81568.0,1.0,14.0,4402466,4283244,71628.0,5737.0,9.0,57.0,0.0,0,2023,2022-23,https://ope.ed.gov/athletics/#/datafile/list,25151.0,4725.758064516129,504426.0,971661.0,151946.0
111920,Chabot College,CA,CCCAA,"Public, 2-year",188893.0,188893.0,66.0,1109.0,73215.0,1.0,8.0,1764295,1764295,25959.0,7636.0,8.0,18.0,0.0,0,2023,2022-23,https://ope.ed.gov/athletics/#/datafile/list,0.0,2862.0151515151515,115678.0,345120.0,87047.0
180948,Chadron State College,NE,NCAA Division II with football,"Public, 4-year or above",1824262.0,1824262.0,120.0,2858.0,342959.0,1.0,10.0,6139414,6139414,67945.0,20100.0,6.0,19.0,48314.0,69641,2023,2022-23,https://ope.ed.gov/athletics/#/datafile/list,0.0,15202.183333333332,1481303.0,789570.0,268945.0
111939,Chaffey College,CA,CCCAA,"Public, 2-year",278414.0,220272.0,73.0,750.0,54762.0,1.0,8.0,2583274,2218990,35939.0,9382.0,7.0,18.0,0.0,0,2023,2022-23,https://ope.ed.gov/athletics/#/datafile/list,58142.0,3017.4246575342468,165510.0,420449.0,110995.0
111948,Chapman University,CA,NCAA Division III with football,"Private nonprofit, 4-year or above",808259.0,808259.0,104.0,1798.0,186957.0,1.0,11.0,5655608,5655608,39022.0,11236.0,11.0,19.0,8401.0,14260,2023,2022-23,https://ope.ed.gov/athletics/#/datafile/list,0.0,7771.721153846154,621302.0,642726.0,162618.0
217688,Charleston Southern University,SC,NCAA Division I-FCS,"Private nonprofit, 4-year or above",3690477.0,3690477.0,87.0,7712.0,670925.0,1.0,9.0,13327550,13327550,109740.0,52318.0,5.0,16.0,130956.0,180134,2023,2022-23,https://ope.ed.gov/athletics/#/datafile/list,0.0,42419.275862068964,3019552.0,1385788.0,580602.0
211583,Chestnut Hill College,PA,NCAA Division II without football,"Private nonprofit, 4-year or above",172605.0,168723.0,56.0,1528.0,85589.0,1.0,7.0,3990141,3933793,20242.0,4789.0,8.0,19.0,5194.0,10717,2023,2022-23,https://ope.ed.gov/athletics/#/datafile/list,3882.0,3012.910714285714,83134.0,252927.0,53765.0
198303,Chowan University,NC,NCAA Division II with football,"Private nonprofit, 4-year or above",1183127.0,1183127.0,131.0,1792.0,234702.0,1.0,5.0,6992658,6992658,43699.0,32007.0,9.0,11.0,33381.0,60412,2023,2022-23,https://ope.ed.gov/athletics/#/datafile/list,0.0,9031.503816793893,948425.0,745368.0,203734.0
231712,Christopher Newport University,VA,NCAA Division III with football,"Public, 4-year or above",784969.0,784969.0,135.0,2003.0,270435.0,1.0,7.0,12936897,12936897,56727.0,20270.0,10.0,28.0,31386.0,47129,2023,2022-23,https://ope.ed.gov/athletics/#/datafile/list,0.0,5814.585185185185,514534.0,1134830.0,198617.0
223898,Cisco College,TX,NJCAA Division I,"Public, 2-year",582445.0,582445.0,77.0,1642.0,126412.0,1.0,2.0,2867413,2867413,59480.0,40236.0,2.0,3.0,9185.0,27002,2023,2022-23,https://ope.ed.gov/athletics/#/datafile/list,0.0,7564.220779220779,456033.0,239668.0,139952.0
217864,Citadel Military College of South Carolina,SC,NCAA Division I-FCS,"Public, 4-year or above",7026324.0,5530651.0,121.0,6355.0,768975.0,1.0,10.0,20103895,19526622,121619.0,64143.0,8.0,19.0,211805.0,238856,2023,2022-23,https://ope.ed.gov/athletics/#/datafile/list,1495673.0,45707.85950413223,4761676.0,2191669.0,763049.0
112172,Citrus College,CA,CCCAA,"Public, 2-year",434660.0,366378.0,74.0,903.0,66811.0,1.0,7.0,4657883,4653107,57322.0,13921.0,8.0,13.0,0.0,0,2023,2022-23,https://ope.ed.gov/athletics/#/datafile/list,68282.0,4951.054054054054,299567.0,639549.0,154769.0
112190,City College of San Francisco,CA,CCCAA,"Public, 2-year",258600.0,258600.0,81.0,1497.0,121222.0,1.0,11.0,1830525,1830525,53875.0,27501.0,4.0,5.0,0.0,0,2023,2022-23,https://ope.ed.gov/athletics/#/datafile/list,0.0,3192.5925925925926,137378.0,353005.0,356386.0
112260,Claremont McKenna College,CA,NCAA Division III with football,"Private nonprofit, 4-year or above",811472.0,811472.0,88.0,2346.0,206482.0,1.0,9.0,4520042,4520042,57883.0,16528.0,11.0,35.0,63561.0,129632,2023,2022-23,https://ope.ed.gov/athletics/#/datafile/list,0.0,9221.272727272728,604990.0,1215193.0,206635.0
138947,Clark Atlanta University,GA,NCAA Division II with football,"Private nonprofit, 4-year or above",2793953.0,2261753.0,96.0,1680.0,161291.0,1.0,5.0,8599472,8599472,50540.0,50583.0,4.0,9.0,5624.0,10893,2023,2022-23,https://ope.ed.gov/athletics/#/datafile/list,532200.0,23559.927083333332,2100462.0,657407.0,303455.0
153126,Clarke University,IA,NAIA Division I,"Private nonprofit, 4-year or above",2864520.0,2864520.0,146.0,1834.0,267703.0,1.0,9.0,11749302,11749302,40453.0,14323.0,10.0,27.0,33827.0,59844,2023,2022-23,https://ope.ed.gov/athletics/#/datafile/list,0.0,19620.0,2596817.0,791251.0,169360.0
217882,Clemson University,SC,NCAA Division I-FBS,"Public, 4-year or above",74135861.0,57763086.0,139.0,49813.0,6924034.0,1.0,10.0,152093316,152093316,1942361.0,399018.0,7.0,24.0,4057117.0,4844188,2023,2022-23,https://ope.ed.gov/athletics/#/datafile/list,16372775.0,415561.76978417265,50839052.0,23172959.0,5932541.0
175519,Coahoma Community College,MS,NJCAA Division I,"Public, 2-year",938275.0,938275.0,65.0,2668.0,173415.0,1.0,6.0,2645412,2645412,67597.0,43577.0,4.0,8.0,22929.0,36398,2023,2022-23,https://ope.ed.gov/athletics/#/datafile/list,0.0,14435.0,764860.0,619004.0,329059.0
218724,Coastal Carolina University,SC,NCAA Division I-FBS,"Public, 4-year or above",14705181.0,14705181.0,121.0,19012.0,2300425.0,1.0,10.0,38153878,38153878,344203.0,169075.0,7.0,21.0,821125.0,1052151,2023,2022-23,https://ope.ed.gov/athletics/#/datafile/list,0.0,121530.42148760331,12404756.0,5959996.0,2034953.0
153144,Coe College,IA,NCAA Division III with football,"Private nonprofit, 4-year or above",444324.0,444324.0,95.0,1359.0,129131.0,1.0,7.0,3506413,3506413,38621.0,8723.0,12.0,38.0,55450.0,83374,2023,2022-23,https://ope.ed.gov/athletics/#/datafile/list,0.0,4677.094736842106,315193.0,794926.0,99682.0
154925,Coffeyville Community College,KS,NJCAA Division I,"Public, 2-year",767543.0,734539.0,78.0,1876.0,146351.0,1.0,5.0,3746336,3730193,38374.0,41786.0,7.0,8.0,27909.0,38243,2023,2022-23,https://ope.ed.gov/athletics/#/datafile/list,33004.0,9417.166666666666,588188.0,602906.0,247304.0
161086,Colby College,ME,NCAA Division III with football,"Private nonprofit, 4-year or above",926130.0,926130.0,90.0,1855.0,166987.0,1.0,9.0,10560217,10560217,71195.0,27471.0,15.0,28.0,109736.0,206850,2023,2022-23,https://ope.ed.gov/athletics/#/datafile/list,0.0,10290.333333333334,759143.0,1837113.0,318434.0
190099,Colgate University,NY,NCAA Division I-FCS,"Private nonprofit, 4-year or above",8187931.0,8187931.0,92.0,13800.0,1269583.0,1.0,10.0,37239028,37239028,183872.0,54009.0,10.0,29.0,522653.0,766336,2023,2022-23,https://ope.ed.gov/athletics/#/datafile/list,0.0,88999.25,6918348.0,3404981.0,723962.0
144865,College of DuPage,IL,NJCAA Division III,"Public, 2-year",436896.0,435819.0,97.0,2159.0,209412.0,1.0,8.0,2555508,2506232,20805.0,10926.0,10.0,23.0,1320.0,1989,2023,2022-23,https://ope.ed.gov/athletics/#/datafile/list,1077.0,4492.979381443299,226407.0,459348.0,108213.0
122791,College of San Mateo,CA,CCCAA,"Public, 2-year",466055.0,466055.0,87.0,1399.0,121713.0,1.0,24.0,2451025,2451025,24364.0,10237.0,6.0,42.0,0.0,0,2023,2022-23,https://ope.ed.gov/athletics/#/datafile/list,0.0,5356.954022988506,344342.0,576138.0,270052.0
111461,College of the Canyons,CA,CCCAA,"Public, 2-year",294096.0,262738.0,94.0,890.0,83645.0,1.0,11.0,3335158,3275664,62162.0,3099.0,8.0,29.0,75.0,1286,2023,2022-23,https://ope.ed.gov/athletics/#/datafile/list,31358.0,2795.0851063829787,179093.0,587167.0,96251.0
113573,College of the Desert,CA,CCCAA,"Public, 2-year",253941.0,253941.0,67.0,1152.0,77205.0,1.0,7.0,2284609,2284609,42768.0,4562.0,6.0,16.0,0.0,0,2023,2022-23,https://ope.ed.gov/athletics/#/datafile/list,0.0,3790.1641791044776,176736.0,329600.0,74702.0
166124,College of the Holy Cross,MA,NCAA Division I-FCS,"Private nonprofit, 4-year or above",7593181.0,7593181.0,102.0,11298.0,1152384.0,1.0,10.0,32819968,32819968,128246.0,47211.0,11.0,29.0,375128.0,518427,2023,2022-23,https://ope.ed.gov/athletics/#/datafile/list,0.0,74442.95098039215,6440797.0,2779825.0,600356.0
121707,College of the Redwoods,CA,CCCAA,"Public, 2-year",318596.0,318596.0,71.0,1027.0,72920.0,1.0,6.0,1610576,1610576,58872.0,8845.0,6.0,14.0,0.0,0,2023,2022-23,https://ope.ed.gov/athletics/#/datafile/list,0.0,4487.267605633803,245676.0,477062.0,111942.0
123217,College of the Sequoias,CA,CCCAA,"Public, 2-year",148853.0,146008.0,92.0,603.0,55518.0,1.0,9.0,831557,806807,18080.0,3840.0,7.0,25.0,0.0,0,2023,2022-23,https://ope.ed.gov/athletics/#/datafile/list,2845.0,1587.0434782608695,90490.0,222560.0,52640.0
123484,College of the Siskiyous,CA,CCCAA,"Public, 2-year",235356.0,235356.0,54.0,1433.0,77357.0,1.0,6.0,1358959,1358959,28129.0,12947.0,5.0,11.0,2290.0,6530,2023,2022-23,https://ope.ed.gov/athletics/#/datafile/list,0.0,4358.444444444444,157999.0,283062.0,105811.0
127556,Colorado Mesa University,CO,NCAA Division II with football,"Public, 4-year or above",1400052.0,1452306.0,147.0,1543.0,226877.0,1.0,15.0,13465048,13168490,70217.0,23276.0,11.0,31.0,74861.0,137558,2023,2022-23,https://ope.ed.gov/athletics/#/datafile/list,-52254.0,9879.632653061224,1225429.0,1493943.0,419357.0
126775,Colorado School of Mines,CO,NCAA Division II with football,"Public, 4-year or above",2697616.0,2697616.0,132.0,3370.0,444889.0,1.0,9.0,13600458,13600458,57791.0,22441.0,10.0,32.0,109556.0,152816,2023,2022-23,https://ope.ed.gov/athletics/#/datafile/list,0.0,20436.484848484848,2252727.0,1296022.0,259760.0
128106,Colorado State University Pueblo,CO,NCAA Division II with football,"Public, 4-year or above",1840799.0,1840799.0,156.0,2346.0,366024.0,1.0,11.0,10259150,10259150,66159.0,32978.0,8.0,20.0,97489.0,138352,2023,2022-23,https://ope.ed.gov/athletics/#/datafile/list,0.0,11799.99358974359,1474775.0,1188832.0,428917.0
126818,Colorado State University-Fort Collins,CO,NCAA Division I-FBS,"Public, 4-year or above",29774400.0,29774400.0,114.0,31200.0,3556781.0,1.0,14.0,61535599,61535599,607294.0,157235.0,5.0,18.0,989843.0,1218487,2023,2022-23,https://ope.ed.gov/athletics/#/datafile/list,0.0,261178.94736842104,26217619.0,5866700.0,2808584.0
190150,Columbia University in the City of New York,NY,NCAA Division I-FCS,"Private nonprofit, 4-year or above",5453459.0,5453459.0,117.0,8727.0,1021070.0,1.0,9.0,38335736,38335736,201794.0,77254.0,14.0,33.0,752199.0,1180618,2023,2022-23,https://ope.ed.gov/athletics/#/datafile/list,0.0,46610.76068376069,4432389.0,5374498.0,897080.0
498562,Commonwealth University of Pennsylvania,PA,NCCAA Division I,"Public, 4-year or above",1780928.0,1533118.0,218.0,1433.0,312301.0,2.0,15.0,17878473,17107643,63528.0,23562.0,20.0,33.0,42365.0,83171,2023,2022-23,https://ope.ed.gov/athletics/#/datafile/list,247810.0,7032.651376146789,1220817.0,2048106.0,480486.0
112686,Compton College,CA,CCCAA,"Public, 2-year",86556.0,83477.0,57.0,147.0,8355.0,1.0,5.0,213525,208996,6958.0,2000.0,6.0,13.0,0.0,0,2023,2022-23,https://ope.ed.gov/athletics/#/datafile/list,3079.0,1464.5087719298247,75122.0,67748.0,16958.0
237330,Concord University,WV,NCAA Division II with football,"Public, 4-year or above",1573717.0,1573717.0,113.0,247.0,27860.0,1.0,11.0,4742031,4742031,36605.0,16802.0,6.0,18.0,24174.0,44302,2023,2022-23,https://ope.ed.gov/athletics/#/datafile/list,0.0,13926.699115044248,1545857.0,522066.0,221427.0
173300,Concordia College at Moorhead,MN,NCAA Division III with football,"Private nonprofit, 4-year or above",551226.0,551226.0,121.0,1394.0,168698.0,1.0,9.0,3784051,3784051,32485.0,8735.0,11.0,30.0,69762.0,87652,2023,2022-23,https://ope.ed.gov/athletics/#/datafile/list,0.0,4555.586776859504,382528.0,619385.0,111100.0
169363,Concordia University Ann Arbor,MI,NAIA Division II,"Private nonprofit, 4-year or above",1719722.0,1662291.0,138.0,2248.0,310230.0,1.0,12.0,9884357,9221117,34666.0,10274.0,12.0,40.0,53596.0,99652,2023,2022-23,https://ope.ed.gov/athletics/#/datafile/list,57431.0,12045.58695652174,1352061.0,826952.0,157954.0
144351,Concordia University-Chicago,IL,NCAA Division III with football,"Private nonprofit, 4-year or above",507975.0,504475.0,68.0,2147.0,145997.0,1.0,7.0,4144230,3914016,41708.0,17424.0,10.0,18.0,26280.0,59132,2023,2022-23,https://ope.ed.gov/athletics/#/datafile/list,3500.0,7418.75,358478.0,730712.0,163676.0
180984,Concordia University-Nebraska,NE,NAIA Division II,"Private nonprofit, 4-year or above",1432119.0,1368527.0,138.0,636.0,87760.0,1.0,13.0,9484098,8714251,44491.0,12084.0,8.0,31.0,37024.0,67320,2023,2022-23,https://ope.ed.gov/athletics/#/datafile/list,63592.0,9916.86231884058,1280767.0,730532.0,201583.0
173328,Concordia University-Saint Paul,MN,NCAA Division II with football,"Private nonprofit, 4-year or above",1686700.0,1686700.0,131.0,3463.0,453660.0,1.0,10.0,7043732,7043732,41033.0,12298.0,7.0,32.0,121612.0,148564,2023,2022-23,https://ope.ed.gov/athletics/#/datafile/list,0.0,12875.57251908397,1233040.0,680767.0,164013.0
238616,Concordia University-Wisconsin,WI,NCAA Division III with football,"Private nonprofit, 4-year or above",422312.0,421357.0,127.0,696.0,88331.0,1.0,10.0,3761636,3539320,48373.0,14157.0,13.0,40.0,53002.0,88420,2023,2022-23,https://ope.ed.gov/athletics/#/datafile/list,955.0,3317.771653543307,333026.0,1195129.0,189943.0
112826,Contra Costa College,CA,CCCAA,"Public, 2-year",438361.0,438361.0,101.0,924.0,93360.0,1.0,11.0,1325378,1325378,20290.0,3720.0,4.0,14.0,0.0,0,2023,2022-23,https://ope.ed.gov/athletics/#/datafile/list,0.0,4340.207920792079,345001.0,133240.0,61210.0
175573,Copiah-Lincoln Community College,MS,NJCAA Division I,"Public, 2-year",905989.0,905989.0,82.0,520.0,42629.0,1.0,7.0,3279374,3279374,47534.0,44102.0,6.0,12.0,34122.0,55220,2023,2022-23,https://ope.ed.gov/athletics/#/datafile/list,0.0,11048.646341463415,863360.0,814428.0,356248.0
153162,Cornell College,IA,NCAA Division III with football,"Private nonprofit, 4-year or above",519973.0,504059.0,82.0,1027.0,84247.0,1.0,11.0,3266197,3134057,51919.0,14438.0,10.0,30.0,47502.0,71860,2023,2022-23,https://ope.ed.gov/athletics/#/datafile/list,15914.0,6147.0609756097565,419812.0,952330.0,210737.0
190415,Cornell University,NY,NCAA Division I-FCS,"Private nonprofit, 4-year or above",3529132.0,3529132.0,111.0,4575.0,507792.0,1.0,9.0,36342322,36227301,157746.0,67478.0,15.0,38.0,803123.0,1216577,2023,2022-23,https://ope.ed.gov/athletics/#/datafile/list,0.0,31793.981981981982,3021340.0,4930354.0,765048.0
174862,Crown College,MN,NCAA Division III with football,"Private nonprofit, 4-year or above",470141.0,470141.0,52.0,2382.0,123866.0,1.0,5.0,2154077,2090971,66159.0,14254.0,6.0,12.0,17245.0,22278,2023,2022-23,https://ope.ed.gov/athletics/#/datafile/list,0.0,9041.173076923076,346275.0,568002.0,137429.0
177144,Culver-Stockton College,MO,NAIA Division II,"Private nonprofit, 4-year or above",1130092.0,1130092.0,188.0,1145.0,215308.0,1.0,5.0,5130993,5130993,31844.0,20986.0,8.0,9.0,15085.0,30902,2023,2022-23,https://ope.ed.gov/athletics/#/datafile/list,0.0,6011.127659574468,914784.0,443626.0,136774.0
219949,Cumberland University,TN,NAIA Division I,"Private nonprofit, 4-year or above",2256773.0,2221416.0,67.0,3936.0,263689.0,1.0,4.0,11357538,11120614,35508.0,30455.0,12.0,10.0,47461.0,61922,2023,2022-23,https://ope.ed.gov/athletics/#/datafile/list,35357.0,33155.46268656717,1957727.0,730646.0,157328.0
165529,Curry College,MA,NCAA Division III with football,"Private nonprofit, 4-year or above",372361.0,372361.0,85.0,2420.0,205693.0,1.0,8.0,2797360,2797360,24565.0,8876.0,8.0,16.0,23519.0,44720,2023,2022-23,https://ope.ed.gov/athletics/#/datafile/list,0.0,4380.717647058824,166668.0,338536.0,95573.0
219082,Dakota State University,SD,NAIA Division I,"Public, 4-year or above",793656.0,750778.0,103.0,1008.0,103784.0,1.0,6.0,4355873,4078669,33600.0,21656.0,7.0,15.0,28042.0,48487,2023,2022-23,https://ope.ed.gov/athletics/#/datafile/list,42878.0,7289.1067961165045,646994.0,560040.0,163536.0
219091,Dakota Wesleyan University,SD,NAIA Division I,"Private nonprofit, 4-year or above",943676.0,868396.0,56.0,1920.0,107502.0,1.0,3.0,5130701,4629338,52200.0,37550.0,7.0,6.0,37158.0,56456,2023,2022-23,https://ope.ed.gov/athletics/#/datafile/list,75280.0,15507.07142857143,760894.0,590700.0,164850.0
182670,Dartmouth College,NH,NCAA Division I-FCS,"Private nonprofit, 4-year or above",3721003.0,3721003.0,117.0,6947.0,812745.0,1.0,9.0,38642041,38642041,139122.0,73739.0,14.0,33.0,974912.0,1435861,2023,2022-23,https://ope.ed.gov/athletics/#/datafile/list,0.0,31803.444444444445,2908258.0,4381095.0,802773.0
169479,Davenport University,MI,NCAA Division II with football,"Private nonprofit, 4-year or above",2210577.0,2210577.0,139.0,1685.0,234164.0,1.0,10.0,11270119,11270119,47383.0,14865.0,10.0,37.0,114312.0,154232,2023,2022-23,https://ope.ed.gov/athletics/#/datafile/list,0.0,15903.431654676258,1976413.0,1023835.0,196033.0
198385,Davidson College,NC,NCAA Division I-FCS,"Private nonprofit, 4-year or above",1891752.0,2205465.0,101.0,7685.0,776185.0,1.0,9.0,23584891,21612891,144373.0,52846.0,9.0,25.0,308581.0,505505,2023,2022-23,https://ope.ed.gov/athletics/#/datafile/list,-313713.0,21836.287128712873,1429280.0,2620507.0,619987.0
113333,De Anza College,CA,CCCAA,"Public, 2-year",263682.0,257360.0,54.0,1336.0,72146.0,1.0,12.0,2318085,2213584,56997.0,3863.0,7.0,24.0,0.0,0,2023,2022-23,https://ope.ed.gov/athletics/#/datafile/list,6322.0,4765.925925925926,185214.0,491691.0,103353.0
150400,DePauw University,IN,NCAA Division III with football,"Private nonprofit, 4-year or above",989692.0,989692.0,134.0,2800.0,375212.0,1.0,6.0,6179966,6179966,61431.0,26088.0,9.0,18.0,38392.0,71924,2023,2022-23,https://ope.ed.gov/athletics/#/datafile/list,0.0,7385.761194029851,614480.0,1022463.0,217959.0
165574,Dean College,MA,NCAA Division III with football,"Private nonprofit, 4-year or above",467378.0,463607.0,74.0,1679.0,124260.0,1.0,6.0,2474761,2416857,29362.0,10497.0,8.0,15.0,84188.0,95699,2023,2022-23,https://ope.ed.gov/athletics/#/datafile/list,3771.0,6264.959459459459,339347.0,392351.0,92344.0
202514,Defiance College,OH,NCAA Division III with football,"Private nonprofit, 4-year or above",454847.0,450948.0,96.0,868.0,83328.0,1.0,6.0,1956438,1956438,31895.0,15293.0,9.0,17.0,56456.0,78828,2023,2022-23,https://ope.ed.gov/athletics/#/datafile/list,3899.0,4697.375,367620.0,547036.0,123653.0
130934,Delaware State University,DE,NCAA Division I-FCS,"Public, 4-year or above",3060353.0,3060353.0,92.0,4840.0,445324.0,1.0,10.0,15986336,15986336,118944.0,58966.0,4.0,15.0,36036.0,68857,2023,2022-23,https://ope.ed.gov/athletics/#/datafile/list,0.0,33264.70652173913,2615029.0,1360266.0,708604.0
211981,Delaware Valley University,PA,NCAA Division III with football,"Private nonprofit, 4-year or above",568893.0,568893.0,141.0,864.0,121869.0,1.0,7.0,2778681,2778681,42094.0,14638.0,10.0,23.0,25375.0,41905,2023,2022-23,https://ope.ed.gov/athletics/#/datafile/list,0.0,4034.7021276595747,447024.0,757614.0,144560.0
175616,Delta State University,MS,NCAA Division II with football,"Public, 4-year or above",1475661.0,1475661.0,120.0,1782.0,213835.0,1.0,6.0,6139117,6139117,61723.0,45307.0,7.0,10.0,24730.0,50013,2023,2022-23,https://ope.ed.gov/athletics/#/datafile/list,0.0,12297.175,1261826.0,885131.0,333565.0
202523,Denison University,OH,NCAA Division III with football,"Private nonprofit, 4-year or above",636592.0,636592.0,93.0,2245.0,208776.0,1.0,11.0,8329802,8329802,49605.0,16787.0,12.0,33.0,64616.0,98715,2023,2022-23,https://ope.ed.gov/athletics/#/datafile/list,0.0,6845.075268817204,427816.0,1149231.0,234262.0
113634,Diablo Valley College,CA,CCCAA,"Public, 2-year",148413.0,128977.0,88.0,836.0,73569.0,1.0,4.0,1173316,982970,15156.0,2802.0,8.0,15.0,0.0,0,2023,2022-23,https://ope.ed.gov/athletics/#/datafile/list,19436.0,1465.6477272727273,55408.0,163278.0,26364.0
212009,Dickinson College,PA,NCAA Division III with football,"Private nonprofit, 4-year or above",372581.0,329238.0,76.0,971.0,73760.0,1.0,6.0,3607045,3570208,33631.0,8137.0,12.0,26.0,67101.0,99174,2023,2022-23,https://ope.ed.gov/athletics/#/datafile/list,43343.0,4332.078947368421,255478.0,615134.0,82453.0
200059,Dickinson State University,ND,NAIA Division I,"Public, 4-year or above",659096.0,659096.0,122.0,1272.0,155196.0,1.0,4.0,3351838,3351838,24751.0,13422.0,8.0,10.0,15107.0,36395,2023,2022-23,https://ope.ed.gov/athletics/#/datafile/list,0.0,5402.426229508197,503900.0,332228.0,78439.0
181020,Doane University,NE,NAIA Division II,"Private nonprofit, 4-year or above",989151.0,913843.0,126.0,926.0,116704.0,1.0,7.0,8243503,8122539,49132.0,13507.0,10.0,33.0,28023.0,42890,2023,2022-23,https://ope.ed.gov/athletics/#/datafile/list,75308.0,7252.722222222223,797139.0,937051.0,143681.0
154998,Dodge City Community College,KS,NJCAA Division I,"Public, 2-year",710557.0,710557.0,86.0,1434.0,123285.0,1.0,6.0,3842522,3792522,69709.0,38370.0,6.0,8.0,31305.0,53642,2023,2022-23,https://ope.ed.gov/athletics/#/datafile/list,0.0,8262.290697674418,587272.0,725214.0,299929.0
153250,Dordt University,IA,NAIA Division II,"Private nonprofit, 4-year or above",1564276.0,1564276.0,127.0,1433.0,182030.0,1.0,7.0,8146584,8146584,22830.0,11962.0,8.0,21.0,60090.0,104078,2023,2022-23,https://ope.ed.gov/athletics/#/datafile/list,0.0,12317.133858267716,1382246.0,433842.0,106564.0
153269,Drake University,IA,NCAA Division I-FCS,"Private nonprofit, 4-year or above",1435896.0,1435896.0,106.0,6574.0,696839.0,1.0,9.0,19927305,19927305,166033.0,51846.0,6.0,19.0,186277.0,271802,2023,2022-23,https://ope.ed.gov/athletics/#/datafile/list,0.0,13546.188679245282,739057.0,1981272.0,632647.0
198419,Duke University,NC,NCAA Division I-FBS,"Private nonprofit, 4-year or above",60949915.0,39371987.0,116.0,39076.0,4532858.0,1.0,10.0,152509818,150765898,687176.0,209868.0,11.0,36.0,2459555.0,3034403,2023,2022-23,https://ope.ed.gov/athletics/#/datafile/list,21577928.0,339413.6810344828,34839129.0,15114184.0,2785856.0
212106,Duquesne University,PA,NCAA Division I-FCS,"Private nonprofit, 4-year or above",4375587.0,4375587.0,110.0,9138.0,1005230.0,1.0,11.0,26560156,26560156,206834.0,50370.0,6.0,24.0,299665.0,415565,2023,2022-23,https://ope.ed.gov/athletics/#/datafile/list,0.0,39778.06363636364,3370357.0,2449884.0,760904.0
198464,East Carolina University,NC,NCAA Division I-FBS,"Public, 4-year or above",16065184.0,16016102.0,123.0,29239.0,3596351.0,1.0,14.0,60875612,60875612,826541.0,187767.0,5.0,21.0,874234.0,1135107,2023,2022-23,https://ope.ed.gov/athletics/#/datafile/list,49082.0,130212.21138211382,12419751.0,8075812.0,3455279.0
175643,East Central Community College,MS,NJCAA Division II,"Public, 2-year",842818.0,842818.0,59.0,699.0,41237.0,1.0,7.0,3023033,3023033,71867.0,36765.0,6.0,8.0,4226.0,4867,2023,2022-23,https://ope.ed.gov/athletics/#/datafile/list,0.0,14285.050847457627,801581.0,725322.0,329222.0
207041,East Central University,OK,NCAA Division II with football,"Public, 4-year or above",1055314.0,1055314.0,148.0,1750.0,258975.0,1.0,11.0,4032299,4032299,58781.0,21056.0,4.0,14.0,44949.0,51974,2023,2022-23,https://ope.ed.gov/athletics/#/datafile/list,0.0,7130.5,796339.0,529908.0,290397.0
113856,East Los Angeles College,CA,CCCAA,"Public, 2-year",293599.0,205283.0,101.0,666.0,67309.0,1.0,8.0,2538106,1932493,14391.0,11600.0,7.0,20.0,0.0,0,2023,2022-23,https://ope.ed.gov/athletics/#/datafile/list,88316.0,2032.5049504950496,137974.0,332737.0,107191.0
175652,East Mississippi Community College,MS,NJCAA Division I,"Public, 2-year",1179223.0,1179223.0,65.0,3995.0,259687.0,1.0,6.0,3338790,3338790,71462.0,53079.0,5.0,8.0,3846.0,3846,2023,2022-23,https://ope.ed.gov/athletics/#/datafile/list,0.0,18141.89230769231,919536.0,781942.0,389936.0
212115,East Stroudsburg University of Pennsylvania,PA,NCAA Division II with football,"Public, 4-year or above",1237365.0,1160441.0,94.0,1617.0,151993.0,1.0,10.0,11411464,9846051,70252.0,20791.0,7.0,22.0,27865.0,56477,2023,2022-23,https://ope.ed.gov/athletics/#/datafile/list,76924.0,12345.117021276596,1008448.0,949166.0,278162.0
220075,East Tennessee State University,TN,NCAA Division I-FCS,"Public, 4-year or above",4293904.0,4293904.0,121.0,6733.0,814664.0,1.0,11.0,19245116,19245116,123693.0,41308.0,9.0,28.0,230868.0,309921,2023,2022-23,https://ope.ed.gov/athletics/#/datafile/list,0.0,35486.80991735537,3479240.0,2269861.0,578081.0
224527,East Texas Baptist University,TX,NCAA Division III with football,"Private nonprofit, 4-year or above",902263.0,902263.0,142.0,2084.0,295928.0,1.0,9.0,5626190,5626190,52628.0,19064.0,7.0,24.0,67872.0,111937,2023,2022-23,https://ope.ed.gov/athletics/#/datafile/list,0.0,6353.9647887323945,606335.0,825932.0,224204.0
144892,Eastern Illinois University,IL,NCAA Division I-FCS,"Public, 4-year or above",3810938.0,3810938.0,103.0,5471.0,563517.0,1.0,12.0,13853180,13853180,81372.0,39503.0,9.0,24.0,117883.0,173827,2023,2022-23,https://ope.ed.gov/athletics/#/datafile/list,0.0,36999.398058252424,3247421.0,1680420.0,555408.0
156620,Eastern Kentucky University,KY,NCAA Division I-FCS,"Public, 4-year or above",5994389.0,5994389.0,122.0,5170.0,630779.0,1.0,15.0,23088272,23088272,145862.0,58750.0,6.0,22.0,175345.0,267295,2023,2022-23,https://ope.ed.gov/athletics/#/datafile/list,0.0,49134.33606557377,5363610.0,2167672.0,1027112.0
169798,Eastern Michigan University,MI,NCAA Division I-FBS,"Public, 4-year or above",10855585.0,10855585.0,127.0,17435.0,2214204.0,1.0,10.0,35555897,35555897,240968.0,80937.0,5.0,20.0,725388.0,878902,2023,2022-23,https://ope.ed.gov/athletics/#/datafile/list,0.0,85477.04724409449,8641381.0,2823580.0,1050338.0
187648,Eastern New Mexico University-Main Campus,NM,NCAA Division II with football,"Public, 4-year or above",1277424.0,1277424.0,125.0,1445.0,180580.0,1.0,6.0,6614369,6614369,58055.0,26908.0,6.0,12.0,23611.0,53021,2023,2022-23,https://ope.ed.gov/athletics/#/datafile/list,0.0,10219.392,1096844.0,671226.0,219503.0
208646,Eastern Oregon University,OR,NAIA Division I,"Public, 4-year or above",1082408.0,1082408.0,111.0,1989.0,220775.0,1.0,7.0,4704329,4704329,48707.0,12999.0,6.0,14.0,30055.0,43428,2023,2022-23,https://ope.ed.gov/athletics/#/datafile/list,0.0,9751.423423423423,861633.0,474228.0,139700.0
235097,Eastern Washington University,WA,NCAA Division I-FCS,"Public, 4-year or above",6611031.0,6611031.0,117.0,14835.0,1735734.0,1.0,14.0,19263928,19263928,142046.0,44816.0,4.0,23.0,279446.0,381904,2023,2022-23,https://ope.ed.gov/athletics/#/datafile/list,0.0,56504.53846153846,4875297.0,1598952.0,769470.0
133526,Edward Waters University,FL,NCAA Division II with football,"Private nonprofit, 4-year or above",925701.0,925701.0,106.0,2419.0,256368.0,1.0,9.0,5589329,5589329,47000.0,20000.0,5.0,17.0,0.0,0,2023,2022-23,https://ope.ed.gov/athletics/#/datafile/list,0.0,8733.028301886792,669333.0,575000.0,227000.0
113980,El Camino Community College District,CA,CCCAA,"Public, 2-year",223460.0,223160.0,106.0,493.0,52256.0,1.0,14.0,1903299,1820812,35887.0,6741.0,10.0,29.0,0.0,0,2023,2022-23,https://ope.ed.gov/athletics/#/datafile/list,300.0,2105.2830188679245,170904.0,554359.0,130261.0
198507,Elizabeth City State University,NC,NCAA Division II with football,"Public, 4-year or above",821627.0,821403.0,145.0,1567.0,227274.0,1.0,11.0,3785538,3785538,49488.0,19029.0,4.0,17.0,452.0,1544,2023,2022-23,https://ope.ed.gov/athletics/#/datafile/list,224.0,5664.848275862069,594129.0,521445.0,258807.0
153296,Ellsworth Community College,IA,NJCAA Division I,"Public, 2-year",405471.0,404051.0,116.0,1568.0,181945.0,1.0,7.0,1467932,1397825,13378.0,4447.0,4.0,13.0,12528.0,17221,2023,2022-23,https://ope.ed.gov/athletics/#/datafile/list,1420.0,3483.198275862069,222106.0,111323.0,44507.0
144962,Elmhurst University,IL,NCAA Division III with football,"Private nonprofit, 4-year or above",637995.0,637995.0,92.0,1887.0,173637.0,1.0,7.0,4763503,4691989,49797.0,13186.0,9.0,30.0,51633.0,91654,2023,2022-23,https://ope.ed.gov/athletics/#/datafile/list,0.0,6934.728260869565,464358.0,843753.0,142099.0
198516,Elon University,NC,NCAA Division I-FCS,"Private nonprofit, 4-year or above",6771092.0,6771092.0,116.0,7764.0,900640.0,1.0,12.0,33613892,33613892,183710.0,71413.0,7.0,21.0,286561.0,461737,2023,2022-23,https://ope.ed.gov/athletics/#/datafile/list,0.0,58371.48275862069,5870452.0,2785643.0,1040666.0
232025,Emory & Henry College,VA,NCAA Division II with football,"Private nonprofit, 4-year or above",1576952.0,1576952.0,114.0,2006.0,228728.0,1.0,9.0,7631010,7631010,40602.0,26054.0,9.0,19.0,62169.0,101644,2023,2022-23,https://ope.ed.gov/athletics/#/datafile/list,0.0,13832.912280701754,1348224.0,860444.0,275088.0
155025,Emporia State University,KS,NCAA Division II with football,"Public, 4-year or above",1822682.0,1803737.0,119.0,1088.0,129490.0,1.0,9.0,6908772,6902367,76465.0,24066.0,5.0,21.0,70599.0,102161,2023,2022-23,https://ope.ed.gov/athletics/#/datafile/list,18945.0,15157.453781512606,1674247.0,887711.0,293059.0
165699,Endicott College,MA,NCAA Division III with football,"Private nonprofit, 4-year or above",507944.0,507947.0,137.0,1201.0,164586.0,1.0,8.0,4627161,4627161,33320.0,14459.0,10.0,22.0,28113.0,50642,2023,2022-23,https://ope.ed.gov/athletics/#/datafile/list,-3.0,3707.6423357664235,343361.0,651298.0,148992.0
191083,Erie Community College,NY,NJCAA Division III,"Public, 2-year",246941.0,246941.0,87.0,1290.0,112256.0,1.0,6.0,1473874,1472874,21023.0,5883.0,8.0,15.0,385.0,1130,2023,2022-23,https://ope.ed.gov/athletics/#/datafile/list,0.0,2838.402298850575,134685.0,256429.0,56321.0
217998,Erskine College,SC,NCAA Division II with football,"Private nonprofit, 4-year or above",927572.0,927572.0,161.0,2044.0,329026.0,1.0,6.0,7639627,7639627,37950.0,26058.0,10.0,17.0,29991.0,34817,2023,2022-23,https://ope.ed.gov/athletics/#/datafile/list,0.0,5761.316770186336,598546.0,822486.0,194298.0
144971,Eureka College,IL,NCAA Division III with football,"Private nonprofit, 4-year or above",232078.0,232078.0,83.0,1322.0,109739.0,1.0,6.0,1676536,1676536,34681.0,2786.0,7.0,13.0,714.0,2853,2023,2022-23,https://ope.ed.gov/athletics/#/datafile/list,0.0,2796.120481927711,122339.0,278985.0,51397.0
177339,Evangel University,MO,Other,"Private nonprofit, 4-year or above",2824728.0,2824728.0,126.0,2080.0,262026.0,1.0,7.0,11585795,11585795,56138.0,23674.0,7.0,14.0,18791.0,26896,2023,2022-23,https://ope.ed.gov/athletics/#/datafile/list,0.0,22418.47619047619,2562702.0,724402.0,221856.0
184694,Fairleigh Dickinson University-Florham Campus,NJ,NCAA Division III with football,"Private nonprofit, 4-year or above",457918.0,457918.0,135.0,662.0,89355.0,1.0,8.0,4122154,4114179,33229.0,11234.0,10.0,19.0,35124.0,55306,2023,2022-23,https://ope.ed.gov/athletics/#/datafile/list,0.0,3391.9851851851854,368563.0,545736.0,123101.0
237367,Fairmont State University,WV,NCAA Division II with football,"Public, 4-year or above",1225008.0,1211793.0,95.0,1346.0,127891.0,1.0,7.0,6063510,5925057,42002.0,17703.0,8.0,20.0,4817.0,10683,2023,2022-23,https://ope.ed.gov/athletics/#/datafile/list,13215.0,12755.715789473685,1083902.0,690076.0,165923.0
101189,Faulkner University,AL,NAIA Division I,"Private nonprofit, 4-year or above",1603262.0,1603262.0,141.0,2256.0,318065.0,1.0,11.0,7090475,7090475,53700.0,24763.0,6.0,19.0,27436.0,44148,2023,2022-23,https://ope.ed.gov/athletics/#/datafile/list,0.0,11370.652482269503,1285197.0,792697.0,326093.0
198543,Fayetteville State University,NC,NCAA Division II with football,"Public, 4-year or above",1399550.0,1399550.0,100.0,2450.0,245035.0,1.0,8.0,5184770,5184770,51375.0,33424.0,4.0,12.0,0.0,1375,2023,2022-23,https://ope.ed.gov/athletics/#/datafile/list,0.0,13995.5,1154515.0,606588.0,318767.0
114433,Feather River Community College District,CA,CCCAA,"Public, 2-year",271524.0,271524.0,91.0,892.0,81131.0,1.0,8.0,2049192,2049192,76686.0,10131.0,5.0,10.0,9598.0,17792,2023,2022-23,https://ope.ed.gov/athletics/#/datafile/list,0.0,2983.78021978022,190393.0,484740.0,157734.0
169910,Ferris State University,MI,Other,"Public, 4-year or above",2864091.0,2864091.0,138.0,4015.0,554040.0,1.0,13.0,11918809,11918809,90887.0,51924.0,6.0,13.0,48568.0,80265,2023,2022-23,https://ope.ed.gov/athletics/#/datafile/list,0.0,20754.282608695652,2310051.0,1220334.0,765899.0
232089,Ferrum College,VA,NCAA Division III with football,"Private nonprofit, 4-year or above",812523.0,812523.0,156.0,527.0,82182.0,1.0,10.0,4020503,4020503,44528.0,33769.0,10.0,13.0,83870.0,125208,2023,2022-23,https://ope.ed.gov/athletics/#/datafile/list,0.0,5208.4807692307695,730341.0,884277.0,382218.0
165820,Fitchburg State University,MA,NCAA Division III with football,"Public, 4-year or above",135080.0,135080.0,60.0,480.0,28770.0,1.0,8.0,1789911,1744665,11438.0,3829.0,8.0,22.0,9099.0,14623,2023,2022-23,https://ope.ed.gov/athletics/#/datafile/list,0.0,2251.3333333333335,106310.0,175742.0,42070.0
133650,Florida Agricultural and Mechanical University,FL,NCAA Division I-FCS,"Public, 4-year or above",4377898.0,4377898.0,110.0,14096.0,1550567.0,1.0,12.0,13112757,13112757,85564.0,33060.0,6.0,28.0,10162.0,17120,2023,2022-23,https://ope.ed.gov/athletics/#/datafile/list,0.0,39799.07272727273,2827331.0,1439064.0,482284.0
133669,Florida Atlantic University,FL,NCAA Division I-FBS,"Public, 4-year or above",14514971.0,14514971.0,115.0,31282.0,3597455.0,1.0,10.0,39202450,39202450,257599.0,117246.0,8.0,21.0,581180.0,738960,2023,2022-23,https://ope.ed.gov/athletics/#/datafile/list,0.0,126217.13913043478,10917516.0,4522958.0,1430059.0
133951,Florida International University,FL,NCAA Division I-FBS,"Public, 4-year or above",13614332.0,13614332.0,111.0,22166.0,2460450.0,1.0,14.0,41445861,41445861,297358.0,115739.0,5.0,19.0,409607.0,564898,2023,2022-23,https://ope.ed.gov/athletics/#/datafile/list,0.0,122651.63963963964,11153882.0,3685831.0,1917704.0
133979,Florida Memorial University,FL,NAIA Division I,"Private nonprofit, 4-year or above",1154572.0,1154572.0,73.0,2975.0,217210.0,1.0,7.0,4047131,4047131,45500.0,20000.0,6.0,16.0,24869.0,49525,2023,2022-23,https://ope.ed.gov/athletics/#/datafile/list,0.0,15816.054794520547,937362.0,593000.0,185500.0
134097,Florida State University,FL,NCAA Division I-FBS,"Public, 4-year or above",91911513.0,76501138.0,121.0,73346.0,8874852.0,1.0,14.0,170434508,170434508,1090672.0,322706.0,8.0,26.0,1642495.0,2255200,2023,2022-23,https://ope.ed.gov/athletics/#/datafile/list,15410375.0,632240.8099173554,67626286.0,17115732.0,5608556.0
114716,Foothill College,CA,CCCAA,"Public, 2-year",195710.0,195710.0,62.0,622.0,38548.0,1.0,4.0,1073302,1073302,55980.0,3500.0,5.0,8.0,0.0,0,2023,2022-23,https://ope.ed.gov/athletics/#/datafile/list,0.0,3156.6129032258063,157162.0,307900.0,69980.0
191241,Fordham University,NY,NCAA Division I-FCS,"Private nonprofit, 4-year or above",8505080.0,8505080.0,90.0,8329.0,749580.0,1.0,10.0,43971302,43971302,174798.0,64188.0,10.0,25.0,693522.0,846365,2023,2022-23,https://ope.ed.gov/athletics/#/datafile/list,0.0,94500.88888888889,7755500.0,3352680.0,816678.0
155061,Fort Hays State University,KS,NCAA Division II with football,"Public, 4-year or above",2164364.0,2072488.0,154.0,2623.0,403928.0,1.0,10.0,9342119,9301444,67481.0,54408.0,7.0,10.0,179251.0,210562,2023,2022-23,https://ope.ed.gov/athletics/#/datafile/list,91876.0,13457.714285714286,1668560.0,1016447.0,611561.0
127185,Fort Lewis College,CO,NCAA Division II with football,"Public, 4-year or above",1547978.0,1544315.0,108.0,2178.0,235241.0,1.0,7.0,7438783,7408322,68384.0,27288.0,5.0,11.0,37422.0,73023,2023,2022-23,https://ope.ed.gov/athletics/#/datafile/list,3663.0,14299.212962962964,1309074.0,642088.0,259400.0
139719,Fort Valley State University,GA,NCAA Division II with football,"Public, 4-year or above",989831.0,989831.0,83.0,548.0,45469.0,1.0,7.0,3071234,3071234,48129.0,31866.0,6.0,10.0,6689.0,6949,2023,2022-23,https://ope.ed.gov/athletics/#/datafile/list,0.0,11925.674698795181,944362.0,607434.0,271191.0
165866,Framingham State University,MA,NCAA Division III with football,"Public, 4-year or above",279000.0,278111.0,92.0,1498.0,137852.0,1.0,8.0,1339302,1237762,17825.0,5304.0,6.0,18.0,697.0,7828,2023,2022-23,https://ope.ed.gov/athletics/#/datafile/list,889.0,3022.945652173913,140259.0,202422.0,60257.0
150604,Franklin College,IN,NCAA Division III with football,"Private nonprofit, 4-year or above",544404.0,470308.0,119.0,1167.0,138872.0,1.0,11.0,2981117,2619561,27727.0,9389.0,9.0,25.0,10644.0,15084,2023,2022-23,https://ope.ed.gov/athletics/#/datafile/list,74096.0,3952.168067226891,331436.0,484268.0,131006.0
182795,Franklin Pierce University,NH,NCAA Division II with football,"Private nonprofit, 4-year or above",1441487.0,1441487.0,85.0,889.0,75565.0,1.0,6.0,8966894,8966894,64114.0,12677.0,9.0,20.0,35556.0,68423,2023,2022-23,https://ope.ed.gov/athletics/#/datafile/list,0.0,16958.670588235294,1365922.0,830566.0,140176.0
212577,Franklin and Marshall College,PA,NCAA Division III with football,"Private nonprofit, 4-year or above",747291.0,733109.0,88.0,1506.0,132528.0,1.0,7.0,7421014,6991050,52416.0,20978.0,14.0,26.0,85947.0,125635,2023,2022-23,https://ope.ed.gov/athletics/#/datafile/list,14182.0,8330.78409090909,600581.0,1279252.0,199262.0
114789,Fresno City College,CA,CCCAA,"Public, 2-year",624776.0,311744.0,79.0,2845.0,224776.0,1.0,8.0,3894457,3822658,39757.0,3200.0,9.0,28.0,0.0,0,2023,2022-23,https://ope.ed.gov/athletics/#/datafile/list,313032.0,3946.1265822784812,86968.0,447413.0,65357.0
155089,Friends University,KS,NAIA Division I,"Private nonprofit, 4-year or above",1873262.0,1320386.0,127.0,727.0,92362.0,1.0,8.0,10164043,6928120,38898.0,8141.0,10.0,23.0,14630.0,38888,2023,2022-23,https://ope.ed.gov/athletics/#/datafile/list,552876.0,10396.740157480315,1228024.0,576223.0,104026.0
162584,Frostburg State University,MD,NCAA Division II with football,"Public, 4-year or above",1185986.0,1185986.0,150.0,1219.0,182921.0,1.0,10.0,8322968,8322968,49835.0,20680.0,10.0,28.0,33003.0,55490,2023,2022-23,https://ope.ed.gov/athletics/#/datafile/list,0.0,7906.573333333334,1003065.0,1077390.0,256635.0
114859,Fullerton College,CA,CCCAA,"Public, 2-year",267638.0,267638.0,116.0,1186.0,137609.0,1.0,12.0,2453583,2453583,51070.0,6523.0,10.0,36.0,0.0,0,2023,2022-23,https://ope.ed.gov/athletics/#/datafile/list,0.0,2307.2241379310344,130029.0,745528.0,129346.0
218070,Furman University,SC,NCAA Division I-FCS,"Private nonprofit, 4-year or above",8069547.0,8069547.0,115.0,5745.0,660627.0,1.0,10.0,31040151,31040151,196422.0,63105.0,6.0,21.0,263225.0,404421,2023,2022-23,https://ope.ed.gov/athletics/#/datafile/list,0.0,70169.97391304348,7408920.0,2503737.0,827472.0
131450,Gallaudet University,DC,NCAA Division III with football,"Private nonprofit, 4-year or above",422951.0,422951.0,71.0,2457.0,174481.0,1.0,7.0,2739436,2551180,47960.0,9105.0,8.0,19.0,17500.0,35000,2023,2022-23,https://ope.ed.gov/athletics/#/datafile/list,0.0,5957.056338028169,248470.0,556675.0,111695.0
212601,Gannon University,PA,NCAA Division II with football,"Private nonprofit, 4-year or above",2245288.0,2225495.0,112.0,783.0,87720.0,1.0,8.0,11641587,11492955,53938.0,27021.0,9.0,20.0,60788.0,109114,2023,2022-23,https://ope.ed.gov/athletics/#/datafile/list,19793.0,19870.491071428572,2137775.0,1025862.0,270106.0
155104,Garden City Community College,KS,NJCAA Division I,"Public, 2-year",816262.0,816262.0,65.0,1510.0,98125.0,1.0,5.0,4342651,4342651,47914.0,37959.0,8.0,13.0,44542.0,74247,2023,2022-23,https://ope.ed.gov/athletics/#/datafile/list,0.0,12557.876923076923,718137.0,876779.0,237709.0
198561,Gardner-Webb University,NC,NCAA Division I-FCS,"Private nonprofit, 4-year or above",3779828.0,3779828.0,127.0,2959.0,375837.0,1.0,9.0,13954647,13954647,65078.0,34847.0,11.0,27.0,97706.0,144571,2023,2022-23,https://ope.ed.gov/athletics/#/datafile/list,0.0,29762.425196850392,3403991.0,1656727.0,378701.0
114938,Gavilan College,CA,CCCAA,"Public, 2-year",128417.0,114465.0,52.0,909.0,47282.0,1.0,5.0,902043,869316,5817.0,3350.0,3.0,11.0,0.0,0,2023,2022-23,https://ope.ed.gov/athletics/#/datafile/list,13952.0,2201.25,67183.0,54301.0,22567.0
212656,Geneva College,PA,NCAA Division III with football,"Private nonprofit, 4-year or above",468133.0,468133.0,90.0,1357.0,122161.0,1.0,13.0,2293007,2293007,42372.0,8638.0,8.0,22.0,33704.0,48865,2023,2022-23,https://ope.ed.gov/athletics/#/datafile/list,0.0,5201.477777777778,345972.0,529012.0,154666.0
208822,George Fox University,OR,NCAA Division III with football,"Private nonprofit, 4-year or above",1048971.0,986853.0,123.0,2733.0,336202.0,1.0,16.0,5816855,5619089,54504.0,12903.0,8.0,37.0,63779.0,103611,2023,2022-23,https://ope.ed.gov/athletics/#/datafile/list,62118.0,8023.195121951219,650651.0,913443.0,260952.0
156745,Georgetown College,KY,NAIA Division I,"Private nonprofit, 4-year or above",4530704.0,4530704.0,142.0,640.0,90848.0,1.0,12.0,16386679,16386679,47609.0,19485.0,9.0,21.0,28794.0,47214,2023,2022-23,https://ope.ed.gov/athletics/#/datafile/list,0.0,31906.3661971831,4439856.0,837666.0,281429.0
131496,Georgetown University,DC,NCAA Division I-FCS,"Private nonprofit, 4-year or above",2952116.0,3040050.0,101.0,7312.0,738510.0,1.0,11.0,68972755,68972755,580565.0,84992.0,10.0,30.0,997498.0,1158599,2023,2022-23,https://ope.ed.gov/athletics/#/datafile/list,-87934.0,30099.50495049505,2301540.0,8355410.0,1515477.0
139755,Georgia Institute of Technology-Main Campus,GA,NCAA Division I-FBS,"Public, 4-year or above",59509178.0,36173184.0,123.0,80938.0,9955389.0,1.0,10.0,115654077,114155972,1329540.0,257467.0,7.0,26.0,2426709.0,2811581,2023,2022-23,https://ope.ed.gov/athletics/#/datafile/list,23335994.0,294090.9268292683,26217795.0,16000922.0,3904210.0
485111,Georgia Military College,GA,NJCAA Division I,"Public, 2-year",627968.0,627968.0,113.0,1837.0,207533.0,1.0,6.0,1728739,1728739,21810.0,34829.0,4.0,7.0,5402.0,12278,2023,2022-23,https://ope.ed.gov/athletics/#/datafile/list,0.0,5557.238938053098,420435.0,331043.0,230784.0
139931,Georgia Southern University,GA,NCAA Division I-FBS,"Public, 4-year or above",10574849.0,10574849.0,135.0,20105.0,2714118.0,1.0,17.0,35614506,35614506,227586.0,104137.0,6.0,18.0,422610.0,636245,2023,2022-23,https://ope.ed.gov/athletics/#/datafile/list,0.0,78332.21481481481,7860731.0,3239982.0,1997915.0
139940,Georgia State University,GA,NCAA Division I-FBS,"Public, 4-year or above",9227883.0,9227883.0,114.0,17367.0,1979785.0,1.0,10.0,38421792,36803754,270310.0,116927.0,6.0,19.0,459517.0,611562,2023,2022-23,https://ope.ed.gov/athletics/#/datafile/list,0.0,80946.34210526316,7248098.0,3843473.0,1439580.0
212674,Gettysburg College,PA,NCAA Division III with football,"Private nonprofit, 4-year or above",538477.0,538477.0,102.0,1712.0,174620.0,1.0,7.0,4987409,4987409,43530.0,14056.0,10.0,24.0,69229.0,97854,2023,2022-23,https://ope.ed.gov/athletics/#/datafile/list,0.0,5279.186274509804,363857.0,772644.0,141922.0
115001,Glendale Community College,CA,CCCAA,"Public, 2-year",203060.0,203060.0,121.0,391.0,47356.0,1.0,8.0,2774249,2752838,8265.0,5130.0,8.0,22.0,0.0,0,2023,2022-23,https://ope.ed.gov/athletics/#/datafile/list,0.0,1678.1818181818182,155704.0,178980.0,49305.0
237385,Glenville State University,WV,NCAA Division II with football,"Public, 4-year or above",1225291.0,1173549.0,119.0,2291.0,272644.0,1.0,7.0,5331447,5094555,41514.0,28592.0,6.0,15.0,68770.0,164174,2023,2022-23,https://ope.ed.gov/athletics/#/datafile/list,51742.0,9861.75630252101,900905.0,677964.0,241658.0
115126,Golden West College,CA,CCCAA,"Public, 2-year",460461.0,460461.0,90.0,1974.0,177681.0,1.0,11.0,3139732,3139732,43629.0,9646.0,9.0,29.0,0.0,0,2023,2022-23,https://ope.ed.gov/athletics/#/datafile/list,0.0,5116.233333333334,282780.0,672395.0,149735.0
153366,Graceland University-Lamoni,IA,NAIA Division II,"Private nonprofit, 4-year or above",2381478.0,2381478.0,141.0,1361.0,191866.0,1.0,8.0,8160336,8160336,30125.0,20324.0,11.0,19.0,41473.0,69134,2023,2022-23,https://ope.ed.gov/athletics/#/datafile/list,0.0,16889.91489361702,2189612.0,717531.0,192717.0
159009,Grambling State University,LA,NCAA Division I-FCS,"Public, 4-year or above",4627198.0,4627198.0,145.0,8671.0,1257237.0,1.0,11.0,12689321,12689321,168358.0,70645.0,4.0,16.0,204369.0,215467,2023,2022-23,https://ope.ed.gov/athletics/#/datafile/list,0.0,31911.710344827585,3369961.0,1803752.0,945453.0
170082,Grand Valley State University,MI,NCAA Division II with football,"Public, 4-year or above",3709721.0,3301694.0,137.0,5028.0,688830.0,1.0,9.0,19106421,18752440,88123.0,30894.0,7.0,24.0,90263.0,143916,2023,2022-23,https://ope.ed.gov/athletics/#/datafile/list,408027.0,24099.956204379563,2612864.0,1358317.0,366169.0
153375,Grand View University,IA,NAIA Division I,"Private nonprofit, 4-year or above",2213503.0,2213503.0,152.0,1869.0,284083.0,1.0,11.0,10943807,10943807,42938.0,10422.0,10.0,48.0,23714.0,31230,2023,2022-23,https://ope.ed.gov/athletics/#/datafile/list,0.0,14562.519736842105,1929420.0,929636.0,157580.0
198598,Greensboro College,NC,NCAA Division III with football,"Private nonprofit, 4-year or above",283328.0,283328.0,97.0,594.0,57597.0,1.0,12.0,2188199,2188199,31297.0,6062.0,9.0,17.0,18775.0,32653,2023,2022-23,https://ope.ed.gov/athletics/#/datafile/list,0.0,2920.907216494845,225731.0,384727.0,104041.0
145372,Greenville University,IL,NCAA Division III with football,"Private nonprofit, 4-year or above",344484.0,339106.0,103.0,660.0,67958.0,1.0,6.0,2049258,1996275,38070.0,12650.0,7.0,20.0,12395.0,29309,2023,2022-23,https://ope.ed.gov/athletics/#/datafile/list,5378.0,3292.2912621359224,271148.0,519490.0,113970.0
153384,Grinnell College,IA,NCAA Division III with football,"Private nonprofit, 4-year or above",500148.0,500148.0,54.0,2426.0,130990.0,1.0,7.0,4271582,4271582,38935.0,13246.0,10.0,21.0,44932.0,62043,2023,2022-23,https://ope.ed.gov/athletics/#/datafile/list,0.0,9262.0,369158.0,667516.0,131657.0
115296,Grossmont College,CA,CCCAA,"Public, 2-year",49350.0,49350.0,75.0,44.0,3298.0,1.0,2.0,382068,382068,8000.0,4000.0,6.0,7.0,5000.0,11000,2023,2022-23,https://ope.ed.gov/athletics/#/datafile/list,0.0,658.0,46052.0,76000.0,16000.0
198613,Guilford College,NC,NCAA Division III with football,"Private nonprofit, 4-year or above",441505.0,423215.0,120.0,1134.0,136076.0,1.0,9.0,3029380,2910398,46667.0,15077.0,8.0,15.0,14858.0,18955,2023,2022-23,https://ope.ed.gov/athletics/#/datafile/list,18290.0,3526.7916666666665,287139.0,599491.0,182360.0
173647,Gustavus Adolphus College,MN,NCAA Division III with football,"Private nonprofit, 4-year or above",699770.0,699770.0,114.0,1013.0,115434.0,1.0,10.0,5260711,5260711,50681.0,13949.0,9.0,37.0,30577.0,42242,2023,2022-23,https://ope.ed.gov/athletics/#/datafile/list,0.0,6138.333333333333,584336.0,972242.0,190171.0
191515,Hamilton College,NY,NCAA Division III with football,"Private nonprofit, 4-year or above",822562.0,822562.0,81.0,2344.0,189864.0,1.0,9.0,7352753,7352753,61601.0,20437.0,14.0,31.0,63269.0,108897,2023,2022-23,https://ope.ed.gov/athletics/#/datafile/list,0.0,10155.086419753086,632698.0,1495961.0,245534.0
173665,Hamline University,MN,NCAA Division III with football,"Private nonprofit, 4-year or above",428385.0,428385.0,79.0,2169.0,171358.0,1.0,8.0,3960179,3960179,41393.0,8747.0,10.0,29.0,45399.0,78105,2023,2022-23,https://ope.ed.gov/athletics/#/datafile/list,0.0,5422.594936708861,257027.0,667593.0,111369.0
232256,Hampden-Sydney College,VA,NCAA Division III with football,"Private nonprofit, 4-year or above",1012115.0,1012115.0,122.0,1090.0,133017.0,1.0,11.0,4231413,4231413,58493.0,30447.0,9.0,21.0,89058.0,89058,2023,2022-23,https://ope.ed.gov/athletics/#/datafile/list,0.0,8296.024590163934,879098.0,1165824.0,393410.0
232265,Hampton University,VA,NCAA Division I-FCS,"Private nonprofit, 4-year or above",4096671.0,4081171.0,92.0,1773.0,163123.0,1.0,10.0,11287652,11287652,87223.0,45821.0,7.0,23.0,119730.0,273614,2023,2022-23,https://ope.ed.gov/athletics/#/datafile/list,15500.0,44360.55434782609,3918048.0,1664444.0,545433.0
150756,Hanover College,IN,NCAA Division III with football,"Private nonprofit, 4-year or above",485925.0,485925.0,103.0,1022.0,105252.0,1.0,7.0,3377276,3377276,44620.0,19345.0,11.0,14.0,54726.0,92623,2023,2022-23,https://ope.ed.gov/athletics/#/datafile/list,0.0,4717.718446601942,380673.0,761650.0,180035.0
225247,Hardin-Simmons University,TX,NCAA Division III with football,"Private nonprofit, 4-year or above",1076868.0,1064894.0,227.0,1779.0,403854.0,1.0,8.0,4951043,3710889,44461.0,34014.0,9.0,15.0,9757.0,15764,2023,2022-23,https://ope.ed.gov/athletics/#/datafile/list,11974.0,4691.162995594714,661040.0,910359.0,316573.0
107044,Harding University,AR,NCAA Division II with football,"Private nonprofit, 4-year or above",2334793.0,2298900.0,127.0,1199.0,152335.0,1.0,7.0,8531829,8531829,61197.0,47184.0,7.0,11.0,52659.0,67652,2023,2022-23,https://ope.ed.gov/athletics/#/datafile/list,35893.0,18101.574803149608,2146565.0,947403.0,391485.0
115393,Hartnell College,CA,CCCAA,"Public, 2-year",128252.0,121680.0,53.0,1466.0,77680.0,1.0,6.0,1211149,1206329,4644.0,4368.0,7.0,19.0,0.0,0,2023,2022-23,https://ope.ed.gov/athletics/#/datafile/list,6572.0,2295.8490566037735,44000.0,115500.0,30852.0
191533,Hartwick College,NY,NCAA Division III with football,"Private nonprofit, 4-year or above",387161.0,387161.0,117.0,878.0,102719.0,1.0,7.0,2888128,2888128,30727.0,16903.0,8.0,12.0,42113.0,61943,2023,2022-23,https://ope.ed.gov/athletics/#/datafile/list,0.0,3309.068376068376,284442.0,448652.0,149048.0
166027,Harvard University,MA,NCAA Division I-FCS,"Private nonprofit, 4-year or above",4323135.0,4323135.0,115.0,5082.0,584408.0,1.0,9.0,39568660,39568660,158633.0,64867.0,18.0,47.0,967926.0,1550380,2023,2022-23,https://ope.ed.gov/athletics/#/datafile/list,0.0,37592.47826086957,3738727.0,5904143.0,742436.0
181127,Hastings College,NE,NAIA Division II,"Private nonprofit, 4-year or above",1334607.0,1334607.0,125.0,1014.0,126783.0,1.0,6.0,7668051,7668051,43343.0,21606.0,9.0,18.0,29430.0,45967,2023,2022-23,https://ope.ed.gov/athletics/#/datafile/list,0.0,10676.856,1207824.0,778995.0,172979.0
203085,Heidelberg University,OH,NCAA Division III with football,"Private nonprofit, 4-year or above",510179.0,510179.0,156.0,647.0,100900.0,1.0,9.0,2899387,2899387,45979.0,17779.0,8.0,18.0,34252.0,45237,2023,2022-23,https://ope.ed.gov/athletics/#/datafile/list,0.0,3270.378205128205,409279.0,687854.0,205990.0
107071,Henderson State University,AR,NCAA Division II with football,"Public, 4-year or above",1503067.0,1503067.0,136.0,1203.0,163603.0,1.0,6.0,5923277,5923277,49385.0,40682.0,5.0,8.0,28398.0,39007,2023,2022-23,https://ope.ed.gov/athletics/#/datafile/list,0.0,11051.963235294117,1339464.0,572381.0,293477.0
107080,Hendrix College,AR,NCAA Division III with football,"Private nonprofit, 4-year or above",582281.0,582281.0,99.0,2570.0,254474.0,1.0,11.0,3645948,3645948,29338.0,16083.0,9.0,21.0,71759.0,102742,2023,2022-23,https://ope.ed.gov/athletics/#/datafile/list,0.0,5881.626262626262,327807.0,601785.0,206251.0
155186,Highland Community College,KS,NJCAA Division I,"Public, 2-year",638379.0,638379.0,98.0,1004.0,98392.0,1.0,6.0,2353781,2353781,55798.0,27917.0,4.0,8.0,31593.0,46021,2023,2022-23,https://ope.ed.gov/athletics/#/datafile/list,0.0,6514.071428571428,539987.0,446528.0,223300.0
191621,Hilbert College,NY,NCAA Division III with football,"Private nonprofit, 4-year or above",283997.0,283997.0,75.0,1227.0,91992.0,1.0,9.0,2278496,2202931,30516.0,6009.0,9.0,20.0,12161.0,24478,2023,2022-23,https://ope.ed.gov/athletics/#/datafile/list,0.0,3786.6266666666666,192005.0,394824.0,84597.0
175786,Hinds Community College,MS,NJCAA Division I,"Public, 2-year",974863.0,974863.0,65.0,1957.0,127186.0,1.0,6.0,3382499,3382499,44080.0,28133.0,8.0,15.0,5626.0,9522,2023,2022-23,https://ope.ed.gov/athletics/#/datafile/list,0.0,14997.892307692307,847677.0,774635.0,212878.0
203128,Hiram College,OH,NCAA Division III with football,"Private nonprofit, 4-year or above",377770.0,377770.0,84.0,1396.0,117285.0,1.0,6.0,2057216,2057216,43999.0,14691.0,9.0,14.0,39509.0,68629,2023,2022-23,https://ope.ed.gov/athletics/#/datafile/list,0.0,4497.261904761905,260485.0,601665.0,132145.0
191630,Hobart William Smith Colleges,NY,NCAA Division III with football,"Private nonprofit, 4-year or above",669290.0,669290.0,95.0,1862.0,176881.0,1.0,10.0,10105098,10105098,54976.0,29995.0,14.0,22.0,90180.0,163684,2023,2022-23,https://ope.ed.gov/athletics/#/datafile/list,0.0,7045.1578947368425,492409.0,1429554.0,354926.0
203155,Hocking College,OH,NJCAA Division III,"Public, 2-year",249800.0,249800.0,116.0,1091.0,126594.0,1.0,6.0,962830,962830,24400.0,5000.0,4.0,7.0,1520.0,7148,2023,2022-23,https://ope.ed.gov/athletics/#/datafile/list,0.0,2153.448275862069,123206.0,132600.0,54400.0
175810,Holmes Community College,MS,NJCAA Division II,"Public, 2-year",1096939.0,1096939.0,65.0,701.0,45539.0,1.0,7.0,3210281,3210281,73227.0,47919.0,5.0,10.0,13502.0,29070,2023,2022-23,https://ope.ed.gov/athletics/#/datafile/list,0.0,16875.984615384616,1051400.0,845325.0,408660.0
170301,Hope College,MI,NCAA Division III with football,"Private nonprofit, 4-year or above",631094.0,621951.0,109.0,915.0,99695.0,1.0,9.0,4318648,4214121,36985.0,8982.0,10.0,32.0,90069.0,117229,2023,2022-23,https://ope.ed.gov/athletics/#/datafile/list,9143.0,5705.972477064221,522256.0,657274.0,117823.0
225399,Houston Baptist University,TX,NCAA Division I-FCS,"Private nonprofit, 4-year or above",5728645.0,5728645.0,108.0,6279.0,678184.0,1.0,9.0,20167919,20167919,94021.0,73535.0,6.0,16.0,189848.0,260819,2023,2022-23,https://ope.ed.gov/athletics/#/datafile/list,0.0,53043.00925925926,5050461.0,1740686.0,755836.0
225548,Howard Payne University,TX,NCAA Division III with football,"Private nonprofit, 4-year or above",864601.0,763265.0,131.0,1702.0,222992.0,1.0,9.0,3521359,3269070,37308.0,19721.0,6.0,14.0,14788.0,21753,2023,2022-23,https://ope.ed.gov/athletics/#/datafile/list,101336.0,5826.4503816793895,540273.0,499942.0,214797.0
131520,Howard University,DC,NCAA Division I-FCS,"Private nonprofit, 4-year or above",5090021.0,5090021.0,103.0,7136.0,735045.0,1.0,12.0,19119613,19119613,96724.0,44495.0,7.0,19.0,61590.0,93760,2023,2022-23,https://ope.ed.gov/athletics/#/datafile/list,0.0,49417.679611650485,4354976.0,1522473.0,630664.0
191719,Hudson Valley Community College,NY,NJCAA Division III,"Public, 2-year",110190.0,110190.0,82.0,661.0,54189.0,1.0,6.0,1035215,1035215,6152.0,2802.0,9.0,24.0,2046.0,3236,2023,2022-23,https://ope.ed.gov/athletics/#/datafile/list,0.0,1343.780487804878,56001.0,122616.0,22964.0
101435,Huntingdon College,AL,NCAA Division III with football,"Private nonprofit, 4-year or above",761057.0,805244.0,141.0,1583.0,223203.0,1.0,7.0,4201979,4172487,70162.0,29051.0,10.0,16.0,47053.0,84895,2023,2022-23,https://ope.ed.gov/athletics/#/datafile/list,-44187.0,5710.9503546099295,582041.0,1166436.0,273519.0
487524,Husson University,ME,NCAA Division III with football,"Private nonprofit, 4-year or above",549161.0,524932.0,103.0,2389.0,246065.0,1.0,9.0,4113238,4113238,21745.0,7672.0,11.0,30.0,64521.0,104081,2023,2022-23,https://ope.ed.gov/athletics/#/datafile/list,24229.0,5096.42718446602,278867.0,469355.0,90793.0
155195,Hutchinson Community College,KS,NJCAA Division I,"Public, 2-year",1176136.0,1176136.0,109.0,1339.0,145898.0,1.0,9.0,4567200,4567200,55018.0,39033.0,6.0,16.0,73102.0,95523,2023,2022-23,https://ope.ed.gov/athletics/#/datafile/list,0.0,10790.238532110092,1030238.0,954636.0,406315.0
142276,Idaho State University,ID,NCAA Division I-FCS,"Public, 4-year or above",4944754.0,4944754.0,108.0,9181.0,991515.0,1.0,12.0,15560263,15560263,85186.0,50030.0,5.0,18.0,215342.0,363406,2023,2022-23,https://ope.ed.gov/athletics/#/datafile/list,0.0,45784.75925925926,3953239.0,1326470.0,685546.0
145691,Illinois College,IL,NCAA Division III with football,"Private nonprofit, 4-year or above",535309.0,535309.0,108.0,897.0,96917.0,1.0,13.0,3084017,3084017,36068.0,14572.0,8.0,21.0,57150.0,100829,2023,2022-23,https://ope.ed.gov/athletics/#/datafile/list,0.0,4956.564814814815,438392.0,594556.0,225504.0
145813,Illinois State University,IL,NCAA Division I-FCS,"Public, 4-year or above",4797676.0,4797676.0,116.0,5495.0,637459.0,1.0,10.0,29887805,29781160,219771.0,70505.0,6.0,20.0,250989.0,398482,2023,2022-23,https://ope.ed.gov/athletics/#/datafile/list,0.0,41359.275862068964,4160217.0,2728726.0,924821.0
145646,Illinois Wesleyan University,IL,NCAA Division III with football,"Private nonprofit, 4-year or above",564940.0,564940.0,135.0,1671.0,225596.0,1.0,8.0,4333667,4333667,44124.0,10013.0,11.0,33.0,57554.0,95413,2023,2022-23,https://ope.ed.gov/athletics/#/datafile/list,0.0,4184.740740740741,339344.0,815793.0,124228.0
155201,Independence Community College,KS,NJCAA Division I,"Public, 2-year",710719.0,710719.0,69.0,1091.0,75259.0,1.0,8.0,2260377,2260377,73840.0,32458.0,2.0,8.0,9490.0,13305,2023,2022-23,https://ope.ed.gov/athletics/#/datafile/list,0.0,10300.27536231884,635460.0,407344.0,333504.0
151324,Indiana State University,IN,NCAA Division I-FCS,"Public, 4-year or above",4199172.0,4199172.0,115.0,6898.0,793284.0,1.0,10.0,19354786,18886035,185088.0,66421.0,4.0,23.0,248249.0,355094,2023,2022-23,https://ope.ed.gov/athletics/#/datafile/list,0.0,36514.53913043478,3405888.0,2268035.0,849298.0
213020,Indiana University of Pennsylvania-Main Campus,PA,NCAA Division II with football,"Public, 4-year or above",1826251.0,1744477.0,98.0,2630.0,257755.0,1.0,7.0,8125454,7950295,90891.0,39167.0,6.0,13.0,48758.0,81754,2023,2022-23,https://ope.ed.gov/athletics/#/datafile/list,81774.0,17800.785714285714,1486722.0,1054517.0,365060.0
151351,Indiana University-Bloomington,IN,NCAA Division I-FBS,"Public, 4-year or above",53493281.0,33934187.0,127.0,62553.0,7944239.0,1.0,12.0,143221485,126886128,904973.0,226933.0,10.0,32.0,1888360.0,2505423,2023,2022-23,https://ope.ed.gov/athletics/#/datafile/list,19559094.0,267198.3228346457,25989948.0,16311586.0,3628169.0
151801,Indiana Wesleyan University-Marion,IN,NAIA Division II,"Private nonprofit, 4-year or above",1943068.0,1850573.0,123.0,2873.0,353424.0,1.0,13.0,11566284,9251833,33752.0,14203.0,10.0,32.0,32356.0,57463,2023,2022-23,https://ope.ed.gov/athletics/#/datafile/list,92495.0,15045.30894308943,1497149.0,792016.0,218391.0
153524,Iowa Central Community College,IA,NJCAA Division II,"Public, 2-year",549418.0,549418.0,195.0,956.0,186364.0,1.0,8.0,3975248,3975248,10541.0,3721.0,13.0,31.0,32287.0,53334,2023,2022-23,https://ope.ed.gov/athletics/#/datafile/list,0.0,2817.528205128205,363054.0,252384.0,40309.0
153603,Iowa State University,IA,NCAA Division I-FBS,"Public, 4-year or above",53241854.0,27730152.0,134.0,41205.0,5521507.0,1.0,10.0,93048114,92987544,1486534.0,357082.0,5.0,21.0,1121854.0,1595763,2023,2022-23,https://ope.ed.gov/athletics/#/datafile/list,25511702.0,206941.4328358209,22208645.0,14931392.0,5057354.0
153630,Iowa Western Community College,IA,NJCAA Division I,"Public, 2-year",1155989.0,1155989.0,144.0,1238.0,178200.0,1.0,12.0,7905551,7905551,47504.0,17559.0,10.0,32.0,46086.0,92168,2023,2022-23,https://ope.ed.gov/athletics/#/datafile/list,0.0,8027.701388888889,977789.0,1036928.0,258212.0
175829,Itawamba Community College,MS,NJCAA Division II,"Public, 2-year",673601.0,673601.0,59.0,1370.0,80832.0,1.0,5.0,2671694,2671694,66336.0,41310.0,6.0,9.0,4054.0,6112,2023,2022-23,https://ope.ed.gov/athletics/#/datafile/list,0.0,11416.966101694916,592769.0,769806.0,272886.0
191968,Ithaca College,NY,NCAA Division III with football,"Private nonprofit, 4-year or above",718656.0,718656.0,125.0,2009.0,251107.0,1.0,5.0,7170263,7170263,45920.0,19045.0,13.0,21.0,68346.0,118479,2023,2022-23,https://ope.ed.gov/athletics/#/datafile/list,0.0,5749.248,467549.0,996905.0,141145.0
175856,Jackson State University,MS,NCAA Division I-FCS,"Public, 4-year or above",2303896.0,2303896.0,153.0,1399.0,214026.0,1.0,10.0,9967698,9967698,136288.0,58216.0,5.0,18.0,40012.0,67355,2023,2022-23,https://ope.ed.gov/athletics/#/datafile/list,0.0,15058.143790849674,2089870.0,1729328.0,718448.0
101480,Jacksonville State University,AL,NCAA Division I-FCS,"Public, 4-year or above",8336109.0,8336109.0,119.0,9277.0,1103922.0,1.0,10.0,22159540,22159540,218671.0,84072.0,6.0,17.0,462657.0,555092,2023,2022-23,https://ope.ed.gov/athletics/#/datafile/list,0.0,70051.33613445378,7232187.0,2741250.0,1059391.0
232423,James Madison University,VA,NCAA Division I-FCS,"Public, 4-year or above",11387346.0,11387346.0,115.0,14331.0,1648098.0,1.0,10.0,57767541,57767541,284377.0,100287.0,6.0,19.0,390349.0,636528,2023,2022-23,https://ope.ed.gov/athletics/#/datafile/list,0.0,99020.4,9739248.0,3611715.0,1287247.0
203368,John Carroll University,OH,NCAA Division III with football,"Private nonprofit, 4-year or above",690187.0,690187.0,141.0,1700.0,239651.0,1.0,12.0,4597835,4597835,47352.0,15487.0,10.0,25.0,15048.0,34883,2023,2022-23,https://ope.ed.gov/athletics/#/datafile/list,0.0,4894.943262411348,450536.0,860695.0,233196.0
162928,Johns Hopkins University,MD,Other,"Private nonprofit, 4-year or above",917020.0,917020.0,96.0,1111.0,106644.0,1.0,9.0,15974055,15063341,90452.0,23096.0,11.0,33.0,119271.0,210752,2023,2022-23,https://ope.ed.gov/athletics/#/datafile/list,0.0,9552.291666666666,810376.0,1757140.0,298316.0
198756,Johnson C Smith University,NC,NCAA Division II with football,"Private nonprofit, 4-year or above",1088425.0,1017369.0,94.0,499.0,46914.0,1.0,6.0,3569151,3349590,31868.0,26310.0,7.0,11.0,482.0,2269,2023,2022-23,https://ope.ed.gov/athletics/#/datafile/list,71056.0,10823.074468085106,970455.0,512486.0,189728.0
175883,Jones County Junior College,MS,NJCAA Division I,"Public, 2-year",1335655.0,1335655.0,63.0,2743.0,172802.0,1.0,6.0,4446359,4446359,81912.0,64943.0,6.0,11.0,3507.0,4696,2023,2022-23,https://ope.ed.gov/athletics/#/datafile/list,0.0,21200.873015873014,1162853.0,1205845.0,471570.0
146339,Judson University,IL,NAIA Division I,"Private nonprofit, 4-year or above",1420656.0,1420656.0,98.0,651.0,63839.0,1.0,14.0,5857681,5699290,29145.0,8933.0,10.0,29.0,17195.0,18579,2023,2022-23,https://ope.ed.gov/athletics/#/datafile/list,0.0,14496.489795918367,1356817.0,550507.0,154207.0
213251,Juniata College,PA,NCAA Division III with football,"Private nonprofit, 4-year or above",437441.0,403447.0,72.0,1073.0,77264.0,1.0,8.0,3577777,3342720,43195.0,9734.0,12.0,23.0,56301.0,93178,2023,2022-23,https://ope.ed.gov/athletics/#/datafile/list,33994.0,5603.430555555556,326183.0,742222.0,121067.0
170532,Kalamazoo College,MI,NCAA Division III with football,"Private nonprofit, 4-year or above",513677.0,513677.0,75.0,2295.0,172161.0,1.0,9.0,3264402,3264402,57198.0,15298.0,9.0,18.0,52006.0,64046,2023,2022-23,https://ope.ed.gov/athletics/#/datafile/list,0.0,6849.026666666667,341516.0,790146.0,194880.0
155399,Kansas State University,KS,NCAA Division I-FBS,"Public, 4-year or above",51902103.0,27024451.0,123.0,32650.0,4015989.0,1.0,10.0,102332761,96925648,1546841.0,357200.0,5.0,20.0,1266318.0,1677120,2023,2022-23,https://ope.ed.gov/athletics/#/datafile/list,24877652.0,219710.9837398374,23008462.0,14878205.0,5118841.0
155414,Kansas Wesleyan University,KS,NAIA Division I,"Private nonprofit, 4-year or above",2571566.0,2548314.0,143.0,707.0,101083.0,1.0,7.0,13096537,12987981,38330.0,22040.0,10.0,16.0,43071.0,70483,2023,2022-23,https://ope.ed.gov/athletics/#/datafile/list,23252.0,17820.377622377622,2447231.0,735940.0,192610.0
185262,Kean University,NJ,NCAA Division III with football,"Public, 4-year or above",475623.0,475623.0,93.0,2435.0,226420.0,1.0,8.0,4621183,4621183,80623.0,7600.0,7.0,31.0,15051.0,34138,2023,2022-23,https://ope.ed.gov/athletics/#/datafile/list,0.0,5114.225806451613,249203.0,799961.0,141423.0
135081,Keiser University-Ft Lauderdale,FL,NAIA Division II,"Private nonprofit, 4-year or above",3744931.0,3258107.0,132.0,6557.0,865517.0,1.0,10.0,16750591,15913702,62573.0,26195.0,11.0,27.0,35211.0,53243,2023,2022-23,https://ope.ed.gov/athletics/#/datafile/list,486824.0,24682.628787878788,2392590.0,1395568.0,324523.0
486840,Kennesaw State University,GA,NCAA Division I-FCS,"Public, 4-year or above",6895203.0,6895203.0,118.0,11140.0,1314538.0,1.0,10.0,30783810,30783810,148514.0,62585.0,7.0,21.0,211870.0,322398,2023,2022-23,https://ope.ed.gov/athletics/#/datafile/list,0.0,58433.92372881356,5580665.0,2353883.0,774364.0
203517,Kent State University at Kent,OH,NCAA Division I-FBS,"Public, 4-year or above",9032538.0,9032538.0,106.0,26213.0,2778572.0,1.0,10.0,33308164,33308164,205916.0,80312.0,6.0,22.0,585092.0,769645,2023,2022-23,https://ope.ed.gov/athletics/#/datafile/list,0.0,85212.62264150943,6253966.0,3002360.0,1009036.0
157100,Kentucky Christian University,KY,NAIA Division I,"Private nonprofit, 4-year or above",1750116.0,1750116.0,125.0,1517.0,189622.0,1.0,9.0,5354899,5354899,32036.0,15575.0,6.0,8.0,16016.0,33185,2023,2022-23,https://ope.ed.gov/athletics/#/datafile/list,0.0,14000.928,1560494.0,316816.0,172211.0
157058,Kentucky State University,KY,NCAA Division II with football,"Public, 4-year or above",1581152.0,1581152.0,92.0,2000.0,183976.0,1.0,3.0,4787268,4787268,73724.0,38094.0,8.0,9.0,0.0,0,2023,2022-23,https://ope.ed.gov/athletics/#/datafile/list,0.0,17186.434782608696,1397176.0,932638.0,188006.0
157076,Kentucky Wesleyan College,KY,NCAA Division II with football,"Private nonprofit, 4-year or above",1522618.0,1476337.0,129.0,1480.0,190940.0,1.0,13.0,6784091,6687011,37384.0,13243.0,9.0,26.0,28661.0,39148,2023,2022-23,https://ope.ed.gov/athletics/#/datafile/list,46281.0,11444.472868217053,1285397.0,680774.0,209543.0
203535,Kenyon College,OH,NCAA Division III with football,"Private nonprofit, 4-year or above",359449.0,359449.0,58.0,1411.0,81857.0,1.0,7.0,3461509,3461509,37673.0,15033.0,11.0,22.0,47691.0,94601,2023,2022-23,https://ope.ed.gov/athletics/#/datafile/list,0.0,6197.396551724138,277592.0,745129.0,142904.0
213303,Keystone College,PA,NCAA Division III with football,"Private nonprofit, 4-year or above",435258.0,435258.0,105.0,1801.0,189103.0,1.0,8.0,1955964,1955964,35313.0,15429.0,8.0,15.0,22411.0,29290,2023,2022-23,https://ope.ed.gov/athletics/#/datafile/list,0.0,4145.314285714286,246155.0,513939.0,158745.0
226019,Kilgore College,TX,NJCAA Division I,"Public, 2-year",573860.0,573860.0,73.0,380.0,27751.0,1.0,6.0,1384346,1384346,74835.0,18643.0,2.0,7.0,17056.0,24267,2023,2022-23,https://ope.ed.gov/athletics/#/datafile/list,0.0,7861.095890410959,546109.0,280171.0,186693.0
213321,King's College,PA,NCAA Division III with football,"Private nonprofit, 4-year or above",476138.0,476138.0,125.0,785.0,98063.0,1.0,9.0,2927736,2927736,40701.0,9391.0,12.0,25.0,40248.0,54174,2023,2022-23,https://ope.ed.gov/athletics/#/datafile/list,0.0,3809.104,378075.0,723187.0,125220.0
146427,Knox College,IL,NCAA Division III with football,"Private nonprofit, 4-year or above",610950.0,610950.0,67.0,2465.0,165163.0,1.0,5.0,4435728,4435728,31174.0,15692.0,9.0,12.0,38862.0,60267,2023,2022-23,https://ope.ed.gov/athletics/#/datafile/list,0.0,9118.65671641791,445787.0,468870.0,109634.0
213349,Kutztown University of Pennsylvania,PA,NCAA Division II with football,"Public, 4-year or above",1245158.0,1126943.0,105.0,1180.0,123866.0,1.0,10.0,8831429,8831429,75650.0,30524.0,6.0,16.0,18791.0,46204,2023,2022-23,https://ope.ed.gov/athletics/#/datafile/list,118215.0,10732.790476190476,1003077.0,942284.0,380890.0
140234,LaGrange College,GA,NCAA Division III with football,"Private nonprofit, 4-year or above",351477.0,351477.0,118.0,900.0,106155.0,1.0,5.0,2624805,2624805,44303.0,18471.0,8.0,7.0,28560.0,41589,2023,2022-23,https://ope.ed.gov/athletics/#/datafile/list,0.0,2978.6186440677966,245322.0,483721.0,136658.0
213376,Lackawanna College,PA,NJCAA Division II,"Private nonprofit, 2-year",637172.0,637172.0,128.0,2261.0,289451.0,1.0,8.0,1874648,1874648,29348.0,10109.0,5.0,14.0,13246.0,19780,2023,2022-23,https://ope.ed.gov/athletics/#/datafile/list,0.0,4977.90625,347721.0,288266.0,110220.0
213385,Lafayette College,PA,NCAA Division I-FCS,"Private nonprofit, 4-year or above",7772067.0,7772067.0,88.0,8483.0,746525.0,1.0,10.0,29931805,29931805,117957.0,51294.0,9.0,24.0,405839.0,555031,2023,2022-23,https://ope.ed.gov/athletics/#/datafile/list,0.0,88318.94318181818,7025542.0,2292669.0,630897.0
203580,Lake Erie College,OH,NCAA Division II with football,"Private nonprofit, 4-year or above",1389516.0,1389516.0,135.0,1642.0,221680.0,1.0,11.0,7153399,7153399,39558.0,8965.0,9.0,23.0,15932.0,22722,2023,2022-23,https://ope.ed.gov/athletics/#/datafile/list,0.0,10292.711111111112,1167836.0,562217.0,138173.0
146481,Lake Forest College,IL,NCAA Division III with football,"Private nonprofit, 4-year or above",496801.0,496801.0,103.0,1060.0,109156.0,1.0,15.0,4136570,4136570,32239.0,11377.0,11.0,27.0,56442.0,83637,2023,2022-23,https://ope.ed.gov/athletics/#/datafile/list,0.0,4823.310679611651,387645.0,661808.0,202894.0
238980,Lakeland University,WI,NCAA Division III with football,"Private nonprofit, 4-year or above",364248.0,378958.0,69.0,1519.0,104830.0,1.0,8.0,2778266,2778266,31771.0,15800.0,10.0,17.0,30817.0,52006,2023,2022-23,https://ope.ed.gov/athletics/#/datafile/list,-14710.0,5492.144927536232,274128.0,586310.0,158171.0
226091,Lamar University,TX,NCAA Division I-FCS,"Public, 4-year or above",5052565.0,5052565.0,119.0,7730.0,919859.0,1.0,11.0,21287614,21287614,145385.0,66273.0,6.0,19.0,155342.0,284264,2023,2022-23,https://ope.ed.gov/athletics/#/datafile/list,0.0,42458.529411764706,4132706.0,2131497.0,874388.0
220598,Lane College,TN,NCAA Division II with football,"Private nonprofit, 4-year or above",1102575.0,1102575.0,123.0,2292.0,281916.0,1.0,7.0,3552978,3552978,42689.0,39055.0,6.0,9.0,5748.0,8337,2023,2022-23,https://ope.ed.gov/athletics/#/datafile/list,0.0,8964.024390243903,820659.0,607629.0,316074.0
117247,Laney College,CA,CCCAA,"Public, 2-year",117446.0,117446.0,77.0,797.0,61360.0,1.0,12.0,521955,521955,9081.0,3173.0,2.0,16.0,0.0,0,2023,2022-23,https://ope.ed.gov/athletics/#/datafile/list,0.0,1525.2727272727273,56086.0,68930.0,47157.0
207209,Langston University,OK,NAIA Division I,"Public, 4-year or above",821620.0,821620.0,85.0,504.0,42850.0,1.0,9.0,2680647,2680647,79108.0,21301.0,3.0,13.0,25000.0,33000,2023,2022-23,https://ope.ed.gov/athletics/#/datafile/list,0.0,9666.117647058823,778770.0,514237.0,270817.0
170675,Lawrence Technological University,MI,NAIA Division I,"Private nonprofit, 4-year or above",1968155.0,2850539.0,106.0,5342.0,566295.0,1.0,15.0,11577450,11577450,38132.0,10161.0,13.0,39.0,30161.0,46843,2023,2022-23,https://ope.ed.gov/athletics/#/datafile/list,-882384.0,26891.877358490565,2284244.0,891995.0,190547.0
239017,Lawrence University,WI,NCAA Division III with football,"Private nonprofit, 4-year or above",424495.0,424495.0,36.0,1119.0,40266.0,1.0,5.0,3414975,3414975,51777.0,10225.0,9.0,24.0,44643.0,72706,2023,2022-23,https://ope.ed.gov/athletics/#/datafile/list,0.0,11791.527777777777,384229.0,711393.0,102902.0
213507,Lebanon Valley College,PA,NCAA Division III with football,"Private nonprofit, 4-year or above",403444.0,402388.0,112.0,1312.0,146948.0,1.0,12.0,3931315,3826955,34969.0,5632.0,12.0,35.0,52718.0,80201,2023,2022-23,https://ope.ed.gov/athletics/#/datafile/list,1056.0,3592.75,255440.0,616748.0,102553.0
213543,Lehigh University,PA,NCAA Division I-FCS,"Private nonprofit, 4-year or above",6626397.0,6626397.0,93.0,6760.0,628695.0,1.0,10.0,41551436,41551436,119406.0,52425.0,12.0,29.0,370161.0,561128,2023,2022-23,https://ope.ed.gov/athletics/#/datafile/list,0.0,71251.58064516129,5997702.0,2953197.0,643656.0
198835,Lenoir-Rhyne University,NC,NCAA Division II with football,"Private nonprofit, 4-year or above",2345241.0,2345241.0,139.0,1088.0,151174.0,1.0,9.0,13899098,13899098,63463.0,25436.0,9.0,25.0,52285.0,86337,2023,2022-23,https://ope.ed.gov/athletics/#/datafile/list,0.0,16872.237410071943,2194067.0,1207067.0,292387.0
209056,Lewis & Clark College,OR,NCAA Division III with football,"Private nonprofit, 4-year or above",551001.0,551001.0,70.0,2574.0,180180.0,1.0,13.0,3787908,3787908,31869.0,10391.0,10.0,27.0,17538.0,37704,2023,2022-23,https://ope.ed.gov/athletics/#/datafile/list,0.0,7871.442857142857,370821.0,599247.0,166952.0
232557,Liberty University,VA,NCAA Division I-FBS,"Private nonprofit, 4-year or above",22944047.0,22944047.0,116.0,40474.0,4695001.0,1.0,10.0,62539066,62539066,952724.0,173795.0,7.0,23.0,1081383.0,1439862,2023,2022-23,https://ope.ed.gov/athletics/#/datafile/list,0.0,197793.50862068965,18249046.0,10666353.0,2690674.0
218238,Limestone University,SC,NCAA Division II with football,"Private nonprofit, 4-year or above",1786550.0,1786550.0,180.0,946.0,170270.0,1.0,8.0,11184418,11184418,52257.0,34108.0,10.0,20.0,76708.0,116325,2023,2022-23,https://ope.ed.gov/athletics/#/datafile/list,0.0,9925.277777777777,1616280.0,1204730.0,325121.0
213598,Lincoln University,PA,NCAA Division II with football,"Public, 4-year or above",790779.0,790779.0,86.0,1502.0,129158.0,1.0,9.0,4258084,4258084,58611.0,18246.0,4.0,14.0,57694.0,76800,2023,2022-23,https://ope.ed.gov/athletics/#/datafile/list,0.0,9195.10465116279,661621.0,489888.0,222825.0
177940,Lincoln University,MO,NCAA Division II with football,"Public, 4-year or above",1140574.0,1122495.0,118.0,1568.0,185053.0,1.0,6.0,5758529,5622130,66330.0,36235.0,4.0,8.0,36287.0,48420,2023,2022-23,https://ope.ed.gov/athletics/#/datafile/list,18079.0,9512.669491525423,937442.0,555200.0,283740.0
177968,Lindenwood University,MO,NCAA Division I-FCS,"Private nonprofit, 4-year or above",3270875.0,3270875.0,103.0,3449.0,355249.0,1.0,12.0,19951519,19951519,72643.0,38765.0,12.0,33.0,144610.0,249347,2023,2022-23,https://ope.ed.gov/athletics/#/datafile/list,0.0,31756.06796116505,2915626.0,2150961.0,537823.0
157216,Lindsey Wilson College,KY,NAIA Division I,"Private nonprofit, 4-year or above",1713650.0,1705911.0,165.0,1357.0,223879.0,1.0,9.0,10260706,10221523,35628.0,18348.0,11.0,24.0,34598.0,62564,2023,2022-23,https://ope.ed.gov/athletics/#/datafile/list,7739.0,10338.854545454546,1482032.0,832260.0,200760.0
209065,Linfield University,OR,NCAA Division III with football,"Private nonprofit, 4-year or above",1191045.0,784414.0,125.0,2644.0,330483.0,1.0,11.0,6699911,4926932,38447.0,16069.0,11.0,32.0,21875.0,72583,2023,2022-23,https://ope.ed.gov/athletics/#/datafile/list,406631.0,6275.312,453931.0,937125.0,215206.0
198862,Livingstone College,NC,NCAA Division II with football,"Private nonprofit, 4-year or above",918131.0,918131.0,102.0,381.0,38876.0,1.0,8.0,3132051,3132051,33571.0,27540.0,6.0,7.0,10767.0,13349,2023,2022-23,https://ope.ed.gov/athletics/#/datafile/list,0.0,9001.28431372549,879255.0,394206.0,253891.0
117645,Long Beach City College,CA,CCCAA,"Public, 2-year",537846.0,539972.0,76.0,554.0,42076.0,1.0,12.0,4379844,4300262,66528.0,11732.0,9.0,35.0,0.0,0,2023,2022-23,https://ope.ed.gov/athletics/#/datafile/list,-2126.0,7104.894736842105,497896.0,1009372.0,207312.0
192448,Long Island University,NY,NCAA Division I-FCS,"Private nonprofit, 4-year or above",5670402.0,5670402.0,108.0,8545.0,922812.0,1.0,13.0,42527621,42527621,119365.0,49059.0,15.0,39.0,337844.0,518028,2023,2022-23,https://ope.ed.gov/athletics/#/datafile/list,0.0,52503.72222222222,4747590.0,3703776.0,757132.0
153825,Loras College,IA,NCAA Division III with football,"Private nonprofit, 4-year or above",629765.0,629765.0,105.0,1285.0,134943.0,1.0,7.0,5164172,5164172,35483.0,11030.0,12.0,43.0,56743.0,84560,2023,2022-23,https://ope.ed.gov/athletics/#/datafile/list,0.0,5997.761904761905,494822.0,900086.0,112693.0
117706,Los Angeles Pierce College,CA,CCCAA,"Public, 2-year",126492.0,126492.0,43.0,1134.0,48775.0,1.0,5.0,1282600,1224253,15832.0,12377.0,5.0,13.0,0.0,0,2023,2022-23,https://ope.ed.gov/athletics/#/datafile/list,0.0,2941.6744186046512,77717.0,240061.0,77717.0
117715,Los Angeles Southwest College,CA,CCCAA,"Public, 2-year",166482.0,166482.0,72.0,789.0,56794.0,1.0,7.0,369538,369538,16240.0,12540.0,2.0,10.0,0.0,0,2023,2022-23,https://ope.ed.gov/athletics/#/datafile/list,0.0,2312.25,109688.0,157880.0,104020.0
117733,Los Angeles Valley College,CA,CCCAA,"Public, 2-year",128374.0,142749.0,74.0,579.0,42873.0,1.0,6.0,745603,744869,28000.0,10406.0,5.0,14.0,0.0,0,2023,2022-23,https://ope.ed.gov/athletics/#/datafile/list,-14375.0,1929.0405405405406,99876.0,285684.0,90436.0
117894,Los Medanos College,CA,CCCAA,"Public, 2-year",152808.0,152808.0,61.0,258.0,15708.0,1.0,9.0,947153,947153,32510.0,2933.0,3.0,13.0,0.0,0,2023,2022-23,https://ope.ed.gov/athletics/#/datafile/list,0.0,2505.0491803278687,137100.0,135659.0,58907.0
198871,Louisburg College,NC,NJCAA Division II,"Private nonprofit, 2-year",221051.0,221051.0,100.0,502.0,50200.0,1.0,6.0,1788086,1788086,37600.0,15100.0,5.0,10.0,4700.0,8146,2023,2022-23,https://ope.ed.gov/athletics/#/datafile/list,0.0,2210.51,170851.0,339000.0,128200.0
159568,Louisiana Christian University,LA,NAIA Division I,"Private nonprofit, 4-year or above",1283526.0,1283526.0,140.0,2306.0,322788.0,1.0,11.0,4696457,4696457,37236.0,16004.0,5.0,16.0,60107.0,71938,2023,2022-23,https://ope.ed.gov/athletics/#/datafile/list,0.0,9168.042857142857,960738.0,442244.0,213280.0
159391,Louisiana State University and Agricultural & Mechanical College,LA,NCAA Division I-FBS,"Public, 4-year or above",105677694.0,56436394.0,118.0,42540.0,5019770.0,1.0,10.0,200476979,199111003,1805729.0,535970.0,8.0,26.0,3288656.0,4526911,2023,2022-23,https://ope.ed.gov/athletics/#/datafile/list,49241300.0,478274.5254237288,51416624.0,28381052.0,7165429.0
159647,Louisiana Tech University,LA,NCAA Division I-FBS,"Public, 4-year or above",10897898.0,10897898.0,110.0,15601.0,1716137.0,1.0,10.0,27808448,27808448,346873.0,99365.0,5.0,18.0,566456.0,713366,2023,2022-23,https://ope.ed.gov/athletics/#/datafile/list,0.0,99071.8,9181761.0,3522935.0,1340523.0
153834,Luther College,IA,NCAA Division III with football,"Private nonprofit, 4-year or above",524393.0,524893.0,67.0,561.0,37615.0,1.0,6.0,4692342,4642101,39794.0,14816.0,9.0,27.0,70752.0,88449,2023,2022-23,https://ope.ed.gov/athletics/#/datafile/list,-500.0,7834.223880597015,487278.0,758178.0,128690.0
213668,Lycoming College,PA,NCAA Division III with football,"Private nonprofit, 4-year or above",820745.0,699400.0,104.0,985.0,102406.0,1.0,11.0,4065379,3329586,42934.0,10993.0,10.0,26.0,66801.0,88973,2023,2022-23,https://ope.ed.gov/athletics/#/datafile/list,121345.0,6725.0,596994.0,715158.0,163857.0
106342,Lyon College,AR,NCAA Division III with football,"Private nonprofit, 4-year or above",778773.0,778773.0,124.0,1852.0,229642.0,1.0,9.0,4067679,4067679,39667.0,30863.0,8.0,15.0,146447.0,168710,2023,2022-23,https://ope.ed.gov/athletics/#/datafile/list,0.0,6280.427419354839,549131.0,780281.0,317434.0
173902,Macalester College,MN,NCAA Division III with football,"Private nonprofit, 4-year or above",557273.0,535949.0,67.0,1455.0,97491.0,1.0,11.0,5527778,5515000,59418.0,12664.0,8.0,34.0,59019.0,106433,2023,2022-23,https://ope.ed.gov/athletics/#/datafile/list,21324.0,7999.238805970149,438458.0,905920.0,198722.0
170806,Madonna University,MI,NAIA Division II,"Private nonprofit, 4-year or above",1432953.0,1405347.0,120.0,1039.0,124676.0,1.0,8.0,7465192,7092411,30726.0,11125.0,10.0,20.0,8604.0,16739,2023,2022-23,https://ope.ed.gov/athletics/#/datafile/list,27606.0,11711.225,1280671.0,529760.0,119726.0
151777,Manchester University,IN,NCAA Division III with football,"Private nonprofit, 4-year or above",477884.0,477884.0,104.0,1099.0,114251.0,1.0,8.0,2823244,2795031,32627.0,13543.0,10.0,23.0,45358.0,71891,2023,2022-23,https://ope.ed.gov/athletics/#/datafile/list,0.0,4595.038461538462,363633.0,637759.0,140971.0
151786,Marian University,IN,NAIA Division II,"Private nonprofit, 4-year or above",2894167.0,2894167.0,156.0,1637.0,255362.0,1.0,12.0,17061084,17061084,49166.0,9355.0,11.0,37.0,57227.0,79005,2023,2022-23,https://ope.ed.gov/athletics/#/datafile/list,0.0,18552.352564102563,2638805.0,886961.0,161426.0
203845,Marietta College,OH,NCAA Division III with football,"Private nonprofit, 4-year or above",386048.0,368357.0,115.0,862.0,99174.0,1.0,8.0,3855047,3571671,34131.0,11385.0,9.0,19.0,64924.0,94683,2023,2022-23,https://ope.ed.gov/athletics/#/datafile/list,17691.0,3203.104347826087,269183.0,523494.0,125211.0
192819,Marist College,NY,NCAA Division I-FCS,"Private nonprofit, 4-year or above",1996859.0,1996859.0,108.0,6620.0,714918.0,1.0,13.0,21541298,21541298,95239.0,36797.0,10.0,28.0,308878.0,470765,2023,2022-23,https://ope.ed.gov/athletics/#/datafile/list,0.0,18489.435185185186,1281941.0,1982706.0,573600.0
198899,Mars Hill University,NC,NCAA Division II with football,"Private nonprofit, 4-year or above",1651354.0,1651354.0,137.0,1461.0,200167.0,1.0,7.0,7897055,7897055,39003.0,30973.0,10.0,11.0,33486.0,43754,2023,2022-23,https://ope.ed.gov/athletics/#/datafile/list,0.0,12053.678832116788,1451187.0,730733.0,255814.0
237525,Marshall University,WV,NCAA Division I-FBS,"Public, 4-year or above",14571545.0,14571545.0,127.0,32755.0,4159921.0,1.0,14.0,43778074,43778074,373079.0,107233.0,7.0,24.0,1093650.0,1321700,2023,2022-23,https://ope.ed.gov/athletics/#/datafile/list,0.0,114736.5748031496,10411624.0,5185145.0,1874341.0
173452,Martin Luther College,MN,NCAA Division III with football,"Private nonprofit, 4-year or above",235114.0,235114.0,47.0,1048.0,49250.0,1.0,7.0,1529257,1529257,13737.0,4168.0,9.0,23.0,0.0,0,2023,2022-23,https://ope.ed.gov/athletics/#/datafile/list,0.0,5002.425531914893,185864.0,219497.0,42913.0
220710,Maryville College,TN,NCAA Division III with football,"Private nonprofit, 4-year or above",514805.0,514805.0,136.0,1279.0,173966.0,1.0,7.0,3309783,3309783,34431.0,22780.0,8.0,15.0,23041.0,32237,2023,2022-23,https://ope.ed.gov/athletics/#/datafile/list,0.0,3785.330882352941,340839.0,617148.0,193891.0
166683,Massachusetts Institute of Technology,MA,NCAA Division III with football,"Private nonprofit, 4-year or above",261250.0,261250.0,73.0,1669.0,121873.0,1.0,10.0,8220912,8220912,42221.0,10775.0,15.0,41.0,45284.0,92468,2023,2022-23,https://ope.ed.gov/athletics/#/datafile/list,0.0,3578.7671232876714,139377.0,1075090.0,149971.0
166692,Massachusetts Maritime Academy,MA,NCAA Division III with football,"Public, 4-year or above",336285.0,336285.0,96.0,1662.0,159589.0,1.0,11.0,2180358,1902275,7623.0,5915.0,7.0,20.0,41088.0,109865,2023,2022-23,https://ope.ed.gov/athletics/#/datafile/list,0.0,3502.96875,176696.0,171661.0,72688.0
200226,Mayville State University,ND,NAIA Division II,"Public, 4-year or above",572567.0,572567.0,81.0,2307.0,186889.0,1.0,8.0,2088587,2088587,50537.0,13371.0,3.0,13.0,53651.0,63753,2023,2022-23,https://ope.ed.gov/athletics/#/datafile/list,0.0,7068.728395061728,385678.0,325434.0,157505.0
164270,McDaniel College,MD,NCAA Division III with football,"Private nonprofit, 4-year or above",582750.0,341967.0,123.0,289.0,35502.0,1.0,8.0,4361281,3083270,39358.0,10896.0,12.0,31.0,60351.0,99661,2023,2022-23,https://ope.ed.gov/athletics/#/datafile/list,240783.0,2780.2195121951218,306465.0,810072.0,126526.0
147013,McKendree University,IL,NCAA Division II with football,"Private nonprofit, 4-year or above",2087513.0,2087513.0,138.0,1013.0,139800.0,1.0,10.0,13879180,13879180,37413.0,13904.0,16.0,26.0,66350.0,127813,2023,2022-23,https://ope.ed.gov/athletics/#/datafile/list,0.0,15126.90579710145,1947713.0,960112.0,176453.0
226587,McMurry University,TX,NCAA Division III with football,"Private nonprofit, 4-year or above",683603.0,683603.0,90.0,2331.0,209769.0,1.0,8.0,4048689,4034688,40530.0,27275.0,9.0,14.0,55126.0,74147,2023,2022-23,https://ope.ed.gov/athletics/#/datafile/list,0.0,7595.5888888888885,473834.0,746620.0,258730.0
159717,McNeese State University,LA,NCAA Division I-FCS,"Public, 4-year or above",4247039.0,4182550.0,113.0,689.0,77904.0,1.0,12.0,14991656,14926562,172304.0,56882.0,4.0,21.0,193379.0,329802,2023,2022-23,https://ope.ed.gov/athletics/#/datafile/list,64489.0,37013.71681415929,4104646.0,1883738.0,854888.0
155511,McPherson College,KS,NAIA Division I,"Private nonprofit, 4-year or above",1981509.0,1981509.0,146.0,781.0,114032.0,1.0,7.0,8027647,8027647,43851.0,17961.0,5.0,15.0,20647.0,39467,2023,2022-23,https://ope.ed.gov/athletics/#/datafile/list,0.0,13571.979452054795,1867477.0,488670.0,169578.0
118718,Merced College,CA,CCCAA,"Public, 2-year",120994.0,120994.0,63.0,1066.0,67161.0,1.0,6.0,1515057,1515057,42085.0,2500.0,7.0,12.0,0.0,0,2023,2022-23,https://ope.ed.gov/athletics/#/datafile/list,0.0,1920.5396825396826,53833.0,324595.0,57085.0
140447,Mercer University,GA,NCAA Division I-FCS,"Private nonprofit, 4-year or above",6469116.0,6469116.0,113.0,4540.0,512984.0,1.0,10.0,26313037,26313037,145860.0,72661.0,8.0,19.0,251611.0,454758,2023,2022-23,https://ope.ed.gov/athletics/#/datafile/list,0.0,57248.81415929204,5956132.0,2547439.0,872470.0
213987,Mercyhurst University,PA,NCAA Division II with football,"Private nonprofit, 4-year or above",2505224.0,2505224.0,112.0,1364.0,152719.0,1.0,8.0,16551819,16551819,50914.0,21418.0,12.0,24.0,112083.0,189499,2023,2022-23,https://ope.ed.gov/athletics/#/datafile/list,0.0,22368.071428571428,2352505.0,1125000.0,222258.0
166850,Merrimack College,MA,NCAA Division I-FCS,"Private nonprofit, 4-year or above",3498974.0,3498974.0,102.0,3546.0,361667.0,1.0,9.0,28747018,28747018,117238.0,30473.0,12.0,26.0,193715.0,287328,2023,2022-23,https://ope.ed.gov/athletics/#/datafile/list,0.0,34303.666666666664,3137307.0,2199154.0,391495.0
198969,Methodist University,NC,NCAA Division III with football,"Private nonprofit, 4-year or above",751828.0,751828.0,185.0,986.0,182433.0,1.0,10.0,3816999,3805270,43037.0,12229.0,10.0,24.0,45619.0,73810,2023,2022-23,https://ope.ed.gov/athletics/#/datafile/list,0.0,4063.935135135135,569395.0,723866.0,165327.0
204024,Miami University-Oxford,OH,NCAA Division I-FBS,"Public, 4-year or above",9527038.0,9527038.0,132.0,12407.0,1637778.0,1.0,14.0,39126336,39126336,244684.0,76357.0,7.0,30.0,620052.0,827944,2023,2022-23,https://ope.ed.gov/athletics/#/datafile/list,0.0,72174.5303030303,7889260.0,4003498.0,1313682.0
171100,Michigan State University,MI,NCAA Division I-FBS,"Public, 4-year or above",73601571.0,49428661.0,113.0,40714.0,4600735.0,1.0,14.0,149254610,149254610,1806386.0,282064.0,9.0,33.0,2500242.0,3036873,2023,2022-23,https://ope.ed.gov/athletics/#/datafile/list,24172910.0,437421.77876106196,44827926.0,25565586.0,5755282.0
171128,Michigan Technological University,MI,NCAA Division II with football,"Public, 4-year or above",2401601.0,2401148.0,120.0,2178.0,261300.0,1.0,9.0,11944388,11944388,76649.0,35086.0,7.0,15.0,111708.0,142885,2023,2022-23,https://ope.ed.gov/athletics/#/datafile/list,453.0,20009.566666666666,2139848.0,1062833.0,392423.0
155520,MidAmerica Nazarene University,KS,NAIA Division I,"Private nonprofit, 4-year or above",2438661.0,2281697.0,134.0,1127.0,151047.0,1.0,9.0,10226990,10226990,49479.0,16359.0,6.0,22.0,0.0,0,2023,2022-23,https://ope.ed.gov/athletics/#/datafile/list,156964.0,17027.589552238805,2130650.0,656772.0,196710.0
220978,Middle Tennessee State University,TN,NCAA Division I-FBS,"Public, 4-year or above",11325803.0,11325803.0,117.0,22540.0,2637201.0,1.0,14.0,35578198,35578198,342993.0,77955.0,6.0,27.0,483619.0,665666,2023,2022-23,https://ope.ed.gov/athletics/#/datafile/list,0.0,96801.73504273505,8688602.0,4162743.0,1434363.0
230959,Middlebury College,VT,NCAA Division III with football,"Private nonprofit, 4-year or above",672518.0,672518.0,92.0,829.0,76290.0,1.0,7.0,9303891,9303891,48608.0,19690.0,14.0,37.0,121027.0,206364,2023,2022-23,https://ope.ed.gov/athletics/#/datafile/list,0.0,7309.978260869565,596228.0,1409042.0,186438.0
181330,Midland University,NE,NAIA Division II,"Private nonprofit, 4-year or above",3307335.0,3668901.0,159.0,1876.0,298259.0,1.0,14.0,19997834,19997834,30598.0,10082.0,15.0,36.0,64967.0,103923,2023,2022-23,https://ope.ed.gov/athletics/#/datafile/list,-361566.0,23074.849056603773,3370642.0,821922.0,171746.0
226833,Midwestern State University,TX,NCAA Division II with football,"Public, 4-year or above",1578231.0,1578231.0,155.0,1793.0,277906.0,1.0,6.0,6693460,6693460,80685.0,35289.0,5.0,12.0,62799.0,87817,2023,2022-23,https://ope.ed.gov/athletics/#/datafile/list,0.0,10182.135483870969,1300325.0,826893.0,292419.0
101675,Miles College,AL,NCAA Division II with football,"Private nonprofit, 4-year or above",1942914.0,1942914.0,119.0,4490.0,534273.0,1.0,9.0,4342693,4342693,55000.0,50000.0,5.0,12.0,57278.0,65972,2023,2022-23,https://ope.ed.gov/athletics/#/datafile/list,0.0,16327.008403361344,1408641.0,875000.0,505000.0
214041,Millersville University of Pennsylvania,PA,NCAA Division II with football,"Public, 4-year or above",1194308.0,1194308.0,93.0,1289.0,119837.0,1.0,7.0,8060006,7933767,71969.0,30865.0,7.0,13.0,25330.0,49624,2023,2022-23,https://ope.ed.gov/athletics/#/datafile/list,0.0,12842.021505376344,1074471.0,905028.0,288024.0
147244,Millikin University,IL,NCAA Division III with football,"Private nonprofit, 4-year or above",560973.0,560973.0,110.0,885.0,97370.0,1.0,7.0,4691261,4691261,39749.0,13465.0,11.0,35.0,65355.0,90391,2023,2022-23,https://ope.ed.gov/athletics/#/datafile/list,0.0,5099.754545454545,463603.0,908514.0,134004.0
175980,Millsaps College,MS,NCAA Division III with football,"Private nonprofit, 4-year or above",686523.0,686523.0,111.0,1079.0,119768.0,1.0,6.0,2723159,2706508,41456.0,22584.0,9.0,12.0,38046.0,64724,2023,2022-23,https://ope.ed.gov/athletics/#/datafile/list,0.0,6184.891891891892,566755.0,644112.0,176960.0
173735,Minnesota North College,MN,NJCAA Division III,"Public, 2-year",207100.0,207100.0,93.0,948.0,88172.0,2.0,12.0,2305558,2305558,21631.0,3094.0,13.0,17.0,5597.0,9483,2023,2022-23,https://ope.ed.gov/athletics/#/datafile/list,0.0,2226.8817204301076,118928.0,333801.0,80390.0
173559,Minnesota State Community and Technical College,MN,NJCAA Division III,"Public, 2-year",134919.0,134919.0,54.0,1525.0,82350.0,1.0,5.0,655718,655718,18129.0,3551.0,4.0,7.0,3891.0,7782,2023,2022-23,https://ope.ed.gov/athletics/#/datafile/list,0.0,2498.5,52569.0,97373.0,35884.0
174358,Minnesota State University Moorhead,MN,NCAA Division II with football,"Public, 4-year or above",1234013.0,1209016.0,113.0,981.0,110825.0,1.0,9.0,6266028,6106074,72859.0,18361.0,4.0,17.0,44008.0,80818,2023,2022-23,https://ope.ed.gov/athletics/#/datafile/list,24997.0,10699.256637168142,1098191.0,603573.0,238108.0
173920,Minnesota State University-Mankato,MN,NCAA Division II with football,"Public, 4-year or above",1679211.0,1679211.0,99.0,1795.0,177714.0,1.0,10.0,16864061,16835382,157191.0,53386.0,8.0,23.0,97898.0,150818,2023,2022-23,https://ope.ed.gov/athletics/#/datafile/list,0.0,16961.727272727272,1501497.0,2485406.0,691051.0
173638,Minnesota West Community and Technical College,MN,NJCAA Division III,"Public, 2-year",104807.0,104807.0,49.0,1170.0,57308.0,1.0,2.0,601885,601885,17558.0,5200.0,5.0,5.0,0.0,0,2023,2022-23,https://ope.ed.gov/athletics/#/datafile/list,0.0,2138.918367346939,47499.0,113790.0,27958.0
200253,Minot State University,ND,NCAA Division II with football,"Public, 4-year or above",1294647.0,1294647.0,108.0,2102.0,227050.0,1.0,8.0,7681449,7681449,78793.0,33191.0,6.0,17.0,117366.0,193675,2023,2022-23,https://ope.ed.gov/athletics/#/datafile/list,0.0,11987.472222222223,1067597.0,1037005.0,344321.0
214069,Misericordia University,PA,NCAA Division III with football,"Private nonprofit, 4-year or above",346744.0,340722.0,109.0,821.0,89526.0,1.0,8.0,4322285,3285240,24879.0,7080.0,10.0,24.0,68372.0,109856,2023,2022-23,https://ope.ed.gov/athletics/#/datafile/list,6022.0,3125.8899082568805,251196.0,418710.0,81519.0
176053,Mississippi College,MS,NCAA Division II with football,"Private nonprofit, 4-year or above",2125344.0,2026017.0,137.0,1823.0,249748.0,1.0,6.0,11482548,8789808,64912.0,33756.0,7.0,14.0,31697.0,50766,2023,2022-23,https://ope.ed.gov/athletics/#/datafile/list,99327.0,14788.445255474453,1776269.0,926968.0,267448.0
176008,Mississippi Delta Community College,MS,NJCAA Division II,"Public, 2-year",443103.0,443103.0,65.0,1135.0,73773.0,1.0,5.0,1491393,1491393,36137.0,27381.0,3.0,7.0,32050.0,45960,2023,2022-23,https://ope.ed.gov/athletics/#/datafile/list,0.0,6816.969230769231,369330.0,300078.0,173042.0
176071,Mississippi Gulf Coast Community College,MS,NJCAA Division I,"Public, 2-year",1082147.0,1064917.0,65.0,1724.0,112038.0,1.0,8.0,4131571,4057260,47654.0,34092.0,6.0,15.0,36134.0,54173,2023,2022-23,https://ope.ed.gov/athletics/#/datafile/list,17230.0,16383.338461538462,952879.0,797304.0,320390.0
176080,Mississippi State University,MS,NCAA Division I-FBS,"Public, 4-year or above",41313828.0,32951736.0,120.0,42016.0,5041883.0,1.0,10.0,115664788,113473523,1592715.0,333803.0,6.0,22.0,1301674.0,1823145,2023,2022-23,https://ope.ed.gov/athletics/#/datafile/list,8362092.0,274597.8,27909853.0,16899956.0,4930745.0
176044,Mississippi Valley State University,MS,NCAA Division I-FCS,"Public, 4-year or above",1435407.0,1435407.0,107.0,2464.0,263630.0,1.0,6.0,4793446,4793446,55571.0,35562.0,5.0,11.0,4529.0,10411,2023,2022-23,https://ope.ed.gov/athletics/#/datafile/list,0.0,13415.018691588784,1171777.0,669037.0,268943.0
178244,Missouri Baptist University,MO,NAIA Division I,"Private nonprofit, 4-year or above",2325112.0,2345112.0,112.0,1320.0,147890.0,1.0,7.0,16795209,16773209,33572.0,17682.0,11.0,17.0,42659.0,98435,2023,2022-23,https://ope.ed.gov/athletics/#/datafile/list,-20000.0,20938.5,2197222.0,669886.0,157346.0
178341,Missouri Southern State University,MO,NCAA Division II with football,"Public, 4-year or above",1978875.0,1772119.0,127.0,2363.0,300053.0,1.0,10.0,8692816,8692816,102998.0,49168.0,5.0,19.0,61713.0,97243,2023,2022-23,https://ope.ed.gov/athletics/#/datafile/list,206756.0,13953.692913385827,1472066.0,1449182.0,594678.0
179566,Missouri State University-Springfield,MO,NCAA Division I-FCS,"Public, 4-year or above",5075930.0,5075930.0,98.0,11185.0,1096085.0,1.0,10.0,22698010,22698010,177815.0,67812.0,6.0,20.0,401270.0,600686,2023,2022-23,https://ope.ed.gov/athletics/#/datafile/list,0.0,51795.204081632655,3979845.0,2423130.0,855935.0
178411,Missouri University of Science and Technology,MO,NCAA Division II with football,"Public, 4-year or above",1943000.0,1915851.0,122.0,1343.0,163888.0,1.0,7.0,7940313,7936838,66478.0,43442.0,9.0,9.0,34283.0,57824,2023,2022-23,https://ope.ed.gov/athletics/#/datafile/list,27149.0,15703.696721311475,1751963.0,989280.0,370572.0
178369,Missouri Valley College,MO,NAIA Division I,"Private nonprofit, 4-year or above",3369126.0,3388946.0,166.0,773.0,128321.0,1.0,8.0,17416253,17277299,36635.0,23932.0,12.0,27.0,36461.0,56521,2023,2022-23,https://ope.ed.gov/athletics/#/datafile/list,-19820.0,20415.33734939759,3260625.0,1085784.0,228091.0
178387,Missouri Western State University,MO,NCAA Division II with football,"Public, 4-year or above",1891966.0,2044679.0,113.0,2137.0,241507.0,1.0,11.0,9103192,9103192,77228.0,43297.0,5.0,11.0,44767.0,70866,2023,2022-23,https://ope.ed.gov/athletics/#/datafile/list,-152713.0,18094.504424778763,1803172.0,862407.0,553495.0
118976,Modesto Junior College,CA,CCCAA,"Public, 2-year",295449.0,295449.0,67.0,1391.0,93166.0,1.0,10.0,3714636,3714636,58925.0,2000.0,11.0,33.0,0.0,0,2023,2022-23,https://ope.ed.gov/athletics/#/datafile/list,0.0,4409.686567164179,202283.0,714175.0,78925.0
147341,Monmouth College,IL,NCAA Division III with football,"Private nonprofit, 4-year or above",373864.0,373864.0,117.0,655.0,76651.0,1.0,6.0,1821922,1821922,29545.0,13870.0,11.0,17.0,33267.0,48811,2023,2022-23,https://ope.ed.gov/athletics/#/datafile/list,0.0,3195.4188034188032,297213.0,560785.0,112765.0
185572,Monmouth University,NJ,NCAA Division I-FCS,"Private nonprofit, 4-year or above",6272313.0,6272313.0,127.0,4445.0,564481.0,1.0,11.0,30565748,30565748,144556.0,57986.0,9.0,24.0,215474.0,333549,2023,2022-23,https://ope.ed.gov/athletics/#/datafile/list,0.0,49388.291338582676,5707832.0,2692668.0,782402.0
193308,Monroe College,NY,Other,"Private for-profit, 4-year or above",1510700.0,1510700.0,77.0,5559.0,428028.0,1.0,9.0,10924721,10924721,30000.0,15000.0,11.0,34.0,19573.0,32663,2023,2022-23,https://ope.ed.gov/athletics/#/datafile/list,0.0,19619.48051948052,1082672.0,840000.0,165000.0
180461,Montana State University,MT,NCAA Division I-FCS,"Public, 4-year or above",11625305.0,8920885.0,112.0,17742.0,1987115.0,1.0,10.0,28589654,28589654,208515.0,79228.0,5.0,20.0,522520.0,681862,2023,2022-23,https://ope.ed.gov/athletics/#/datafile/list,2704420.0,79650.75892857143,6933770.0,2627135.0,1000795.0
180522,Montana State University-Northern,MT,NAIA Division I,"Public, 4-year or above",878278.0,878277.0,56.0,3438.0,192506.0,1.0,8.0,2677435,2645727,26265.0,26462.0,6.0,10.0,31003.0,35795,2023,2022-23,https://ope.ed.gov/athletics/#/datafile/list,1.0,15683.517857142857,685771.0,422210.0,237961.0
180416,Montana Technological University,MT,NAIA Division I,"Public, 4-year or above",1297330.0,1297330.0,115.0,983.0,113092.0,1.0,7.0,3566217,3566217,49295.0,38238.0,4.0,8.0,37064.0,48149,2023,2022-23,https://ope.ed.gov/athletics/#/datafile/list,0.0,11281.130434782608,1184238.0,503084.0,316961.0
185590,Montclair State University,NJ,NCAA Division III with football,"Public, 4-year or above",397810.0,396708.0,121.0,957.0,115795.0,1.0,9.0,5932365,5837736,50187.0,12237.0,9.0,33.0,65295.0,114276,2023,2022-23,https://ope.ed.gov/athletics/#/datafile/list,1102.0,3278.5785123966944,280913.0,855504.0,160320.0
119067,Monterey Peninsula College,CA,CCCAA,"Public, 2-year",172111.0,172111.0,59.0,1786.0,105374.0,1.0,9.0,1155655,1155655,23387.0,4014.0,6.0,14.0,0.0,0,2023,2022-23,https://ope.ed.gov/athletics/#/datafile/list,0.0,2917.135593220339,66737.0,196518.0,59513.0
119137,Moorpark College,CA,CCCAA,"Public, 2-year",289600.0,240785.0,80.0,544.0,43548.0,1.0,10.0,1641505,1425841,40640.0,6483.0,8.0,28.0,0.0,0,2023,2022-23,https://ope.ed.gov/athletics/#/datafile/list,48815.0,3009.8125,197237.0,506644.0,105470.0
214157,Moravian University,PA,NCAA Division III with football,"Private nonprofit, 4-year or above",492004.0,484955.0,88.0,1121.0,98626.0,1.0,14.0,3808514,3573475,45287.0,7160.0,9.0,32.0,22812.0,43826,2023,2022-23,https://ope.ed.gov/athletics/#/datafile/list,7049.0,5510.852272727273,386329.0,636703.0,145527.0
157386,Morehead State University,KY,NCAA Division I-FCS,"Public, 4-year or above",1179563.0,1179563.0,101.0,4712.0,475896.0,1.0,10.0,9349505,9349505,118766.0,44879.0,5.0,16.0,129063.0,185622,2023,2022-23,https://ope.ed.gov/athletics/#/datafile/list,0.0,11678.841584158416,703667.0,1311894.0,567556.0
163453,Morgan State University,MD,NCAA Division I-FCS,"Public, 4-year or above",5720946.0,4916573.0,105.0,11344.0,1191075.0,1.0,11.0,19470158,19470158,188589.0,66983.0,4.0,16.0,61893.0,112902,2023,2022-23,https://ope.ed.gov/athletics/#/datafile/list,804373.0,46824.50476190476,3725498.0,1826084.0,925402.0
154004,Morningside University,IA,NAIA Division I,"Private nonprofit, 4-year or above",1464499.0,1452257.0,152.0,931.0,141477.0,1.0,6.0,7248303,6607724,48866.0,14260.0,11.0,36.0,9062.0,13233,2023,2022-23,https://ope.ed.gov/athletics/#/datafile/list,12242.0,9554.322368421053,1310780.0,1050886.0,134426.0
219198,Mount Marty University,SD,NAIA Division II,"Private nonprofit, 4-year or above",2427568.0,2427568.0,117.0,806.0,94303.0,1.0,2.0,11028556,11028556,38771.0,16710.0,7.0,6.0,23774.0,29114,2023,2022-23,https://ope.ed.gov/athletics/#/datafile/list,0.0,20748.444444444445,2333265.0,371657.0,72191.0
204200,Mount Saint Joseph University,OH,NCAA Division III with football,"Private nonprofit, 4-year or above",469983.0,469983.0,134.0,598.0,80194.0,1.0,12.0,3630301,3630301,51155.0,13256.0,10.0,25.0,26787.0,45898,2023,2022-23,https://ope.ed.gov/athletics/#/datafile/list,0.0,3507.3358208955224,389789.0,842950.0,210227.0
119164,Mt San Antonio College,CA,CCCAA,"Public, 2-year",359071.0,370011.0,118.0,549.0,64734.0,1.0,14.0,6038042,4429007,54742.0,11578.0,11.0,21.0,0.0,0,2023,2022-23,https://ope.ed.gov/athletics/#/datafile/list,-10940.0,3135.686440677966,305277.0,845300.0,216834.0
119216,Mt San Jacinto Community College District,CA,CCCAA,"Public, 2-year",109981.0,101946.0,81.0,246.0,19963.0,1.0,8.0,665178,590711,8400.0,10077.0,5.0,13.0,12245.0,24826,2023,2022-23,https://ope.ed.gov/athletics/#/datafile/list,8035.0,1258.5925925925926,81983.0,173001.0,89016.0
214175,Muhlenberg College,PA,NCAA Division III with football,"Private nonprofit, 4-year or above",663318.0,663318.0,104.0,771.0,80229.0,1.0,9.0,4082510,3971330,44552.0,10274.0,9.0,21.0,51014.0,78506,2023,2022-23,https://ope.ed.gov/athletics/#/datafile/list,0.0,6378.057692307692,583089.0,616722.0,137018.0
157401,Murray State University,KY,NCAA Division I-FCS,"Public, 4-year or above",5296401.0,4034390.0,115.0,6158.0,708202.0,1.0,10.0,19113740,18977450,181155.0,50048.0,5.0,18.0,237641.0,351874,2023,2022-23,https://ope.ed.gov/athletics/#/datafile/list,1262011.0,35081.65217391304,3326188.0,1806639.0,681635.0
204264,Muskingum University,OH,NCAA Division III with football,"Private nonprofit, 4-year or above",397827.0,397827.0,134.0,919.0,123180.0,1.0,8.0,3424626,3424626,36802.0,12945.0,11.0,21.0,23048.0,47484,2023,2022-23,https://ope.ed.gov/athletics/#/datafile/list,0.0,2968.8582089552237,274647.0,676667.0,140362.0
193478,Nassau Community College,NY,NJCAA Division III,"Public, 2-year",272880.0,272880.0,84.0,2121.0,178192.0,1.0,13.0,1752473,1732889,13846.0,4863.0,11.0,31.0,0.0,0,2023,2022-23,https://ope.ed.gov/athletics/#/datafile/list,0.0,3248.5714285714284,94688.0,303059.0,77065.0
227146,Navarro College,TX,NJCAA Division I,"Public, 2-year",967182.0,967182.0,88.0,2184.0,192192.0,1.0,5.0,3354099,3354099,76066.0,41428.0,3.0,7.0,16470.0,22953,2023,2022-23,https://ope.ed.gov/athletics/#/datafile/list,0.0,10990.704545454546,774990.0,518194.0,283206.0
181446,Nebraska Wesleyan University,NE,NCAA Division III with football,"Private nonprofit, 4-year or above",386079.0,376260.0,118.0,888.0,104731.0,1.0,11.0,3162505,3131539,51660.0,9675.0,9.0,29.0,49494.0,57913,2023,2022-23,https://ope.ed.gov/athletics/#/datafile/list,9819.0,3188.64406779661,271529.0,745515.0,158085.0
187897,New Mexico Highlands University,NM,NCAA Division II with football,"Public, 4-year or above",1200698.0,1200698.0,92.0,1731.0,159249.0,1.0,8.0,5262776,5262776,63441.0,29820.0,5.0,11.0,20765.0,32521,2023,2022-23,https://ope.ed.gov/athletics/#/datafile/list,0.0,13051.065217391304,1041449.0,645225.0,302001.0
187912,New Mexico Military Institute,NM,NJCAA Division I,"Public, 2-year",1468215.0,1462143.0,115.0,2845.0,327156.0,1.0,6.0,3604018,3561978,44528.0,29173.0,5.0,12.0,19205.0,36955,2023,2022-23,https://ope.ed.gov/athletics/#/datafile/list,6072.0,12714.286956521739,1134987.0,572716.0,219566.0
188030,New Mexico State University-Main Campus,NM,NCAA Division I-FBS,"Public, 4-year or above",14168723.0,14168723.0,129.0,14937.0,1926829.0,1.0,10.0,35828331,35828331,223095.0,120443.0,6.0,17.0,541747.0,669321,2023,2022-23,https://ope.ed.gov/athletics/#/datafile/list,0.0,109835.06201550388,12241894.0,3386101.0,1427525.0
218414,Newberry College,SC,NCAA Division II with football,"Private nonprofit, 4-year or above",2135162.0,2065412.0,219.0,218.0,47680.0,1.0,10.0,10750116,10750116,71685.0,34079.0,10.0,22.0,66806.0,93205,2023,2022-23,https://ope.ed.gov/athletics/#/datafile/list,69750.0,9431.10502283105,2017732.0,1466588.0,412475.0
159966,Nicholls State University,LA,NCAA Division I-FCS,"Public, 4-year or above",3079876.0,3079876.0,122.0,3995.0,487358.0,1.0,16.0,11658725,11658725,150207.0,46966.0,6.0,25.0,59650.0,80283,2023,2022-23,https://ope.ed.gov/athletics/#/datafile/list,0.0,25244.885245901638,2592518.0,2075392.0,901663.0
167260,Nichols College,MA,NCAA Division III with football,"Private nonprofit, 4-year or above",589685.0,473664.0,121.0,725.0,87699.0,1.0,9.0,4042146,4041744,39194.0,9856.0,12.0,27.0,33629.0,68383,2023,2022-23,https://ope.ed.gov/athletics/#/datafile/list,116021.0,3914.5785123966944,385965.0,736440.0,127898.0
232937,Norfolk State University,VA,NCAA Division I-FCS,"Public, 4-year or above",3878438.0,3878438.0,146.0,3252.0,474837.0,1.0,10.0,17340285,17340285,109604.0,33466.0,5.0,20.0,36961.0,39828,2023,2022-23,https://ope.ed.gov/athletics/#/datafile/list,0.0,26564.64383561644,3403601.0,1217340.0,444264.0
461795,North American University,TX,NAIA Division II,"Private nonprofit, 4-year or above",655314.0,564997.0,154.0,1073.0,165301.0,1.0,11.0,1185096,1183828,32781.0,12242.0,3.0,15.0,14478.0,17613,2023,2022-23,https://ope.ed.gov/athletics/#/datafile/list,90317.0,3668.811688311688,399696.0,281973.0,167443.0
199102,North Carolina A & T State University,NC,NCAA Division I-FCS,"Public, 4-year or above",4188635.0,3414308.0,113.0,5744.0,649030.0,1.0,8.0,16391602,16374848,120973.0,42134.0,6.0,15.0,130718.0,233827,2023,2022-23,https://ope.ed.gov/athletics/#/datafile/list,774327.0,30215.11504424779,2765278.0,1357848.0,458045.0
199157,North Carolina Central University,NC,NCAA Division I-FCS,"Public, 4-year or above",4337867.0,4337867.0,112.0,5795.0,649043.0,1.0,9.0,11028437,11028437,129008.0,59448.0,6.0,18.0,29550.0,47645,2023,2022-23,https://ope.ed.gov/athletics/#/datafile/list,0.0,38730.955357142855,3688824.0,1844112.0,664040.0
199193,North Carolina State University at Raleigh,NC,NCAA Division I-FBS,"Public, 4-year or above",60724710.0,31237723.0,125.0,30515.0,3814436.0,1.0,10.0,121444506,118653089,1045078.0,272549.0,10.0,30.0,1912098.0,2498575,2023,2022-23,https://ope.ed.gov/athletics/#/datafile/list,29486987.0,249901.784,27423287.0,18627250.0,3770568.0
199209,North Carolina Wesleyan University,NC,NCAA Division III with football,"Private nonprofit, 4-year or above",589464.0,589464.0,134.0,1287.0,172467.0,1.0,8.0,3237253,3237253,54012.0,29097.0,7.0,14.0,27715.0,50541,2023,2022-23,https://ope.ed.gov/athletics/#/datafile/list,0.0,4398.985074626866,416997.0,785442.0,286788.0
147660,North Central College,IL,NCAA Division III with football,"Private nonprofit, 4-year or above",1239506.0,702771.0,123.0,1495.0,183857.0,1.0,16.0,7009384,5158345,58118.0,9872.0,13.0,65.0,43228.0,86456,2023,2022-23,https://ope.ed.gov/athletics/#/datafile/list,536735.0,5713.585365853659,518914.0,1397214.0,216070.0
200305,North Dakota State College of Science,ND,NJCAA Division I,"Public, 2-year",151496.0,154828.0,72.0,1296.0,93332.0,1.0,5.0,971483,958465,34029.0,6000.0,3.0,8.0,2276.0,3971,2023,2022-23,https://ope.ed.gov/athletics/#/datafile/list,-3332.0,2150.3888888888887,61496.0,150087.0,64029.0
200332,North Dakota State University-Main Campus,ND,NCAA Division I-FCS,"Public, 4-year or above",6405716.0,6405716.0,129.0,10021.0,1292703.0,1.0,10.0,30332023,29824792,177651.0,90594.0,6.0,22.0,276188.0,462624,2023,2022-23,https://ope.ed.gov/athletics/#/datafile/list,0.0,49656.71317829457,5113013.0,3058974.0,1083591.0
218441,North Greenville University,SC,NCAA Division II with football,"Private nonprofit, 4-year or above",1733315.0,1719589.0,130.0,1063.0,138211.0,1.0,9.0,7937795,7445769,40747.0,28647.0,10.0,14.0,35408.0,47418,2023,2022-23,https://ope.ed.gov/athletics/#/datafile/list,13726.0,13227.607692307693,1581378.0,808528.0,298570.0
147679,North Park University,IL,NCAA Division III with football,"Private nonprofit, 4-year or above",644804.0,644804.0,109.0,1262.0,137544.0,1.0,7.0,3880481,3880481,45349.0,21787.0,9.0,23.0,43281.0,55389,2023,2022-23,https://ope.ed.gov/athletics/#/datafile/list,0.0,5915.633027522936,507260.0,909242.0,197858.0
176169,Northeast Mississippi Community College,MS,NJCAA Division I,"Public, 2-year",939344.0,939344.0,65.0,1519.0,98749.0,1.0,7.0,2912970,2912970,51543.0,54247.0,5.0,7.0,51661.0,70388,2023,2022-23,https://ope.ed.gov/athletics/#/datafile/list,0.0,14451.446153846155,840595.0,637444.0,431272.0
207290,Northeastern Oklahoma A&M College,OK,NJCAA Division I,"Public, 2-year",849962.0,827543.0,125.0,1127.0,140895.0,1.0,8.0,2579754,2539495,28450.0,16434.0,5.0,14.0,0.0,0,2023,2022-23,https://ope.ed.gov/athletics/#/datafile/list,22419.0,6620.344,686648.0,372326.0,159922.0
207263,Northeastern State University,OK,NCAA Division II with football,"Public, 4-year or above",1545429.0,1545429.0,139.0,2415.0,335724.0,1.0,10.0,5519748,5519748,68385.0,19939.0,5.0,16.0,34934.0,55950,2023,2022-23,https://ope.ed.gov/athletics/#/datafile/list,0.0,11118.194244604316,1209705.0,660949.0,267775.0
105330,Northern Arizona University,AZ,NCAA Division I-FCS,"Public, 4-year or above",5475110.0,5475110.0,118.0,11956.0,1410831.0,1.0,13.0,22619926,22619926,158107.0,49904.0,4.0,22.0,253711.0,407428,2023,2022-23,https://ope.ed.gov/athletics/#/datafile/list,0.0,46399.23728813559,4064279.0,1730316.0,806859.0
147703,Northern Illinois University,IL,NCAA Division I-FBS,"Public, 4-year or above",7344679.0,7344679.0,119.0,18785.0,2235418.0,1.0,10.0,24692669,24692669,219275.0,85956.0,7.0,21.0,313681.0,438248,2023,2022-23,https://ope.ed.gov/athletics/#/datafile/list,0.0,61719.991596638654,5109261.0,3340001.0,1078835.0
171456,Northern Michigan University,MI,NCAA Division II with football,"Public, 4-year or above",2390383.0,2390383.0,99.0,3578.0,354221.0,1.0,12.0,13911436,13911436,89749.0,26811.0,8.0,24.0,155025.0,204109,2023,2022-23,https://ope.ed.gov/athletics/#/datafile/list,0.0,24145.282828282827,2036162.0,1361456.0,411481.0
219259,Northern State University,SD,NCAA Division II with football,"Public, 4-year or above",1877517.0,1711724.0,120.0,2673.0,320733.0,1.0,9.0,8563515,8112553,76129.0,21676.0,5.0,20.0,62929.0,102167,2023,2022-23,https://ope.ed.gov/athletics/#/datafile/list,165793.0,14264.366666666667,1390991.0,814165.0,271213.0
176178,Northwest Mississippi Community College,MS,NJCAA Division I,"Public, 2-year",1169714.0,1169714.0,63.0,2734.0,172271.0,1.0,6.0,4196219,4196219,71328.0,64232.0,5.0,9.0,15718.0,18804,2023,2022-23,https://ope.ed.gov/athletics/#/datafile/list,0.0,18566.88888888889,997443.0,934728.0,456720.0
178624,Northwest Missouri State University,MO,NCAA Division II with football,"Public, 4-year or above",3035181.0,3035181.0,145.0,2892.0,419322.0,1.0,10.0,11724151,11724151,99050.0,52521.0,5.0,12.0,95811.0,118551,2023,2022-23,https://ope.ed.gov/athletics/#/datafile/list,0.0,20932.28275862069,2615859.0,1125502.0,624260.0
154101,Northwestern College,IA,NAIA Division II,"Private nonprofit, 4-year or above",1669469.0,1661819.0,145.0,1161.0,168363.0,1.0,10.0,8294498,8242040,39631.0,12782.0,9.0,26.0,17724.0,27903,2023,2022-23,https://ope.ed.gov/athletics/#/datafile/list,7650.0,11460.820689655173,1493456.0,689011.0,167451.0
207306,Northwestern Oklahoma State University,OK,NCAA Division II with football,"Public, 4-year or above",1254859.0,1254859.0,131.0,1661.0,217536.0,1.0,11.0,5568461,5360252,53694.0,16852.0,6.0,19.0,54241.0,79422,2023,2022-23,https://ope.ed.gov/athletics/#/datafile/list,0.0,9579.076335877862,1037323.0,642352.0,239066.0
160038,Northwestern State University of Louisiana,LA,NCAA Division I-FCS,"Public, 4-year or above",3625692.0,2797715.0,127.0,3487.0,442829.0,1.0,13.0,13074407,10802623,104932.0,35964.0,4.0,22.0,98510.0,157181,2023,2022-23,https://ope.ed.gov/athletics/#/datafile/list,827977.0,22029.251968503937,2354886.0,1210936.0,572464.0
147767,Northwestern University,IL,NCAA Division I-FBS,"Private nonprofit, 4-year or above",70045075.0,38424149.0,111.0,28984.0,3217229.0,1.0,14.0,117587514,117587514,1249126.0,209811.0,8.0,30.0,1516451.0,2029664,2023,2022-23,https://ope.ed.gov/athletics/#/datafile/list,31620926.0,346163.5045045045,35206920.0,16287338.0,4186480.0
171492,Northwood University,MI,NCAA Division II with football,"Private nonprofit, 4-year or above",2163845.0,2163845.0,127.0,1417.0,180022.0,1.0,9.0,8975389,8975389,54851.0,25253.0,7.0,22.0,74222.0,81954,2023,2022-23,https://ope.ed.gov/athletics/#/datafile/list,0.0,17038.149606299212,1983823.0,939523.0,282128.0
230995,Norwich University,VT,NCAA Division III with football,"Private nonprofit, 4-year or above",532810.0,532810.0,105.0,1408.0,147802.0,1.0,6.0,4635166,4635166,54647.0,18359.0,12.0,19.0,45267.0,69974,2023,2022-23,https://ope.ed.gov/athletics/#/datafile/list,0.0,5074.380952380952,385008.0,1004585.0,164801.0
204468,Notre Dame College,OH,NCAA Division II with football,"Private nonprofit, 4-year or above",1487381.0,1487381.0,156.0,1806.0,281761.0,1.0,9.0,6486296,6486296,31420.0,33208.0,9.0,12.0,15155.0,36782,2023,2022-23,https://ope.ed.gov/athletics/#/datafile/list,0.0,9534.49358974359,1205620.0,681276.0,330292.0
204501,Oberlin College,OH,NCAA Division III with football,"Private nonprofit, 4-year or above",532552.0,521885.0,55.0,1031.0,56725.0,1.0,7.0,4223602,4223602,56750.0,27850.0,9.0,19.0,109725.0,192475,2023,2022-23,https://ope.ed.gov/athletics/#/datafile/list,10667.0,9488.818181818182,465160.0,1039900.0,251700.0
204617,Ohio Dominican University,OH,NCAA Division II with football,"Private nonprofit, 4-year or above",1272372.0,1239301.0,111.0,1177.0,130608.0,1.0,9.0,4900143,4450195,45318.0,19374.0,6.0,15.0,26887.0,35135,2023,2022-23,https://ope.ed.gov/athletics/#/datafile/list,33071.0,11164.873873873874,1108693.0,562518.0,219684.0
204635,Ohio Northern University,OH,NCAA Division III with football,"Private nonprofit, 4-year or above",769339.0,769339.0,149.0,943.0,140464.0,1.0,12.0,5679777,5679777,50152.0,16532.0,12.0,36.0,105955.0,146964,2023,2022-23,https://ope.ed.gov/athletics/#/datafile/list,0.0,5163.3489932885905,628875.0,1196976.0,248536.0
204796,Ohio State University-Main Campus,OH,NCAA Division I-FBS,"Public, 4-year or above",127355183.0,72409506.0,124.0,71594.0,8877664.0,1.0,10.0,249698974,234409941,1038883.0,370542.0,15.0,40.0,2727473.0,3879870,2023,2022-23,https://ope.ed.gov/athletics/#/datafile/list,54945677.0,583947.6290322581,63531842.0,30404925.0,4744303.0
204857,Ohio University-Main Campus,OH,NCAA Division I-FBS,"Public, 4-year or above",10291675.0,10291675.0,118.0,18242.0,2152581.0,1.0,14.0,30138630,30138630,274826.0,78492.0,6.0,22.0,509753.0,660464,2023,2022-23,https://ope.ed.gov/athletics/#/datafile/list,0.0,87217.58474576271,8139094.0,3375780.0,1373714.0
204909,Ohio Wesleyan University,OH,NCAA Division III with football,"Private nonprofit, 4-year or above",586556.0,586556.0,97.0,1283.0,124404.0,1.0,8.0,3929581,3929581,30139.0,15217.0,11.0,18.0,43475.0,75794,2023,2022-23,https://ope.ed.gov/athletics/#/datafile/list,0.0,6046.969072164949,462152.0,605435.0,151875.0
207403,Oklahoma Baptist University,OK,NCAA Division II with football,"Private nonprofit, 4-year or above",2073313.0,2073313.0,118.0,1777.0,209678.0,1.0,9.0,9305212,9305212,67960.0,31761.0,4.0,15.0,46732.0,73373,2023,2022-23,https://ope.ed.gov/athletics/#/datafile/list,0.0,17570.449152542373,1863635.0,748255.0,353809.0
207351,Oklahoma Panhandle State University,OK,NAIA Division I,"Public, 4-year or above",685255.0,672176.0,96.0,1922.0,184520.0,1.0,6.0,4120377,3943797,38627.0,16046.0,8.0,12.0,42520.0,82685,2023,2022-23,https://ope.ed.gov/athletics/#/datafile/list,13079.0,7001.833333333333,487656.0,501568.0,134903.0
207388,Oklahoma State University-Main Campus,OK,NCAA Division I-FBS,"Public, 4-year or above",55606834.0,31583888.0,126.0,45276.0,5704718.0,1.0,10.0,119235776,118229024,1640069.0,347950.0,7.0,24.0,1088093.0,1581507,2023,2022-23,https://ope.ed.gov/athletics/#/datafile/list,24022946.0,250665.77777777778,25879170.0,19831283.0,5119569.0
232982,Old Dominion University,VA,NCAA Division I-FBS,"Public, 4-year or above",13745844.0,13745844.0,117.0,28612.0,3347648.0,1.0,14.0,48623590,48623590,273433.0,119972.0,8.0,23.0,786465.0,1022040,2023,2022-23,https://ope.ed.gov/athletics/#/datafile/list,0.0,117485.84615384616,10398196.0,4946820.0,1953041.0
171599,Olivet College,MI,NCAA Division III with football,"Private nonprofit, 4-year or above",706520.0,706519.0,137.0,1092.0,149616.0,1.0,9.0,3444182,3173103,30512.0,12755.0,14.0,39.0,52485.0,66811,2023,2022-23,https://ope.ed.gov/athletics/#/datafile/list,1.0,5157.07299270073,556903.0,924613.0,145307.0
147828,Olivet Nazarene University,IL,NAIA Division II,"Private nonprofit, 4-year or above",1480670.0,1833410.0,132.0,2012.0,265557.0,1.0,4.0,9177509,8990412,36711.0,15803.0,9.0,23.0,25011.0,40496,2023,2022-23,https://ope.ed.gov/athletics/#/datafile/list,-352740.0,13889.469696969696,1567853.0,693868.0,99923.0
120342,Orange Coast College,CA,CCCAA,"Public, 2-year",205464.0,205464.0,76.0,1362.0,103530.0,1.0,10.0,3903814,3903814,43153.0,5541.0,12.0,34.0,0.0,0,2023,2022-23,https://ope.ed.gov/athletics/#/datafile/list,0.0,2703.4736842105262,101934.0,706230.0,98563.0
209542,Oregon State University,OR,NCAA Division I-FBS,"Public, 4-year or above",42859968.0,26161742.0,121.0,50669.0,6130940.0,1.0,10.0,97792784,97792784,640016.0,273035.0,7.0,21.0,1568493.0,2100107,2023,2022-23,https://ope.ed.gov/athletics/#/datafile/list,16698226.0,216212.7438016529,20030802.0,10213847.0,3370366.0
155627,Ottawa University-Ottawa,KS,NAIA Division I,"Private nonprofit, 4-year or above",1982661.0,1849971.0,131.0,534.0,69991.0,1.0,5.0,13738802,13335942,30925.0,12479.0,12.0,27.0,37108.0,61665,2023,2022-23,https://ope.ed.gov/athletics/#/datafile/list,132690.0,14121.91603053435,1779980.0,708033.0,93320.0
464226,Ottawa University-Surprise,AZ,NAIA Division I,"Private nonprofit, 4-year or above",1206999.0,2544254.0,155.0,2163.0,335223.0,1.0,12.0,12183055,12183055,45143.0,16903.0,13.0,31.0,32000.0,60000,2023,2022-23,https://ope.ed.gov/athletics/#/datafile/list,-1337255.0,16414.54193548387,2209031.0,1110852.0,247979.0
204936,Otterbein University,OH,NCAA Division III with football,"Private nonprofit, 4-year or above",398510.0,398004.0,86.0,1185.0,101937.0,1.0,13.0,3357551,3092697,47300.0,6747.0,9.0,27.0,20031.0,26759,2023,2022-23,https://ope.ed.gov/athletics/#/datafile/list,506.0,4627.953488372093,296067.0,607869.0,135011.0
107512,Ouachita Baptist University,AR,NCAA Division II with football,"Private nonprofit, 4-year or above",2520620.0,2541269.0,123.0,2241.0,275587.0,1.0,9.0,8917803,8515139,68895.0,39705.0,9.0,18.0,65171.0,84190,2023,2022-23,https://ope.ed.gov/athletics/#/datafile/list,-20649.0,20660.72357723577,2265682.0,1334745.0,426240.0
194310,Pace University,NY,NCAA Division II with football,"Private nonprofit, 4-year or above",1724187.0,1680480.0,108.0,2439.0,263446.0,1.0,8.0,8952379,8952379,69031.0,23176.0,6.0,14.0,78458.0,97288,2023,2022-23,https://ope.ed.gov/athletics/#/datafile/list,43707.0,15560.0,1417034.0,738650.0,254439.0
236230,Pacific Lutheran University,WA,NCAA Division III with football,"Private nonprofit, 4-year or above",822026.0,677637.0,112.0,2039.0,228319.0,1.0,13.0,5218418,4395054,40464.0,9209.0,9.0,27.0,24897.0,35113,2023,2022-23,https://ope.ed.gov/athletics/#/datafile/list,144389.0,6050.330357142857,449318.0,612819.0,160181.0
495147,Pacific Northwest Christian College,WA,NJCAA Division I,"Private nonprofit, 2-year",93913.0,149023.0,42.0,2096.0,88023.0,1.0,7.0,247826,247826,15000.0,6700.0,2.0,9.0,1614.0,1614,2023,2022-23,https://ope.ed.gov/athletics/#/datafile/list,-55110.0,3548.1666666666665,61000.0,90300.0,61900.0
209612,Pacific University,OR,NCAA Division III with football,"Private nonprofit, 4-year or above",801833.0,801833.0,145.0,1877.0,272134.0,1.0,17.0,4943847,4943847,41130.0,8383.0,11.0,51.0,55460.0,96165,2023,2022-23,https://ope.ed.gov/athletics/#/datafile/list,0.0,5529.88275862069,529699.0,879963.0,183641.0
120971,Palomar College,CA,CCCAA,"Public, 2-year",179283.0,172542.0,100.0,812.0,81167.0,1.0,9.0,1695660,1676797,22978.0,3695.0,8.0,20.0,0.0,0,2023,2022-23,https://ope.ed.gov/athletics/#/datafile/list,6741.0,1725.42,91375.0,257724.0,56233.0
121044,Pasadena City College,CA,CCCAA,"Public, 2-year",603257.0,561900.0,84.0,3126.0,262601.0,1.0,13.0,3388880,3241778,29740.0,5909.0,7.0,24.0,0.0,0,2023,2022-23,https://ope.ed.gov/athletics/#/datafile/list,41357.0,6689.285714285715,299299.0,349996.0,106557.0
176239,Pearl River Community College,MS,NJCAA Division I,"Public, 2-year",725255.0,725255.0,65.0,1954.0,126992.0,1.0,5.0,3347245,3347245,64090.0,21014.0,6.0,10.0,7114.0,15513,2023,2022-23,https://ope.ed.gov/athletics/#/datafile/list,0.0,11157.76923076923,598263.0,594680.0,169160.0
214777,Pennsylvania State University-Main Campus,PA,NCAA Division I-FBS,"Public, 4-year or above",114274945.0,57959743.0,122.0,151000.0,18421956.0,1.0,10.0,201533972,191411846,979989.0,251886.0,14.0,42.0,4079757.0,4774523,2023,2022-23,https://ope.ed.gov/athletics/#/datafile/list,56315202.0,475079.8606557377,39537787.0,24299058.0,3498849.0
498571,Pennsylvania Western University,PA,NCAA Division II with football,"Public, 4-year or above",3569046.0,3569046.0,290.0,1489.0,431802.0,3.0,27.0,18434076,18434076,66040.0,34026.0,19.0,32.0,98604.0,147253,2023,2022-23,https://ope.ed.gov/athletics/#/datafile/list,0.0,12307.055172413793,3137244.0,2343592.0,1116822.0
181534,Peru State College,NE,NAIA Division II,"Public, 4-year or above",563132.0,547309.0,96.0,739.0,70914.0,1.0,7.0,3488685,3385781,29207.0,22063.0,5.0,12.0,14469.0,25804,2023,2022-23,https://ope.ed.gov/athletics/#/datafile/list,15823.0,5701.135416666667,476395.0,410791.0,183648.0
155681,Pittsburg State University,KS,NCAA Division II with football,"Public, 4-year or above",2804883.0,2804883.0,132.0,4755.0,627672.0,1.0,13.0,9621601,9621601,123124.0,36322.0,4.0,22.0,111305.0,158490,2023,2022-23,https://ope.ed.gov/athletics/#/datafile/list,0.0,21249.113636363636,2177211.0,1291580.0,595310.0
121257,Pitzer College,CA,NCAA Division III with football,"Private nonprofit, 4-year or above",489651.0,419976.0,93.0,2693.0,250490.0,1.0,10.0,4669140,4151383,61682.0,10089.0,10.0,34.0,20376.0,30314,2023,2022-23,https://ope.ed.gov/athletics/#/datafile/list,69675.0,4515.870967741936,169486.0,959846.0,162572.0
183080,Plymouth State University,NH,NCAA Division III with football,"Public, 4-year or above",386846.0,400903.0,105.0,776.0,81474.0,1.0,7.0,3351516,3337689,25011.0,5990.0,12.0,21.0,13257.0,19221,2023,2022-23,https://ope.ed.gov/athletics/#/datafile/list,-14057.0,3818.1238095238095,319429.0,425922.0,66941.0
138868,Point University,GA,NAIA Division II,"Private nonprofit, 4-year or above",1985236.0,1985236.0,115.0,1809.0,208005.0,1.0,6.0,8246558,8246558,47800.0,33625.0,9.0,11.0,15823.0,22321,2023,2022-23,https://ope.ed.gov/athletics/#/datafile/list,0.0,17262.921739130434,1777231.0,800075.0,249550.0
121345,Pomona College,CA,NCAA Division III with football,"Private nonprofit, 4-year or above",489651.0,419976.0,93.0,2693.0,250490.0,1.0,10.0,4669140,4151383,61682.0,10089.0,10.0,34.0,20376.0,30314,2023,2022-23,https://ope.ed.gov/athletics/#/datafile/list,69675.0,4515.870967741936,169486.0,959846.0,162572.0
209807,Portland State University,OR,NCAA Division I-FCS,"Public, 4-year or above",5266444.0,5266444.0,112.0,8362.0,936582.0,1.0,10.0,18490681,18490681,75904.0,27311.0,6.0,28.0,195300.0,273377,2023,2022-23,https://ope.ed.gov/athletics/#/datafile/list,0.0,47021.82142857143,4329862.0,1220132.0,349014.0
130183,Post University,CT,NCAA Division II with football,"Private for-profit, 4-year or above",940081.0,940081.0,116.0,1574.0,182596.0,1.0,8.0,8713281,8684359,55498.0,13333.0,9.0,22.0,61266.0,89463,2023,2022-23,https://ope.ed.gov/athletics/#/datafile/list,0.0,8104.146551724138,757485.0,792808.0,162162.0
227526,Prairie View A & M University,TX,NCAA Division I-FCS,"Public, 4-year or above",3195455.0,3195455.0,110.0,8607.0,946756.0,1.0,9.0,14818343,14818343,97658.0,39320.0,8.0,19.0,32469.0,72249,2023,2022-23,https://ope.ed.gov/athletics/#/datafile/list,0.0,29049.590909090908,2248699.0,1528344.0,451538.0
218539,Presbyterian College,SC,Other,"Private nonprofit, 4-year or above",1499028.0,1499028.0,134.0,5970.0,800002.0,1.0,10.0,12175117,12175117,67727.0,30284.0,8.0,17.0,156977.0,245372,2023,2022-23,https://ope.ed.gov/athletics/#/datafile/list,0.0,11186.776119402984,699026.0,1056644.0,370567.0
186131,Princeton University,NJ,NCAA Division I-FCS,"Private nonprofit, 4-year or above",4230343.0,4230343.0,123.0,6568.0,807882.0,1.0,9.0,44300839,44300839,183374.0,75477.0,18.0,36.0,1229191.0,1814323,2023,2022-23,https://ope.ed.gov/athletics/#/datafile/list,0.0,34393.03252032521,3422461.0,6017904.0,862667.0
243780,Purdue University-Main Campus,IN,NCAA Division I-FBS,"Public, 4-year or above",59669043.0,31441226.0,123.0,48707.0,5990926.0,1.0,14.0,124290313,105239251,1210541.0,241156.0,8.0,34.0,1748446.0,2233531,2023,2022-23,https://ope.ed.gov/athletics/#/datafile/list,28227817.0,255619.72357723577,25450300.0,17883632.0,4586725.0
148131,Quincy University,IL,NCAA Division II with football,"Private nonprofit, 4-year or above",2324251.0,2323251.0,147.0,1091.0,160404.0,1.0,7.0,14221394,14213381,49667.0,24717.0,13.0,18.0,99269.0,148700,2023,2022-23,https://ope.ed.gov/athletics/#/datafile/list,1000.0,15804.42857142857,2162847.0,1090577.0,222686.0
233295,Randolph-Macon College,VA,NCAA Division III with football,"Private nonprofit, 4-year or above",637673.0,609199.0,125.0,832.0,103974.0,1.0,8.0,4288138,3863607,59483.0,20050.0,9.0,18.0,44424.0,58561,2023,2022-23,https://ope.ed.gov/athletics/#/datafile/list,28474.0,4873.592,505225.0,896247.0,219883.0
117052,Reedley College,CA,CCCAA,"Public, 2-year",355868.0,351175.0,92.0,1153.0,106051.0,1.0,9.0,2396851,2366944,50594.0,9462.0,5.0,16.0,14150.0,33960,2023,2022-23,https://ope.ed.gov/athletics/#/datafile/list,4693.0,3817.1195652173915,245124.0,404362.0,135752.0
140872,Reinhardt University,GA,NAIA Division I,"Private nonprofit, 4-year or above",2283915.0,2255824.0,172.0,799.0,137344.0,1.0,6.0,11785120,11343519,44035.0,23392.0,10.0,20.0,12082.0,16087,2023,2022-23,https://ope.ed.gov/athletics/#/datafile/list,28091.0,13115.255813953489,2118480.0,908190.0,184387.0
194824,Rensselaer Polytechnic Institute,NY,NCAA Division III with football,"Private nonprofit, 4-year or above",1335828.0,795596.0,126.0,904.0,113943.0,1.0,7.0,12319492,12319492,80863.0,28519.0,11.0,23.0,208957.0,330830,2023,2022-23,https://ope.ed.gov/athletics/#/datafile/list,540232.0,6314.253968253968,681653.0,1545430.0,280496.0
221351,Rhodes College,TN,NCAA Division III with football,"Private nonprofit, 4-year or above",640614.0,640614.0,86.0,2713.0,233338.0,1.0,8.0,5551740,5551740,54293.0,18706.0,9.0,26.0,63655.0,84769,2023,2022-23,https://ope.ed.gov/athletics/#/datafile/list,0.0,7449.0,407276.0,974993.0,203941.0
227757,Rice University,TX,NCAA Division I-FBS,"Private nonprofit, 4-year or above",14794763.0,14794763.0,110.0,19207.0,2112805.0,1.0,10.0,51832652,51832652,339095.0,125352.0,6.0,19.0,636123.0,811945,2023,2022-23,https://ope.ed.gov/athletics/#/datafile/list,0.0,134497.84545454546,12681958.0,4416258.0,1592615.0
239628,Ripon College,WI,NCAA Division III with football,"Private nonprofit, 4-year or above",344081.0,346964.0,101.0,1147.0,115867.0,1.0,11.0,2246214,2246214,24859.0,5734.0,9.0,29.0,18379.0,32474,2023,2022-23,https://ope.ed.gov/athletics/#/datafile/list,-2883.0,3435.2871287128714,231097.0,390017.0,87933.0
121901,Riverside City College,CA,CCCAA,"Public, 2-year",614283.0,614283.0,94.0,995.0,93513.0,1.0,14.0,4009153,4009153,81800.0,15283.0,9.0,32.0,0.0,0,2023,2022-23,https://ope.ed.gov/athletics/#/datafile/list,0.0,6534.925531914893,520770.0,1225256.0,295762.0
215655,Robert Morris University,PA,NCAA Division I-FCS,"Private nonprofit, 4-year or above",3462160.0,3462160.0,133.0,3209.0,426763.0,1.0,9.0,17641388,17641388,163977.0,50368.0,6.0,17.0,222415.0,331266,2023,2022-23,https://ope.ed.gov/athletics/#/datafile/list,0.0,26031.27819548872,3035397.0,1840118.0,617289.0
174738,Rochester Community and Technical College,MN,NJCAA Division III,"Public, 2-year",132887.0,132887.0,79.0,645.0,50966.0,1.0,7.0,991229,991229,27893.0,4198.0,4.0,12.0,0.0,0,2023,2022-23,https://ope.ed.gov/athletics/#/datafile/list,0.0,1682.113924050633,81921.0,161948.0,57279.0
148405,Rockford University,IL,NCAA Division III with football,"Private nonprofit, 4-year or above",395317.0,395317.0,90.0,1065.0,95825.0,1.0,7.0,2245571,2245571,43845.0,10591.0,6.0,18.0,19552.0,30103,2023,2022-23,https://ope.ed.gov/athletics/#/datafile/list,0.0,4392.4111111111115,299492.0,453708.0,117982.0
180595,Rocky Mountain College,MT,NAIA Division I,"Private nonprofit, 4-year or above",2395858.0,2395858.0,130.0,3379.0,439234.0,1.0,11.0,7636752,7636752,37558.0,15861.0,6.0,20.0,87755.0,106884,2023,2022-23,https://ope.ed.gov/athletics/#/datafile/list,0.0,18429.676923076924,1956624.0,542568.0,212029.0
148487,Roosevelt University,IL,NAIA Division II,"Private nonprofit, 4-year or above",2553748.0,2553748.0,145.0,1439.0,208658.0,1.0,10.0,8322406,8322406,47210.0,28059.0,8.0,15.0,5941.0,17540,2023,2022-23,https://ope.ed.gov/athletics/#/datafile/list,0.0,17612.05517241379,2345090.0,798565.0,327800.0
152318,Rose-Hulman Institute of Technology,IN,NCAA Division III with football,"Private nonprofit, 4-year or above",513091.0,451243.0,117.0,740.0,86589.0,1.0,7.0,3572954,3572954,41945.0,14045.0,9.0,21.0,19732.0,29109,2023,2022-23,https://ope.ed.gov/athletics/#/datafile/list,61848.0,3856.777777777778,364654.0,672450.0,140260.0
184782,Rowan University,NJ,NCAA Division III with football,"Public, 4-year or above",740029.0,683071.0,99.0,1661.0,164396.0,1.0,23.0,6890139,6210002,95611.0,12788.0,6.0,30.0,7903.0,24211,2023,2022-23,https://ope.ed.gov/athletics/#/datafile/list,56958.0,6899.707070707071,518675.0,957306.0,389735.0
186380,Rutgers University-New Brunswick,NJ,NCAA Division I-FBS,"Public, 4-year or above",49812329.0,49812329.0,131.0,55331.0,7248405.0,1.0,10.0,130221793,130221793,1073506.0,276211.0,9.0,26.0,3046417.0,3598914,2023,2022-23,https://ope.ed.gov/athletics/#/datafile/list,0.0,380246.786259542,42563924.0,16843040.0,3835616.0
196121,SUNY Brockport,NY,NCAA Division III with football,"Public, 4-year or above",645631.0,645631.0,104.0,1392.0,144788.0,1.0,5.0,4648660,4648660,34714.0,13092.0,11.0,24.0,57000.0,85007,2023,2022-23,https://ope.ed.gov/athletics/#/datafile/list,0.0,6207.990384615385,500843.0,696062.0,100174.0
196130,SUNY Buffalo State University,NY,NCAA Division III with football,"Public, 4-year or above",517385.0,517385.0,102.0,809.0,82482.0,1.0,7.0,3435041,3435041,67139.0,18818.0,6.0,15.0,34554.0,46669,2023,2022-23,https://ope.ed.gov/athletics/#/datafile/list,0.0,5072.401960784314,434903.0,685104.0,198865.0
196006,SUNY College of Technology at Alfred,NY,NCAA Division III with football,"Public, 4-year or above",522479.0,522479.0,111.0,1255.0,139340.0,1.0,9.0,3347427,3305306,41497.0,7227.0,7.0,22.0,24344.0,29322,2023,2022-23,https://ope.ed.gov/athletics/#/datafile/list,0.0,4707.018018018018,383139.0,449473.0,106540.0
196149,SUNY Cortland,NY,NCAA Division III with football,"Public, 4-year or above",663353.0,663353.0,134.0,1491.0,199760.0,1.0,21.0,6634646,6634646,54760.0,13939.0,11.0,36.0,67690.0,111638,2023,2022-23,https://ope.ed.gov/athletics/#/datafile/list,0.0,4950.395522388059,463593.0,1104164.0,347479.0
196291,SUNY Maritime College,NY,NCAA Division III with football,"Public, 4-year or above",226150.0,230393.0,96.0,1192.0,114393.0,1.0,2.0,1213195,1048466,19750.0,8000.0,8.0,14.0,5000.0,5004,2023,2022-23,https://ope.ed.gov/athletics/#/datafile/list,-4243.0,2399.9270833333335,116000.0,270000.0,35750.0
196051,SUNY Morrisville,NY,NCAA Division III with football,"Public, 4-year or above",448450.0,448245.0,130.0,1166.0,151614.0,1.0,6.0,3218106,3120029,54100.0,12945.0,6.0,13.0,13858.0,23893,2023,2022-23,https://ope.ed.gov/athletics/#/datafile/list,205.0,3448.0384615384614,296631.0,492885.0,131770.0
196060,SUNY at Albany,NY,NCAA Division I-FCS,"Public, 4-year or above",4975686.0,4494578.0,100.0,6169.0,616877.0,1.0,12.0,21504447,21504447,142924.0,43156.0,8.0,30.0,192912.0,298132,2023,2022-23,https://ope.ed.gov/athletics/#/datafile/list,481108.0,44945.78,3877701.0,2438072.0,660796.0
122180,Sacramento City College,CA,CCCAA,"Public, 2-year",235453.0,235453.0,98.0,737.0,72268.0,1.0,9.0,2700318,2700318,39840.0,8153.0,7.0,19.0,0.0,0,2023,2022-23,https://ope.ed.gov/athletics/#/datafile/list,0.0,2402.581632653061,163185.0,433787.0,113217.0
130253,Sacred Heart University,CT,NCAA Division I-FCS,"Private nonprofit, 4-year or above",4371658.0,4371658.0,150.0,3807.0,571001.0,1.0,11.0,36865165,36865165,87689.0,40257.0,12.0,32.0,147902.0,275354,2023,2022-23,https://ope.ed.gov/athletics/#/datafile/list,0.0,29144.386666666665,3800657.0,2340492.0,530516.0
122205,Saddleback College,CA,CCCAA,"Public, 2-year",497815.0,456993.0,102.0,703.0,71706.0,1.0,12.0,2438476,2271725,49375.0,9296.0,9.0,31.0,0.0,0,2023,2022-23,https://ope.ed.gov/athletics/#/datafile/list,40822.0,4480.323529411765,385287.0,732551.0,160927.0
172051,Saginaw Valley State University,MI,NCAA Division II with football,"Public, 4-year or above",2034834.0,2027893.0,126.0,1406.0,177214.0,1.0,12.0,9719214,9659744,58705.0,25524.0,7.0,19.0,69314.0,92644,2023,2022-23,https://ope.ed.gov/athletics/#/datafile/list,6941.0,16094.388888888889,1850679.0,895891.0,364993.0
154235,Saint Ambrose University,IA,NAIA Division II,"Private nonprofit, 4-year or above",1322975.0,1280725.0,157.0,961.0,150808.0,1.0,10.0,9308282,9077135,33849.0,5436.0,14.0,44.0,74331.0,148726,2023,2022-23,https://ope.ed.gov/athletics/#/datafile/list,42250.0,8157.484076433121,1129917.0,713070.0,88209.0
183239,Saint Anselm College,NH,NCAA Division II with football,"Private nonprofit, 4-year or above",1572507.0,1514060.0,128.0,1288.0,164880.0,1.0,8.0,9974862,9141630,51989.0,19272.0,8.0,16.0,69294.0,101610,2023,2022-23,https://ope.ed.gov/athletics/#/datafile/list,58447.0,11828.59375,1349180.0,724264.0,206165.0
199582,Saint Augustine's University,NC,NCAA Division II with football,"Private nonprofit, 4-year or above",1030714.0,1066169.0,107.0,838.0,89679.0,1.0,9.0,3006803,3006793,81250.0,20900.0,6.0,9.0,6.0,86572,2023,2022-23,https://ope.ed.gov/athletics/#/datafile/list,-35455.0,9964.196261682244,976490.0,675600.0,269350.0
215743,Saint Francis University,PA,NCAA Division I-FCS,"Private nonprofit, 4-year or above",3696956.0,3696956.0,119.0,4897.0,582791.0,1.0,11.0,17308120,17308120,57772.0,26495.0,9.0,27.0,86041.0,186152,2023,2022-23,https://ope.ed.gov/athletics/#/datafile/list,0.0,31066.85714285714,3114165.0,1235313.0,349217.0
152381,Saint Mary-of-the-Woods College,IN,NAIA Division I,"Private nonprofit, 4-year or above",447551.0,148216.0,52.0,1028.0,53460.0,1.0,3.0,2807094,2769998,30167.0,6045.0,6.0,11.0,3728.0,6428,2023,2022-23,https://ope.ed.gov/athletics/#/datafile/list,299335.0,2850.3076923076924,94756.0,247497.0,48302.0
239716,Saint Norbert College,WI,NCAA Division III with football,"Private nonprofit, 4-year or above",590675.0,590675.0,135.0,950.0,128257.0,1.0,13.0,3987495,3987495,57897.0,8978.0,10.0,41.0,48584.0,72354,2023,2022-23,https://ope.ed.gov/athletics/#/datafile/list,0.0,4375.37037037037,462418.0,947068.0,174611.0
215798,Saint Vincent College,PA,NCAA Division III with football,"Private nonprofit, 4-year or above",595887.0,595887.0,120.0,1475.0,177035.0,1.0,7.0,4189969,4189969,36418.0,23141.0,10.0,14.0,59713.0,69954,2023,2022-23,https://ope.ed.gov/athletics/#/datafile/list,0.0,4965.725,418852.0,688154.0,198405.0
148627,Saint Xavier University,IL,NAIA Division II,"Private nonprofit, 4-year or above",1412045.0,1412045.0,90.0,1025.0,92217.0,1.0,14.0,6123020,6123020,38893.0,15803.0,10.0,22.0,7801.0,11787,2023,2022-23,https://ope.ed.gov/athletics/#/datafile/list,0.0,15689.388888888889,1319828.0,736596.0,260135.0
163851,Salisbury University,MD,NCAA Division III with football,"Public, 4-year or above",582526.0,582525.0,109.0,1312.0,142981.0,1.0,13.0,3777885,3777800,60196.0,13838.0,8.0,18.0,15077.0,25653,2023,2022-23,https://ope.ed.gov/athletics/#/datafile/list,1.0,5344.266055045871,439544.0,730652.0,240090.0
217536,Salve Regina University,RI,NCAA Division III with football,"Private nonprofit, 4-year or above",330506.0,296399.0,135.0,661.0,89209.0,1.0,7.0,4584720,4127889,46931.0,11917.0,8.0,17.0,36818.0,50701,2023,2022-23,https://ope.ed.gov/athletics/#/datafile/list,34107.0,2195.5481481481484,207190.0,578037.0,130350.0
227881,Sam Houston State University,TX,NCAA Division I-FCS,"Public, 4-year or above",5449846.0,5449846.0,131.0,4520.0,592103.0,1.0,10.0,22484292,22475641,252901.0,67250.0,5.0,21.0,234830.0,330796,2023,2022-23,https://ope.ed.gov/athletics/#/datafile/list,0.0,41601.87786259542,4857743.0,2676755.0,925401.0
102049,Samford University,AL,NCAA Division I-FCS,"Private nonprofit, 4-year or above",5623153.0,5490023.0,132.0,3829.0,505472.0,1.0,10.0,21411379,21240463,121342.0,77602.0,7.0,15.0,184504.0,276148,2023,2022-23,https://ope.ed.gov/athletics/#/datafile/list,133130.0,41591.083333333336,4984551.0,2013424.0,897362.0
123527,San Bernardino Valley College,CA,CCCAA,"Public, 2-year",259328.0,259328.0,56.0,832.0,46589.0,1.0,8.0,1892682,1892682,14514.0,5000.0,6.0,18.0,0.0,0,2023,2022-23,https://ope.ed.gov/athletics/#/datafile/list,0.0,4630.857142857143,212739.0,177084.0,54514.0
122375,San Diego Mesa College,CA,CCCAA,"Public, 2-year",260313.0,245488.0,77.0,637.0,49020.0,1.0,6.0,2776497,2776497,30606.0,7858.0,9.0,25.0,0.0,0,2023,2022-23,https://ope.ed.gov/athletics/#/datafile/list,14825.0,3188.155844155844,196468.0,471904.0,77754.0
122409,San Diego State University,CA,NCAA Division I-FBS,"Public, 4-year or above",31448528.0,20142242.0,113.0,90926.0,10274587.0,1.0,10.0,96611757,96611757,730194.0,314774.0,6.0,19.0,665915.0,924886,2023,2022-23,https://ope.ed.gov/athletics/#/datafile/list,11306286.0,178249.92920353982,9867655.0,10361870.0,3877934.0
122658,San Joaquin Delta College,CA,CCCAA,"Public, 2-year",223917.0,260151.0,59.0,1196.0,70590.0,1.0,7.0,2964228,2964228,34203.0,7631.0,10.0,24.0,0.0,0,2023,2022-23,https://ope.ed.gov/athletics/#/datafile/list,-36234.0,4409.338983050848,189561.0,525174.0,87620.0
122746,San Jose City College,CA,CCCAA,"Public, 2-year",185958.0,185958.0,67.0,1104.0,73992.0,1.0,10.0,1491911,1491911,24326.0,3150.0,5.0,23.0,0.0,0,2023,2022-23,https://ope.ed.gov/athletics/#/datafile/list,0.0,2775.492537313433,111966.0,194080.0,55826.0
122755,San Jose State University,CA,NCAA Division I-FBS,"Public, 4-year or above",10662506.0,10662506.0,112.0,18260.0,2045084.0,1.0,11.0,43937589,43937589,193840.0,114876.0,7.0,22.0,694363.0,991292,2023,2022-23,https://ope.ed.gov/athletics/#/datafile/list,0.0,95200.94642857143,8617422.0,3884152.0,1457476.0
121619,Santa Ana College,CA,CCCAA,"Public, 2-year",273350.0,273350.0,109.0,1103.0,120254.0,1.0,9.0,2026610,2026610,37800.0,9800.0,7.0,22.0,0.0,0,2023,2022-23,https://ope.ed.gov/athletics/#/datafile/list,0.0,2507.798165137615,153096.0,480200.0,126000.0
122889,Santa Barbara City College,CA,CCCAA,"Public, 2-year",268892.0,268892.0,90.0,635.0,57131.0,1.0,9.0,2641762,2641762,27540.0,13725.0,9.0,12.0,0.0,0,2023,2022-23,https://ope.ed.gov/athletics/#/datafile/list,0.0,2987.688888888889,211761.0,412560.0,151065.0
122977,Santa Monica College,CA,CCCAA,"Public, 2-year",351800.0,351800.0,77.0,717.0,55246.0,1.0,9.0,3041724,3041724,9699.0,9800.0,8.0,18.0,0.0,0,2023,2022-23,https://ope.ed.gov/athletics/#/datafile/list,0.0,4568.831168831169,296554.0,253992.0,97899.0
123013,Santa Rosa Junior College,CA,CCCAA,"Public, 2-year",222819.0,190996.0,96.0,660.0,63360.0,1.0,15.0,2244376,1968185,64372.0,2565.0,8.0,26.0,0.0,0,2023,2022-23,https://ope.ed.gov/athletics/#/datafile/list,31823.0,1989.5416666666667,127636.0,581666.0,102847.0
140960,Savannah State University,GA,NCAA Division II with football,"Public, 4-year or above",372229.0,771000.0,130.0,264.0,34277.0,1.0,8.0,2445388,2445388,56500.0,28200.0,5.0,6.0,9675.0,15101,2023,2022-23,https://ope.ed.gov/athletics/#/datafile/list,-398771.0,5930.7692307692305,736723.0,451700.0,282100.0
215947,Seton Hill University,PA,NCAA Division II with football,"Private nonprofit, 4-year or above",1444866.0,1444866.0,115.0,764.0,87825.0,1.0,8.0,7934777,7934777,60456.0,20866.0,7.0,19.0,46823.0,67253,2023,2022-23,https://ope.ed.gov/athletics/#/datafile/list,0.0,12564.052173913044,1357041.0,819646.0,227384.0
123299,Shasta College,CA,CCCAA,"Public, 2-year",183469.0,183469.0,86.0,841.0,72339.0,1.0,10.0,1188648,1188648,14386.0,6225.0,8.0,18.0,306.0,473,2023,2022-23,https://ope.ed.gov/athletics/#/datafile/list,0.0,2133.360465116279,111130.0,227138.0,76636.0
199643,Shaw University,NC,NCAA Division II with football,"Private nonprofit, 4-year or above",1167452.0,1167452.0,118.0,1760.0,207646.0,1.0,7.0,5677617,4901647,51400.0,27429.0,5.0,12.0,59069.0,97792,2023,2022-23,https://ope.ed.gov/athletics/#/datafile/list,0.0,9893.661016949152,959806.0,586148.0,243403.0
233541,Shenandoah University,VA,NCAA Division III with football,"Private nonprofit, 4-year or above",598808.0,598808.0,119.0,1266.0,150660.0,1.0,8.0,4328758,4328758,52426.0,21845.0,9.0,19.0,46729.0,70663,2023,2022-23,https://ope.ed.gov/athletics/#/datafile/list,0.0,5032.0,448148.0,886889.0,227186.0
237792,Shepherd University,WV,NCAA Division II with football,"Public, 4-year or above",1720660.0,1720660.0,105.0,3730.0,391671.0,1.0,7.0,5043049,5043049,40024.0,23875.0,7.0,15.0,21418.0,32057,2023,2022-23,https://ope.ed.gov/athletics/#/datafile/list,0.0,16387.238095238095,1328989.0,638293.0,207149.0
216010,Shippensburg University of Pennsylvania,PA,NCAA Division II with football,"Public, 4-year or above",1633036.0,1042681.0,91.0,1572.0,143068.0,1.0,10.0,11836289,10158229,60352.0,27370.0,8.0,16.0,22332.0,35649,2023,2022-23,https://ope.ed.gov/athletics/#/datafile/list,590355.0,11458.032967032967,899613.0,920736.0,334052.0
140988,Shorter University,GA,NCAA Division II with football,"Private nonprofit, 4-year or above",1419959.0,1419959.0,152.0,1486.0,225913.0,1.0,5.0,6689751,6689751,43440.0,25244.0,8.0,9.0,49675.0,57819,2023,2022-23,https://ope.ed.gov/athletics/#/datafile/list,0.0,9341.83552631579,1194046.0,574716.0,169660.0
172264,Siena Heights University,MI,NAIA Division II,"Private nonprofit, 4-year or above",1779794.0,1779794.0,118.0,1544.0,182161.0,1.0,12.0,9929606,9828373,34115.0,6617.0,10.0,32.0,0.0,0,2023,2022-23,https://ope.ed.gov/athletics/#/datafile/list,0.0,15083.0,1597633.0,552894.0,113519.0
123341,Sierra College,CA,CCCAA,"Public, 2-year",366986.0,357881.0,125.0,1206.0,150713.0,1.0,16.0,3715738,3544764,41893.0,12695.0,7.0,15.0,0.0,0,2023,2022-23,https://ope.ed.gov/athletics/#/datafile/list,9105.0,2863.048,207168.0,483676.0,245013.0
800001,Simon Fraser University,,NCAA Division II with football,,1104372.0,1104372.0,101.0,4312.0,435480.0,1.0,20.0,8053431,8053431,50761.0,9777.0,7.0,37.0,49249.0,80009,2023,2022-23,https://ope.ed.gov/athletics/#/datafile/list,0.0,10934.376237623763,668892.0,717076.0,246301.0
154350,Simpson College,IA,NCAA Division III with football,"Private nonprofit, 4-year or above",317080.0,453899.0,97.0,936.0,90816.0,1.0,9.0,3056110,2908571,35328.0,9607.0,12.0,29.0,51903.0,98733,2023,2022-23,https://ope.ed.gov/athletics/#/datafile/list,-136819.0,4679.371134020618,363083.0,702539.0,121791.0
123457,Simpson University,CA,NAIA Division II,"Private nonprofit, 4-year or above",1817145.0,1583124.0,56.0,3182.0,178219.0,1.0,2.0,12061436,11408220,70320.0,32262.0,9.0,9.0,21563.0,50628,2023,2022-23,https://ope.ed.gov/athletics/#/datafile/list,234021.0,28270.071428571428,1404905.0,923238.0,134844.0
216038,Slippery Rock University of Pennsylvania,PA,NCAA Division II with football,"Public, 4-year or above",1235720.0,1231081.0,101.0,1720.0,173745.0,1.0,10.0,7172540,7171482,92372.0,44999.0,5.0,8.0,11715.0,34325,2023,2022-23,https://ope.ed.gov/athletics/#/datafile/list,4639.0,12188.920792079209,1057336.0,821852.0,542362.0
230597,Snow College,UT,NJCAA Division I,"Public, 4-year or above",1109005.0,1109005.0,97.0,4026.0,390497.0,1.0,7.0,3939574,3939574,37492.0,12427.0,5.0,11.0,7108.0,8651,2023,2022-23,https://ope.ed.gov/athletics/#/datafile/list,0.0,11433.041237113403,718508.0,324157.0,124481.0
218733,South Carolina State University,SC,NCAA Division I-FCS,"Public, 4-year or above",4668814.0,3481862.0,110.0,9980.0,1097818.0,1.0,10.0,12905128,12905128,144582.0,34515.0,4.0,13.0,44804.0,75909,2023,2022-23,https://ope.ed.gov/athletics/#/datafile/list,1186952.0,31653.29090909091,2384044.0,1027023.0,489732.0
219347,South Dakota School of Mines and Technology,SD,NCAA Division II with football,"Public, 4-year or above",1588123.0,1588123.0,117.0,2485.0,290693.0,1.0,8.0,4911104,4911104,75108.0,40133.0,5.0,11.0,36861.0,57124,2023,2022-23,https://ope.ed.gov/athletics/#/datafile/list,0.0,13573.700854700855,1297430.0,817003.0,396172.0
219356,South Dakota State University,SD,NCAA Division I-FCS,"Public, 4-year or above",6223329.0,6223329.0,116.0,7689.0,891966.0,1.0,12.0,24184193,24184193,178814.0,55434.0,7.0,26.0,189112.0,294344,2023,2022-23,https://ope.ed.gov/athletics/#/datafile/list,0.0,53649.387931034486,5331363.0,2692982.0,844022.0
179557,Southeast Missouri State University,MO,NCAA Division I-FCS,"Public, 4-year or above",3749930.0,3749930.0,118.0,5527.0,652167.0,1.0,9.0,15072513,15072513,140262.0,46975.0,4.0,17.0,154297.0,221665,2023,2022-23,https://ope.ed.gov/athletics/#/datafile/list,0.0,31779.06779661017,3097763.0,1359623.0,563037.0
160612,Southeastern Louisiana University,LA,NCAA Division I-FCS,"Public, 4-year or above",4264104.0,4264104.0,122.0,5163.0,629827.0,1.0,10.0,15750278,15750278,136988.0,60595.0,5.0,18.0,72282.0,132753,2023,2022-23,https://ope.ed.gov/athletics/#/datafile/list,0.0,34951.67213114754,3634277.0,1775650.0,742938.0
207847,Southeastern Oklahoma State University,OK,NCAA Division II with football,"Public, 4-year or above",1400405.0,1400405.0,110.0,2574.0,283141.0,1.0,8.0,6354076,6354076,55824.0,22893.0,6.0,15.0,25816.0,35740,2023,2022-23,https://ope.ed.gov/athletics/#/datafile/list,0.0,12730.954545454546,1117264.0,678339.0,238968.0
137564,Southeastern University,FL,NAIA Division I,"Private nonprofit, 4-year or above",1790538.0,1784077.0,119.0,1590.0,189204.0,1.0,6.0,9621010,9266488,54525.0,36874.0,10.0,13.0,29490.0,40911,2023,2022-23,https://ope.ed.gov/athletics/#/datafile/list,6461.0,14992.24369747899,1594873.0,1024612.0,275769.0
107983,Southern Arkansas University Main Campus,AR,NCAA Division II with football,"Public, 4-year or above",1115867.0,1115867.0,118.0,784.0,92507.0,1.0,5.0,6198701,6198701,40830.0,24569.0,7.0,11.0,17495.0,26834,2023,2022-23,https://ope.ed.gov/athletics/#/datafile/list,0.0,9456.5,1023360.0,556069.0,163675.0
130493,Southern Connecticut State University,CT,NCAA Division II with football,"Public, 4-year or above",990808.0,990808.0,104.0,1206.0,125416.0,1.0,16.0,10806070,10806070,131511.0,24791.0,6.0,20.0,14519.0,37118,2023,2022-23,https://ope.ed.gov/athletics/#/datafile/list,0.0,9527.0,865392.0,1284886.0,528167.0
149222,Southern Illinois University-Carbondale,IL,NCAA Division I-FCS,"Public, 4-year or above",4747403.0,4747403.0,105.0,8947.0,939449.0,1.0,12.0,23715044,23715044,194218.0,56460.0,6.0,27.0,257401.0,404660,2023,2022-23,https://ope.ed.gov/athletics/#/datafile/list,0.0,45213.36190476191,3807954.0,2689728.0,871738.0
228246,Southern Methodist University,TX,NCAA Division I-FBS,"Private nonprofit, 4-year or above",30108796.0,30108796.0,128.0,41063.0,5256037.0,1.0,10.0,86044162,86044162,893271.0,205911.0,7.0,18.0,1549865.0,1887805,2023,2022-23,https://ope.ed.gov/athletics/#/datafile/list,0.0,235224.96875,24852759.0,9959295.0,2952381.0
206862,Southern Nazarene University,OK,NCAA Division II with football,"Private nonprofit, 4-year or above",1659721.0,1632728.0,138.0,1313.0,181224.0,1.0,7.0,9924158,7192450,40933.0,16255.0,7.0,19.0,31746.0,56979,2023,2022-23,https://ope.ed.gov/athletics/#/datafile/list,26993.0,11831.36231884058,1451504.0,595376.0,154718.0
210146,Southern Oregon University,OR,NAIA Division II,"Public, 4-year or above",992228.0,992228.0,89.0,3600.0,320420.0,1.0,16.0,6477302,6477302,45261.0,10065.0,8.0,30.0,27034.0,45694,2023,2022-23,https://ope.ed.gov/athletics/#/datafile/list,0.0,11148.629213483146,671808.0,664038.0,206301.0
160621,Southern University and A & M College,LA,NCAA Division I-FCS,"Public, 4-year or above",3825493.0,3243064.0,104.0,8082.0,840546.0,1.0,10.0,13435629,13435629,100100.0,51871.0,5.0,17.0,41540.0,67699,2023,2022-23,https://ope.ed.gov/athletics/#/datafile/list,582429.0,31183.30769230769,2402518.0,1382307.0,618810.0
230603,Southern Utah University,UT,NCAA Division I-FCS,"Public, 4-year or above",5113159.0,3977625.0,110.0,8295.0,912492.0,1.0,9.0,16543527,16543527,143689.0,38930.0,4.0,20.0,157980.0,276462,2023,2022-23,https://ope.ed.gov/athletics/#/datafile/list,1135534.0,36160.22727272727,3065133.0,1353356.0,494059.0
233611,Southern Virginia University,VA,NCAA Division III with football,"Private nonprofit, 4-year or above",743861.0,743861.0,86.0,2637.0,226788.0,1.0,9.0,5578635,5578635,59336.0,15841.0,12.0,29.0,34419.0,60321,2023,2022-23,https://ope.ed.gov/athletics/#/datafile/list,0.0,8649.546511627907,517073.0,1171421.0,201905.0
179326,Southwest Baptist University,MO,NCAA Division II with football,"Private nonprofit, 4-year or above",1888050.0,1888050.0,117.0,2276.0,266253.0,1.0,4.0,6569603,6569603,35312.0,35423.0,8.0,8.0,107444.0,174198,2023,2022-23,https://ope.ed.gov/athletics/#/datafile/list,0.0,16137.179487179486,1621797.0,565880.0,177004.0
175078,Southwest Minnesota State University,MN,NCAA Division II with football,"Public, 4-year or above",976615.0,976615.0,93.0,1811.0,168406.0,1.0,7.0,5820626,5820626,69769.0,18668.0,5.0,15.0,25338.0,61074,2023,2022-23,https://ope.ed.gov/athletics/#/datafile/list,0.0,10501.236559139785,808209.0,628865.0,200445.0
176354,Southwest Mississippi Community College,MS,NJCAA Division I,"Public, 2-year",777371.0,777371.0,72.0,1439.0,103633.0,1.0,7.0,3064223,3064223,66658.0,38594.0,6.0,8.0,72755.0,111300,2023,2022-23,https://ope.ed.gov/athletics/#/datafile/list,0.0,10796.819444444445,673738.0,708700.0,336816.0
228325,Southwestern Assemblies of God University,TX,NAIA Division I,"Private nonprofit, 4-year or above",1111897.0,1105888.0,132.0,1256.0,165785.0,1.0,9.0,4289405,4184797,48618.0,12622.0,5.0,21.0,13052.0,19719,2023,2022-23,https://ope.ed.gov/athletics/#/datafile/list,6009.0,8377.939393939394,940103.0,508152.0,162216.0
123800,Southwestern College,CA,CCCAA,"Public, 2-year",180505.0,180256.0,116.0,492.0,57072.0,1.0,8.0,1112198,1057411,23498.0,6623.0,8.0,15.0,0.0,0,2023,2022-23,https://ope.ed.gov/athletics/#/datafile/list,249.0,1553.9310344827586,123184.0,287329.0,76482.0
155900,Southwestern College,KS,NAIA Division II,"Private nonprofit, 4-year or above",1697883.0,1697883.0,142.0,984.0,139666.0,1.0,9.0,6912856,6909709,36773.0,11109.0,7.0,18.0,15077.0,21087,2023,2022-23,https://ope.ed.gov/athletics/#/datafile/list,0.0,11956.922535211268,1558217.0,457373.0,136754.0
207865,Southwestern Oklahoma State University,OK,NCAA Division II with football,"Public, 4-year or above",1374580.0,1374580.0,130.0,1520.0,197634.0,1.0,10.0,5664374,5664374,57802.0,17528.0,5.0,17.0,67380.0,94196,2023,2022-23,https://ope.ed.gov/athletics/#/datafile/list,0.0,10573.692307692309,1176946.0,586986.0,233082.0
228343,Southwestern University,TX,NCAA Division III with football,"Private nonprofit, 4-year or above",891156.0,864562.0,109.0,2594.0,282711.0,1.0,12.0,6018102,5530600,43603.0,19421.0,10.0,25.0,72883.0,92186,2023,2022-23,https://ope.ed.gov/athletics/#/datafile/list,26594.0,7931.761467889908,581851.0,921555.0,276655.0
167899,Springfield College,MA,NCAA Division III with football,"Private nonprofit, 4-year or above",1050625.0,1050625.0,123.0,1953.0,240241.0,1.0,12.0,6512118,6512118,44413.0,24248.0,14.0,11.0,186365.0,236289,2023,2022-23,https://ope.ed.gov/athletics/#/datafile/list,0.0,8541.666666666666,810384.0,888510.0,335389.0
195216,St Lawrence University,NY,NCAA Division III with football,"Private nonprofit, 4-year or above",642205.0,642205.0,100.0,1540.0,153979.0,1.0,7.0,11749467,11749467,48302.0,18790.0,15.0,25.0,178843.0,293993,2023,2022-23,https://ope.ed.gov/athletics/#/datafile/list,0.0,6422.05,488226.0,1194280.0,179832.0
174844,St Olaf College,MN,NCAA Division III with football,"Private nonprofit, 4-year or above",815038.0,564819.0,82.0,1352.0,110851.0,1.0,9.0,5887499,4703833,39728.0,9417.0,13.0,39.0,47660.0,61720,2023,2022-23,https://ope.ed.gov/athletics/#/datafile/list,250219.0,6888.036585365854,453968.0,883727.0,124481.0
199698,St. Andrews University,NC,NAIA Division II,"Private nonprofit, 4-year or above",1317763.0,1309797.0,71.0,1366.0,96988.0,1.0,5.0,8437162,8336052,35844.0,23846.0,9.0,13.0,9677.0,12517,2023,2022-23,https://ope.ed.gov/athletics/#/datafile/list,7966.0,18447.845070422536,1212809.0,632594.0,155074.0
195720,St. John Fisher University,NY,NCAA Division III with football,"Private nonprofit, 4-year or above",597593.0,587834.0,149.0,1048.0,156141.0,1.0,10.0,5990363,5420961,41601.0,8041.0,12.0,48.0,94004.0,139770,2023,2022-23,https://ope.ed.gov/athletics/#/datafile/list,9759.0,3945.1946308724832,431693.0,885180.0,122011.0
137476,St. Thomas University,FL,NAIA Division I,"Private nonprofit, 4-year or above",2035092.0,1977928.0,104.0,5897.0,613326.0,1.0,13.0,10718703,10681465,41679.0,24704.0,10.0,27.0,70094.0,88572,2023,2022-23,https://ope.ed.gov/athletics/#/datafile/list,57164.0,19018.53846153846,1364602.0,1083798.0,362831.0
243744,Stanford University,CA,NCAA Division I-FBS,"Private nonprofit, 4-year or above",39744870.0,32984444.0,111.0,51419.0,5707476.0,1.0,10.0,179645688,179645688,741136.0,220701.0,15.0,35.0,1853770.0,2664120,2023,2022-23,https://ope.ed.gov/athletics/#/datafile/list,6760426.0,297157.15315315314,27276968.0,18841575.0,2948146.0
228431,Stephen F Austin State University,TX,NCAA Division I-FCS,"Public, 4-year or above",5973804.0,5973804.0,97.0,9168.0,889289.0,1.0,10.0,24962955,24962955,152955.0,83693.0,6.0,18.0,547959.0,659810,2023,2022-23,https://ope.ed.gov/athletics/#/datafile/list,0.0,61585.60824742268,5084515.0,2424204.0,989885.0
155937,Sterling College,KS,NAIA Division II,"Private nonprofit, 4-year or above",1303961.0,1287005.0,132.0,538.0,70957.0,1.0,8.0,4872945,4708463,32082.0,14591.0,8.0,15.0,17117.0,29988,2023,2022-23,https://ope.ed.gov/athletics/#/datafile/list,16956.0,9750.037878787878,1216048.0,475521.0,148810.0
137546,Stetson University,FL,NCAA Division I-FCS,"Private nonprofit, 4-year or above",2167662.0,2167662.0,111.0,7307.0,811031.0,1.0,8.0,24128723,24128723,109575.0,43463.0,8.0,17.0,291384.0,499986,2023,2022-23,https://ope.ed.gov/athletics/#/datafile/list,0.0,19528.486486486487,1356631.0,1615471.0,457279.0
164173,Stevenson University,MD,NCAA Division III with football,"Private nonprofit, 4-year or above",627682.0,627682.0,135.0,1604.0,216542.0,1.0,8.0,7034698,7034698,40970.0,15667.0,14.0,30.0,112567.0,177425,2023,2022-23,https://ope.ed.gov/athletics/#/datafile/list,0.0,4649.496296296296,411140.0,1043590.0,166306.0
167996,Stonehill College,MA,NCAA Division I-FCS,"Private nonprofit, 4-year or above",1795297.0,1795297.0,120.0,1650.0,198019.0,1.0,11.0,12196426,12196426,64228.0,25599.0,8.0,20.0,168458.0,307566,2023,2022-23,https://ope.ed.gov/athletics/#/datafile/list,0.0,14960.808333333332,1597278.0,1025804.0,345817.0
196097,Stony Brook University,NY,NCAA Division I-FCS,"Public, 4-year or above",7392058.0,7392058.0,117.0,6697.0,783594.0,1.0,12.0,36810655,36810655,246235.0,80602.0,6.0,22.0,312560.0,433991,2023,2022-23,https://ope.ed.gov/athletics/#/datafile/list,0.0,63179.982905982906,6608464.0,3250654.0,1213459.0
228501,Sul Ross State University,TX,NCAA Division III with football,"Public, 4-year or above",390416.0,536009.0,124.0,857.0,106238.0,1.0,5.0,2193613,2120420,38531.0,23864.0,6.0,7.0,74028.0,144102,2023,2022-23,https://ope.ed.gov/athletics/#/datafile/list,-145593.0,4322.653225806452,429771.0,398234.0,157851.0
216278,Susquehanna University,PA,NCAA Division III with football,"Private nonprofit, 4-year or above",551112.0,551112.0,99.0,1334.0,132048.0,1.0,8.0,5477096,5477096,51662.0,14776.0,11.0,32.0,45188.0,73216,2023,2022-23,https://ope.ed.gov/athletics/#/datafile/list,0.0,5566.787878787879,419064.0,1041114.0,169870.0
247603,Sussex County Community College,NJ,NJCAA Division III,"Public, 2-year",237847.0,237847.0,79.0,1181.0,93317.0,1.0,6.0,1014806,1014806,8109.0,3721.0,5.0,10.0,1006.0,1006,2023,2022-23,https://ope.ed.gov/athletics/#/datafile/list,0.0,3010.721518987342,144530.0,77755.0,30435.0
196413,Syracuse University,NY,NCAA Division I-FBS,"Private nonprofit, 4-year or above",57671322.0,26793837.0,110.0,36186.0,3980469.0,1.0,10.0,113510249,94193664,1565448.0,285589.0,6.0,22.0,1094057.0,1574460,2023,2022-23,https://ope.ed.gov/athletics/#/datafile/list,30877485.0,243580.33636363636,22813368.0,15675646.0,4421338.0
155973,Tabor College,KS,NAIA Division II,"Private nonprofit, 4-year or above",1232021.0,1232021.0,96.0,1048.0,100614.0,1.0,1.0,7906649,7906649,48764.0,26179.0,9.0,8.0,21514.0,40908,2023,2022-23,https://ope.ed.gov/athletics/#/datafile/list,0.0,12833.552083333334,1131407.0,648308.0,74943.0
228529,Tarleton State University,TX,NCAA Division I-FCS,"Public, 4-year or above",5829872.0,5267307.0,149.0,7798.0,1161969.0,1.0,16.0,22035629,21124971,139153.0,57095.0,5.0,25.0,279417.0,427735,2023,2022-23,https://ope.ed.gov/athletics/#/datafile/list,562565.0,35351.05369127517,4105338.0,2123140.0,1052673.0
152530,Taylor University,IN,NAIA Division I,"Private nonprofit, 4-year or above",1400542.0,1379699.0,94.0,1688.0,158690.0,1.0,7.0,6994455,6575658,36590.0,11236.0,8.0,18.0,33410.0,43903,2023,2022-23,https://ope.ed.gov/athletics/#/datafile/list,20843.0,14677.648936170213,1221009.0,494968.0,115242.0
216339,Temple University,PA,NCAA Division I-FBS,"Public, 4-year or above",24903896.0,24903896.0,110.0,40551.0,4460557.0,1.0,14.0,68819131,68819131,447377.0,181208.0,7.0,22.0,756589.0,1049508,2023,2022-23,https://ope.ed.gov/athletics/#/datafile/list,0.0,226399.05454545454,20443339.0,7118215.0,2984289.0
221838,Tennessee State University,TN,NCAA Division I-FCS,"Public, 4-year or above",7056183.0,7056183.0,101.0,13815.0,1395270.0,1.0,10.0,18552022,18552022,204053.0,143206.0,5.0,17.0,97913.0,136252,2023,2022-23,https://ope.ed.gov/athletics/#/datafile/list,0.0,69863.19801980197,5660913.0,3454767.0,1636113.0
221847,Tennessee Technological University,TN,NCAA Division I-FCS,"Public, 4-year or above",3992652.0,3992652.0,106.0,6351.0,673157.0,1.0,12.0,16474801,16474801,138123.0,56125.0,6.0,18.0,222135.0,294840,2023,2022-23,https://ope.ed.gov/athletics/#/datafile/list,0.0,37666.52830188679,3319495.0,1838988.0,811623.0
228723,Texas A & M University-College Station,TX,NCAA Division I-FBS,"Public, 4-year or above",91305695.0,53994536.0,149.0,55970.0,8339517.0,1.0,14.0,194254820,174723140,2590657.0,512483.0,7.0,24.0,5216332.0,6344866,2023,2022-23,https://ope.ed.gov/athletics/#/datafile/list,37311159.0,362379.43624161073,45655019.0,30434191.0,9765419.0
224554,Texas A & M University-Commerce,TX,NCAA Division I-FCS,"Public, 4-year or above",4221640.0,4208935.0,89.0,6503.0,578763.0,1.0,10.0,15568324,15344594,112945.0,43788.0,4.0,16.0,203718.0,278510,2023,2022-23,https://ope.ed.gov/athletics/#/datafile/list,12705.0,47291.40449438202,3630172.0,1152388.0,550825.0
228705,Texas A & M University-Kingsville,TX,NCAA Division II with football,"Public, 4-year or above",1486117.0,1932733.0,114.0,6681.0,761614.0,1.0,7.0,9054590,9054590,97388.0,45389.0,4.0,11.0,77998.0,108555,2023,2022-23,https://ope.ed.gov/athletics/#/datafile/list,-446616.0,16953.798245614034,1171119.0,888831.0,415111.0
228875,Texas Christian University,TX,NCAA Division I-FBS,"Private nonprofit, 4-year or above",77147052.0,62343631.0,158.0,89862.0,14198133.0,1.0,14.0,149297918,149297918,1707283.0,285225.0,7.0,29.0,1347529.0,1887321,2023,2022-23,https://ope.ed.gov/athletics/#/datafile/list,14803421.0,394579.9430379747,48145498.0,20222506.0,5700433.0
228884,Texas College,TX,NAIA Division I,"Private nonprofit, 4-year or above",339826.0,339826.0,75.0,2672.0,200364.0,1.0,4.0,1525070,1525070,29500.0,11250.0,4.0,4.0,0.0,0,2023,2022-23,https://ope.ed.gov/athletics/#/datafile/list,0.0,4531.013333333333,139462.0,163000.0,74500.0
228981,Texas Lutheran University,TX,NCAA Division III with football,"Private nonprofit, 4-year or above",691034.0,649764.0,127.0,990.0,125688.0,1.0,9.0,3904195,3858112,57758.0,42982.0,8.0,17.0,22850.0,26096,2023,2022-23,https://ope.ed.gov/athletics/#/datafile/list,41270.0,5116.251968503937,524076.0,1192758.0,444596.0
229063,Texas Southern University,TX,NCAA Division I-FCS,"Public, 4-year or above",3994926.0,4112071.0,114.0,2061.0,235000.0,1.0,7.0,13916643,12832306,166163.0,73583.0,6.0,17.0,56592.0,86623,2023,2022-23,https://ope.ed.gov/athletics/#/datafile/list,-117145.0,36070.79824561404,3877071.0,2247889.0,681244.0
228459,Texas State University,TX,NCAA Division I-FBS,"Public, 4-year or above",13005512.0,13005512.0,120.0,21702.0,2604212.0,1.0,10.0,42700888,42700888,318445.0,108422.0,5.0,20.0,678616.0,887360,2023,2022-23,https://ope.ed.gov/athletics/#/datafile/list,0.0,108379.26666666666,10401300.0,3760665.0,1402665.0
229115,Texas Tech University,TX,NCAA Division I-FBS,"Public, 4-year or above",66023274.0,30110723.0,124.0,51572.0,6394896.0,1.0,14.0,123551688,113108592,1486184.0,318276.0,6.0,22.0,1840108.0,2620631,2023,2022-23,https://ope.ed.gov/athletics/#/datafile/list,35912551.0,242828.41129032258,23715827.0,15919176.0,5942048.0
229160,Texas Wesleyan University,TX,NAIA Division I,"Private nonprofit, 4-year or above",1595980.0,1526175.0,153.0,2667.0,408076.0,1.0,7.0,7777401,7465546,48064.0,28506.0,8.0,15.0,24926.0,33320,2023,2022-23,https://ope.ed.gov/athletics/#/datafile/list,69805.0,9975.0,1118099.0,812102.0,247606.0
216296,Thaddeus Stevens College of Technology,PA,NJCAA Division III,"Public, 2-year",111864.0,113423.0,81.0,940.0,76141.0,1.0,11.0,255342,243498,4643.0,4546.0,5.0,8.0,0.0,0,2023,2022-23,https://ope.ed.gov/athletics/#/datafile/list,-1559.0,1400.283950617284,37282.0,59583.0,54649.0
131283,The Catholic University of America,DC,NCAA Division III with football,"Private nonprofit, 4-year or above",568698.0,512173.0,128.0,1410.0,180447.0,1.0,12.0,5718428,5441825,54222.0,8224.0,10.0,37.0,55821.0,108395,2023,2022-23,https://ope.ed.gov/athletics/#/datafile/list,56525.0,4001.3515625,331726.0,846508.0,152910.0
142294,The College of Idaho,ID,NAIA Division II,"Private nonprofit, 4-year or above",1821866.0,1821866.0,126.0,2759.0,347615.0,1.0,15.0,6681121,6681121,39983.0,12670.0,8.0,23.0,30338.0,43911,2023,2022-23,https://ope.ed.gov/athletics/#/datafile/list,0.0,14459.253968253968,1474251.0,611274.0,230033.0
187134,The College of New Jersey,NJ,NCAA Division III with football,"Public, 4-year or above",566598.0,566598.0,97.0,1035.0,100370.0,1.0,8.0,4919134,4919134,76861.0,12437.0,8.0,31.0,28300.0,48200,2023,2022-23,https://ope.ed.gov/athletics/#/datafile/list,0.0,5841.216494845361,466228.0,1000435.0,176357.0
174899,The College of Saint Scholastica,MN,NCAA Division III with football,"Private nonprofit, 4-year or above",511198.0,549576.0,71.0,1011.0,71761.0,1.0,5.0,5131330,4455866,39709.0,13961.0,11.0,27.0,35363.0,59997,2023,2022-23,https://ope.ed.gov/athletics/#/datafile/list,-38378.0,7740.507042253521,477815.0,813746.0,109514.0
206589,The College of Wooster,OH,NCAA Division III with football,"Private nonprofit, 4-year or above",498150.0,484433.0,94.0,1021.0,96002.0,1.0,8.0,4557396,4280210,55277.0,26064.0,9.0,15.0,36504.0,67044,2023,2022-23,https://ope.ed.gov/athletics/#/datafile/list,13717.0,5153.54255319149,388431.0,888453.0,263789.0
100751,The University of Alabama,AL,NCAA Division I-FBS,"Public, 4-year or above",125753240.0,79785470.0,135.0,93475.0,12619106.0,1.0,10.0,191190486,191190486,2389477.0,470965.0,7.0,27.0,3519340.0,4008852,2023,2022-23,https://ope.ed.gov/athletics/#/datafile/list,45967770.0,591003.4814814815,67166364.0,29442394.0,7099127.0
202763,The University of Findlay,OH,NCAA Division II with football,"Private nonprofit, 4-year or above",2264755.0,2296617.0,146.0,951.0,138898.0,1.0,9.0,12445924,12444464,55877.0,13956.0,10.0,25.0,33732.0,47518,2023,2022-23,https://ope.ed.gov/athletics/#/datafile/list,-31862.0,15730.253424657534,2157719.0,907670.0,181481.0
180489,The University of Montana,MT,NCAA Division I-FCS,"Public, 4-year or above",9340988.0,7000083.0,114.0,5713.0,651332.0,1.0,9.0,24897723,23951594,265052.0,93572.0,4.0,17.0,263380.0,433659,2023,2022-23,https://ope.ed.gov/athletics/#/datafile/list,2340905.0,61404.23684210526,6348751.0,2650932.0,1107200.0
180692,The University of Montana-Western,MT,NAIA Division I,"Public, 4-year or above",1123061.0,719506.0,105.0,1682.0,176646.0,1.0,6.0,3089288,3048566,37639.0,21656.0,4.0,7.0,61640.0,89509,2023,2022-23,https://ope.ed.gov/athletics/#/datafile/list,403555.0,6852.438095238095,542860.0,302148.0,167575.0
221740,The University of Tennessee-Chattanooga,TN,NCAA Division I-FCS,"Public, 4-year or above",5507708.0,5507708.0,68.0,13730.0,933627.0,1.0,10.0,22033838,22033838,152070.0,69375.0,6.0,18.0,331756.0,483263,2023,2022-23,https://ope.ed.gov/athletics/#/datafile/list,0.0,80995.70588235294,4574081.0,2161170.0,845820.0
221759,The University of Tennessee-Knoxville,TN,NCAA Division I-FBS,"Public, 4-year or above",137093561.0,49565802.0,127.0,46364.0,5888228.0,1.0,10.0,191271254,180206473,2234868.0,325818.0,7.0,29.0,2809808.0,3611785,2023,2022-23,https://ope.ed.gov/athletics/#/datafile/list,87527759.0,390281.905511811,43677574.0,25092798.0,5493048.0
221768,The University of Tennessee-Martin,TN,NCAA Division I-FCS,"Public, 4-year or above",3883385.0,3843500.0,142.0,5510.0,782475.0,1.0,8.0,15151104,15151104,100110.0,38810.0,6.0,17.0,187611.0,270509,2023,2022-23,https://ope.ed.gov/athletics/#/datafile/list,39885.0,27066.901408450703,3061025.0,1260430.0,410590.0
229018,The University of Texas Permian Basin,TX,NWAC,"Public, 4-year or above",1877928.0,2371626.0,123.0,4921.0,605286.0,1.0,9.0,11178706,11178706,59156.0,37615.0,8.0,17.0,118308.0,153504,2023,2022-23,https://ope.ed.gov/athletics/#/datafile/list,-493698.0,19281.51219512195,1766340.0,1112703.0,397691.0
228778,The University of Texas at Austin,TX,NCAA Division I-FBS,"Public, 4-year or above",180647352.0,58732174.0,123.0,33182.0,4081347.0,1.0,10.0,261353404,199292967,1667557.0,463976.0,7.0,26.0,3577797.0,4474954,2023,2022-23,https://ope.ed.gov/athletics/#/datafile/list,121915178.0,477497.34959349595,54650827.0,23736275.0,6307317.0
228796,The University of Texas at El Paso,TX,NCAA Division I-FBS,"Public, 4-year or above",11916486.0,9709267.0,153.0,10257.0,1569383.0,1.0,14.0,30697874,30671998,428771.0,120376.0,5.0,17.0,405270.0,590368,2023,2022-23,https://ope.ed.gov/athletics/#/datafile/list,2207219.0,63459.2614379085,8139884.0,4190247.0,2114035.0
229027,The University of Texas at San Antonio,TX,NCAA Division I-FBS,"Public, 4-year or above",16731564.0,16731564.0,117.0,33457.0,3914489.0,1.0,14.0,44777300,44777300,252477.0,143293.0,6.0,21.0,657379.0,870729,2023,2022-23,https://ope.ed.gov/athletics/#/datafile/list,0.0,143004.8205128205,12817075.0,4524015.0,2258579.0
138354,The University of West Florida,FL,NCAA Division II with football,"Public, 4-year or above",2596285.0,2248658.0,118.0,3306.0,390106.0,1.0,13.0,11615884,11494056,82394.0,28167.0,7.0,22.0,53718.0,92964,2023,2022-23,https://ope.ed.gov/athletics/#/datafile/list,347627.0,19056.42372881356,1858552.0,1196432.0,448565.0
221519,The University of the South,TN,NCAA Division III with football,"Private nonprofit, 4-year or above",923189.0,895834.0,69.0,4821.0,332633.0,1.0,5.0,5955468,4717208,63928.0,36378.0,11.0,14.0,27947.0,44290,2023,2022-23,https://ope.ed.gov/athletics/#/datafile/list,27355.0,12983.101449275362,563201.0,1212500.0,245818.0
216357,Thiel College,PA,NCAA Division III with football,"Private nonprofit, 4-year or above",497671.0,497669.0,84.0,355.0,29824.0,1.0,8.0,2801780,2801780,43582.0,15139.0,11.0,15.0,25697.0,44038,2023,2022-23,https://ope.ed.gov/athletics/#/datafile/list,2.0,5924.630952380952,467845.0,706487.0,164694.0
157809,Thomas More University,KY,Other,"Private nonprofit, 4-year or above",1703408.0,1604125.0,152.0,769.0,116908.0,1.0,8.0,7223883,6468865,28267.0,12892.0,13.0,24.0,24094.0,35558,2023,2022-23,https://ope.ed.gov/athletics/#/datafile/list,99283.0,10553.453947368422,1487217.0,676879.0,131403.0
206048,Tiffin University,OH,NCAA Division II with football,"Private nonprofit, 4-year or above",2236265.0,2236265.0,149.0,1680.0,250394.0,1.0,10.0,11323938,11323938,50153.0,23522.0,8.0,27.0,68753.0,111344,2023,2022-23,https://ope.ed.gov/athletics/#/datafile/list,0.0,15008.489932885906,1985871.0,1036318.0,285373.0
164076,Towson University,MD,NCAA Division I-FCS,"Public, 4-year or above",5317241.0,5317241.0,107.0,6723.0,719338.0,1.0,10.0,27643056,27643056,236144.0,86459.0,6.0,19.0,234211.0,370293,2023,2022-23,https://ope.ed.gov/athletics/#/datafile/list,0.0,49693.84112149533,4597903.0,3059585.0,1100734.0
152567,Trine University,IN,NCAA Division III with football,"Private nonprofit, 4-year or above",851541.0,836925.0,206.0,1229.0,253102.0,1.0,10.0,5819841,5608909,45928.0,16497.0,13.0,31.0,89525.0,126708,2023,2022-23,https://ope.ed.gov/athletics/#/datafile/list,14616.0,4062.742718446602,583823.0,1108471.0,210898.0
130590,Trinity College,CT,NCAA Division III with football,"Private nonprofit, 4-year or above",1020517.0,977315.0,101.0,1372.0,138571.0,1.0,9.0,9961704,9632640,61415.0,22374.0,15.0,42.0,36158.0,82496,2023,2022-23,https://ope.ed.gov/athletics/#/datafile/list,43202.0,9676.386138613861,838744.0,1860933.0,262781.0
229267,Trinity University,TX,NCAA Division III with football,"Private nonprofit, 4-year or above",1207518.0,1090032.0,91.0,4185.0,380846.0,1.0,11.0,6907991,6808812,72218.0,22775.0,10.0,22.0,0.0,0,2023,2022-23,https://ope.ed.gov/athletics/#/datafile/list,117486.0,11978.373626373626,709186.0,1223230.0,322743.0
225308,Trinity Valley Community College,TX,NJCAA Division I,"Public, 2-year",1234123.0,1234123.0,79.0,2131.0,168352.0,1.0,6.0,5713197,5713197,40645.0,43576.0,4.0,9.0,46361.0,96335,2023,2022-23,https://ope.ed.gov/athletics/#/datafile/list,0.0,15621.810126582279,1065771.0,554764.0,302101.0
102368,Troy University,AL,NCAA Division I-FBS,"Public, 4-year or above",10403186.0,8719986.0,126.0,7250.0,913519.0,1.0,14.0,28800917,28800917,375190.0,155701.0,6.0,24.0,376336.0,524621,2023,2022-23,https://ope.ed.gov/athletics/#/datafile/list,1683200.0,69206.23809523809,7806467.0,5987964.0,2555004.0
178615,Truman State University,MO,NCAA Division II with football,"Public, 4-year or above",1440465.0,1440465.0,101.0,2025.0,204552.0,1.0,6.0,5710971,5710971,49267.0,32590.0,7.0,9.0,33674.0,58970,2023,2022-23,https://ope.ed.gov/athletics/#/datafile/list,0.0,14262.029702970298,1235913.0,638179.0,244807.0
168148,Tufts University,MA,NCAA Division III with football,"Private nonprofit, 4-year or above",1324822.0,1165218.0,101.0,2726.0,275283.0,1.0,8.0,12027546,12027546,86847.0,23365.0,12.0,36.0,72575.0,114662,2023,2022-23,https://ope.ed.gov/athletics/#/datafile/list,159604.0,11536.81188118812,889935.0,1883304.0,273767.0
160755,Tulane University of Louisiana,LA,NCAA Division I-FBS,"Private nonprofit, 4-year or above",8017719.0,11293619.0,132.0,12227.0,1613916.0,1.0,10.0,43392842,43392842,1008674.0,187528.0,5.0,19.0,761963.0,1029157,2023,2022-23,https://ope.ed.gov/athletics/#/datafile/list,-3275900.0,85557.7196969697,9679703.0,8606402.0,2883954.0
221953,Tusculum University,TN,NCAA Division II with football,"Private nonprofit, 4-year or above",1617369.0,1609655.0,157.0,1122.0,176168.0,1.0,7.0,8874224,8743198,38056.0,18978.0,11.0,18.0,66584.0,83811,2023,2022-23,https://ope.ed.gov/athletics/#/datafile/list,7714.0,10252.579617834395,1433487.0,760220.0,170902.0
102377,Tuskegee University,AL,NCAA Division II with football,"Private nonprofit, 4-year or above",2947327.0,2589899.0,121.0,2344.0,283645.0,1.0,11.0,5699707,5598526,74576.0,48220.0,6.0,13.0,80555.0,96232,2023,2022-23,https://ope.ed.gov/athletics/#/datafile/list,357428.0,21404.12396694215,2306254.0,1074316.0,604996.0
229355,Tyler Junior College,TX,NJCAA Division I,"Public, 2-year",949523.0,949523.0,73.0,1311.0,95715.0,1.0,5.0,4959774,4959774,38974.0,16326.0,6.0,11.0,25617.0,55594,2023,2022-23,https://ope.ed.gov/athletics/#/datafile/list,0.0,13007.164383561643,853808.0,413430.0,120604.0
196866,Union College,NY,NCAA Division III with football,"Private nonprofit, 4-year or above",695940.0,694785.0,100.0,1791.0,179075.0,1.0,7.0,8904525,8686770,81793.0,23106.0,10.0,24.0,128842.0,250692,2023,2022-23,https://ope.ed.gov/athletics/#/datafile/list,1155.0,6947.85,515710.0,1372474.0,243535.0
157863,Union College,KY,NAIA Division II,"Private nonprofit, 4-year or above",1487074.0,1487074.0,84.0,1605.0,134812.0,1.0,6.0,7846228,7846228,27900.0,12000.0,10.0,19.0,20000.0,40000,2023,2022-23,https://ope.ed.gov/athletics/#/datafile/list,0.0,17703.261904761905,1352262.0,507000.0,99900.0
197027,United States Merchant Marine Academy,NY,NCAA Division III with football,"Public, 4-year or above",545310.0,499125.0,98.0,1888.0,185013.0,1.0,7.0,6421314,5155567,38941.0,25622.0,11.0,15.0,64588.0,72947,2023,2022-23,https://ope.ed.gov/athletics/#/datafile/list,46185.0,5093.1122448979595,314112.0,812681.0,218295.0
196088,University at Buffalo,NY,NCAA Division I-FBS,"Public, 4-year or above",10170639.0,10170639.0,112.0,18290.0,2048530.0,1.0,14.0,30478190,30478190,359311.0,81233.0,5.0,21.0,626878.0,803322,2023,2022-23,https://ope.ed.gov/athletics/#/datafile/list,0.0,90809.27678571429,8122109.0,3502448.0,1496573.0
200800,University of Akron Main Campus,OH,NCAA Division I-FBS,"Public, 4-year or above",7943901.0,7943901.0,113.0,17064.0,1928264.0,1.0,21.0,28265821,28265821,324005.0,76246.0,5.0,21.0,424267.0,530919,2023,2022-23,https://ope.ed.gov/athletics/#/datafile/list,0.0,70300.00884955752,6015637.0,3221191.0,1925171.0
100663,University of Alabama at Birmingham,AL,NCAA Division I-FBS,"Public, 4-year or above",16201881.0,15268693.0,132.0,19508.0,2575076.0,1.0,10.0,42530724,42207368,457860.0,134065.0,6.0,19.0,621937.0,863924,2023,2022-23,https://ope.ed.gov/athletics/#/datafile/list,933188.0,115671.91666666667,12693617.0,5294395.0,1798510.0
104179,University of Arizona,AZ,NCAA Division I-FBS,"Public, 4-year or above",49306807.0,37573337.0,112.0,57924.0,6487472.0,1.0,15.0,138761638,136866623,1661701.0,343601.0,9.0,24.0,2342332.0,3125343,2023,2022-23,https://ope.ed.gov/athletics/#/datafile/list,11733470.0,335476.22321428574,31085865.0,23201733.0,6815716.0
106397,University of Arkansas,AR,NCAA Division I-FBS,"Public, 4-year or above",84953336.0,53940683.0,135.0,69442.0,9374605.0,1.0,14.0,170990473,170990473,2027023.0,463463.0,6.0,19.0,2516628.0,3166132,2023,2022-23,https://ope.ed.gov/athletics/#/datafile/list,31012653.0,399560.6148148148,44566078.0,20967935.0,8515505.0
106485,University of Arkansas at Monticello,AR,NCAA Division II with football,"Public, 4-year or above",1154230.0,1154230.0,107.0,166.0,17740.0,1.0,5.0,4190513,4190513,59301.0,37069.0,4.0,7.0,10855.0,13908,2023,2022-23,https://ope.ed.gov/athletics/#/datafile/list,0.0,10787.196261682244,1136490.0,496687.0,244646.0
106412,University of Arkansas at Pine Bluff,AR,NCAA Division I-FCS,"Public, 4-year or above",2408003.0,2408003.0,92.0,4093.0,376565.0,1.0,7.0,8954338,8954338,96325.0,47683.0,5.0,14.0,26313.0,34175,2023,2022-23,https://ope.ed.gov/athletics/#/datafile/list,0.0,26173.945652173912,2031438.0,1149187.0,430106.0
110635,University of California-Berkeley,CA,NCAA Division I-FBS,"Public, 4-year or above",37960056.0,37967280.0,116.0,67923.0,7879056.0,1.0,10.0,134872865,134872865,694384.0,217183.0,13.0,31.0,2018668.0,2922077,2023,2022-23,https://ope.ed.gov/athletics/#/datafile/list,-7224.0,327304.1379310345,30088224.0,15759665.0,2866214.0
110644,University of California-Davis,CA,NCAA Division I-FCS,"Public, 4-year or above",6308452.0,6308452.0,107.0,11615.0,1242755.0,1.0,12.0,40571193,40571193,153820.0,54624.0,9.0,25.0,280245.0,465432,2023,2022-23,https://ope.ed.gov/athletics/#/datafile/list,0.0,58957.495327102806,5065697.0,2749980.0,809308.0
110662,University of California-Los Angeles,CA,NCAA Division I-FBS,"Public, 4-year or above",48028342.0,44181568.0,140.0,44795.0,6271251.0,1.0,10.0,141964728,141964728,1380530.0,281504.0,9.0,28.0,1432821.0,2086374,2023,2022-23,https://ope.ed.gov/athletics/#/datafile/list,3846774.0,315582.6285714286,37910317.0,20306882.0,4195570.0
106704,University of Central Arkansas,AR,NCAA Division I-FCS,"Public, 4-year or above",3871999.0,3871999.0,130.0,5206.0,676728.0,1.0,10.0,15186832,15186832,98319.0,38965.0,6.0,22.0,209954.0,356868,2023,2022-23,https://ope.ed.gov/athletics/#/datafile/list,0.0,29784.60769230769,3195271.0,1447144.0,487969.0
132903,University of Central Florida,FL,NCAA Division I-FBS,"Public, 4-year or above",30098692.0,30098692.0,121.0,35493.0,4294692.0,1.0,10.0,88199644,88199644,857826.0,326303.0,6.0,19.0,1174417.0,1571282,2023,2022-23,https://ope.ed.gov/athletics/#/datafile/list,0.0,248749.52066115703,25804000.0,11346713.0,4120856.0
176965,University of Central Missouri,MO,NCAA Division II with football,"Public, 4-year or above",2328618.0,2328618.0,142.0,2375.0,337306.0,1.0,10.0,13470955,13470955,76330.0,34728.0,8.0,15.0,155419.0,199157,2023,2022-23,https://ope.ed.gov/athletics/#/datafile/list,0.0,16398.718309859156,1991312.0,1131560.0,423610.0
206941,University of Central Oklahoma,OK,NCAA Division II with football,"Public, 4-year or above",3024670.0,2269020.0,113.0,3059.0,345685.0,1.0,13.0,11520299,9916889,86350.0,58714.0,5.0,9.0,54008.0,58267,2023,2022-23,https://ope.ed.gov/athletics/#/datafile/list,755650.0,20079.82300884956,1923335.0,960176.0,849632.0
237312,University of Charleston,WV,NCAA Division II with football,"Private nonprofit, 4-year or above",1826207.0,1876271.0,131.0,1180.0,154570.0,1.0,8.0,8851220,8632159,51371.0,13740.0,8.0,23.0,86033.0,111413,2023,2022-23,https://ope.ed.gov/athletics/#/datafile/list,-50064.0,14322.679389312978,1721701.0,726988.0,161291.0
144050,University of Chicago,IL,NCAA Division III with football,"Private nonprofit, 4-year or above",919089.0,814979.0,89.0,1753.0,156008.0,1.0,7.0,9630489,7422914,91858.0,29906.0,8.0,20.0,77407.0,129977,2023,2022-23,https://ope.ed.gov/athletics/#/datafile/list,104110.0,9157.067415730337,658971.0,1332984.0,301200.0
201885,University of Cincinnati-Main Campus,OH,NCAA Division I-FBS,"Public, 4-year or above",25124360.0,25124360.0,119.0,42464.0,5053182.0,1.0,14.0,77436016,77436016,161056.0,211713.0,6.0,25.0,1433022.0,1751874,2023,2022-23,https://ope.ed.gov/athletics/#/datafile/list,0.0,211129.0756302521,20071178.0,6259161.0,3125038.0
126614,University of Colorado Boulder,CO,NCAA Division I-FBS,"Public, 4-year or above",50056224.0,34988625.0,121.0,39586.0,4789957.0,1.0,10.0,136114468,136114468,2600227.0,517446.0,5.0,22.0,1209328.0,1574034,2023,2022-23,https://ope.ed.gov/athletics/#/datafile/list,15067599.0,289162.19008264464,30198668.0,24384947.0,7774687.0
129020,University of Connecticut,CT,NCAA Division I-FBS,"Public, 4-year or above",18931134.0,18931134.0,101.0,66237.0,6689950.0,1.0,10.0,83120168,83120168,985239.0,197828.0,7.0,23.0,984110.0,1500639,2023,2022-23,https://ope.ed.gov/athletics/#/datafile/list,0.0,187436.9702970297,12241184.0,11446717.0,2963519.0
202480,University of Dayton,OH,NCAA Division I-FCS,"Private nonprofit, 4-year or above",680382.0,2163392.0,117.0,6013.0,703496.0,1.0,10.0,40104753,40104753,439648.0,76187.0,7.0,17.0,371855.0,558977,2023,2022-23,https://ope.ed.gov/athletics/#/datafile/list,-1483010.0,18490.529914529914,1459896.0,4372715.0,1201518.0
130943,University of Delaware,DE,NCAA Division I-FCS,"Public, 4-year or above",8862647.0,8804537.0,115.0,15841.0,1821742.0,1.0,12.0,44957890,44957890,230527.0,70876.0,8.0,26.0,321269.0,592064,2023,2022-23,https://ope.ed.gov/athletics/#/datafile/list,58110.0,76561.19130434783,6982795.0,3686992.0,1081039.0
153278,University of Dubuque,IA,NCAA Division III with football,"Private nonprofit, 4-year or above",539412.0,536171.0,122.0,1111.0,135525.0,1.0,4.0,4337428,4056222,54840.0,19369.0,11.0,20.0,41679.0,61295,2023,2022-23,https://ope.ed.gov/athletics/#/datafile/list,3241.0,4394.8442622950815,400646.0,990620.0,132316.0
134130,University of Florida,FL,NCAA Division I-FBS,"Public, 4-year or above",97227394.0,46103763.0,130.0,87899.0,11426850.0,1.0,10.0,176795879,176795879,1660651.0,357955.0,7.0,27.0,3620641.0,4563927,2023,2022-23,https://ope.ed.gov/athletics/#/datafile/list,51123631.0,354644.3307692308,34676913.0,21289342.0,5240201.0
457402,University of Fort Lauderdale,FL,NCCAA Division I,"Private nonprofit, 4-year or above",328189.0,283387.0,46.0,1495.0,68753.0,1.0,5.0,1837390,1818978,42004.0,16000.0,5.0,12.0,0.0,0,2023,2022-23,https://ope.ed.gov/athletics/#/datafile/list,44802.0,6160.586956521739,214634.0,402020.0,122004.0
139959,University of Georgia,GA,NCAA Division I-FBS,"Public, 4-year or above",152739786.0,69069745.0,130.0,77836.0,10118732.0,1.0,10.0,210108069,176104818,2644210.0,541151.0,7.0,24.0,6327814.0,7455849,2023,2022-23,https://ope.ed.gov/athletics/#/datafile/list,83670041.0,531305.7307692308,58951013.0,31497094.0,8055720.0
141574,University of Hawaii at Manoa,HI,NCAA Division I-FBS,"Public, 4-year or above",13219284.0,13905794.0,123.0,30409.0,3740317.0,1.0,10.0,50588554,49418189,215500.0,116313.0,7.0,22.0,544419.0,804282,2023,2022-23,https://ope.ed.gov/athletics/#/datafile/list,-686510.0,113055.23577235773,10165477.0,4067386.0,1378630.0
225511,University of Houston,TX,NCAA Division I-FBS,"Public, 4-year or above",20806183.0,20806183.0,123.0,25123.0,3090155.0,1.0,10.0,84023065,84023065,1796254.0,277760.0,5.0,19.0,766046.0,1064301,2023,2022-23,https://ope.ed.gov/athletics/#/datafile/list,0.0,169155.9593495935,17716028.0,14258710.0,4573854.0
142285,University of Idaho,ID,NCAA Division I-FCS,"Public, 4-year or above",6528602.0,6528602.0,109.0,14899.0,1623946.0,1.0,14.0,23141397,23141397,98052.0,64875.0,5.0,16.0,311874.0,502232,2023,2022-23,https://ope.ed.gov/athletics/#/datafile/list,0.0,59895.43119266055,4904656.0,1528260.0,1006302.0
145637,University of Illinois Urbana-Champaign,IL,NCAA Division I-FBS,"Public, 4-year or above",70508218.0,35167388.0,116.0,60562.0,7025206.0,1.0,14.0,134767269,134767269,1445103.0,340156.0,8.0,26.0,2222158.0,2819639,2023,2022-23,https://ope.ed.gov/athletics/#/datafile/list,35340830.0,303167.1379310345,28142182.0,20404880.0,6207287.0
151263,University of Indianapolis,IN,NCAA Division II with football,"Private nonprofit, 4-year or above",2551305.0,2651245.0,118.0,2271.0,267980.0,1.0,9.0,17094175,17094175,55650.0,24652.0,12.0,36.0,119355.0,164041,2023,2022-23,https://ope.ed.gov/athletics/#/datafile/list,-99940.0,22468.177966101695,2383265.0,1555272.0,277518.0
153658,University of Iowa,IA,NCAA Division I-FBS,"Public, 4-year or above",87365943.0,45372393.0,128.0,41910.0,5364461.0,1.0,14.0,166886577,140482011,1846180.0,349539.0,6.0,27.0,1470475.0,2240885,2023,2022-23,https://ope.ed.gov/athletics/#/datafile/list,41993550.0,354471.8203125,40007932.0,20514633.0,6739726.0
200156,University of Jamestown,ND,NAIA Division II,"Private nonprofit, 4-year or above",2130324.0,2130324.0,129.0,1095.0,141247.0,1.0,8.0,9980695,9980695,45824.0,20466.0,9.0,14.0,55316.0,91810,2023,2022-23,https://ope.ed.gov/athletics/#/datafile/list,0.0,16514.13953488372,1989077.0,698940.0,209552.0
155317,University of Kansas,KS,NCAA Division I-FBS,"Public, 4-year or above",46369042.0,28183466.0,123.0,45099.0,5547199.0,1.0,14.0,205747275,139748616,949964.0,340705.0,5.0,21.0,1966439.0,2435112,2023,2022-23,https://ope.ed.gov/athletics/#/datafile/list,18185576.0,229133.86991869917,22636267.0,11904625.0,5719834.0
157085,University of Kentucky,KY,NCAA Division I-FBS,"Public, 4-year or above",41178801.0,41178801.0,116.0,38933.0,4516270.0,1.0,14.0,166423002,166220830,2266851.0,373336.0,8.0,29.0,2466190.0,3255837,2023,2022-23,https://ope.ed.gov/athletics/#/datafile/list,0.0,354989.6637931034,36662531.0,28961552.0,7493555.0
117140,University of La Verne,CA,NCAA Division III with football,"Private nonprofit, 4-year or above",673381.0,645636.0,109.0,1122.0,122291.0,1.0,8.0,5221666,4629233,61651.0,14921.0,9.0,23.0,0.0,0,2023,2022-23,https://ope.ed.gov/athletics/#/datafile/list,27745.0,5923.266055045871,523345.0,898042.0,181019.0
160658,University of Louisiana at Lafayette,LA,NCAA Division I-FBS,"Public, 4-year or above",12908059.0,12908059.0,133.0,19504.0,2594034.0,1.0,15.0,38961026,38961026,420405.0,171490.0,6.0,21.0,473518.0,688030,2023,2022-23,https://ope.ed.gov/athletics/#/datafile/list,0.0,97053.07518796992,10314025.0,6123720.0,2992755.0
159993,University of Louisiana at Monroe,LA,NCAA Division I-FBS,"Public, 4-year or above",6545485.0,6545485.0,138.0,10129.0,1397771.0,1.0,10.0,18518405,18518405,168802.0,78252.0,5.0,18.0,285056.0,387769,2023,2022-23,https://ope.ed.gov/athletics/#/datafile/list,0.0,47431.05072463768,5147714.0,2252546.0,951322.0
157289,University of Louisville,KY,NCAA Division I-FBS,"Public, 4-year or above",56576494.0,33215961.0,120.0,44337.0,5320462.0,1.0,10.0,155191814,152601594,1121626.0,253584.0,9.0,28.0,2650013.0,3481804,2023,2022-23,https://ope.ed.gov/athletics/#/datafile/list,23360533.0,276799.675,27895499.0,17194986.0,3657466.0
161253,University of Maine,ME,NCAA Division I-FCS,"Public, 4-year or above",4902886.0,4902886.0,100.0,10875.0,1087486.0,1.0,10.0,26711496,26711496,169021.0,55725.0,6.0,20.0,310510.0,431141,2023,2022-23,https://ope.ed.gov/athletics/#/datafile/list,0.0,49028.86,3815400.0,2128626.0,726271.0
200217,University of Mary,ND,NCAA Division II with football,"Private nonprofit, 4-year or above",1498777.0,1498777.0,105.0,1859.0,195201.0,1.0,7.0,7953737,7953737,58819.0,20205.0,7.0,17.0,97177.0,132562,2023,2022-23,https://ope.ed.gov/athletics/#/datafile/list,0.0,14274.066666666668,1303576.0,755218.0,200254.0
226471,University of Mary Hardin-Baylor,TX,NCAA Division III with football,"Private nonprofit, 4-year or above",1684558.0,1684558.0,70.0,6332.0,443228.0,1.0,17.0,6989036,6989036,76687.0,29050.0,7.0,22.0,90913.0,109745,2023,2022-23,https://ope.ed.gov/athletics/#/datafile/list,0.0,24065.114285714284,1241330.0,1175909.0,570537.0
163286,University of Maryland-College Park,MD,NCAA Division I-FBS,"Public, 4-year or above",58514762.0,33999400.0,120.0,42211.0,5065267.0,1.0,10.0,121183392,121160348,1390498.0,282561.0,8.0,26.0,2159245.0,2677607,2023,2022-23,https://ope.ed.gov/athletics/#/datafile/list,24515362.0,283328.3333333333,28934133.0,18470570.0,4216108.0
166629,University of Massachusetts-Amherst,MA,NCAA Division I-FBS,"Public, 4-year or above",11223570.0,11223570.0,111.0,14380.0,1596184.0,1.0,14.0,47604239,47604239,389054.0,89897.0,9.0,32.0,648300.0,940198,2023,2022-23,https://ope.ed.gov/athletics/#/datafile/list,0.0,101113.24324324324,9627386.0,6378190.0,1647612.0
167987,University of Massachusetts-Dartmouth,MA,NCAA Division III with football,"Public, 4-year or above",319352.0,300341.0,115.0,956.0,109899.0,1.0,9.0,3810295,3604919,24309.0,4763.0,8.0,26.0,19450.0,39911,2023,2022-23,https://ope.ed.gov/athletics/#/datafile/list,19011.0,2611.6608695652176,190442.0,318310.0,67176.0
220862,University of Memphis,TN,NCAA Division I-FBS,"Public, 4-year or above",20020832.0,20020832.0,123.0,21428.0,2635653.0,1.0,14.0,64332894,64332894,739830.0,206940.0,7.0,20.0,821780.0,1117371,2023,2022-23,https://ope.ed.gov/athletics/#/datafile/list,0.0,162770.9918699187,17385179.0,9317610.0,3636990.0
135726,University of Miami,FL,NCAA Division I-FBS,"Private nonprofit, 4-year or above",74178024.0,74178024.0,125.0,32354.0,4044234.0,1.0,14.0,159633958,159633958,1575382.0,447910.0,6.0,21.0,4460501.0,5210693,2023,2022-23,https://ope.ed.gov/athletics/#/datafile/list,0.0,593424.192,70133790.0,18858402.0,7846122.0
170976,University of Michigan-Ann Arbor,MI,NCAA Division I-FBS,"Public, 4-year or above",142767462.0,67697276.0,141.0,68858.0,9708911.0,1.0,14.0,206514688,202501688,1086369.0,285974.0,14.0,44.0,3876973.0,4817933,2023,2022-23,https://ope.ed.gov/athletics/#/datafile/list,75070186.0,480122.52482269506,57988365.0,27792022.0,5090005.0
174233,University of Minnesota-Duluth,MN,NCAA Division II with football,"Public, 4-year or above",2030268.0,2030268.0,101.0,3028.0,305810.0,1.0,12.0,13390086,13390086,226495.0,50378.0,6.0,20.0,158117.0,251975,2023,2022-23,https://ope.ed.gov/athletics/#/datafile/list,0.0,20101.663366336634,1724458.0,2366530.0,831031.0
174251,University of Minnesota-Morris,MN,NCAA Division III with football,"Public, 4-year or above",284586.0,284586.0,67.0,1617.0,108311.0,1.0,5.0,1711511,1671699,23231.0,8392.0,8.0,17.0,14693.0,25661,2023,2022-23,https://ope.ed.gov/athletics/#/datafile/list,0.0,4247.55223880597,176275.0,328512.0,65191.0
174066,University of Minnesota-Twin Cities,MN,NCAA Division I-FBS,"Public, 4-year or above",77214620.0,40312012.0,111.0,61026.0,6773912.0,1.0,14.0,136614891,128573351,1048590.0,236395.0,9.0,29.0,2333113.0,2870168,2023,2022-23,https://ope.ed.gov/athletics/#/datafile/list,36902608.0,363171.2792792793,33538100.0,16292765.0,4358120.0
176017,University of Mississippi,MS,NCAA Division I-FBS,"Public, 4-year or above",72504704.0,56298904.0,125.0,56460.0,7057464.0,1.0,14.0,136764296,136764296,2470163.0,453096.0,6.0,22.0,2549482.0,3156949,2023,2022-23,https://ope.ed.gov/athletics/#/datafile/list,16205800.0,450391.232,49241440.0,24789090.0,8813507.0
178396,University of Missouri-Columbia,MO,NCAA Division I-FBS,"Public, 4-year or above",39651237.0,36326858.0,123.0,39169.0,4817788.0,1.0,10.0,124293939,124293939,1411177.0,296207.0,7.0,28.0,1958840.0,2482996,2023,2022-23,https://ope.ed.gov/athletics/#/datafile/list,3324379.0,295340.30894308945,31509070.0,18172035.0,4373247.0
204185,University of Mount Union,OH,NCAA Division III with football,"Private nonprofit, 4-year or above",669348.0,669348.0,228.0,679.0,154738.0,1.0,9.0,4177897,4177897,40702.0,11785.0,11.0,37.0,49811.0,67313,2023,2022-23,https://ope.ed.gov/athletics/#/datafile/list,0.0,2935.7368421052633,514610.0,883767.0,146767.0
181215,University of Nebraska at Kearney,NE,NCAA Division II with football,"Public, 4-year or above",2396291.0,2396291.0,131.0,2484.0,325464.0,1.0,6.0,9606000,9460525,117717.0,70584.0,4.0,11.0,46440.0,88923,2023,2022-23,https://ope.ed.gov/athletics/#/datafile/list,0.0,18292.297709923663,2070827.0,1247292.0,541221.0
181464,University of Nebraska-Lincoln,NE,NCAA Division I-FBS,"Public, 4-year or above",120840117.0,48692016.0,153.0,36294.0,5553031.0,1.0,12.0,197009548,160904566,1141259.0,352196.0,8.0,25.0,2370971.0,2909156,2023,2022-23,https://ope.ed.gov/athletics/#/datafile/list,72148101.0,318248.4705882353,43138985.0,17934972.0,5367611.0
182281,University of Nevada-Las Vegas,NV,NCAA Division I-FBS,"Public, 4-year or above",17669012.0,17669012.0,104.0,40599.0,4222296.0,1.0,10.0,57517603,57517603,302501.0,97637.0,7.0,23.0,1162308.0,1446869,2023,2022-23,https://ope.ed.gov/athletics/#/datafile/list,0.0,169894.34615384616,13446716.0,4363158.0,1278871.0
182290,University of Nevada-Reno,NV,NCAA Division I-FBS,"Public, 4-year or above",13222437.0,13222437.0,111.0,33556.0,3724698.0,1.0,10.0,49524849,49524849,373448.0,146268.0,7.0,17.0,576528.0,837729,2023,2022-23,https://ope.ed.gov/athletics/#/datafile/list,0.0,119121.05405405405,9497739.0,5100692.0,1836128.0
161457,University of New England,ME,NCAA Division III with football,"Private nonprofit, 4-year or above",661800.0,658808.0,128.0,677.0,86641.0,1.0,13.0,3890881,3537119,60220.0,11267.0,7.0,21.0,40866.0,62881,2023,2022-23,https://ope.ed.gov/athletics/#/datafile/list,2992.0,5146.9375,572167.0,658147.0,206691.0
183044,University of New Hampshire-Main Campus,NH,NCAA Division I-FCS,"Public, 4-year or above",5610601.0,5610601.0,102.0,13802.0,1407794.0,1.0,10.0,35261617,35261617,213142.0,57530.0,6.0,22.0,121365.0,194380,2023,2022-23,https://ope.ed.gov/athletics/#/datafile/list,0.0,55005.89215686275,4202807.0,2544512.0,788442.0
129941,University of New Haven,CT,NCAA Division II with football,"Private nonprofit, 4-year or above",2481517.0,2481517.0,141.0,1651.0,232751.0,1.0,17.0,10968246,10928629,68377.0,18805.0,7.0,27.0,42609.0,72801,2023,2022-23,https://ope.ed.gov/athletics/#/datafile/list,0.0,17599.41134751773,2248766.0,986374.0,388062.0
187985,University of New Mexico-Main Campus,NM,NCAA Division I-FBS,"Public, 4-year or above",10988147.0,10988147.0,149.0,10149.0,1512212.0,1.0,10.0,46655963,45941398,279571.0,102060.0,8.0,26.0,573491.0,779376,2023,2022-23,https://ope.ed.gov/athletics/#/datafile/list,0.0,73745.95302013423,9475935.0,4890128.0,1300171.0
101879,University of North Alabama,AL,NCAA Division I-FCS,"Public, 4-year or above",3367374.0,3367374.0,122.0,3941.0,480853.0,1.0,12.0,13955756,13955756,107295.0,46944.0,6.0,18.0,135045.0,201195,2023,2022-23,https://ope.ed.gov/athletics/#/datafile/list,0.0,27601.426229508197,2886521.0,1488762.0,670623.0
199120,University of North Carolina at Chapel Hill,NC,NCAA Division I-FBS,"Public, 4-year or above",67249397.0,44472525.0,127.0,78213.0,9933055.0,1.0,10.0,137918817,136891350,747659.0,305771.0,11.0,35.0,2155890.0,3004469,2023,2022-23,https://ope.ed.gov/athletics/#/datafile/list,22776872.0,350177.3622047244,34539470.0,18926234.0,3805369.0
199139,University of North Carolina at Charlotte,NC,NCAA Division I-FBS,"Public, 4-year or above",10862828.0,10862828.0,118.0,19486.0,2299375.0,1.0,10.0,38472125,38472125,375558.0,104801.0,7.0,24.0,987643.0,1199692,2023,2022-23,https://ope.ed.gov/athletics/#/datafile/list,0.0,92057.86440677966,8563453.0,5144130.0,1423568.0
199281,University of North Carolina at Pembroke,NC,NCAA Division II with football,"Public, 4-year or above",1029916.0,1028460.0,114.0,1505.0,171527.0,1.0,7.0,4952599,4267340,47669.0,15000.0,5.0,14.0,38078.0,52623,2023,2022-23,https://ope.ed.gov/athletics/#/datafile/list,1456.0,9021.578947368422,856933.0,448345.0,152669.0
200280,University of North Dakota,ND,NCAA Division I-FCS,"Public, 4-year or above",6016711.0,6016711.0,108.0,14351.0,1549860.0,1.0,12.0,29323140,29038127,173842.0,73636.0,6.0,19.0,311551.0,532156,2023,2022-23,https://ope.ed.gov/athletics/#/datafile/list,0.0,55710.28703703704,4466851.0,2442136.0,1057474.0
227216,University of North Texas,TX,NCAA Division I-FBS,"Public, 4-year or above",14515382.0,14515382.0,137.0,25863.0,3543268.0,1.0,10.0,50339520,50339520,738098.0,162678.0,4.0,18.0,425889.0,645849,2023,2022-23,https://ope.ed.gov/athletics/#/datafile/list,0.0,105951.69343065693,10972114.0,5880596.0,2364878.0
127741,University of Northern Colorado,CO,NCAA Division I-FCS,"Public, 4-year or above",4781962.0,4781962.0,100.0,10236.0,1023612.0,1.0,11.0,20171855,20171855,102037.0,55524.0,6.0,20.0,147865.0,272866,2023,2022-23,https://ope.ed.gov/athletics/#/datafile/list,0.0,47819.62,3758350.0,1722702.0,712801.0
154095,University of Northern Iowa,IA,NCAA Division I-FCS,"Public, 4-year or above",3795466.0,3795466.0,104.0,6274.0,652476.0,1.0,10.0,18823378,17334994,249113.0,74306.0,6.0,16.0,293657.0,362799,2023,2022-23,https://ope.ed.gov/athletics/#/datafile/list,0.0,36494.86538461538,3142990.0,2683574.0,992173.0
174491,University of Northwestern-St Paul,MN,NCAA Division III with football,"Private nonprofit, 4-year or above",370026.0,365431.0,84.0,1161.0,97558.0,1.0,8.0,2535939,2525738,21123.0,5891.0,10.0,26.0,22641.0,43474,2023,2022-23,https://ope.ed.gov/athletics/#/datafile/list,4595.0,4350.369047619048,267873.0,364396.0,68251.0
152080,University of Notre Dame,IN,NCAA Division I-FBS,"Private nonprofit, 4-year or above",141111745.0,71923043.0,118.0,185706.0,21913362.0,1.0,14.0,224191928,204392860,1037709.0,290800.0,12.0,40.0,3560815.0,4224574,2023,2022-23,https://ope.ed.gov/athletics/#/datafile/list,69188702.0,609517.313559322,50009681.0,24084508.0,5108909.0
207500,University of Oklahoma-Norman Campus,OK,NCAA Division I-FBS,"Public, 4-year or above",134727441.0,61996923.0,119.0,53744.0,6395498.0,1.0,14.0,183919881,181311331,1458636.0,334851.0,8.0,30.0,4597019.0,5514733,2023,2022-23,https://ope.ed.gov/athletics/#/datafile/list,72730518.0,520982.5462184874,55601425.0,21714618.0,6146550.0
209551,University of Oregon,OR,NCAA Division I-FBS,"Public, 4-year or above",79821061.0,42911990.0,126.0,55800.0,7030806.0,1.0,14.0,132359145,128532281,1636640.0,391424.0,6.0,22.0,2566090.0,3007104,2023,2022-23,https://ope.ed.gov/athletics/#/datafile/list,36909071.0,340571.34920634923,35881184.0,18431168.0,7116576.0
215062,University of Pennsylvania,PA,NCAA Division I-FCS,"Private nonprofit, 4-year or above",3130183.0,3130183.0,112.0,6366.0,712966.0,1.0,13.0,46277380,46277380,170174.0,51007.0,15.0,47.0,648101.0,978558,2023,2022-23,https://ope.ed.gov/athletics/#/datafile/list,0.0,27948.0625,2417217.0,4949939.0,833265.0
157535,University of Pikeville,KY,NAIA Division I,"Private nonprofit, 4-year or above",2022548.0,2022548.0,122.0,4892.0,596777.0,1.0,9.0,9002831,9002831,36224.0,32880.0,12.0,11.0,50618.0,83323,2023,2022-23,https://ope.ed.gov/athletics/#/datafile/list,0.0,16578.262295081968,1425771.0,796368.0,332144.0
215293,University of Pittsburgh-Pittsburgh Campus,PA,NCAA Division I-FBS,"Public, 4-year or above",54739243.0,44691913.0,118.0,67411.0,7954475.0,1.0,14.0,136704076,136704076,1946382.0,349062.0,7.0,32.0,1608555.0,2189198,2023,2022-23,https://ope.ed.gov/athletics/#/datafile/list,10047330.0,378745.0254237288,36737438.0,24794658.0,6833250.0
236328,University of Puget Sound,WA,NCAA Division III with football,"Private nonprofit, 4-year or above",505514.0,505514.0,87.0,1767.0,153732.0,1.0,9.0,3654452,3654452,35376.0,7158.0,9.0,32.0,42907.0,69229,2023,2022-23,https://ope.ed.gov/athletics/#/datafile/list,0.0,5810.505747126437,351782.0,547440.0,99798.0
121691,University of Redlands,CA,NCAA Division III with football,"Private nonprofit, 4-year or above",668213.0,701540.0,130.0,1687.0,219277.0,1.0,12.0,6204720,6102103,47613.0,17359.0,10.0,33.0,61073.0,85414,2023,2022-23,https://ope.ed.gov/athletics/#/datafile/list,-33327.0,5396.461538461538,482263.0,1048977.0,255921.0
217484,University of Rhode Island,RI,NCAA Division I-FCS,"Public, 4-year or above",5888936.0,5741648.0,90.0,10275.0,924713.0,1.0,10.0,35445779,35110510,345928.0,75106.0,6.0,19.0,355921.0,528991,2023,2022-23,https://ope.ed.gov/athletics/#/datafile/list,147288.0,63796.08888888889,4816935.0,3502582.0,1096988.0
233374,University of Richmond,VA,NCAA Division I-FCS,"Private nonprofit, 4-year or above",7322442.0,7322442.0,91.0,9688.0,881587.0,1.0,10.0,43472970,42197648,385049.0,91086.0,7.0,18.0,386443.0,532362,2023,2022-23,https://ope.ed.gov/athletics/#/datafile/list,0.0,80466.3956043956,6440855.0,4334891.0,1295909.0
195030,University of Rochester,NY,NCAA Division III with football,"Private nonprofit, 4-year or above",540472.0,540472.0,90.0,1203.0,108283.0,1.0,6.0,8210888,8210888,55544.0,26504.0,9.0,19.0,97488.0,140722,2023,2022-23,https://ope.ed.gov/athletics/#/datafile/list,0.0,6005.2444444444445,432189.0,1003472.0,214568.0
152336,University of Saint Francis-Fort Wayne,IN,NAIA Division I,"Private nonprofit, 4-year or above",3276958.0,2052082.0,138.0,986.0,136025.0,1.0,6.0,7999038,6499356,38837.0,32256.0,8.0,9.0,34052.0,57138,2023,2022-23,https://ope.ed.gov/athletics/#/datafile/list,1224876.0,14870.159420289856,1916057.0,601000.0,232373.0
155812,University of Saint Mary,KS,NAIA Division II,"Private nonprofit, 4-year or above",709576.0,709576.0,119.0,604.0,71934.0,1.0,7.0,6056204,6056204,32198.0,15599.0,10.0,24.0,27496.0,56201,2023,2022-23,https://ope.ed.gov/athletics/#/datafile/list,0.0,5962.823529411765,637642.0,696356.0,141391.0
122436,University of San Diego,CA,NCAA Division I-FCS,"Private nonprofit, 4-year or above",2093880.0,2093880.0,94.0,7662.0,720183.0,1.0,10.0,34031237,34031237,251138.0,65545.0,8.0,24.0,99706.0,145879,2023,2022-23,https://ope.ed.gov/athletics/#/datafile/list,0.0,22275.31914893617,1373697.0,3582184.0,906588.0
219383,University of Sioux Falls,SD,NCAA Division II with football,"Private nonprofit, 4-year or above",1882612.0,1767553.0,119.0,2303.0,274075.0,1.0,11.0,7445342,7142901,57388.0,23832.0,5.0,18.0,69146.0,94238,2023,2022-23,https://ope.ed.gov/athletics/#/datafile/list,115059.0,14853.38655462185,1493478.0,715916.0,319540.0
102094,University of South Alabama,AL,NCAA Division I-FBS,"Public, 4-year or above",12659498.0,12659498.0,111.0,20974.0,2328106.0,1.0,14.0,28658603,28658603,220523.0,62221.0,8.0,36.0,452248.0,604056,2023,2022-23,https://ope.ed.gov/athletics/#/datafile/list,0.0,114049.53153153154,10331392.0,4004140.0,1091617.0
218663,University of South Carolina-Columbia,SC,NCAA Division I-FBS,"Public, 4-year or above",68709125.0,42855531.0,122.0,39741.0,4848442.0,1.0,14.0,160420147,160420147,388087.0,287898.0,8.0,29.0,2040554.0,2754750,2023,2022-23,https://ope.ed.gov/athletics/#/datafile/list,25853594.0,351274.84426229505,38007089.0,11453738.0,4418659.0
219471,University of South Dakota,SD,NCAA Division I-FCS,"Public, 4-year or above",4171202.0,4171202.0,120.0,3234.0,388133.0,1.0,12.0,19665874,19665874,134764.0,48209.0,6.0,23.0,230901.0,409803,2023,2022-23,https://ope.ed.gov/athletics/#/datafile/list,0.0,34760.01666666667,3783069.0,1917391.0,713272.0
137351,University of South Florida,FL,NCAA Division I-FBS,"Public, 4-year or above",22071378.0,22071378.0,127.0,28922.0,3673046.0,1.0,10.0,70344509,70344509,602491.0,165807.0,7.0,23.0,1721049.0,2164312,2023,2022-23,https://ope.ed.gov/athletics/#/datafile/list,0.0,173790.3779527559,18398332.0,8030998.0,2260561.0
123961,University of Southern California,CA,NCAA Division I-FBS,"Private nonprofit, 4-year or above",69117490.0,69117490.0,116.0,49172.0,5703983.0,1.0,13.0,212013703,212013703,1756529.0,331631.0,9.0,34.0,3652721.0,4440363,2023,2022-23,https://ope.ed.gov/athletics/#/datafile/list,0.0,595840.4310344828,63413507.0,27084215.0,6067732.0
176372,University of Southern Mississippi,MS,NCAA Division I-FBS,"Public, 4-year or above",9148507.0,9148507.0,114.0,15238.0,1737120.0,1.0,15.0,27676039,27676039,249121.0,120144.0,7.0,22.0,276775.0,446947,2023,2022-23,https://ope.ed.gov/athletics/#/datafile/list,0.0,80250.06140350878,7411387.0,4387015.0,2051281.0
148584,University of St Francis,IL,NAIA Division I,"Private nonprofit, 4-year or above",1531126.0,1419799.0,85.0,1734.0,147403.0,1.0,12.0,7693179,7516663,44107.0,6754.0,8.0,31.0,4675.0,11074,2023,2022-23,https://ope.ed.gov/athletics/#/datafile/list,111327.0,16703.517647058823,1272396.0,562230.0,125155.0
174914,University of St Thomas,MN,NCAA Division I-FCS,"Private nonprofit, 4-year or above",2260474.0,2260474.0,110.0,5695.0,626458.0,1.0,10.0,22370292,22370292,110150.0,38701.0,10.0,32.0,144477.0,237400,2023,2022-23,https://ope.ed.gov/athletics/#/datafile/list,0.0,20549.763636363637,1634016.0,2339932.0,497160.0
206084,University of Toledo,OH,NCAA Division I-FBS,"Public, 4-year or above",11279056.0,11279056.0,123.0,13633.0,1676813.0,1.0,10.0,34919422,34919422,330219.0,88903.0,6.0,17.0,426682.0,619114,2023,2022-23,https://ope.ed.gov/athletics/#/datafile/list,0.0,91699.64227642276,9602243.0,3492665.0,1219249.0
207971,University of Tulsa,OK,NCAA Division I-FBS,"Private nonprofit, 4-year or above",15264861.0,15264861.0,139.0,12080.0,1679076.0,1.0,12.0,46552301,46552301,275686.0,99356.0,7.0,26.0,372888.0,574267,2023,2022-23,https://ope.ed.gov/athletics/#/datafile/list,0.0,109819.14388489208,13585785.0,4513058.0,1467958.0
230764,University of Utah,UT,NCAA Division I-FBS,"Public, 4-year or above",75135497.0,40457816.0,151.0,53174.0,8029203.0,1.0,10.0,111483459,110060805,1115322.0,354666.0,9.0,25.0,1739442.0,2273776,2023,2022-23,https://ope.ed.gov/athletics/#/datafile/list,34677681.0,267932.55629139073,32428613.0,18904548.0,4661982.0
233897,University of Virginia's College at Wise,VA,NCAA Division II with football,"Public, 4-year or above",1357407.0,1357407.0,113.0,2378.0,268673.0,1.0,17.0,4848123,4848123,41192.0,12797.0,7.0,24.0,29256.0,46643,2023,2022-23,https://ope.ed.gov/athletics/#/datafile/list,0.0,12012.451327433628,1088734.0,595472.0,258741.0
234076,University of Virginia-Main Campus,VA,NCAA Division I-FBS,"Public, 4-year or above",42113574.0,29729988.0,126.0,26586.0,3349783.0,1.0,10.0,125968540,125968540,1069632.0,209746.0,11.0,35.0,2229907.0,2863510,2023,2022-23,https://ope.ed.gov/athletics/#/datafile/list,12383586.0,235952.2857142857,26380205.0,19107062.0,3167092.0
236948,University of Washington-Seattle Campus,WA,NCAA Division I-FBS,"Public, 4-year or above",101724060.0,49465172.0,118.0,143539.0,16937631.0,1.0,10.0,154849477,140259588,1311691.0,416162.0,8.0,27.0,2136014.0,2782981,2023,2022-23,https://ope.ed.gov/athletics/#/datafile/list,52258888.0,419196.3728813559,32527541.0,21729902.0,5473311.0
101587,University of West Alabama,AL,NCAA Division II with football,"Public, 4-year or above",2396263.0,2377042.0,111.0,3173.0,352226.0,1.0,11.0,9364949,9240990,67457.0,35402.0,6.0,18.0,85326.0,132690,2023,2022-23,https://ope.ed.gov/athletics/#/datafile/list,19221.0,21414.792792792792,2024816.0,1041978.0,456879.0
141334,University of West Georgia,GA,NCAA Division II with football,"Public, 4-year or above",1937603.0,1937603.0,134.0,2461.0,329811.0,1.0,11.0,10263310,10263310,80371.0,33985.0,5.0,19.0,22778.0,49925,2023,2022-23,https://ope.ed.gov/athletics/#/datafile/list,0.0,14459.723880597016,1607792.0,1047570.0,454206.0
240268,University of Wisconsin-Eau Claire,WI,NCAA Division III with football,"Public, 4-year or above",722031.0,704489.0,113.0,1459.0,164860.0,1.0,10.0,6592666,6592666,38045.0,4543.0,12.0,68.0,56223.0,80161,2023,2022-23,https://ope.ed.gov/athletics/#/datafile/list,17542.0,6234.41592920354,539629.0,765464.0,83475.0
240329,University of Wisconsin-La Crosse,WI,NCAA Division III with football,"Public, 4-year or above",911716.0,940600.0,116.0,4263.0,494480.0,1.0,23.0,7132470,6663363,44120.0,9453.0,9.0,39.0,21220.0,31080,2023,2022-23,https://ope.ed.gov/athletics/#/datafile/list,-28884.0,8108.620689655172,446120.0,765747.0,261539.0
240444,University of Wisconsin-Madison,WI,NCAA Division I-FBS,"Public, 4-year or above",104160933.0,53898310.0,121.0,50432.0,6102224.0,1.0,15.0,190554690,173758101,1164027.0,227843.0,10.0,40.0,1664199.0,2238331,2023,2022-23,https://ope.ed.gov/athletics/#/datafile/list,50262623.0,445440.5785123967,47796086.0,20753990.0,4581672.0
240365,University of Wisconsin-Oshkosh,WI,NCAA Division III with football,"Public, 4-year or above",683934.0,590253.0,113.0,1192.0,134739.0,1.0,15.0,5413839,5389072,36531.0,23295.0,7.0,8.0,40325.0,61738,2023,2022-23,https://ope.ed.gov/athletics/#/datafile/list,93681.0,5223.477876106194,455514.0,442077.0,385956.0
240462,University of Wisconsin-Platteville,WI,NCAA Division III with football,"Public, 4-year or above",962190.0,877932.0,115.0,1548.0,178076.0,1.0,12.0,5808237,4760254,58969.0,26207.0,7.0,15.0,57665.0,76212,2023,2022-23,https://ope.ed.gov/athletics/#/datafile/list,84258.0,7634.191304347826,699856.0,805888.0,373453.0
240471,University of Wisconsin-River Falls,WI,NCAA Division III with football,"Public, 4-year or above",509874.0,509874.0,117.0,1323.0,154756.0,1.0,11.0,3935140,3935140,41387.0,9046.0,5.0,16.0,18471.0,31049,2023,2022-23,https://ope.ed.gov/athletics/#/datafile/list,0.0,4357.897435897436,355118.0,351671.0,140893.0
240480,University of Wisconsin-Stevens Point,WI,NCAA Division III with football,"Public, 4-year or above",456560.0,432621.0,102.0,478.0,48737.0,1.0,14.0,3833586,3833586,34051.0,8108.0,11.0,42.0,24297.0,63717,2023,2022-23,https://ope.ed.gov/athletics/#/datafile/list,23939.0,4241.382352941177,383884.0,715097.0,147563.0
240417,University of Wisconsin-Stout,WI,NCCAA Division II,"Public, 4-year or above",531189.0,531189.0,114.0,1257.0,143256.0,1.0,9.0,4440051,4427596,34101.0,13515.0,8.0,23.0,31905.0,61647,2023,2022-23,https://ope.ed.gov/athletics/#/datafile/list,0.0,4659.5526315789475,387933.0,583653.0,155736.0
240189,University of Wisconsin-Whitewater,WI,NCAA Division III with football,"Public, 4-year or above",759330.0,664223.0,108.0,614.0,66331.0,1.0,13.0,4940418,4485981,34070.0,10791.0,10.0,27.0,9000.0,21000,2023,2022-23,https://ope.ed.gov/athletics/#/datafile/list,95107.0,6150.212962962963,597892.0,632057.0,174353.0
240727,University of Wyoming,WY,NCAA Division I-FBS,"Public, 4-year or above",17353258.0,14235241.0,114.0,13914.0,1586172.0,1.0,14.0,47746153,47746153,585964.0,93977.0,6.0,30.0,770327.0,977346,2023,2022-23,https://ope.ed.gov/athletics/#/datafile/list,3118017.0,124870.5350877193,12649069.0,6335094.0,1901642.0
156541,University of the Cumberlands,KY,NAIA Division I,"Private nonprofit, 4-year or above",1205508.0,1205508.0,74.0,2897.0,214352.0,1.0,9.0,10987075,10987075,52967.0,43248.0,11.0,14.0,53779.0,96675,2023,2022-23,https://ope.ed.gov/athletics/#/datafile/list,0.0,16290.648648648648,991156.0,1188109.0,442199.0
225627,University of the Incarnate Word,TX,NCAA Division I-FCS,"Private nonprofit, 4-year or above",6225275.0,6225275.0,134.0,8078.0,1082414.0,1.0,10.0,24544713,24544713,152603.0,52548.0,9.0,22.0,201292.0,269632,2023,2022-23,https://ope.ed.gov/athletics/#/datafile/list,0.0,46457.27611940299,5142861.0,2529483.0,678083.0
154493,Upper Iowa University,IA,NCAA Division II with football,"Private nonprofit, 4-year or above",1472986.0,1456244.0,111.0,1034.0,114800.0,1.0,7.0,8356686,8029743,51612.0,17599.0,8.0,22.0,34413.0,57263,2023,2022-23,https://ope.ed.gov/athletics/#/datafile/list,16742.0,13119.315315315316,1341444.0,800074.0,174805.0
216524,Ursinus College,PA,NCAA Division III with football,"Private nonprofit, 4-year or above",638974.0,638974.0,144.0,946.0,136256.0,1.0,9.0,5691251,5691251,48965.0,12825.0,10.0,31.0,38393.0,63377,2023,2022-23,https://ope.ed.gov/athletics/#/datafile/list,0.0,4437.319444444444,502718.0,887225.0,164390.0
230728,Utah State University,UT,NCAA Division I-FBS,"Public, 4-year or above",15320376.0,15320376.0,107.0,20174.0,2158641.0,1.0,14.0,45575192,45575192,506298.0,124565.0,5.0,23.0,634970.0,942640,2023,2022-23,https://ope.ed.gov/athletics/#/datafile/list,0.0,143181.08411214955,13161735.0,5396485.0,2250208.0
230171,Utah Tech University,UT,NCAA Division I-FCS,"Public, 4-year or above",3670919.0,3670919.0,124.0,6446.0,799357.0,1.0,10.0,16367376,16250328,94875.0,46565.0,6.0,18.0,203121.0,296341,2023,2022-23,https://ope.ed.gov/athletics/#/datafile/list,0.0,29604.185483870966,2871562.0,1407420.0,560525.0
197045,Utica University,NY,NCAA Division III with football,"Private nonprofit, 4-year or above",796929.0,796929.0,141.0,1088.0,153457.0,1.0,12.0,5712584,5712584,53675.0,21370.0,11.0,13.0,102111.0,162471,2023,2022-23,https://ope.ed.gov/athletics/#/datafile/list,0.0,5651.978723404255,643472.0,868235.0,310115.0
141264,Valdosta State University,GA,NCAA Division II with football,"Public, 4-year or above",1412927.0,1412927.0,159.0,611.0,97222.0,1.0,6.0,7987860,7259073,69395.0,44277.0,6.0,9.0,85977.0,101029,2023,2022-23,https://ope.ed.gov/athletics/#/datafile/list,0.0,8886.333333333334,1315705.0,814863.0,335057.0
200572,Valley City State University,ND,NAIA Division II,"Public, 4-year or above",737088.0,699547.0,104.0,1085.0,112876.0,1.0,6.0,3152666,3115205,47447.0,24252.0,5.0,9.0,22030.0,33873,2023,2022-23,https://ope.ed.gov/athletics/#/datafile/list,37541.0,6726.413461538462,586671.0,455503.0,192959.0
152600,Valparaiso University,IN,NCAA Division I-FCS,"Private nonprofit, 4-year or above",1581729.0,1570737.0,117.0,370.0,43297.0,1.0,6.0,15971802,15903955,219238.0,62929.0,7.0,13.0,180721.0,286768,2023,2022-23,https://ope.ed.gov/athletics/#/datafile/list,10992.0,13425.102564102564,1527440.0,2352743.0,596812.0
221999,Vanderbilt University,TN,NCAA Division I-FBS,"Private nonprofit, 4-year or above",37029861.0,37029861.0,108.0,61035.0,6591731.0,1.0,10.0,125133666,125133666,1886872.0,437892.0,6.0,18.0,2683253.0,3750491,2023,2022-23,https://ope.ed.gov/athletics/#/datafile/list,0.0,342869.0833333333,30438130.0,19203288.0,6265792.0
125028,Ventura College,CA,CCCAA,"Public, 2-year",339993.0,301622.0,91.0,847.0,77071.0,1.0,15.0,2775926,2580279,39347.0,9765.0,9.0,26.0,0.0,0,2023,2022-23,https://ope.ed.gov/athletics/#/datafile/list,38371.0,3314.5274725274726,224551.0,608013.0,185822.0
125091,Victor Valley College,CA,CCCAA,"Public, 2-year",252834.0,193765.0,62.0,1401.0,86863.0,1.0,7.0,1211242,1160470,10178.0,5717.0,7.0,17.0,0.0,0,2023,2022-23,https://ope.ed.gov/athletics/#/datafile/list,59069.0,3125.2419354838707,106902.0,168435.0,50197.0
216597,Villanova University,PA,NCAA Division I-FCS,"Private nonprofit, 4-year or above",7559796.0,7559796.0,89.0,10432.0,928490.0,1.0,13.0,58703280,58703280,348712.0,104348.0,9.0,27.0,505590.0,734658,2023,2022-23,https://ope.ed.gov/athletics/#/datafile/list,0.0,84941.52808988764,6631306.0,5955804.0,1705236.0
234085,Virginia Military Institute,VA,NCAA Division I-FCS,"Public, 4-year or above",4730308.0,4730308.0,113.0,6096.0,688893.0,1.0,12.0,17878292,17878292,101580.0,37860.0,8.0,24.0,136105.0,156609,2023,2022-23,https://ope.ed.gov/athletics/#/datafile/list,0.0,41861.13274336283,4041415.0,1721280.0,555900.0
233921,Virginia Polytechnic Institute and State University,VA,NCAA Division I-FBS,"Public, 4-year or above",72527919.0,38543671.0,126.0,42532.0,5359071.0,1.0,10.0,129705818,117168565,920134.0,194734.0,9.0,44.0,2022598.0,2403861,2023,2022-23,https://ope.ed.gov/athletics/#/datafile/list,33984248.0,305902.15079365077,33184600.0,16849502.0,2867474.0
234155,Virginia State University,VA,NCAA Division II with football,"Public, 4-year or above",1738065.0,1738065.0,124.0,2519.0,312334.0,1.0,9.0,8036522,8036522,73217.0,26584.0,6.0,14.0,17166.0,33446,2023,2022-23,https://ope.ed.gov/athletics/#/datafile/list,0.0,14016.65322580645,1425731.0,811478.0,312473.0
234164,Virginia Union University,VA,NCAA Division II with football,"Private nonprofit, 4-year or above",1334485.0,1217163.0,101.0,2746.0,277376.0,1.0,10.0,4822988,4430763,39420.0,21563.0,6.0,16.0,13624.0,23078,2023,2022-23,https://ope.ed.gov/athletics/#/datafile/list,117322.0,12051.118811881188,939787.0,581528.0,255050.0
234137,Virginia University of Lynchburg,VA,NCCAA Division I,"Private nonprofit, 4-year or above",622000.0,568774.0,117.0,1466.0,171528.0,1.0,11.0,887389,708643,42000.0,5833.0,3.0,6.0,3400.0,6800,2023,2022-23,https://ope.ed.gov/athletics/#/datafile/list,53226.0,4861.316239316239,397246.0,160998.0,106163.0
197197,Wagner College,NY,NCAA Division I-FCS,"Private nonprofit, 4-year or above",4613622.0,4613622.0,138.0,2739.0,378040.0,1.0,9.0,22026021,22026021,100209.0,57410.0,9.0,24.0,147074.0,206828,2023,2022-23,https://ope.ed.gov/athletics/#/datafile/list,0.0,33432.04347826087,4235582.0,2279721.0,616899.0
199847,Wake Forest University,NC,NCAA Division I-FBS,"Private nonprofit, 4-year or above",32322751.0,32322751.0,128.0,22600.0,2892757.0,1.0,10.0,97298475,97298475,1245555.0,334827.0,7.0,23.0,1125269.0,1483079,2023,2022-23,https://ope.ed.gov/athletics/#/datafile/list,0.0,252521.4921875,29429994.0,16419906.0,4593825.0
154518,Waldorf University,IA,NAIA Division I,"Private for-profit, 4-year or above",1394971.0,1394971.0,116.0,895.0,103814.0,1.0,7.0,10606898,10606898,15943.0,18037.0,10.0,14.0,12183.0,24383,2023,2022-23,https://ope.ed.gov/athletics/#/datafile/list,0.0,12025.612068965518,1291157.0,411948.0,142202.0
206437,Walsh University,OH,NCAA Division II with football,"Private nonprofit, 4-year or above",1642840.0,1615684.0,126.0,1378.0,173679.0,1.0,9.0,9331252,8696542,50743.0,16110.0,8.0,24.0,37698.0,47808,2023,2022-23,https://ope.ed.gov/athletics/#/datafile/list,27156.0,12822.888888888889,1442005.0,792584.0,195733.0
138275,Warner University,FL,NAIA Division I,"Private nonprofit, 4-year or above",2059931.0,1923079.0,120.0,2737.0,328473.0,1.0,6.0,10709110,10456873,36509.0,21469.0,9.0,18.0,18301.0,28447,2023,2022-23,https://ope.ed.gov/athletics/#/datafile/list,136852.0,16025.658333333333,1594606.0,715023.0,165323.0
154527,Wartburg College,IA,NCAA Division III with football,"Private nonprofit, 4-year or above",495959.0,495959.0,137.0,883.0,120959.0,1.0,10.0,4995345,4995345,36117.0,12600.0,11.0,36.0,93775.0,155392,2023,2022-23,https://ope.ed.gov/athletics/#/datafile/list,0.0,3620.1386861313867,375000.0,850887.0,162117.0
156082,Washburn University,KS,NCAA Division II with football,"Public, 4-year or above",2190230.0,2190230.0,137.0,1885.0,258241.0,1.0,10.0,9279757,9118315,78169.0,28931.0,6.0,23.0,69358.0,107288,2023,2022-23,https://ope.ed.gov/athletics/#/datafile/list,0.0,15987.080291970802,1931989.0,1134427.0,367479.0
216667,Washington & Jefferson College,PA,NCAA Division III with football,"Private nonprofit, 4-year or above",520402.0,520295.0,159.0,1265.0,201112.0,1.0,14.0,3222212,3219557,41345.0,11376.0,11.0,21.0,30514.0,55481,2023,2022-23,https://ope.ed.gov/athletics/#/datafile/list,107.0,3272.2955974842766,319183.0,693691.0,200609.0
236939,Washington State University,WA,NCAA Division I-FBS,"Public, 4-year or above",48240473.0,24817654.0,131.0,19892.0,2605824.0,1.0,14.0,79015052,79015052,952537.0,230679.0,5.0,21.0,1353618.0,1909216,2023,2022-23,https://ope.ed.gov/athletics/#/datafile/list,23422819.0,189447.74045801527,22211830.0,9606944.0,4182043.0
179867,Washington University in St Louis,MO,NCAA Division III with football,"Private nonprofit, 4-year or above",824878.0,773697.0,97.0,2014.0,195364.0,1.0,8.0,10696709,9847736,82980.0,16553.0,7.0,28.0,55070.0,111354,2023,2022-23,https://ope.ed.gov/athletics/#/datafile/list,51181.0,7976.257731958763,578333.0,1044344.0,215404.0
234207,Washington and Lee University,VA,NCAA Division III with football,"Private nonprofit, 4-year or above",572298.0,572298.0,88.0,1823.0,160390.0,1.0,7.0,7095074,6958903,58265.0,25751.0,12.0,22.0,23676.0,31667,2023,2022-23,https://ope.ed.gov/athletics/#/datafile/list,0.0,6503.386363636364,411908.0,1265702.0,238522.0
229780,Wayland Baptist University,TX,NAIA Division I,"Private nonprofit, 4-year or above",1228518.0,1228518.0,122.0,1518.0,185193.0,1.0,6.0,6563979,6563979,51716.0,24392.0,7.0,17.0,21344.0,33081,2023,2022-23,https://ope.ed.gov/athletics/#/datafile/list,0.0,10069.819672131147,1043325.0,776676.0,198068.0
181783,Wayne State College,NE,NCAA Division II with football,"Public, 4-year or above",1386296.0,1386296.0,91.0,2541.0,231235.0,1.0,8.0,6555688,6555688,77692.0,28422.0,4.0,17.0,71306.0,136456,2023,2022-23,https://ope.ed.gov/athletics/#/datafile/list,0.0,15234.021978021978,1155061.0,793942.0,305068.0
172644,Wayne State University,MI,NCAA Division II with football,"Public, 4-year or above",2382013.0,2382013.0,126.0,2438.0,307142.0,1.0,11.0,13906924,13906924,92236.0,35037.0,8.0,17.0,37018.0,52060,2023,2022-23,https://ope.ed.gov/athletics/#/datafile/list,0.0,18904.865079365078,2074871.0,1333517.0,477643.0
216694,Waynesburg University,PA,NCAA Division III with football,"Private nonprofit, 4-year or above",470629.0,470629.0,92.0,739.0,67949.0,1.0,11.0,2106475,2106475,21973.0,9617.0,10.0,24.0,31051.0,51313,2023,2022-23,https://ope.ed.gov/athletics/#/datafile/list,0.0,5115.532608695652,402680.0,450538.0,127760.0
138293,Webber International University,FL,NAIA Division I,"Private nonprofit, 4-year or above",2141774.0,2157099.0,75.0,3947.0,296040.0,1.0,9.0,10382868,10268450,33106.0,17547.0,12.0,21.0,21629.0,31854,2023,2022-23,https://ope.ed.gov/athletics/#/datafile/list,-15325.0,28761.32,1861059.0,765759.0,191029.0
230782,Weber State University,UT,NCAA Division I-FCS,"Public, 4-year or above",4792015.0,4792014.0,104.0,9900.0,1029603.0,1.0,11.0,17889271,17889271,121083.0,57523.0,5.0,17.0,182443.0,277010,2023,2022-23,https://ope.ed.gov/athletics/#/datafile/list,1.0,46077.057692307695,3762411.0,1583306.0,753836.0
130697,Wesleyan University,CT,NCAA Division III with football,"Private nonprofit, 4-year or above",953442.0,782330.0,100.0,1071.0,107113.0,1.0,8.0,13057045,9328586,82498.0,12119.0,14.0,38.0,46690.0,91050,2023,2022-23,https://ope.ed.gov/athletics/#/datafile/list,171112.0,7823.3,675217.0,1615494.0,179450.0
216764,West Chester University of Pennsylvania,PA,NCAA Division II with football,"Public, 4-year or above",1260680.0,1213976.0,99.0,1547.0,153136.0,1.0,9.0,11577662,9739993,74981.0,26561.0,8.0,19.0,20860.0,32618,2023,2022-23,https://ope.ed.gov/athletics/#/datafile/list,46704.0,12262.38383838384,1060840.0,1104507.0,314030.0
125462,West Hills College-Coalinga,CA,CCCAA,"Public, 2-year",297018.0,295020.0,76.0,1885.0,143260.0,1.0,5.0,1644929,1605744,49565.0,11050.0,3.0,6.0,0.0,0,2023,2022-23,https://ope.ed.gov/athletics/#/datafile/list,1998.0,3881.842105263158,151760.0,214995.0,104815.0
237932,West Liberty University,WV,NCAA Division II with football,"Public, 4-year or above",1501881.0,1501881.0,105.0,1552.0,162995.0,1.0,9.0,6332513,6332513,49014.0,13847.0,8.0,25.0,10262.0,16391,2023,2022-23,https://ope.ed.gov/athletics/#/datafile/list,0.0,14303.628571428571,1338886.0,738287.0,173637.0
125471,West Los Angeles College,CA,CCCAA,"Public, 2-year",121438.0,116615.0,51.0,680.0,34675.0,1.0,5.0,1175514,1175514,16240.0,12540.0,5.0,13.0,0.0,0,2023,2022-23,https://ope.ed.gov/athletics/#/datafile/list,4823.0,2286.5686274509803,81940.0,244220.0,78940.0
229814,West Texas A & M University,TX,NCAA Division II with football,"Public, 4-year or above",2152679.0,2152679.0,141.0,2582.0,364116.0,1.0,10.0,11788132,11788132,88139.0,36404.0,7.0,19.0,99864.0,157922,2023,2022-23,https://ope.ed.gov/athletics/#/datafile/list,0.0,15267.22695035461,1788563.0,1308649.0,452179.0
237899,West Virginia State University,WV,NCAA Division II with football,"Public, 4-year or above",1666322.0,1666322.0,112.0,1175.0,131570.0,1.0,9.0,4784703,4784703,50726.0,22971.0,5.0,16.0,19617.0,29642,2023,2022-23,https://ope.ed.gov/athletics/#/datafile/list,0.0,14877.875,1534752.0,621166.0,257465.0
238032,West Virginia University,WV,NCAA Division I-FBS,"Public, 4-year or above",18824929.0,23920364.0,121.0,49341.0,5970244.0,1.0,10.0,103142400,103142400,1326344.0,239158.0,7.0,27.0,1545600.0,2096030,2023,2022-23,https://ope.ed.gov/athletics/#/datafile/list,-5095435.0,197688.95867768594,17950120.0,15741674.0,3717924.0
237969,West Virginia Wesleyan College,WV,NCAA Division II with football,"Private nonprofit, 4-year or above",873563.0,873563.0,110.0,1563.0,171922.0,1.0,6.0,4017492,4017492,28349.0,17654.0,8.0,12.0,24185.0,46039,2023,2022-23,https://ope.ed.gov/athletics/#/datafile/list,0.0,7941.481818181818,701641.0,438640.0,134273.0
200004,Western Carolina University,NC,NCAA Division I-FCS,"Public, 4-year or above",3719282.0,3719282.0,119.0,3322.0,395307.0,1.0,10.0,15368314,15368314,149863.0,56423.0,5.0,17.0,143370.0,260865,2023,2022-23,https://ope.ed.gov/athletics/#/datafile/list,0.0,31254.470588235294,3323975.0,1708506.0,714093.0
128391,Western Colorado University,CO,NCAA Division II with football,"Public, 4-year or above",2114997.0,2114997.0,131.0,1604.0,210124.0,1.0,8.0,7737193,7737193,73428.0,20799.0,5.0,18.0,64168.0,128512,2023,2022-23,https://ope.ed.gov/athletics/#/datafile/list,0.0,16145.015267175573,1904873.0,741522.0,239820.0
130776,Western Connecticut State University,CT,NCAA Division III with football,"Public, 4-year or above",674100.0,674100.0,155.0,1141.0,176857.0,1.0,7.0,5421609,5421609,65836.0,14472.0,9.0,23.0,3761.0,8244,2023,2022-23,https://ope.ed.gov/athletics/#/datafile/list,0.0,4349.032258064516,497243.0,925380.0,167140.0
149772,Western Illinois University,IL,NCAA Division I-FCS,"Public, 4-year or above",2688848.0,2688848.0,121.0,2245.0,271641.0,1.0,13.0,8185022,8185022,92330.0,30993.0,6.0,30.0,9517.0,14655,2023,2022-23,https://ope.ed.gov/athletics/#/datafile/list,0.0,22221.88429752066,2417207.0,1483770.0,495239.0
157951,Western Kentucky University,KY,NCAA Division I-FBS,"Public, 4-year or above",8950238.0,8950238.0,138.0,18540.0,2558579.0,1.0,10.0,25400653,25400653,411114.0,107619.0,5.0,15.0,596707.0,769500,2023,2022-23,https://ope.ed.gov/athletics/#/datafile/list,0.0,64856.79710144927,6391659.0,3669855.0,1487304.0
172699,Western Michigan University,MI,NCAA Division I-FBS,"Public, 4-year or above",8586592.0,8586592.0,119.0,15453.0,1838963.0,1.0,10.0,40804290,40804290,334294.0,95349.0,6.0,20.0,417514.0,538111,2023,2022-23,https://ope.ed.gov/athletics/#/datafile/list,0.0,72156.23529411765,6747629.0,3912744.0,1287784.0
168254,Western New England University,MA,NCAA Division III with football,"Private nonprofit, 4-year or above",717633.0,560156.0,138.0,2251.0,310625.0,1.0,11.0,5803929,4908059,49305.0,5953.0,10.0,34.0,24744.0,43599,2023,2022-23,https://ope.ed.gov/athletics/#/datafile/list,157477.0,4059.1014492753625,249531.0,695452.0,114788.0
188304,Western New Mexico University,NM,NCAA Division II with football,"Public, 4-year or above",1678010.0,1675372.0,115.0,3053.0,351069.0,1.0,9.0,5010179,4925948,40445.0,48171.0,6.0,6.0,32500.0,58000,2023,2022-23,https://ope.ed.gov/athletics/#/datafile/list,2638.0,14568.452173913043,1324303.0,531696.0,473984.0
210429,Western Oregon University,OR,NCAA Division II with football,"Public, 4-year or above",1654856.0,1654856.0,110.0,5048.0,555300.0,1.0,7.0,7557905,7557905,73554.0,27592.0,5.0,15.0,64350.0,91030,2023,2022-23,https://ope.ed.gov/athletics/#/datafile/list,0.0,15044.145454545454,1099556.0,781650.0,266698.0
168263,Westfield State University,MA,NCAA Division III with football,"Public, 4-year or above",186102.0,183309.0,78.0,839.0,65430.0,1.0,7.0,3319694,3166374,25224.0,3372.0,8.0,19.0,12479.0,17683,2023,2022-23,https://ope.ed.gov/athletics/#/datafile/list,2793.0,2350.1153846153848,117879.0,265860.0,48828.0
216807,Westminster College,PA,NCAA Division III with football,"Private nonprofit, 4-year or above",587397.0,587397.0,111.0,1896.0,210480.0,1.0,13.0,2921263,2921263,30057.0,5646.0,11.0,29.0,58413.0,69976,2023,2022-23,https://ope.ed.gov/athletics/#/datafile/list,0.0,5291.864864864865,376917.0,494361.0,103455.0
179946,Westminster College,MO,NCAA Division III with football,"Private nonprofit, 4-year or above",350822.0,351584.0,64.0,1674.0,107151.0,1.0,10.0,1779944,1755152,32146.0,11595.0,8.0,20.0,16053.0,28346,2023,2022-23,https://ope.ed.gov/athletics/#/datafile/list,-762.0,5493.5,244433.0,489068.0,148096.0
149781,Wheaton College,IL,NCAA Division III with football,"Private nonprofit, 4-year or above",778618.0,778618.0,116.0,1708.0,198136.0,1.0,14.0,5101733,5101733,50146.0,16682.0,10.0,28.0,50179.0,69144,2023,2022-23,https://ope.ed.gov/athletics/#/datafile/list,0.0,6712.224137931034,580482.0,968556.0,283694.0
238078,Wheeling University,WV,NCAA Division II with football,"Private nonprofit, 4-year or above",1774067.0,1659332.0,127.0,537.0,68162.0,1.0,13.0,6129093,5940296,55052.0,13351.0,10.0,35.0,38376.0,49623,2023,2022-23,https://ope.ed.gov/athletics/#/datafile/list,114735.0,13065.606299212599,1591170.0,1017805.0,228615.0
125763,Whittier College,CA,NCAA Division III with football,"Private nonprofit, 4-year or above",183407.0,183407.0,77.0,780.0,60060.0,1.0,7.0,2551857,2487855,33263.0,5958.0,10.0,22.0,8355.0,12753,2023,2022-23,https://ope.ed.gov/athletics/#/datafile/list,0.0,2381.909090909091,123347.0,463706.0,74969.0
237066,Whitworth University,WA,NCAA Division III with football,"Private nonprofit, 4-year or above",895556.0,876885.0,118.0,1914.0,225869.0,1.0,11.0,5131246,4908724,44066.0,10786.0,10.0,34.0,53678.0,73697,2023,2022-23,https://ope.ed.gov/athletics/#/datafile/list,18671.0,7431.228813559322,651016.0,807384.0,162712.0
216852,Widener University,PA,NCAA Division III with football,"Private nonprofit, 4-year or above",530994.0,530994.0,95.0,424.0,40283.0,1.0,8.0,4600403,4488158,54618.0,8510.0,11.0,46.0,23229.0,32693,2023,2022-23,https://ope.ed.gov/athletics/#/datafile/list,0.0,5589.41052631579,490711.0,992258.0,122698.0
216931,Wilkes University,PA,NCAA Division III with football,"Private nonprofit, 4-year or above",666997.0,638748.0,109.0,1542.0,168050.0,1.0,8.0,4582026,4281137,38142.0,10935.0,12.0,25.0,62603.0,81383,2023,2022-23,https://ope.ed.gov/athletics/#/datafile/list,28249.0,5860.073394495413,470698.0,731079.0,125622.0
210401,Willamette University,OR,NCAA Division III with football,"Private nonprofit, 4-year or above",636744.0,626217.0,73.0,2290.0,167156.0,1.0,9.0,4557276,4286440,46429.0,14164.0,8.0,23.0,45508.0,75591,2023,2022-23,https://ope.ed.gov/athletics/#/datafile/list,10527.0,8578.315068493152,459061.0,697204.0,173905.0
231624,William & Mary,VA,NCAA Division I-FCS,"Public, 4-year or above",5000957.0,8900403.0,96.0,14834.0,1424042.0,1.0,10.0,34044814,34044814,128416.0,68382.0,10.0,23.0,327195.0,496696,2023,2022-23,https://ope.ed.gov/athletics/#/datafile/list,-3899446.0,92712.53125,7476361.0,2856946.0,812236.0
179955,William Jewell College,MO,NCAA Division II with football,"Private nonprofit, 4-year or above",1484474.0,1484474.0,105.0,1623.0,170417.0,1.0,9.0,7484273,7484273,41611.0,20216.0,10.0,21.0,49445.0,68600,2023,2022-23,https://ope.ed.gov/athletics/#/datafile/list,0.0,14137.84761904762,1314057.0,840646.0,223555.0
187444,William Paterson University of New Jersey,NJ,NCAA Division III with football,"Public, 4-year or above",359289.0,347613.0,73.0,826.0,60317.0,1.0,10.0,3317290,3224023,51664.0,8290.0,6.0,21.0,6729.0,14861,2023,2022-23,https://ope.ed.gov/athletics/#/datafile/list,11676.0,4761.821917808219,287296.0,484074.0,134564.0
154590,William Penn University,IA,NAIA Division I,"Private nonprofit, 4-year or above",2199961.0,2199231.0,118.0,1156.0,136374.0,1.0,9.0,16227428,16223612,53350.0,22142.0,12.0,30.0,32100.0,66702,2023,2022-23,https://ope.ed.gov/athletics/#/datafile/list,730.0,18637.550847457627,2062857.0,1304460.0,252628.0
168342,Williams College,MA,NCAA Division III with football,"Private nonprofit, 4-year or above",668715.0,668715.0,81.0,1665.0,134860.0,1.0,7.0,11073731,11073731,59513.0,22832.0,16.0,30.0,61923.0,117184,2023,2022-23,https://ope.ed.gov/athletics/#/datafile/list,0.0,8255.74074074074,533855.0,1637168.0,219337.0
206507,Wilmington College,OH,NCAA Division III with football,"Private nonprofit, 4-year or above",412451.0,383526.0,109.0,1131.0,123226.0,1.0,7.0,2243125,2241215,38011.0,13702.0,11.0,23.0,15749.0,20595,2023,2022-23,https://ope.ed.gov/athletics/#/datafile/list,28925.0,3518.587155963303,260300.0,733267.0,133925.0
199962,Wingate University,NC,NCAA Division II with football,"Private nonprofit, 4-year or above",1934166.0,2063986.0,159.0,1398.0,222279.0,1.0,14.0,14851846,14486754,63711.0,19480.0,9.0,33.0,29366.0,54045,2023,2022-23,https://ope.ed.gov/athletics/#/datafile/list,-129820.0,12981.044025157233,1841707.0,1216239.0,336431.0
175272,Winona State University,MN,NCAA Division II with football,"Public, 4-year or above",1601652.0,1601652.0,121.0,1740.0,210491.0,1.0,14.0,6887917,6887917,66787.0,31016.0,5.0,15.0,30006.0,53414,2023,2022-23,https://ope.ed.gov/athletics/#/datafile/list,0.0,13236.793388429753,1391161.0,799175.0,501011.0
199999,Winston-Salem State University,NC,NCAA Division II with football,"Public, 4-year or above",1295264.0,1048345.0,102.0,1945.0,198340.0,1.0,3.0,3761337,3111496,63885.0,38722.0,4.0,7.0,2745.0,5382,2023,2022-23,https://ope.ed.gov/athletics/#/datafile/list,246919.0,10277.892156862745,850005.0,526594.0,180051.0
240338,Wisconsin Lutheran College,WI,NCAA Division III with football,"Private nonprofit, 4-year or above",507912.0,493638.0,96.0,1510.0,145003.0,1.0,13.0,3614125,3493657,28956.0,7194.0,10.0,45.0,43153.0,65954,2023,2022-23,https://ope.ed.gov/athletics/#/datafile/list,14274.0,5142.0625,348635.0,613290.0,122478.0
206525,Wittenberg University,OH,NCAA Division III with football,"Private nonprofit, 4-year or above",824621.0,824621.0,162.0,1196.0,193755.0,1.0,13.0,5532894,5532894,43871.0,10608.0,12.0,41.0,75176.0,113783,2023,2022-23,https://ope.ed.gov/athletics/#/datafile/list,0.0,5090.253086419753,630866.0,961380.0,181775.0
218973,Wofford College,SC,NCAA Division I-FCS,"Private nonprofit, 4-year or above",6539710.0,6539710.0,117.0,4063.0,475315.0,1.0,10.0,27302198,27302198,127664.0,82399.0,7.0,17.0,229782.0,321332,2023,2022-23,https://ope.ed.gov/athletics/#/datafile/list,0.0,55894.957264957266,6064395.0,2294431.0,951654.0
168421,Worcester Polytechnic Institute,MA,NCAA Division III with football,"Private nonprofit, 4-year or above",587471.0,562213.0,111.0,1479.0,164223.0,1.0,8.0,4848991,4338687,67283.0,10048.0,9.0,28.0,34550.0,54045,2023,2022-23,https://ope.ed.gov/athletics/#/datafile/list,25258.0,5064.981981981982,397990.0,886891.0,147667.0
168430,Worcester State University,MA,NCAA Division III with football,"Public, 4-year or above",201929.0,188305.0,88.0,542.0,47676.0,1.0,6.0,2621936,2533383,12077.0,3605.0,9.0,21.0,3099.0,6027,2023,2022-23,https://ope.ed.gov/athletics/#/datafile/list,13624.0,2139.8295454545455,140629.0,184398.0,33707.0
130794,Yale University,CT,NCAA Division I-FCS,"Private nonprofit, 4-year or above",9127315.0,8810700.0,117.0,12224.0,1430237.0,1.0,8.0,75637664,72430360,172336.0,57980.0,17.0,37.0,907985.0,1291295,2023,2022-23,https://ope.ed.gov/athletics/#/datafile/list,316615.0,75305.1282051282,7380463.0,5074972.0,636176.0
206695,Youngstown State University,OH,NCAA Division I-FCS,"Public, 4-year or above",4705366.0,4705366.0,109.0,8972.0,977999.0,1.0,12.0,20275708,20275708,129412.0,32673.0,7.0,33.0,204392.0,299211,2023,2022-23,https://ope.ed.gov/athletics/#/datafile/list,0.0,43168.49541284404,3727367.0,1984093.0,521488.0
126119,Yuba College,CA,CCCAA,"Public, 2-year",107167.0,107167.0,46.0,1705.0,78438.0,1.0,2.0,753499,753499,7546.0,3429.0,5.0,7.0,0.0,0,2023,2022-23,https://ope.ed.gov/athletics/#/datafile/list,0.0,2329.717391304348,28729.0,61733.0,14404.0
