unitid,school,state,classification,sector,football_revenue,football_expenses,football_participants,football_opexp_per_participant,football_operating_expenses,football_head_coaches,football_assistant_coaches,dept_total_revenue,dept_total_expenses,avg_head_coach_salary_men,avg_asst_coach_salary_men,num_head_coaches_men,num_asst_coaches_men,recruiting_expenses_men,recruiting_expenses_total,report_year,academic_year,source_url,football_net,football_spend_per_player,football_nonoperating_spend,mens_coaching_payroll,football_coach_payroll_est
222178,Abilene Christian University,TX,NCAA Division I-FCS,"Private nonprofit, 4-year or above",7428508.0,7286935.0,93.0,17471.0,1624808.0,1.0,11.0,26476731,26476731,194108.0,66429.0,6.0,23.0,160656.0,286472,2025,2024-25,https://ope.ed.gov/athletics/#/datafile/list,141573.0,78354.13978494624,5662127.0,2692515.0,924827.0
126182,Adams State University,CO,NCAA Division II with football,"Public, 4-year or above",1157693.0,1157693.0,130.0,1175.0,152739.0,1.0,8.0,7550205,7550205,67503.0,17618.0,8.0,24.0,25067.0,54335,2025,2024-25,https://ope.ed.gov/athletics/#/datafile/list,0.0,8905.33076923077,1004954.0,962856.0,208447.0
168528,Adrian College,MI,NCAA Division III with football,"Private nonprofit, 4-year or above",566197.0,566197.0,177.0,698.0,123589.0,1.0,25.0,5473039,5473039,48890.0,35159.0,14.0,23.0,35505.0,69375,2025,2024-25,https://ope.ed.gov/athletics/#/datafile/list,0.0,3198.853107344633,442608.0,1493117.0,927865.0
100654,Alabama A & M University,AL,NCAA Division I-FCS,"Public, 4-year or above",5099251.0,4382334.0,146.0,7551.0,1102458.0,1.0,13.0,13021239,13021239,135748.0,57522.0,6.0,18.0,64002.0,116367,2025,2024-25,https://ope.ed.gov/athletics/#/datafile/list,716917.0,30015.986301369863,3279876.0,1849884.0,883534.0
100724,Alabama State University,AL,NCAA Division I-FCS,"Public, 4-year or above",4937810.0,4937810.0,117.0,8294.0,970358.0,1.0,12.0,17902056,17902056,117455.0,68905.0,6.0,19.0,63542.0,122299,2025,2024-25,https://ope.ed.gov/athletics/#/datafile/list,0.0,42203.50427350427,3967452.0,2013925.0,944315.0
138716,Albany State University,GA,NCAA Division II with football,"Public, 4-year or above",1833011.0,1355220.0,86.0,1418.0,121937.0,1.0,9.0,3208383,3208383,84750.0,28800.0,4.0,14.0,5250.0,7450,2025,2024-25,https://ope.ed.gov/athletics/#/datafile/list,477791.0,15758.372093023256,1233283.0,742200.0,343950.0
168546,Albion College,MI,NCAA Division III with football,"Private nonprofit, 4-year or above",740109.0,663839.0,121.0,2147.0,259748.0,1.0,7.0,6012551,5583773,44779.0,19840.0,10.0,20.0,25639.0,53475,2025,2024-25,https://ope.ed.gov/athletics/#/datafile/list,76270.0,5486.272727272727,404091.0,844590.0,183659.0
210571,Albright College,PA,NCAA Division III with football,"Private nonprofit, 4-year or above",422683.0,422683.0,91.0,704.0,64055.0,1.0,9.0,2123861,2123861,33422.0,13851.0,10.0,21.0,22738.0,29103,2025,2024-25,https://ope.ed.gov/athletics/#/datafile/list,0.0,4644.868131868132,358628.0,625091.0,158081.0
175342,Alcorn State University,MS,NCAA Division I-FCS,"Public, 4-year or above",3955380.0,3955380.0,118.0,15601.0,1840955.0,1.0,10.0,10509725,10509725,115165.0,55990.0,5.0,17.0,64518.0,109837,2025,2024-25,https://ope.ed.gov/athletics/#/datafile/list,0.0,33520.16949152543,2114425.0,1527655.0,675065.0
188641,Alfred University,NY,NCAA Division III with football,"Private nonprofit, 4-year or above",599441.0,603393.0,115.0,1598.0,183802.0,1.0,13.0,5298227,5196878,41039.0,12814.0,12.0,21.0,66210.0,108907,2025,2024-25,https://ope.ed.gov/athletics/#/datafile/list,-3952.0,5246.895652173913,419591.0,761562.0,207621.0
108807,Allan Hancock College,CA,CCCAA,"Public, 2-year",242009.0,274347.0,71.0,1033.0,73347.0,1.0,8.0,3021454,2956716,29938.0,11342.0,8.0,22.0,0.0,0,2025,2024-25,https://ope.ed.gov/athletics/#/datafile/list,-32338.0,3864.042253521127,201000.0,489028.0,120674.0
210669,Allegheny College,PA,NCAA Division III with football,"Private nonprofit, 4-year or above",788268.0,788268.0,108.0,2886.0,311736.0,1.0,7.0,4656575,4656575,52137.0,32083.0,9.0,19.0,154933.0,246707,2025,2024-25,https://ope.ed.gov/athletics/#/datafile/list,0.0,7298.777777777777,476532.0,1078810.0,276718.0
217624,Allen University,SC,NCAA Division II with football,"Private nonprofit, 4-year or above",853664.0,853664.0,125.0,662.0,82719.0,1.0,6.0,3009939,3009939,50250.0,25950.0,4.0,10.0,7131.0,17821,2025,2024-25,https://ope.ed.gov/athletics/#/datafile/list,0.0,6829.312,770945.0,460500.0,205950.0
168591,Alma College,MI,NCAA Division III with football,"Private nonprofit, 4-year or above",819404.0,819404.0,168.0,549.0,92163.0,1.0,12.0,5487084,5487084,47697.0,16645.0,11.0,32.0,25815.0,54087,2025,2024-25,https://ope.ed.gov/athletics/#/datafile/list,0.0,4877.4047619047615,727241.0,1057307.0,247437.0
210775,Alvernia University,PA,NCAA Division III with football,"Private nonprofit, 4-year or above",545415.0,532011.0,90.0,1052.0,94713.0,1.0,9.0,4646583,4380109,45190.0,10353.0,10.0,33.0,82578.0,115037,2025,2024-25,https://ope.ed.gov/athletics/#/datafile/list,13404.0,5911.233333333334,437298.0,793549.0,138367.0
164447,American International College,MA,NCAA Division II with football,"Private nonprofit, 4-year or above",2196763.0,2196763.0,125.0,817.0,102141.0,1.0,3.0,13513807,13513807,86392.0,57748.0,11.0,11.0,74793.0,93874,2025,2024-25,https://ope.ed.gov/athletics/#/datafile/list,0.0,17574.104,2094622.0,1585540.0,259636.0
109208,American River College,CA,CCCAA,"Public, 2-year",433415.0,441280.0,137.0,1347.0,184475.0,1.0,20.0,2863068,2814834,51552.0,7637.0,9.0,22.0,0.0,0,2025,2024-25,https://ope.ed.gov/athletics/#/datafile/list,-7865.0,3221.021897810219,256805.0,631982.0,204292.0
164465,Amherst College,MA,NCAA Division III with football,"Private nonprofit, 4-year or above",1141137.0,1141137.0,84.0,1972.0,165685.0,1.0,7.0,10867327,10867327,91544.0,29436.0,13.0,34.0,127771.0,196015,2025,2024-25,https://ope.ed.gov/athletics/#/datafile/list,0.0,13584.964285714286,975452.0,2190896.0,297596.0
217633,Anderson University,SC,NCAA Division III with football,"Private nonprofit, 4-year or above",2314108.0,2200474.0,112.0,2974.0,333052.0,1.0,14.0,12450137,11604317,58613.0,43672.0,9.0,16.0,129185.0,164903,2025,2024-25,https://ope.ed.gov/athletics/#/datafile/list,113634.0,19647.089285714286,1867422.0,1226269.0,670021.0
150066,Anderson University,IN,NCAA Division III with football,"Private nonprofit, 4-year or above",544982.0,534947.0,74.0,2390.0,176872.0,1.0,11.0,3506129,3321618,52305.0,11492.0,10.0,26.0,27678.0,35527,2025,2024-25,https://ope.ed.gov/athletics/#/datafile/list,10035.0,7229.013513513513,358075.0,821842.0,178717.0
138761,Andrew College,GA,NJCAA Division I ,"Private nonprofit, 2-year",1044423.0,1044423.0,77.0,570.0,43888.0,1.0,6.0,3439065,3439065,44710.0,10183.0,6.0,9.0,8527.0,14244,2025,2024-25,https://ope.ed.gov/athletics/#/datafile/list,0.0,13563.935064935065,1000535.0,359907.0,105808.0
222831,Angelo State University,TX,NCAA Division II with football,"Public, 4-year or above",1832364.0,1800964.0,129.0,3128.0,403516.0,1.0,6.0,9684728,8859878,130018.0,57537.0,4.0,11.0,88094.0,169472,2025,2024-25,https://ope.ed.gov/athletics/#/datafile/list,31400.0,13960.961240310078,1397448.0,1152979.0,475240.0
164492,Anna Maria College,MA,NCAA Division III with football,"Private nonprofit, 4-year or above",362764.0,362764.0,112.0,1282.0,143579.0,1.0,9.0,2653380,2653380,62333.0,8809.0,6.0,19.0,26276.0,42139,2025,2024-25,https://ope.ed.gov/athletics/#/datafile/list,0.0,3238.964285714286,219185.0,541369.0,141614.0
109350,Antelope Valley Community College District,CA,CCCAA,"Public, 2-year",288272.0,288272.0,73.0,2649.0,193351.0,1.0,8.0,2113128,2113128,14387.0,8465.0,8.0,19.0,0.0,0,2025,2024-25,https://ope.ed.gov/athletics/#/datafile/list,0.0,3948.931506849315,94921.0,275931.0,82107.0
197869,Appalachian State University,NC,NCAA Division I-FBS,"Public, 4-year or above",13288981.0,13288981.0,122.0,18944.0,2311199.0,1.0,10.0,44964352,44964352,384286.0,142567.0,6.0,25.0,787385.0,987399,2025,2024-25,https://ope.ed.gov/athletics/#/datafile/list,0.0,108926.0737704918,10977782.0,5869891.0,1809956.0
105899,Arizona Christian University,AZ,NAIA Division I ,"Private nonprofit, 4-year or above",3099343.0,3099343.0,85.0,4296.0,365158.0,1.0,14.0,14610826,14610826,38863.0,13793.0,11.0,35.0,15820.0,20920,2025,2024-25,https://ope.ed.gov/athletics/#/datafile/list,0.0,36462.85882352941,2734185.0,910248.0,231965.0
104151,Arizona State University Campus Immersion,AZ,NCAA Division I-FBS,"Public, 4-year or above",50352139.0,50352139.0,123.0,35699.0,4390988.0,1.0,10.0,149346605,149346605,1426850.0,243154.0,9.0,36.0,1767905.0,2513287,2025,2024-25,https://ope.ed.gov/athletics/#/datafile/list,0.0,409366.9837398374,45961151.0,21595194.0,3858390.0
106306,Arkansas Baptist College,AR,NAIA Division I ,"Private nonprofit, 4-year or above",558297.0,558297.0,120.0,1017.0,122006.0,1.0,5.0,1137558,1137548,40197.0,19545.0,3.0,7.0,6376.0,6376,2025,2024-25,https://ope.ed.gov/athletics/#/datafile/list,0.0,4652.475,436291.0,257406.0,137922.0
106458,Arkansas State University,AR,NCAA Division I-FBS,"Public, 4-year or above",11536628.0,11536628.0,153.0,24612.0,3765584.0,1.0,24.0,33754642,33754642,153340.0,69701.0,5.0,26.0,730079.0,1040179,2025,2024-25,https://ope.ed.gov/athletics/#/datafile/list,0.0,75402.79738562091,7771044.0,2578926.0,1826164.0
106467,Arkansas Tech University,AR,NCAA Division II with football,"Public, 4-year or above",1629279.0,1629279.0,134.0,715.0,95743.0,1.0,6.0,6963858,6963858,58541.0,45969.0,4.0,8.0,11069.0,33472,2025,2024-25,https://ope.ed.gov/athletics/#/datafile/list,0.0,12158.798507462687,1533536.0,601916.0,334355.0
201104,Ashland University,OH,NCAA Division II with football,"Private nonprofit, 4-year or above",2711121.0,2711121.0,163.0,2634.0,429269.0,1.0,14.0,12934195,12934195,58669.0,18843.0,9.0,27.0,63784.0,87213,2025,2024-25,https://ope.ed.gov/athletics/#/datafile/list,0.0,16632.644171779142,2281852.0,1036782.0,322471.0
164562,Assumption University,MA,NCAA Division II with football,"Private nonprofit, 4-year or above",1284181.0,1179970.0,114.0,1416.0,161386.0,1.0,8.0,10934723,10428977,51287.0,15474.0,10.0,25.0,44323.0,79963,2025,2024-25,https://ope.ed.gov/athletics/#/datafile/list,104211.0,10350.61403508772,1018584.0,899720.0,175079.0
485768,Atlantis University,FL,USCAA,"Private for-profit, 4-year or above",354392.0,354392.0,42.0,2373.0,99648.0,1.0,4.0,1527723,1527723,36800.0,9000.0,4.0,9.0,8000.0,12000,2025,2024-25,https://ope.ed.gov/athletics/#/datafile/list,0.0,8437.904761904761,254744.0,228200.0,72800.0
100858,Auburn University,AL,NCAA Division I-FBS,"Public, 4-year or above",121408732.0,58724402.0,121.0,55856.0,6758526.0,1.0,10.0,205275913,195930163,2354276.0,363584.0,7.0,33.0,3179194.0,4409793,2025,2024-25,https://ope.ed.gov/athletics/#/datafile/list,62684330.0,485325.63636363635,51965876.0,28478204.0,5990116.0
173045,Augsburg University,MN,NCAA Division III with football,"Private nonprofit, 4-year or above",526590.0,526590.0,106.0,1370.0,145183.0,1.0,14.0,4675032,4675032,55887.0,15763.0,10.0,33.0,23048.0,33504,2025,2024-25,https://ope.ed.gov/athletics/#/datafile/list,0.0,4967.830188679245,381407.0,1079049.0,276569.0
143084,Augustana College,IL,NCAA Division III with football,"Private nonprofit, 4-year or above",693321.0,693321.0,146.0,1580.0,230624.0,1.0,11.0,5694453,5694453,45522.0,11714.0,13.0,43.0,141348.0,181880,2025,2024-25,https://ope.ed.gov/athletics/#/datafile/list,0.0,4748.773972602739,462697.0,1095488.0,174376.0
219000,Augustana University,SD,NCAA Division II with football,"Private nonprofit, 4-year or above",2860738.0,2860738.0,124.0,1009.0,125096.0,1.0,10.0,16340602,16340602,75539.0,23542.0,9.0,29.0,174286.0,204780,2025,2024-25,https://ope.ed.gov/athletics/#/datafile/list,0.0,23070.467741935485,2735642.0,1362569.0,310959.0
143118,Aurora University,IL,NCAA Division III with football,"Private nonprofit, 4-year or above",710979.0,710979.0,138.0,910.0,125532.0,1.0,8.0,6241751,6241751,64347.0,11401.0,12.0,45.0,68342.0,113358,2025,2024-25,https://ope.ed.gov/athletics/#/datafile/list,0.0,5152.021739130435,585447.0,1285209.0,155555.0
222983,Austin College,TX,NCAA Division III with football,"Private nonprofit, 4-year or above",757958.0,703508.0,100.0,2397.0,239665.0,1.0,6.0,3541269,3511098,50142.0,28465.0,7.0,12.0,13036.0,23390,2025,2024-25,https://ope.ed.gov/athletics/#/datafile/list,54450.0,7035.08,463843.0,692574.0,220932.0
219602,Austin Peay State University,TN,NCAA Division I-FCS,"Public, 4-year or above",5494154.0,5494154.0,108.0,12783.0,1380575.0,1.0,12.0,26749245,26749245,175833.0,100855.0,6.0,19.0,367663.0,506182,2025,2024-25,https://ope.ed.gov/athletics/#/datafile/list,0.0,50871.7962962963,4113579.0,2971243.0,1386093.0
446048,Ave Maria University,FL,NAIA Division II ,"Private nonprofit, 4-year or above",1967441.0,1967441.0,114.0,2515.0,286747.0,1.0,12.0,10779240,10779240,34390.0,16692.0,10.0,32.0,14252.0,26896,2025,2024-25,https://ope.ed.gov/athletics/#/datafile/list,0.0,17258.254385964912,1680694.0,878044.0,234694.0
231420,Averett University,VA,NCAA Division III with football,"Private nonprofit, 4-year or above",484698.0,484698.0,143.0,873.0,124794.0,1.0,9.0,3305352,3305352,43636.0,14348.0,10.0,22.0,52765.0,63467,2025,2024-25,https://ope.ed.gov/athletics/#/datafile/list,0.0,3389.4965034965035,359904.0,752016.0,172768.0
176628,Avila University,MO,NAIA Division I ,"Private nonprofit, 4-year or above",2121377.0,1900378.0,124.0,1042.0,129209.0,1.0,7.0,8015521,8014371,41452.0,9152.0,7.0,18.0,7260.0,13410,2025,2024-25,https://ope.ed.gov/athletics/#/datafile/list,220999.0,15325.629032258064,1771169.0,454900.0,105516.0
154688,Baker University,KS,NAIA Division I ,"Private nonprofit, 4-year or above",3810981.0,3779429.0,120.0,1496.0,179565.0,1.0,9.0,18722477,18513457,38743.0,16223.0,10.0,22.0,12456.0,31171,2025,2024-25,https://ope.ed.gov/athletics/#/datafile/list,31552.0,31495.241666666665,3599864.0,744336.0,184750.0
109819,Bakersfield College,CA,CCCAA,"Public, 2-year",1168468.0,1052609.0,91.0,1941.0,176675.0,1.0,12.0,4858596,4502771,39907.0,31059.0,10.0,25.0,0.0,0,2025,2024-25,https://ope.ed.gov/athletics/#/datafile/list,115859.0,11567.131868131868,875934.0,1175545.0,412615.0
201195,Baldwin Wallace University,OH,NCAA Division III with football,"Private nonprofit, 4-year or above",734096.0,734096.0,129.0,1754.0,226224.0,1.0,11.0,5662886,5662886,49377.0,15500.0,13.0,35.0,90966.0,133483,2025,2024-25,https://ope.ed.gov/athletics/#/datafile/list,0.0,5690.666666666667,507872.0,1184401.0,219877.0
150136,Ball State University,IN,NCAA Division I-FBS,"Public, 4-year or above",7990057.0,7990057.0,120.0,11210.0,1345209.0,1.0,14.0,30329090,30329090,245911.0,99714.0,7.0,29.0,369276.0,662905,2025,2024-25,https://ope.ed.gov/athletics/#/datafile/list,0.0,66583.80833333333,6644848.0,4613083.0,1641907.0
197911,Barton College,NC,NCAA Division II with football,"Private nonprofit, 4-year or above",1455993.0,1455993.0,153.0,1313.0,200952.0,1.0,9.0,8047837,8047837,37882.0,19581.0,12.0,21.0,12395.0,39123,2025,2024-25,https://ope.ed.gov/athletics/#/datafile/list,0.0,9516.29411764706,1255041.0,865785.0,214111.0
160977,Bates College,ME,NCAA Division III with football,"Private nonprofit, 4-year or above",1232779.0,1010087.0,84.0,1657.0,139181.0,1.0,7.0,11408269,10285735,62665.0,31931.0,14.0,23.0,78538.0,119647,2025,2024-25,https://ope.ed.gov/athletics/#/datafile/list,222692.0,12024.845238095239,870906.0,1611723.0,286182.0
223232,Baylor University,TX,NCAA Division I-FBS,"Private nonprofit, 4-year or above",44260293.0,41050130.0,118.0,62189.0,7338342.0,1.0,10.0,144126427,144126427,2256176.0,273535.0,6.0,31.0,2563417.0,3486409,2025,2024-25,https://ope.ed.gov/athletics/#/datafile/list,3210163.0,347882.4576271186,33711788.0,22016641.0,4991526.0
175421,Belhaven University,MS,NCAA Division III with football,"Private nonprofit, 4-year or above",985975.0,985750.0,104.0,4856.0,505028.0,1.0,10.0,4096376,4070545,60187.0,21958.0,7.0,18.0,99668.0,117946,2025,2024-25,https://ope.ed.gov/athletics/#/datafile/list,225.0,9478.365384615385,480722.0,816553.0,279767.0
238333,Beloit College,WI,NCAA Division III with football,"Private nonprofit, 4-year or above",434665.0,434665.0,71.0,1549.0,109949.0,1.0,9.0,2512242,2512242,37421.0,10730.0,8.0,22.0,52618.0,68013,2025,2024-25,https://ope.ed.gov/athletics/#/datafile/list,0.0,6122.042253521126,324716.0,535428.0,133991.0
173124,Bemidji State University,MN,NCAA Division II with football,"Public, 4-year or above",1768564.0,1768564.0,118.0,2255.0,266048.0,1.0,11.0,10759971,10759971,180849.0,46306.0,5.0,19.0,95392.0,167252,2025,2024-25,https://ope.ed.gov/athletics/#/datafile/list,0.0,14987.830508474577,1502516.0,1784059.0,690215.0
217721,Benedict College,SC,NCAA Division II with football,"Private nonprofit, 4-year or above",549516.0,1477509.0,152.0,1770.0,269011.0,1.0,10.0,9542268,5466026,45684.0,22186.0,8.0,17.0,20204.0,22766,2025,2024-25,https://ope.ed.gov/athletics/#/datafile/list,-927993.0,9720.453947368422,1208498.0,742634.0,267544.0
154712,Benedictine College,KS,NAIA Division I ,"Private nonprofit, 4-year or above",3286133.0,3286133.0,197.0,379.0,74748.0,1.0,9.0,11523992,11523992,77258.0,46134.0,7.0,17.0,35848.0,52075,2025,2024-25,https://ope.ed.gov/athletics/#/datafile/list,0.0,16680.878172588833,3211385.0,1325084.0,492464.0
145619,Benedictine University,IL,NCAA Division III with football,"Private nonprofit, 4-year or above",452300.0,446658.0,143.0,472.0,67558.0,1.0,8.0,5838883,5727128,49222.0,17455.0,14.0,33.0,9041.0,25170,2025,2024-25,https://ope.ed.gov/athletics/#/datafile/list,5642.0,3123.4825174825173,379100.0,1265123.0,188862.0
164739,Bentley University,MA,NCAA Division II with football,"Private nonprofit, 4-year or above",1795125.0,1714389.0,102.0,2475.0,252478.0,1.0,8.0,19787674,18174515,93589.0,33032.0,10.0,21.0,108160.0,130975,2025,2024-25,https://ope.ed.gov/athletics/#/datafile/list,80736.0,16807.735294117647,1461911.0,1629562.0,357845.0
139144,Berry College,GA,NCAA Division III with football,"Private nonprofit, 4-year or above",1165509.0,1100396.0,130.0,3145.0,408885.0,1.0,8.0,10184877,9551374,48977.0,27971.0,10.0,17.0,44744.0,78555,2025,2024-25,https://ope.ed.gov/athletics/#/datafile/list,65113.0,8464.584615384616,691511.0,965277.0,272745.0
154721,Bethany College,KS,NAIA Division II ,"Private nonprofit, 4-year or above",2247128.0,2243243.0,92.0,1056.0,97190.0,1.0,6.0,10603155,10449049,38611.0,19680.0,8.0,12.0,11302.0,21155,2025,2024-25,https://ope.ed.gov/athletics/#/datafile/list,3885.0,24383.07608695652,2146053.0,545048.0,156691.0
237181,Bethany College,WV,NCAA Division III with football,"Private nonprofit, 4-year or above",387731.0,389730.0,117.0,892.0,104330.0,1.0,5.0,3142120,2960380,41207.0,24031.0,11.0,17.0,21552.0,38842,2025,2024-25,https://ope.ed.gov/athletics/#/datafile/list,-1999.0,3331.025641025641,285400.0,861804.0,161362.0
154749,Bethel College-North Newton,KS,NAIA Division II ,"Private nonprofit, 4-year or above",1307981.0,1302304.0,98.0,1106.0,108403.0,1.0,15.0,5420137,5394912,22969.0,6221.0,8.0,24.0,7014.0,36857,2025,2024-25,https://ope.ed.gov/athletics/#/datafile/list,5677.0,13288.816326530612,1193901.0,333056.0,116284.0
173160,Bethel University,MN,NCAA Division III with football,"Private nonprofit, 4-year or above",537845.0,537845.0,98.0,2012.0,197160.0,1.0,11.0,4678202,4678202,41889.0,6832.0,10.0,39.0,21465.0,29423,2025,2024-25,https://ope.ed.gov/athletics/#/datafile/list,0.0,5488.214285714285,340685.0,685338.0,117041.0
219718,Bethel University,TN,NAIA Division I ,"Private nonprofit, 4-year or above",3229372.0,1539165.0,169.0,684.0,115664.0,1.0,8.0,8684583,8569167,34130.0,32132.0,8.0,12.0,1318.0,1393,2025,2024-25,https://ope.ed.gov/athletics/#/datafile/list,1690207.0,9107.485207100592,1423501.0,658624.0,291186.0
132602,Bethune-Cookman University,FL,NCAA Division I-FCS,"Private nonprofit, 4-year or above",4578874.0,4578874.0,117.0,14612.0,1709610.0,1.0,17.0,15063919,15063919,125675.0,37704.0,6.0,38.0,132684.0,208638,2025,2024-25,https://ope.ed.gov/athletics/#/datafile/list,0.0,39135.67521367521,2869264.0,2186802.0,766643.0
219046,Black Hills State University,SD,NCAA Division II with football,"Public, 4-year or above",1673123.0,1730741.0,125.0,2167.0,270929.0,1.0,10.0,6926383,6926383,60246.0,28238.0,5.0,15.0,98620.0,123513,2025,2024-25,https://ope.ed.gov/athletics/#/datafile/list,-57618.0,13845.928,1459812.0,724800.0,342626.0
223427,Blinn College District,TX,NJCAA Division I ,"Public, 2-year",1131608.0,1130552.0,139.0,1407.0,195508.0,1.0,6.0,6481227,6450736,81514.0,47355.0,5.0,12.0,30767.0,56004,2025,2024-25,https://ope.ed.gov/athletics/#/datafile/list,1056.0,8133.46762589928,935044.0,975830.0,365644.0
237215,Bluefield State University,WV,NCAA Division II with football,"Public, 4-year or above",1608660.0,1608660.0,93.0,2515.0,233917.0,1.0,11.0,5677700,5677700,34126.0,17986.0,9.0,17.0,6763.0,15315,2025,2024-25,https://ope.ed.gov/athletics/#/datafile/list,0.0,17297.41935483871,1374743.0,612896.0,231972.0
231554,Bluefield University,VA,NAIA Division I ,"Private nonprofit, 4-year or above",2066952.0,2066952.0,117.0,1081.0,126462.0,1.0,6.0,7871798,7871798,36569.0,26810.0,8.0,6.0,12969.0,16930,2025,2024-25,https://ope.ed.gov/athletics/#/datafile/list,0.0,17666.25641025641,1940490.0,453412.0,197429.0
201371,Bluffton University,OH,NCAA Division III with football,"Private nonprofit, 4-year or above",458799.0,401798.0,151.0,658.0,99313.0,1.0,8.0,2137505,1879447,33662.0,15732.0,8.0,15.0,15594.0,23346,2025,2024-25,https://ope.ed.gov/athletics/#/datafile/list,57001.0,2660.9139072847684,302485.0,505276.0,159518.0
142115,Boise State University,ID,NCAA Division I-FBS,"Public, 4-year or above",55692857.0,25752831.0,117.0,29565.0,3459088.0,1.0,10.0,89699430,69810118,778658.0,197304.0,5.0,23.0,996917.0,1321465,2025,2024-25,https://ope.ed.gov/athletics/#/datafile/list,29940026.0,220109.66666666666,22293743.0,8431282.0,2751698.0
164924,Boston College,MA,NCAA Division I-FBS,"Private nonprofit, 4-year or above",47531226.0,41224780.0,148.0,61622.0,9120056.0,1.0,10.0,142122049,142122049,653075.0,231602.0,12.0,29.0,2016982.0,2490554,2025,2024-25,https://ope.ed.gov/athletics/#/datafile/list,6306446.0,278545.8108108108,32104724.0,14553358.0,2969095.0
161004,Bowdoin College,ME,NCAA Division III with football,"Private nonprofit, 4-year or above",949108.0,904354.0,84.0,2221.0,186578.0,1.0,7.0,15738589,15738589,64051.0,34653.0,13.0,19.0,89659.0,156741,2025,2024-25,https://ope.ed.gov/athletics/#/datafile/list,44754.0,10766.119047619048,717776.0,1491070.0,306622.0
162007,Bowie State University,MD,NCAA Division II with football,"Public, 4-year or above",2661443.0,1519569.0,135.0,2786.0,376090.0,1.0,12.0,7444341,7386532,103377.0,31062.0,5.0,18.0,0.0,0,2025,2024-25,https://ope.ed.gov/athletics/#/datafile/list,1141874.0,11256.066666666668,1143479.0,1076001.0,476121.0
201441,Bowling Green State University-Main Campus,OH,NCAA Division I-FBS,"Public, 4-year or above",10756676.0,10984685.0,108.0,2417.0,261012.0,1.0,12.0,35288178,35288178,349269.0,120250.0,7.0,23.0,782806.0,1011832,2025,2024-25,https://ope.ed.gov/athletics/#/datafile/list,-228009.0,101710.04629629629,10723673.0,5210633.0,1792269.0
198066,Brevard College,NC,NCAA Division III with football,"Private nonprofit, 4-year or above",625005.0,625005.0,193.0,1164.0,224734.0,1.0,17.0,3439929,3439929,42874.0,13235.0,8.0,23.0,2865.0,10226,2025,2024-25,https://ope.ed.gov/athletics/#/datafile/list,0.0,3238.3678756476684,400271.0,647397.0,267869.0
152992,Briar Cliff University,IA,NAIA Division II ,"Private nonprofit, 4-year or above",1612335.0,1610694.0,96.0,1198.0,115018.0,1.0,8.0,8230992,8205667,47365.0,22036.0,7.0,19.0,23162.0,40532,2025,2024-25,https://ope.ed.gov/athletics/#/datafile/list,1641.0,16778.0625,1495676.0,750239.0,223653.0
231581,Bridgewater College,VA,NCAA Division III with football,"Private nonprofit, 4-year or above",620313.0,620313.0,134.0,1281.0,171662.0,1.0,8.0,4900675,4900675,40914.0,25137.0,10.0,18.0,65569.0,105874,2025,2024-25,https://ope.ed.gov/athletics/#/datafile/list,0.0,4629.201492537313,448651.0,861606.0,242010.0
165024,Bridgewater State University,MA,NCAA Division III with football,"Public, 4-year or above",181914.0,180965.0,100.0,969.0,96883.0,1.0,10.0,3228527,3163197,20570.0,7978.0,8.0,19.0,3777.0,7884,2025,2024-25,https://ope.ed.gov/athletics/#/datafile/list,949.0,1809.65,84082.0,316142.0,100350.0
230038,Brigham Young University,UT,NCAA Division I-FBS,"Private nonprofit, 4-year or above",51715899.0,44561032.0,135.0,55891.0,7545227.0,1.0,10.0,153351328,136864784,967356.0,371797.0,9.0,29.0,2441144.0,3225491,2025,2024-25,https://ope.ed.gov/athletics/#/datafile/list,7154867.0,330081.7185185185,37015805.0,19488317.0,4685326.0
217156,Brown University,RI,NCAA Division I-FCS,"Private nonprofit, 4-year or above",3568284.0,3568284.0,112.0,5762.0,645359.0,1.0,9.0,43218288,43218288,196372.0,63595.0,14.0,43.0,868042.0,1272899,2025,2024-25,https://ope.ed.gov/athletics/#/datafile/list,0.0,31859.678571428572,2922925.0,5483793.0,768727.0
217165,Bryant University,RI,NCAA Division I-FCS,"Private nonprofit, 4-year or above",6274912.0,6274912.0,142.0,5029.0,714061.0,1.0,11.0,28476424,28476424,131871.0,43899.0,9.0,31.0,228654.0,330335,2025,2024-25,https://ope.ed.gov/athletics/#/datafile/list,0.0,44189.52112676056,5560851.0,2547708.0,614760.0
211291,Bucknell University,PA,NCAA Division I-FCS,"Private nonprofit, 4-year or above",7520434.0,7520434.0,98.0,8242.0,807676.0,1.0,10.0,38452196,38452196,116356.0,46074.0,11.0,30.0,290116.0,456478,2025,2024-25,https://ope.ed.gov/athletics/#/datafile/list,0.0,76739.12244897959,6712758.0,2662136.0,577096.0
153001,Buena Vista University,IA,NCAA Division III with football,"Private nonprofit, 4-year or above",510759.0,498041.0,79.0,1280.0,101140.0,1.0,7.0,3802737,3703629,58104.0,27642.0,9.0,12.0,68024.0,91219,2025,2024-25,https://ope.ed.gov/athletics/#/datafile/list,12718.0,6304.316455696203,396901.0,854640.0,251598.0
154800,Butler Community College,KS,NJCAA Division I ,"Public, 2-year",1553976.0,1553976.0,143.0,569.0,81395.0,1.0,6.0,5855644,5491989,55551.0,33238.0,4.0,12.0,45656.0,62473,2025,2024-25,https://ope.ed.gov/athletics/#/datafile/list,0.0,10866.965034965035,1472581.0,621060.0,254979.0
150163,Butler University,IN,NCAA Division I-FCS,"Private nonprofit, 4-year or above",1498263.0,1421775.0,119.0,1604.0,190821.0,1.0,10.0,36948732,36379181,463055.0,74091.0,7.0,24.0,2686159.0,4553948,2025,2024-25,https://ope.ed.gov/athletics/#/datafile/list,76488.0,11947.689075630253,1230954.0,5019569.0,1203965.0
110246,Butte College,CA,CCCAA,"Public, 2-year",227474.0,227474.0,75.0,243.0,18215.0,1.0,8.0,2140038,2140038,49475.0,14526.0,6.0,12.0,0.0,0,2025,2024-25,https://ope.ed.gov/athletics/#/datafile/list,0.0,3032.9866666666667,209259.0,471162.0,165683.0
110334,Cabrillo College,CA,CCCAA,"Public, 2-year",223465.0,224830.0,51.0,743.0,37875.0,1.0,7.0,2078886,2000977,34775.0,4917.0,7.0,13.0,0.0,0,2025,2024-25,https://ope.ed.gov/athletics/#/datafile/list,-1365.0,4408.431372549019,186955.0,307346.0,69194.0
110413,California Lutheran University,CA,NCAA Division III with football,"Private nonprofit, 4-year or above",598889.0,598889.0,139.0,995.0,138263.0,1.0,10.0,5787234,5787234,62604.0,12129.0,11.0,34.0,29654.0,64042,2025,2024-25,https://ope.ed.gov/athletics/#/datafile/list,0.0,4308.553956834532,460626.0,1101030.0,183894.0
110422,California Polytechnic State University-San Luis Obispo,CA,NCAA Division I-FCS,"Public, 4-year or above",7367131.0,7367131.0,145.0,10764.0,1560816.0,1.0,18.0,49208831,45535245,187087.0,88753.0,9.0,40.0,465424.0,681363,2025,2024-25,https://ope.ed.gov/athletics/#/datafile/list,0.0,50807.8,5806315.0,5233903.0,1784641.0
110556,California State University-Fresno,CA,NCAA Division I-FBS,"Public, 4-year or above",17708178.0,17708178.0,112.0,29086.0,3257640.0,1.0,17.0,63439685,63439685,424078.0,132972.0,5.0,27.0,917419.0,1124862,2025,2024-25,https://ope.ed.gov/athletics/#/datafile/list,0.0,158108.73214285713,14450538.0,5710634.0,2684602.0
110617,California State University-Sacramento,CA,NCAA Division I-FCS,"Public, 4-year or above",10126065.0,10126065.0,155.0,12821.0,1987201.0,1.0,19.0,46274655,46274655,223618.0,72722.0,7.0,33.0,147357.0,291961,2025,2024-25,https://ope.ed.gov/athletics/#/datafile/list,0.0,65329.45161290323,8138864.0,3965152.0,1605336.0
150172,Calumet College of Saint Joseph,IN,NAIA Division II ,"Private nonprofit, 4-year or above",1113084.0,1113084.0,73.0,1481.0,108114.0,1.0,8.0,4638669,4638669,29500.0,6705.0,6.0,17.0,21642.0,29012,2025,2024-25,https://ope.ed.gov/athletics/#/datafile/list,0.0,15247.72602739726,1004970.0,290985.0,83140.0
169080,Calvin University,MI,NCAA Division III with football,"Private nonprofit, 4-year or above",897290.0,897290.0,110.0,2838.0,312233.0,1.0,9.0,6978337,6968010,49695.0,10621.0,12.0,44.0,40422.0,63747,2025,2024-25,https://ope.ed.gov/athletics/#/datafile/list,0.0,8157.181818181818,585057.0,1063664.0,145284.0
198136,Campbell University,NC,NCAA Division I-FCS,"Private nonprofit, 4-year or above",5161258.0,5161258.0,126.0,8323.0,1048684.0,1.0,10.0,28322787,28322787,144782.0,64811.0,8.0,23.0,286683.0,417208,2025,2024-25,https://ope.ed.gov/athletics/#/datafile/list,0.0,40962.36507936508,4112574.0,2648909.0,792892.0
156365,Campbellsville University,KY,NAIA Division I ,"Private nonprofit, 4-year or above",2013837.0,2013837.0,141.0,2221.0,313114.0,1.0,9.0,12463962,12463962,44638.0,24192.0,14.0,31.0,33742.0,68910,2025,2024-25,https://ope.ed.gov/athletics/#/datafile/list,0.0,14282.531914893618,1700723.0,1374884.0,262366.0
201548,Capital University,OH,NCAA Division III with football,"Private nonprofit, 4-year or above",576415.0,576415.0,89.0,1707.0,151940.0,1.0,13.0,3727446,3727446,57348.0,19149.0,8.0,18.0,42132.0,55950,2025,2024-25,https://ope.ed.gov/athletics/#/datafile/list,0.0,6476.573033707865,424475.0,803466.0,306285.0
173258,Carleton College,MN,NCAA Division III with football,"Private nonprofit, 4-year or above",494422.0,492804.0,76.0,1364.0,103691.0,1.0,7.0,3748845,3717358,62533.0,18672.0,8.0,25.0,52035.0,69228,2025,2024-25,https://ope.ed.gov/athletics/#/datafile/list,1618.0,6484.263157894737,389113.0,967064.0,193237.0
211440,Carnegie Mellon University,PA,NCAA Division III with football,"Private nonprofit, 4-year or above",1019186.0,778660.0,110.0,2685.0,295395.0,1.0,9.0,7272795,6470309,59698.0,14949.0,8.0,23.0,76125.0,141705,2025,2024-25,https://ope.ed.gov/athletics/#/datafile/list,240526.0,7078.727272727273,483265.0,821411.0,194239.0
180106,Carroll College,MT,NAIA Division I ,"Private nonprofit, 4-year or above",1910152.0,1910152.0,125.0,2864.0,357940.0,1.0,12.0,7144216,7144216,46524.0,17225.0,5.0,19.0,33745.0,51757,2025,2024-25,https://ope.ed.gov/athletics/#/datafile/list,0.0,15281.216,1552212.0,559895.0,253224.0
238458,Carroll University,WI,NCAA Division III with football,"Private nonprofit, 4-year or above",680206.0,519636.0,126.0,441.0,55553.0,1.0,10.0,3385663,2787220,57302.0,12443.0,9.0,33.0,12018.0,25026,2025,2024-25,https://ope.ed.gov/athletics/#/datafile/list,160570.0,4124.0952380952385,464083.0,926337.0,181732.0
219806,Carson-Newman University,TN,NCAA Division II with football,"Private nonprofit, 4-year or above",2799440.0,2616094.0,186.0,2117.0,393771.0,1.0,10.0,13256882,12393475,55190.0,33683.0,9.0,18.0,0.0,0,2025,2024-25,https://ope.ed.gov/athletics/#/datafile/list,183346.0,14065.021505376344,2222323.0,1103004.0,392020.0
238476,Carthage College,WI,NCAA Division III with football,"Private nonprofit, 4-year or above",822819.0,692289.0,97.0,2089.0,202597.0,1.0,9.0,7212649,5350501,69751.0,17471.0,11.0,29.0,153263.0,219144,2025,2024-25,https://ope.ed.gov/athletics/#/datafile/list,130530.0,7137.0,489692.0,1273920.0,226990.0
201645,Case Western Reserve University,OH,NCAA Division III with football,"Private nonprofit, 4-year or above",655408.0,655408.0,108.0,1519.0,164021.0,1.0,11.0,5290040,5290040,53267.0,12244.0,10.0,28.0,38030.0,56222,2025,2024-25,https://ope.ed.gov/athletics/#/datafile/list,0.0,6068.592592592592,491387.0,875502.0,187951.0
198215,Catawba College,NC,NCAA Division II with football,"Private nonprofit, 4-year or above",2038654.0,1968680.0,140.0,578.0,80970.0,1.0,9.0,11633881,11441098,60381.0,31338.0,10.0,28.0,11906.0,18129,2025,2024-25,https://ope.ed.gov/athletics/#/datafile/list,69974.0,14062.0,1887710.0,1481274.0,342423.0
158477,Centenary College of Louisiana,LA,NCAA Division III with football,"Private nonprofit, 4-year or above",549941.0,549941.0,96.0,1205.0,115684.0,1.0,4.0,4014443,4014443,60260.0,65723.0,8.0,9.0,58688.0,82934,2025,2024-25,https://ope.ed.gov/athletics/#/datafile/list,0.0,5728.552083333333,434257.0,1073587.0,323152.0
153108,Central College,IA,NCAA Division III with football,"Private nonprofit, 4-year or above",1016993.0,1016993.0,152.0,1063.0,161614.0,1.0,11.0,5244100,5244100,46409.0,13716.0,10.0,26.0,48359.0,70858,2025,2024-25,https://ope.ed.gov/athletics/#/datafile/list,0.0,6690.743421052632,855379.0,820706.0,197285.0
128771,Central Connecticut State University,CT,NCAA Division I-FCS,"Public, 4-year or above",2704089.0,2704089.0,101.0,3207.0,323910.0,1.0,11.0,16112139,16112139,138834.0,36403.0,5.0,23.0,43770.0,79214,2025,2024-25,https://ope.ed.gov/athletics/#/datafile/list,0.0,26773.158415841583,2380179.0,1531439.0,539267.0
483045,Central Georgia Technical College,GA,NJCAA Division I ,"Public, 2-year",359690.0,359690.0,76.0,666.0,50631.0,1.0,2.0,944467,944467,34441.0,19500.0,3.0,4.0,1589.0,2929,2025,2024-25,https://ope.ed.gov/athletics/#/datafile/list,0.0,4732.763157894737,309059.0,181323.0,73441.0
173203,Central Lakes College-Brainerd,MN,NJCAA Division III ,"Public, 2-year",160826.0,160826.0,40.0,300.0,12000.0,1.0,3.0,740361,740361,23833.0,4883.0,3.0,5.0,0.0,0,2025,2024-25,https://ope.ed.gov/athletics/#/datafile/list,0.0,4020.65,148826.0,95914.0,38482.0
176947,Central Methodist University-College of Liberal Arts and Sciences,MO,NAIA Division I ,"Private nonprofit, 4-year or above",2030821.0,2007063.0,126.0,302.0,37999.0,1.0,6.0,13254349,13110395,55572.0,24266.0,8.0,17.0,12072.0,16405,2025,2024-25,https://ope.ed.gov/athletics/#/datafile/list,23758.0,15929.07142857143,1969064.0,857098.0,201168.0
169248,Central Michigan University,MI,NCAA Division I-FBS,"Public, 4-year or above",11608428.0,11608428.0,122.0,14127.0,1723449.0,1.0,14.0,38536340,38536340,325995.0,129777.0,6.0,21.0,404366.0,531910,2025,2024-25,https://ope.ed.gov/athletics/#/datafile/list,0.0,95151.04918032787,9884979.0,4681287.0,2142873.0
201690,Central State University,OH,NCAA Division II with football,"Public, 4-year or above",1381917.0,1381917.0,132.0,1889.0,249337.0,1.0,6.0,4592772,4592772,54806.0,35540.0,5.0,8.0,54000.0,76000,2025,2024-25,https://ope.ed.gov/athletics/#/datafile/list,0.0,10469.068181818182,1132580.0,558350.0,268046.0
234827,Central Washington University,WA,NCAA Division II with football,"Public, 4-year or above",2191644.0,2191644.0,116.0,3986.0,462417.0,1.0,9.0,10428777,10195809,77603.0,21634.0,5.0,17.0,38273.0,63450,2025,2024-25,https://ope.ed.gov/athletics/#/datafile/list,0.0,18893.48275862069,1729227.0,755793.0,272309.0
156408,Centre College,KY,NCAA Division III with football,"Private nonprofit, 4-year or above",651520.0,651520.0,121.0,1702.0,205892.0,1.0,7.0,5751389,5691440,37483.0,16707.0,9.0,21.0,94379.0,173197,2025,2024-25,https://ope.ed.gov/athletics/#/datafile/list,0.0,5384.462809917355,445628.0,688194.0,154432.0
111887,Cerritos College,CA,CCCAA,"Public, 2-year",303224.0,237485.0,115.0,482.0,55399.0,1.0,17.0,5299531,4862949,83762.0,6162.0,9.0,61.0,0.0,0,2025,2024-25,https://ope.ed.gov/athletics/#/datafile/list,65739.0,2065.086956521739,182086.0,1129740.0,188516.0
111920,Chabot College,CA,CCCAA,"Public, 2-year",261203.0,261203.0,85.0,1350.0,114736.0,1.0,8.0,2148344,2148344,23571.0,8820.0,9.0,21.0,0.0,0,2025,2024-25,https://ope.ed.gov/athletics/#/datafile/list,0.0,3072.9764705882353,146467.0,397359.0,94131.0
180948,Chadron State College,NE,NCAA Division II with football,"Public, 4-year or above",1690944.0,1690944.0,138.0,1907.0,263145.0,1.0,9.0,6001471,6001471,74098.0,18414.0,5.0,23.0,18860.0,39682,2025,2024-25,https://ope.ed.gov/athletics/#/datafile/list,0.0,12253.217391304348,1427799.0,794012.0,239824.0
111939,Chaffey College,CA,CCCAA,"Public, 2-year",288999.0,365991.0,118.0,1213.0,143110.0,1.0,6.0,3092607,3078013,43393.0,7452.0,7.0,15.0,0.0,0,2025,2024-25,https://ope.ed.gov/athletics/#/datafile/list,-76992.0,3101.6186440677966,222881.0,415531.0,88105.0
111948,Chapman University,CA,NCAA Division III with football,"Private nonprofit, 4-year or above",793866.0,793866.0,110.0,1541.0,169549.0,1.0,11.0,6291957,6291957,39728.0,14389.0,11.0,20.0,14971.0,20595,2025,2024-25,https://ope.ed.gov/athletics/#/datafile/list,0.0,7216.963636363636,624317.0,724788.0,198007.0
217688,Charleston Southern University,SC,NCAA Division I-FCS,"Private nonprofit, 4-year or above",4335079.0,4335079.0,126.0,7084.0,892626.0,1.0,9.0,14999113,14999113,107653.0,58518.0,5.0,15.0,159751.0,220529,2025,2024-25,https://ope.ed.gov/athletics/#/datafile/list,0.0,34405.38888888889,3442453.0,1416035.0,634315.0
211583,Chestnut Hill College,PA,NCAA Division II without football,"Private nonprofit, 4-year or above",146098.0,138010.0,70.0,819.0,57335.0,1.0,6.0,3724550,3713634,21372.0,5882.0,8.0,19.0,7918.0,12825,2025,2024-25,https://ope.ed.gov/athletics/#/datafile/list,8088.0,1971.5714285714287,80675.0,282734.0,56664.0
198303,Chowan University,NC,NCAA Division II with football,"Private nonprofit, 4-year or above",1268534.0,1268534.0,146.0,1692.0,246966.0,1.0,5.0,6295935,6295935,45759.0,36767.0,9.0,9.0,24641.0,36775,2025,2024-25,https://ope.ed.gov/athletics/#/datafile/list,0.0,8688.589041095891,1021568.0,742734.0,229594.0
231712,Christopher Newport University,VA,NCAA Division III with football,"Public, 4-year or above",913401.0,913401.0,132.0,2827.0,373191.0,1.0,7.0,13340521,13340521,66533.0,24908.0,10.0,25.0,23478.0,43424,2025,2024-25,https://ope.ed.gov/athletics/#/datafile/list,0.0,6919.704545454545,540210.0,1288030.0,240889.0
223898,Cisco College,TX,NJCAA Division I ,"Public, 2-year",791788.0,791788.0,99.0,2136.0,211446.0,1.0,2.0,3103883,3103883,67539.0,50161.0,2.0,3.0,20968.0,39695,2025,2024-25,https://ope.ed.gov/athletics/#/datafile/list,0.0,7997.858585858586,580342.0,285561.0,167861.0
217864,Citadel Military College of South Carolina,SC,NCAA Division I-FCS,"Public, 4-year or above",8195425.0,5446239.0,119.0,7617.0,906386.0,1.0,11.0,23010489,20021006,131248.0,62222.0,8.0,19.0,149954.0,185771,2025,2024-25,https://ope.ed.gov/athletics/#/datafile/list,2749186.0,45766.71428571428,4539853.0,2232202.0,815690.0
112172,Citrus College,CA,CCCAA,"Public, 2-year",399630.0,407932.0,106.0,951.0,100855.0,1.0,9.0,3608439,3555153,59610.0,16360.0,8.0,11.0,0.0,0,2025,2024-25,https://ope.ed.gov/athletics/#/datafile/list,-8302.0,3848.4150943396226,307077.0,656840.0,206850.0
112190,City College of San Francisco,CA,CCCAA,"Public, 2-year",155681.0,158681.0,67.0,1005.0,67305.0,1.0,10.0,1854468,1797352,53875.0,27501.0,4.0,4.0,0.0,0,2025,2024-25,https://ope.ed.gov/athletics/#/datafile/list,-3000.0,2368.373134328358,91376.0,325504.0,328885.0
112260,Claremont McKenna College,CA,NCAA Division III with football,"Private nonprofit, 4-year or above",817798.0,817798.0,83.0,1828.0,151719.0,1.0,8.0,4864585,4864585,59419.0,17761.0,11.0,34.0,64276.0,109814,2025,2024-25,https://ope.ed.gov/athletics/#/datafile/list,0.0,9852.987951807228,666079.0,1257483.0,201507.0
138947,Clark Atlanta University,GA,NCAA Division II with football,"Private nonprofit, 4-year or above",3000704.0,2997063.0,101.0,3522.0,355690.0,1.0,5.0,11334862,8058158,78397.0,48160.0,4.0,6.0,2902.0,7735,2025,2024-25,https://ope.ed.gov/athletics/#/datafile/list,3641.0,29673.89108910891,2641373.0,602548.0,319197.0
153126,Clarke University,IA,NAIA Division I ,"Private nonprofit, 4-year or above",2985763.0,2985763.0,124.0,2001.0,248073.0,1.0,10.0,16015846,16015846,42870.0,16631.0,10.0,24.0,22125.0,44388,2025,2024-25,https://ope.ed.gov/athletics/#/datafile/list,0.0,24078.733870967742,2737690.0,827844.0,209180.0
217882,Clemson University,SC,NCAA Division I-FBS,"Public, 4-year or above",86902571.0,81136726.0,137.0,67744.0,9280901.0,1.0,11.0,186106774,186106774,1925461.0,487841.0,7.0,32.0,3911594.0,5081023,2025,2024-25,https://ope.ed.gov/athletics/#/datafile/list,5765845.0,592238.8759124088,71855825.0,29089139.0,7291712.0
175519,Coahoma Community College,MS,NJCAA Division I ,"Public, 2-year",878801.0,878801.0,65.0,2729.0,177387.0,1.0,6.0,2474646,2474646,62368.0,38610.0,4.0,8.0,13824.0,18035,2025,2024-25,https://ope.ed.gov/athletics/#/datafile/list,0.0,13520.015384615384,701414.0,558352.0,294028.0
125462,Coalinga College,CA,CCCAA,"Public, 2-year",240191.0,240191.0,57.0,1869.0,106533.0,1.0,5.0,1659781,1651547,54756.0,8571.0,3.0,7.0,0.0,0,2025,2024-25,https://ope.ed.gov/athletics/#/datafile/list,0.0,4213.877192982456,133658.0,224265.0,97611.0
218724,Coastal Carolina University,SC,NCAA Division I-FBS,"Public, 4-year or above",17052582.0,17052582.0,123.0,19073.0,2346000.0,1.0,10.0,46978290,46978290,409519.0,138219.0,7.0,25.0,781729.0,1012907,2025,2024-25,https://ope.ed.gov/athletics/#/datafile/list,0.0,138638.8780487805,14706582.0,6322108.0,1791709.0
153144,Coe College,IA,NCAA Division III with football,"Private nonprofit, 4-year or above",444420.0,444420.0,121.0,955.0,115508.0,1.0,8.0,3567506,3567506,38447.0,10404.0,12.0,35.0,47302.0,72857,2025,2024-25,https://ope.ed.gov/athletics/#/datafile/list,0.0,3672.8925619834713,328912.0,825504.0,121679.0
154925,Coffeyville Community College,KS,NJCAA Division I ,"Public, 2-year",1863066.0,1467349.0,77.0,2987.0,229991.0,1.0,8.0,5822853,5121768,46961.0,26687.0,8.0,15.0,32911.0,44711,2025,2024-25,https://ope.ed.gov/athletics/#/datafile/list,395717.0,19056.48051948052,1237358.0,775993.0,260457.0
161086,Colby College,ME,NCAA Division III with football,"Private nonprofit, 4-year or above",1078787.0,1078787.0,88.0,2506.0,220566.0,1.0,7.0,11982835,11982835,81850.0,33237.0,15.0,28.0,98667.0,167324,2025,2024-25,https://ope.ed.gov/athletics/#/datafile/list,0.0,12258.943181818182,858221.0,2158386.0,314509.0
190099,Colgate University,NY,NCAA Division I-FCS,"Private nonprofit, 4-year or above",8439552.0,8439552.0,98.0,11028.0,1080792.0,1.0,11.0,39791052,39791052,201744.0,53489.0,10.0,33.0,472303.0,752927,2025,2024-25,https://ope.ed.gov/athletics/#/datafile/list,0.0,86117.87755102041,7358760.0,3782577.0,790123.0
144865,College of DuPage,IL,NJCAA Division III ,"Public, 2-year",515516.0,593572.0,91.0,3099.0,282028.0,1.0,9.0,3592056,3540694,26240.0,11345.0,12.0,26.0,439.0,1408,2025,2024-25,https://ope.ed.gov/athletics/#/datafile/list,-78056.0,6522.7692307692305,311544.0,609850.0,128345.0
122791,College of San Mateo,CA,CCCAA,"Public, 2-year",928135.0,727933.0,80.0,1640.0,131223.0,1.0,21.0,3961081,3495109,26801.0,12361.0,7.0,46.0,5875.0,5875,2025,2024-25,https://ope.ed.gov/athletics/#/datafile/list,200202.0,9099.1625,596710.0,756213.0,286382.0
111461,College of the Canyons,CA,CCCAA,"Public, 2-year",368796.0,368796.0,78.0,1717.0,133960.0,1.0,20.0,3451591,3410047,48455.0,4777.0,8.0,34.0,0.0,0,2025,2024-25,https://ope.ed.gov/athletics/#/datafile/list,0.0,4728.153846153846,234836.0,550058.0,143995.0
113573,College of the Desert,CA,CCCAA,"Public, 2-year",228109.0,228109.0,50.0,1728.0,86416.0,1.0,5.0,1853158,1853158,42310.0,4750.0,7.0,18.0,0.0,0,2025,2024-25,https://ope.ed.gov/athletics/#/datafile/list,0.0,4562.18,141693.0,381670.0,66060.0
166124,College of the Holy Cross,MA,NCAA Division I-FCS,"Private nonprofit, 4-year or above",7982341.0,7982341.0,100.0,9730.0,972969.0,1.0,10.0,34213254,34213254,120202.0,51210.0,12.0,33.0,441418.0,606293,2025,2024-25,https://ope.ed.gov/athletics/#/datafile/list,0.0,79823.41,7009372.0,3132354.0,632302.0
121707,College of the Redwoods,CA,CCCAA,"Public, 2-year",593961.0,445722.0,91.0,2627.0,239097.0,1.0,8.0,1723519,1432730,33823.0,10084.0,7.0,19.0,0.0,0,2025,2024-25,https://ope.ed.gov/athletics/#/datafile/list,148239.0,4898.043956043956,206625.0,428357.0,114495.0
123217,College of the Sequoias,CA,CCCAA,"Public, 2-year",380356.0,282256.0,75.0,1900.0,142530.0,1.0,9.0,1885768,1540305,26597.0,3704.0,8.0,32.0,0.0,0,2025,2024-25,https://ope.ed.gov/athletics/#/datafile/list,98100.0,3763.4133333333334,139726.0,331304.0,59933.0
123484,College of the Siskiyous,CA,CCCAA,"Public, 2-year",332436.0,332436.0,70.0,2311.0,161792.0,1.0,8.0,1752517,1752517,35828.0,11957.0,5.0,15.0,0.0,0,2025,2024-25,https://ope.ed.gov/athletics/#/datafile/list,0.0,4749.085714285714,170644.0,358495.0,131484.0
127556,Colorado Mesa University,CO,NCAA Division II with football,"Public, 4-year or above",1756972.0,1801673.0,171.0,1272.0,217497.0,1.0,14.0,16395515,16362304,82961.0,23109.0,10.0,39.0,121903.0,182715,2025,2024-25,https://ope.ed.gov/athletics/#/datafile/list,-44701.0,10536.099415204679,1584176.0,1730861.0,406487.0
126775,Colorado School of Mines,CO,NCAA Division II with football,"Public, 4-year or above",3084737.0,3084737.0,143.0,3738.0,534605.0,1.0,10.0,15016395,15016395,67729.0,30991.0,10.0,31.0,162483.0,235286,2025,2024-25,https://ope.ed.gov/athletics/#/datafile/list,0.0,21571.587412587414,2550132.0,1638011.0,377639.0
128106,Colorado State University Pueblo,CO,NCAA Division II with football,"Public, 4-year or above",2383786.0,2383786.0,135.0,3847.0,519398.0,1.0,6.0,12518820,12518820,73035.0,40807.0,7.0,14.0,69928.0,92632,2025,2024-25,https://ope.ed.gov/athletics/#/datafile/list,0.0,17657.674074074075,1864388.0,1082543.0,317877.0
126818,Colorado State University-Fort Collins,CO,NCAA Division I-FBS,"Public, 4-year or above",21007541.0,21007541.0,108.0,59730.0,6450853.0,1.0,17.0,55794198,55794198,802160.0,222749.0,5.0,19.0,983536.0,1258088,2025,2024-25,https://ope.ed.gov/athletics/#/datafile/list,0.0,194514.2685185185,14556688.0,8243031.0,4588893.0
190150,Columbia University in the City of New York,NY,NCAA Division I-FCS,"Private nonprofit, 4-year or above",5364231.0,5364231.0,111.0,7673.0,851688.0,1.0,9.0,43349775,43349775,206172.0,86062.0,14.0,51.0,889878.0,1295842,2025,2024-25,https://ope.ed.gov/athletics/#/datafile/list,0.0,48326.40540540541,4512543.0,7275570.0,980730.0
498562,Commonwealth University of Pennsylvania,PA,NCAA Division II with football,"Public, 4-year or above",2025258.0,1985129.0,236.0,1364.0,321920.0,2.0,16.0,19806752,19472148,71159.0,24251.0,19.0,33.0,22638.0,64112,2025,2024-25,https://ope.ed.gov/athletics/#/datafile/list,40129.0,8411.563559322034,1663209.0,2152304.0,530334.0
446163,Community Christian College,AZ,NJCAA Division I ,"Private nonprofit, 2-year",506514.0,506514.0,68.0,6949.0,472524.0,1.0,5.0,1170229,1170229,15000.0,5000.0,4.0,11.0,2500.0,3500,2025,2024-25,https://ope.ed.gov/athletics/#/datafile/list,0.0,7448.735294117647,33990.0,115000.0,40000.0
112686,Compton College,CA,CCCAA,"Public, 2-year",110350.0,110350.0,49.0,823.0,40330.0,1.0,8.0,1474971,1474971,18527.0,3333.0,6.0,21.0,5000.0,6000,2025,2024-25,https://ope.ed.gov/athletics/#/datafile/list,0.0,2252.0408163265306,70020.0,181155.0,45191.0
237330,Concord University,WV,NCAA Division II with football,"Public, 4-year or above",1501178.0,1501178.0,133.0,1871.0,248812.0,1.0,10.0,5981779,5981779,40858.0,15839.0,6.0,19.0,30423.0,46534,2025,2024-25,https://ope.ed.gov/athletics/#/datafile/list,0.0,11287.052631578947,1252366.0,546089.0,199248.0
173300,Concordia College at Moorhead,MN,NCAA Division III with football,"Private nonprofit, 4-year or above",642327.0,642327.0,126.0,1617.0,203768.0,1.0,13.0,3979206,3979206,36524.0,5928.0,11.0,44.0,48942.0,65205,2025,2024-25,https://ope.ed.gov/athletics/#/datafile/list,0.0,5097.833333333333,438559.0,662596.0,113588.0
144351,Concordia University-Chicago,IL,NCAA Division III with football,"Private nonprofit, 4-year or above",423313.0,423313.0,84.0,1396.0,117224.0,1.0,5.0,4215861,4114170,46107.0,18521.0,9.0,15.0,14703.0,44842,2025,2024-25,https://ope.ed.gov/athletics/#/datafile/list,0.0,5039.440476190476,306089.0,692778.0,138712.0
180984,Concordia University-Nebraska,NE,NAIA Division I ,"Private nonprofit, 4-year or above",1616387.0,1603547.0,150.0,712.0,106812.0,1.0,13.0,16233943,15143637,46705.0,17446.0,8.0,19.0,38314.0,64393,2025,2024-25,https://ope.ed.gov/athletics/#/datafile/list,12840.0,10690.313333333334,1496735.0,705114.0,273503.0
173328,Concordia University-Saint Paul,MN,NCAA Division II with football,"Private nonprofit, 4-year or above",1629856.0,1629856.0,112.0,3677.0,411872.0,1.0,7.0,7498017,7498017,44512.0,13748.0,7.0,29.0,74494.0,100999,2025,2024-25,https://ope.ed.gov/athletics/#/datafile/list,0.0,14552.285714285714,1217984.0,710276.0,140748.0
238616,Concordia University-Wisconsin,WI,NCAA Division III with football,"Private nonprofit, 4-year or above",427361.0,426128.0,133.0,490.0,65105.0,1.0,9.0,3833213,3681816,52376.0,15017.0,13.0,35.0,56202.0,91203,2025,2024-25,https://ope.ed.gov/athletics/#/datafile/list,1233.0,3203.96992481203,361023.0,1206483.0,187529.0
175573,Copiah-Lincoln Community College,MS,NJCAA Division I ,"Public, 2-year",1112080.0,1112080.0,65.0,687.0,44637.0,1.0,7.0,3679409,3679409,43985.0,45351.0,6.0,12.0,13198.0,28031,2025,2024-25,https://ope.ed.gov/athletics/#/datafile/list,0.0,17108.923076923078,1067443.0,808122.0,361442.0
153162,Cornell College,IA,NCAA Division III with football,"Private nonprofit, 4-year or above",546437.0,513614.0,99.0,808.0,79946.0,1.0,5.0,3673876,3270739,54681.0,13790.0,10.0,23.0,45533.0,71394,2025,2024-25,https://ope.ed.gov/athletics/#/datafile/list,32823.0,5188.020202020202,433668.0,863980.0,123631.0
190415,Cornell University,NY,NCAA Division I-FCS,"Private nonprofit, 4-year or above",4589612.0,4589612.0,109.0,4382.0,477623.0,1.0,10.0,50418895,46719601,190386.0,75076.0,16.0,41.0,1023995.0,1494234,2025,2024-25,https://ope.ed.gov/athletics/#/datafile/list,0.0,42106.53211009174,4111989.0,6124292.0,941146.0
174862,Crown College,MN,NCAA Division III with football,"Private nonprofit, 4-year or above",603361.0,483232.0,89.0,2135.0,190028.0,1.0,12.0,2557549,2557549,43715.0,3985.0,7.0,21.0,14070.0,17604,2025,2024-25,https://ope.ed.gov/athletics/#/datafile/list,120129.0,5429.573033707865,293204.0,389690.0,91535.0
177144,Culver-Stockton College,MO,NAIA Division II ,"Private nonprofit, 4-year or above",1677041.0,1677041.0,169.0,1107.0,187063.0,1.0,5.0,6442158,6442158,32148.0,15387.0,9.0,11.0,22789.0,35480,2025,2024-25,https://ope.ed.gov/athletics/#/datafile/list,0.0,9923.31952662722,1489978.0,458589.0,109083.0
219949,Cumberland University,TN,NAIA Division I ,"Private nonprofit, 4-year or above",2490324.0,2458806.0,75.0,3911.0,293335.0,1.0,6.0,12471604,12249680,43041.0,27799.0,11.0,12.0,36178.0,54050,2025,2024-25,https://ope.ed.gov/athletics/#/datafile/list,31518.0,32784.08,2165471.0,807039.0,209835.0
165529,Curry College,MA,NCAA Division III with football,"Private nonprofit, 4-year or above",333460.0,333460.0,80.0,1703.0,136204.0,1.0,8.0,3360413,3360413,28321.0,8919.0,9.0,19.0,35048.0,62817,2025,2024-25,https://ope.ed.gov/athletics/#/datafile/list,0.0,4168.25,197256.0,424350.0,99673.0
219082,Dakota State University,SD,NAIA Division I ,"Public, 4-year or above",603088.0,603088.0,114.0,1209.0,137803.0,1.0,5.0,3999725,3999725,36328.0,22955.0,6.0,15.0,0.0,0,2025,2024-25,https://ope.ed.gov/athletics/#/datafile/list,0.0,5290.245614035088,465285.0,562293.0,151103.0
219091,Dakota Wesleyan University,SD,NAIA Division I ,"Private nonprofit, 4-year or above",962973.0,1196886.0,55.0,1972.0,108479.0,1.0,4.0,5774733,5750741,46609.0,39408.0,7.0,8.0,22364.0,36167,2025,2024-25,https://ope.ed.gov/athletics/#/datafile/list,-233913.0,21761.563636363637,1088407.0,641527.0,204241.0
182670,Dartmouth College,NH,NCAA Division I-FCS,"Private nonprofit, 4-year or above",3831110.0,3831110.0,108.0,7181.0,775575.0,1.0,9.0,41963544,41963544,149994.0,66247.0,13.0,38.0,857411.0,1299256,2025,2024-25,https://ope.ed.gov/athletics/#/datafile/list,0.0,35473.24074074074,3055535.0,4467308.0,746217.0
169479,Davenport University,MI,NCAA Division II with football,"Private nonprofit, 4-year or above",2282867.0,2282867.0,136.0,1833.0,249298.0,1.0,10.0,14716733,14716733,51044.0,16064.0,10.0,38.0,67505.0,107544,2025,2024-25,https://ope.ed.gov/athletics/#/datafile/list,0.0,16785.78676470588,2033569.0,1120872.0,211684.0
198385,Davidson College,NC,NCAA Division I-FCS,"Private nonprofit, 4-year or above",3353095.0,2588978.0,100.0,5749.0,574946.0,1.0,9.0,25506159,25443886,148250.0,66298.0,10.0,25.0,327244.0,527114,2025,2024-25,https://ope.ed.gov/athletics/#/datafile/list,764117.0,25889.78,2014032.0,3139950.0,744932.0
113333,De Anza College,CA,CCCAA,"Public, 2-year",276128.0,248328.0,62.0,1081.0,67037.0,1.0,8.0,3674681,3542625,34773.0,3885.0,7.0,25.0,0.0,0,2025,2024-25,https://ope.ed.gov/athletics/#/datafile/list,27800.0,4005.2903225806454,181291.0,340536.0,65853.0
150400,DePauw University,IN,NCAA Division III with football,"Private nonprofit, 4-year or above",818007.0,818007.0,157.0,865.0,135738.0,1.0,6.0,5999085,5999085,63824.0,31198.0,9.0,18.0,40684.0,66799,2025,2024-25,https://ope.ed.gov/athletics/#/datafile/list,0.0,5210.235668789809,682269.0,1135980.0,251012.0
165574,Dean College,MA,NCAA Division III with football,"Private nonprofit, 4-year or above",336245.0,334646.0,78.0,1602.0,124958.0,1.0,8.0,2696353,2662854,35866.0,6143.0,8.0,21.0,24423.0,30764,2025,2024-25,https://ope.ed.gov/athletics/#/datafile/list,1599.0,4290.333333333333,209688.0,415931.0,85010.0
202514,Defiance College,OH,NAIA Division II ,"Private nonprofit, 4-year or above",1704034.0,3110250.0,134.0,1349.0,180766.0,1.0,8.0,9724162,9282320,33914.0,19110.0,9.0,18.0,35950.0,62444,2025,2024-25,https://ope.ed.gov/athletics/#/datafile/list,-1406216.0,23210.82089552239,2929484.0,649206.0,186794.0
130934,Delaware State University,DE,NCAA Division I-FCS,"Public, 4-year or above",4306792.0,4306792.0,91.0,7476.0,680356.0,1.0,8.0,15985403,15985403,160831.0,62974.0,4.0,15.0,127690.0,150875,2025,2024-25,https://ope.ed.gov/athletics/#/datafile/list,0.0,47327.38461538462,3626436.0,1587934.0,664623.0
211981,Delaware Valley University,PA,NCAA Division III with football,"Private nonprofit, 4-year or above",602492.0,602492.0,131.0,879.0,115106.0,1.0,8.0,3281648,3281648,39337.0,14886.0,10.0,23.0,15826.0,23715,2025,2024-25,https://ope.ed.gov/athletics/#/datafile/list,0.0,4599.175572519084,487386.0,735748.0,158425.0
175616,Delta State University,MS,NCAA Division II with football,"Public, 4-year or above",1450073.0,1450073.0,107.0,1985.0,212380.0,1.0,6.0,5040571,5040571,61741.0,48652.0,7.0,10.0,37868.0,54955,2025,2024-25,https://ope.ed.gov/athletics/#/datafile/list,0.0,13552.084112149532,1237693.0,918707.0,353653.0
202523,Denison University,OH,NCAA Division III with football,"Private nonprofit, 4-year or above",691544.0,691544.0,95.0,3350.0,318249.0,1.0,12.0,9662891,9662891,63222.0,17313.0,12.0,37.0,55052.0,99058,2025,2024-25,https://ope.ed.gov/athletics/#/datafile/list,0.0,7279.41052631579,373295.0,1399245.0,270978.0
113634,Diablo Valley College,CA,CCCAA,"Public, 2-year",160080.0,123908.0,92.0,997.0,91725.0,1.0,4.0,1231328,1077951,15156.0,2802.0,8.0,15.0,0.0,0,2025,2024-25,https://ope.ed.gov/athletics/#/datafile/list,36172.0,1346.8260869565217,32183.0,163278.0,26364.0
212009,Dickinson College,PA,NCAA Division III with football,"Private nonprofit, 4-year or above",352544.0,420437.0,77.0,1646.0,126741.0,1.0,8.0,4938384,4938384,35181.0,6762.0,12.0,28.0,68075.0,97416,2025,2024-25,https://ope.ed.gov/athletics/#/datafile/list,-67893.0,5460.220779220779,293696.0,611508.0,89277.0
200059,Dickinson State University,ND,NAIA Division I ,"Public, 4-year or above",958751.0,958751.0,120.0,1189.0,142715.0,1.0,9.0,5251669,5251669,24912.0,10238.0,8.0,23.0,48951.0,87980,2025,2024-25,https://ope.ed.gov/athletics/#/datafile/list,0.0,7989.591666666666,816036.0,434770.0,117054.0
181020,Doane University,NE,NAIA Division II ,"Private nonprofit, 4-year or above",1357621.0,1251398.0,64.0,2607.0,166843.0,1.0,5.0,11159303,10731283,49250.0,16567.0,10.0,27.0,24473.0,38714,2025,2024-25,https://ope.ed.gov/athletics/#/datafile/list,106223.0,19553.09375,1084555.0,939809.0,132085.0
154998,Dodge City Community College,KS,NJCAA Division I ,"Public, 2-year",797583.0,797583.0,87.0,1041.0,90587.0,1.0,6.0,4036272,4036272,55996.0,34398.0,6.0,10.0,43032.0,74603,2025,2024-25,https://ope.ed.gov/athletics/#/datafile/list,0.0,9167.620689655172,706996.0,679956.0,262384.0
153250,Dordt University,IA,NAIA Division II ,"Private nonprofit, 4-year or above",1988164.0,1988164.0,141.0,1514.0,213423.0,1.0,10.0,10131956,10131956,31481.0,12980.0,9.0,32.0,66216.0,114413,2025,2024-25,https://ope.ed.gov/athletics/#/datafile/list,0.0,14100.45390070922,1774741.0,698689.0,161281.0
153269,Drake University,IA,NCAA Division I-FCS,"Private nonprofit, 4-year or above",1494858.0,1494858.0,110.0,6192.0,681122.0,1.0,9.0,21320822,21320822,157609.0,50561.0,6.0,18.0,149484.0,217012,2025,2024-25,https://ope.ed.gov/athletics/#/datafile/list,0.0,13589.618181818181,813736.0,1855752.0,612658.0
198419,Duke University,NC,NCAA Division I-FBS,"Private nonprofit, 4-year or above",67356450.0,47363558.0,121.0,57605.0,6970227.0,1.0,10.0,181607802,180590186,867707.0,173807.0,11.0,51.0,2969104.0,3640958,2025,2024-25,https://ope.ed.gov/athletics/#/datafile/list,19992892.0,391434.36363636365,40393331.0,18408934.0,2605777.0
212106,Duquesne University,PA,NCAA Division I-FCS,"Private nonprofit, 4-year or above",5102065.0,5102065.0,118.0,7469.0,881292.0,1.0,12.0,29780242,29780242,177079.0,40962.0,6.0,26.0,333142.0,467165,2025,2024-25,https://ope.ed.gov/athletics/#/datafile/list,0.0,43237.838983050846,4220773.0,2127486.0,668623.0
198464,East Carolina University,NC,NCAA Division I-FBS,"Public, 4-year or above",16480592.0,16473046.0,129.0,25500.0,3289443.0,1.0,14.0,68011262,64764468,733528.0,169658.0,5.0,24.0,828291.0,1117605,2025,2024-25,https://ope.ed.gov/athletics/#/datafile/list,7546.0,127698.03100775194,13183603.0,7739432.0,3108740.0
175643,East Central Community College,MS,NJCAA Division II ,"Public, 2-year",999832.0,999832.0,65.0,2529.0,164366.0,1.0,7.0,3629150,3629150,70990.0,46801.0,7.0,13.0,2530.0,2777,2025,2024-25,https://ope.ed.gov/athletics/#/datafile/list,0.0,15382.030769230769,835466.0,1105343.0,398597.0
207041,East Central University,OK,NCAA Division II with football,"Public, 4-year or above",1466328.0,1466328.0,154.0,1451.0,223487.0,1.0,7.0,5598874,5598874,59115.0,39695.0,4.0,10.0,23277.0,51737,2025,2024-25,https://ope.ed.gov/athletics/#/datafile/list,0.0,9521.61038961039,1242841.0,633410.0,336980.0
113856,East Los Angeles College,CA,CCCAA,"Public, 2-year",252826.0,261005.0,93.0,1343.0,124888.0,1.0,8.0,2654506,2620883,19737.0,12490.0,7.0,21.0,0.0,0,2025,2024-25,https://ope.ed.gov/athletics/#/datafile/list,-8179.0,2806.505376344086,136117.0,400449.0,119657.0
175652,East Mississippi Community College,MS,NJCAA Division I ,"Public, 2-year",1636150.0,1636150.0,65.0,2031.0,132014.0,1.0,7.0,5345417,5345417,77778.0,41284.0,5.0,11.0,0.0,0,2025,2024-25,https://ope.ed.gov/athletics/#/datafile/list,0.0,25171.53846153846,1504136.0,843014.0,366766.0
212115,East Stroudsburg University of Pennsylvania,PA,NCAA Division II with football,"Public, 4-year or above",1659185.0,1526763.0,132.0,1707.0,225377.0,1.0,10.0,13951152,11446791,78362.0,24254.0,7.0,22.0,21239.0,57853,2025,2024-25,https://ope.ed.gov/athletics/#/datafile/list,132422.0,11566.386363636364,1301386.0,1082122.0,320902.0
220075,East Tennessee State University,TN,NCAA Division I-FCS,"Public, 4-year or above",5040907.0,5040907.0,107.0,7148.0,764817.0,1.0,16.0,22346359,22346359,124098.0,55247.0,8.0,35.0,267068.0,363145,2025,2024-25,https://ope.ed.gov/athletics/#/datafile/list,0.0,47111.280373831774,4276090.0,2926429.0,1008050.0
224554,East Texas A&M University,TX,NCAA Division I-FCS,"Public, 4-year or above",5387126.0,5234506.0,125.0,8377.0,1047144.0,1.0,12.0,21855372,18247569,143199.0,48270.0,4.0,21.0,129007.0,234680,2025,2024-25,https://ope.ed.gov/athletics/#/datafile/list,152620.0,41876.048,4187362.0,1586466.0,722439.0
224527,East Texas Baptist University,TX,NCAA Division III with football,"Private nonprofit, 4-year or above",814365.0,814365.0,167.0,1520.0,253840.0,1.0,8.0,5614766,5614766,50701.0,27395.0,7.0,19.0,75630.0,120313,2025,2024-25,https://ope.ed.gov/athletics/#/datafile/list,0.0,4876.437125748503,560525.0,875412.0,269861.0
144892,Eastern Illinois University,IL,NCAA Division I-FCS,"Public, 4-year or above",5009541.0,5009541.0,117.0,6485.0,758726.0,1.0,19.0,19716079,19716079,82277.0,63987.0,9.0,31.0,123243.0,206749,2025,2024-25,https://ope.ed.gov/athletics/#/datafile/list,0.0,42816.58974358974,4250815.0,2724090.0,1298030.0
156620,Eastern Kentucky University,KY,NCAA Division I-FCS,"Public, 4-year or above",6779511.0,6779511.0,122.0,7008.0,855028.0,1.0,15.0,25348404,25348404,148362.0,63239.0,6.0,22.0,162562.0,256778,2025,2024-25,https://ope.ed.gov/athletics/#/datafile/list,0.0,55569.762295081964,5924483.0,2281430.0,1096947.0
169798,Eastern Michigan University,MI,NCAA Division I-FBS,"Public, 4-year or above",11079719.0,11079719.0,119.0,13996.0,1665494.0,1.0,11.0,38924556,38924556,262683.0,77986.0,6.0,23.0,1117485.0,1341309,2025,2024-25,https://ope.ed.gov/athletics/#/datafile/list,0.0,93106.88235294117,9414225.0,3369776.0,1120529.0
187648,Eastern New Mexico University-Main Campus,NM,NCAA Division II with football,"Public, 4-year or above",1633325.0,1633325.0,120.0,720.0,86355.0,1.0,3.0,16452732,16452732,77023.0,62755.0,6.0,9.0,25218.0,57651,2025,2024-25,https://ope.ed.gov/athletics/#/datafile/list,0.0,13611.041666666666,1546970.0,1026933.0,265288.0
208646,Eastern Oregon University,OR,NAIA Division I ,"Public, 4-year or above",1207452.0,1207451.0,126.0,1903.0,239730.0,1.0,9.0,6044449,6044449,60907.0,12088.0,6.0,18.0,26048.0,42710,2025,2024-25,https://ope.ed.gov/athletics/#/datafile/list,1.0,9582.944444444445,967721.0,583026.0,169699.0
212133,Eastern University,PA,NCAA Division III with football,"Private nonprofit, 4-year or above",924021.0,702141.0,151.0,1061.0,160200.0,1.0,11.0,5556042,4923068,41980.0,12118.0,9.0,32.0,64014.0,110487,2025,2024-25,https://ope.ed.gov/athletics/#/datafile/list,221880.0,4649.940397350993,541941.0,765596.0,175278.0
235097,Eastern Washington University,WA,NCAA Division I-FCS,"Public, 4-year or above",6621753.0,6621753.0,132.0,15379.0,2029990.0,1.0,15.0,22004169,21820282,145483.0,48211.0,4.0,25.0,301243.0,420093,2025,2024-25,https://ope.ed.gov/athletics/#/datafile/list,0.0,50164.795454545456,4591763.0,1787207.0,868648.0
133526,Edward Waters University,FL,NCAA Division II with football,"Private nonprofit, 4-year or above",1137062.0,1137062.0,122.0,1875.0,228722.0,1.0,11.0,5469713,5469614,50667.0,26923.0,5.0,10.0,0.0,0,2025,2024-25,https://ope.ed.gov/athletics/#/datafile/list,0.0,9320.180327868853,908340.0,522565.0,346820.0
113980,El Camino Community College District,CA,CCCAA,"Public, 2-year",263510.0,262769.0,105.0,543.0,57051.0,1.0,16.0,2494723,2474552,40181.0,5583.0,11.0,33.0,0.0,0,2025,2024-25,https://ope.ed.gov/athletics/#/datafile/list,741.0,2502.5619047619048,205718.0,626230.0,129509.0
198507,Elizabeth City State University,NC,NCAA Division II with football,"Public, 4-year or above",1154144.0,1154144.0,120.0,1773.0,212758.0,1.0,8.0,4076264,4076264,62622.0,26738.0,4.0,11.0,21675.0,30765,2025,2024-25,https://ope.ed.gov/athletics/#/datafile/list,0.0,9617.866666666667,941386.0,544606.0,276526.0
153296,Ellsworth Community College,IA,NJCAA Division I ,"Public, 2-year",426846.0,422104.0,102.0,2254.0,229858.0,1.0,7.0,1949867,1934049,24890.0,4294.0,4.0,13.0,3402.0,4393,2025,2024-25,https://ope.ed.gov/athletics/#/datafile/list,4742.0,4138.274509803921,192246.0,155382.0,54948.0
144962,Elmhurst University,IL,NCAA Division III with football,"Private nonprofit, 4-year or above",637605.0,634462.0,84.0,1403.0,117815.0,1.0,9.0,4870406,4649588,58048.0,11893.0,9.0,36.0,62779.0,100780,2025,2024-25,https://ope.ed.gov/athletics/#/datafile/list,3143.0,7553.119047619048,516647.0,950580.0,165085.0
198516,Elon University,NC,NCAA Division I-FCS,"Private nonprofit, 4-year or above",7714488.0,7714488.0,109.0,7688.0,838035.0,1.0,12.0,38201825,38201825,215162.0,93355.0,7.0,20.0,296374.0,489793,2025,2024-25,https://ope.ed.gov/athletics/#/datafile/list,0.0,70775.11926605504,6876453.0,3373234.0,1335422.0
232025,Emory & Henry University,VA,NCAA Division II with football,"Private nonprofit, 4-year or above",2005221.0,2005221.0,127.0,1020.0,129512.0,1.0,9.0,9064939,9064939,39528.0,24985.0,10.0,18.0,56205.0,67084,2025,2024-25,https://ope.ed.gov/athletics/#/datafile/list,0.0,15789.141732283464,1875709.0,845010.0,264393.0
155025,Emporia State University,KS,NCAA Division II with football,"Public, 4-year or above",2413840.0,2372219.0,129.0,1351.0,174243.0,1.0,7.0,12640204,11783777,81775.0,48906.0,7.0,15.0,99600.0,147030,2025,2024-25,https://ope.ed.gov/athletics/#/datafile/list,41621.0,18389.294573643412,2197976.0,1306015.0,424117.0
165699,Endicott College,MA,NCAA Division III with football,"Private nonprofit, 4-year or above",801201.0,801201.0,146.0,1948.0,284399.0,1.0,10.0,5696739,5696739,36313.0,12055.0,10.0,34.0,25449.0,36189,2025,2024-25,https://ope.ed.gov/athletics/#/datafile/list,0.0,5487.678082191781,516802.0,773000.0,156863.0
191083,Erie Community College,NY,NJCAA Division III ,"Public, 2-year",372736.0,372736.0,90.0,1582.0,142395.0,1.0,7.0,1680811,1673815,21512.0,10007.0,8.0,15.0,2133.0,2133,2025,2024-25,https://ope.ed.gov/athletics/#/datafile/list,0.0,4141.511111111111,230341.0,322201.0,91561.0
217998,Erskine College,SC,NCAA Division II with football,"Private nonprofit, 4-year or above",921729.0,921729.0,173.0,1837.0,317796.0,1.0,8.0,6671922,6671922,38655.0,28733.0,11.0,15.0,0.0,0,2025,2024-25,https://ope.ed.gov/athletics/#/datafile/list,0.0,5327.913294797688,603933.0,856200.0,268519.0
144971,Eureka College,IL,NCAA Division III with football,"Private nonprofit, 4-year or above",279887.0,279887.0,73.0,1361.0,99385.0,1.0,5.0,1820553,1820553,36199.0,13053.0,7.0,11.0,3366.0,6733,2025,2024-25,https://ope.ed.gov/athletics/#/datafile/list,0.0,3834.068493150685,180502.0,396976.0,101464.0
177339,Evangel University,MO,NAIA Division I ,"Private nonprofit, 4-year or above",1658132.0,1658132.0,134.0,1616.0,216520.0,1.0,12.0,6473530,6473530,39523.0,15563.0,9.0,31.0,21776.0,29478,2025,2024-25,https://ope.ed.gov/athletics/#/datafile/list,0.0,12374.119402985074,1441612.0,838160.0,226279.0
184694,Fairleigh Dickinson University-Florham Campus,NJ,NCAA Division III with football,"Private nonprofit, 4-year or above",557634.0,557634.0,121.0,1344.0,162581.0,1.0,9.0,5121389,5121389,30169.0,11446.0,11.0,21.0,39759.0,63024,2025,2024-25,https://ope.ed.gov/athletics/#/datafile/list,0.0,4608.545454545455,395053.0,572225.0,133183.0
237367,Fairmont State University,WV,NCAA Division II with football,"Public, 4-year or above",1308587.0,1269757.0,100.0,1513.0,151284.0,1.0,8.0,7369956,7182035,43242.0,20973.0,8.0,18.0,12893.0,24365,2025,2024-25,https://ope.ed.gov/athletics/#/datafile/list,38830.0,12697.57,1118473.0,723450.0,211026.0
101189,Faulkner University,AL,NAIA Division I ,"Private nonprofit, 4-year or above",1559165.0,1559165.0,118.0,2966.0,349982.0,1.0,14.0,7704788,7704788,62786.0,18413.0,6.0,25.0,27062.0,43610,2025,2024-25,https://ope.ed.gov/athletics/#/datafile/list,0.0,13213.262711864407,1209183.0,837041.0,320568.0
198543,Fayetteville State University,NC,NCAA Division II with football,"Public, 4-year or above",1358522.0,1358522.0,75.0,3563.0,267229.0,1.0,7.0,6605296,6605296,51375.0,33424.0,4.0,12.0,1207.0,4412,2025,2024-25,https://ope.ed.gov/athletics/#/datafile/list,0.0,18113.626666666667,1091293.0,606588.0,285343.0
114433,Feather River Community College District,CA,CCCAA,"Public, 2-year",396775.0,396775.0,80.0,1554.0,124318.0,1.0,6.0,2305562,2305436,89150.0,20918.0,5.0,13.0,9000.0,18000,2025,2024-25,https://ope.ed.gov/athletics/#/datafile/list,0.0,4959.6875,272457.0,717684.0,214658.0
169910,Ferris State University,MI,Other ,"Public, 4-year or above",3121454.0,3121454.0,143.0,5742.0,821133.0,1.0,7.0,13852956,13852956,102419.0,55675.0,6.0,14.0,39057.0,54202,2025,2024-25,https://ope.ed.gov/athletics/#/datafile/list,0.0,21828.34965034965,2300321.0,1393964.0,492144.0
232089,Ferrum College,VA,NCAA Division III with football,"Private nonprofit, 4-year or above",595857.0,595857.0,115.0,1062.0,122080.0,1.0,7.0,2667325,2667325,46703.0,32961.0,8.0,13.0,67456.0,88948,2025,2024-25,https://ope.ed.gov/athletics/#/datafile/list,0.0,5181.365217391304,473777.0,802117.0,277430.0
165820,Fitchburg State University,MA,NCAA Division III with football,"Public, 4-year or above",213592.0,213592.0,74.0,847.0,62714.0,1.0,6.0,2185976,2172716,11688.0,4480.0,8.0,21.0,4229.0,8244,2025,2024-25,https://ope.ed.gov/athletics/#/datafile/list,0.0,2886.3783783783783,150878.0,187584.0,38568.0
133650,Florida Agricultural and Mechanical University,FL,NCAA Division I-FCS,"Public, 4-year or above",4590584.0,3483353.0,117.0,4585.0,536413.0,1.0,9.0,14473075,14473075,110608.0,54754.0,6.0,19.0,12000.0,20000,2025,2024-25,https://ope.ed.gov/athletics/#/datafile/list,1107231.0,29772.247863247863,2946940.0,1703974.0,603394.0
133669,Florida Atlantic University,FL,NCAA Division I-FBS,"Public, 4-year or above",19330509.0,19330509.0,115.0,38438.0,4420344.0,1.0,10.0,49292817,49292817,351412.0,129464.0,8.0,21.0,595514.0,821431,2025,2024-25,https://ope.ed.gov/athletics/#/datafile/list,0.0,168091.38260869565,14910165.0,5530040.0,1646052.0
133951,Florida International University,FL,Independent,"Public, 4-year or above",12834881.0,12834881.0,114.0,24321.0,2772566.0,1.0,14.0,42392051,42392051,365554.0,129649.0,5.0,19.0,820078.0,951508,2025,2024-25,https://ope.ed.gov/athletics/#/datafile/list,0.0,112586.67543859649,10062315.0,4291101.0,2180640.0
133979,Florida Memorial University,FL,NAIA Division I ,"Private nonprofit, 4-year or above",1345237.0,1345237.0,109.0,1993.0,217210.0,1.0,7.0,4777653,4777653,50250.0,31107.0,6.0,13.0,24869.0,49525,2025,2024-25,https://ope.ed.gov/athletics/#/datafile/list,0.0,12341.62385321101,1128027.0,705891.0,267999.0
134097,Florida State University,FL,NCAA Division I-FBS,"Public, 4-year or above",83469718.0,83267924.0,124.0,75566.0,9370132.0,1.0,14.0,192717172,192717172,1816901.0,461387.0,7.0,23.0,1894040.0,2547845,2025,2024-25,https://ope.ed.gov/athletics/#/datafile/list,201794.0,671515.5161290322,73897792.0,23330208.0,8276319.0
114716,Foothill College,CA,CCCAA,"Public, 2-year",203260.0,203260.0,71.0,577.0,41000.0,1.0,8.0,1787148,1787148,44238.0,3500.0,5.0,14.0,0.0,0,2025,2024-25,https://ope.ed.gov/athletics/#/datafile/list,0.0,2862.8169014084506,162260.0,270190.0,72238.0
191241,Fordham University,NY,NCAA Division I-FCS,"Private nonprofit, 4-year or above",9284119.0,9284119.0,103.0,8289.0,853761.0,1.0,10.0,47556052,47556052,227624.0,80702.0,9.0,26.0,551360.0,798712,2025,2024-25,https://ope.ed.gov/athletics/#/datafile/list,0.0,90137.07766990291,8430358.0,4146868.0,1034644.0
155061,Fort Hays State University,KS,NCAA Division II with football,"Public, 4-year or above",2269186.0,2104284.0,132.0,3679.0,485642.0,1.0,10.0,9574684,9208726,75927.0,51971.0,7.0,11.0,136297.0,177327,2025,2024-25,https://ope.ed.gov/athletics/#/datafile/list,164902.0,15941.545454545454,1618642.0,1103170.0,595637.0
127185,Fort Lewis College,CO,NCAA Division II with football,"Public, 4-year or above",1538974.0,1509011.0,122.0,1708.0,208369.0,1.0,6.0,8733856,8551877,84435.0,34019.0,4.0,10.0,51470.0,105228,2025,2024-25,https://ope.ed.gov/athletics/#/datafile/list,29963.0,12368.942622950819,1300642.0,677930.0,288549.0
139719,Fort Valley State University,GA,NCAA Division II with football,"Public, 4-year or above",1106162.0,1106162.0,113.0,1737.0,196320.0,1.0,7.0,3629121,3629121,60673.0,45023.0,6.0,9.0,17065.0,17855,2025,2024-25,https://ope.ed.gov/athletics/#/datafile/list,0.0,9789.044247787611,909842.0,769245.0,375834.0
165866,Framingham State University,MA,NCAA Division III with football,"Public, 4-year or above",218154.0,228152.0,100.0,1228.0,122789.0,1.0,9.0,1900630,1857968,18200.0,6437.0,6.0,16.0,1786.0,9206,2025,2024-25,https://ope.ed.gov/athletics/#/datafile/list,-9998.0,2281.52,105363.0,212192.0,76133.0
150604,Franklin College,IN,NCAA Division III with football,"Private nonprofit, 4-year or above",565217.0,479639.0,126.0,989.0,124647.0,1.0,10.0,3216172,2868570,32157.0,11364.0,9.0,23.0,15133.0,24602,2025,2024-25,https://ope.ed.gov/athletics/#/datafile/list,85578.0,3806.65873015873,354992.0,550785.0,145797.0
182795,Franklin Pierce University,NH,NCAA Division II with football,"Private nonprofit, 4-year or above",1700140.0,1700140.0,99.0,951.0,94177.0,1.0,5.0,9530196,9530196,58747.0,25499.0,9.0,19.0,34566.0,53592,2025,2024-25,https://ope.ed.gov/athletics/#/datafile/list,0.0,17173.131313131315,1605963.0,1013204.0,186242.0
212577,Franklin and Marshall College,PA,NCAA Division III with football,"Private nonprofit, 4-year or above",840280.0,757450.0,96.0,1481.0,142179.0,1.0,9.0,7384022,7247712,52657.0,18983.0,14.0,32.0,67451.0,108294,2025,2024-25,https://ope.ed.gov/athletics/#/datafile/list,82830.0,7890.104166666667,615271.0,1344654.0,223504.0
114789,Fresno City College,CA,CCCAA,"Public, 2-year",876523.0,1498765.0,88.0,9475.0,833779.0,1.0,8.0,9503551,9494234,159028.0,4500.0,9.0,30.0,0.0,0,2025,2024-25,https://ope.ed.gov/athletics/#/datafile/list,-622242.0,17031.420454545456,664986.0,1566252.0,195028.0
155089,Friends University,KS,NAIA Division I ,"Private nonprofit, 4-year or above",2011007.0,1510844.0,143.0,611.0,87394.0,1.0,8.0,10748404,8051374,39058.0,8898.0,10.0,31.0,20844.0,49552,2025,2024-25,https://ope.ed.gov/athletics/#/datafile/list,500163.0,10565.342657342657,1423450.0,666418.0,110242.0
162584,Frostburg State University,MD,NCAA Division II with football,"Public, 4-year or above",1201616.0,1201616.0,145.0,1132.0,164103.0,1.0,11.0,8774856,8774856,50894.0,15493.0,11.0,33.0,13357.0,30613,2025,2024-25,https://ope.ed.gov/athletics/#/datafile/list,0.0,8287.006896551724,1037513.0,1071103.0,221317.0
114859,Fullerton College,CA,CCCAA,"Public, 2-year",439938.0,439938.0,123.0,1620.0,199261.0,1.0,16.0,3001608,3001608,59755.0,7041.0,9.0,40.0,0.0,0,2025,2024-25,https://ope.ed.gov/athletics/#/datafile/list,0.0,3576.731707317073,240677.0,819435.0,172411.0
218070,Furman University,SC,NCAA Division I-FCS,"Private nonprofit, 4-year or above",8446378.0,8446378.0,126.0,6536.0,823570.0,1.0,16.0,32623716,32623716,281629.0,50646.0,6.0,28.0,158531.0,273693,2025,2024-25,https://ope.ed.gov/athletics/#/datafile/list,0.0,67034.74603174604,7622808.0,3107862.0,1091965.0
131450,Gallaudet University,DC,NCAA Division III with football,"Private nonprofit, 4-year or above",454749.0,429749.0,65.0,2674.0,173778.0,1.0,8.0,2991560,2941561,30621.0,9444.0,8.0,22.0,15379.0,26559,2025,2024-25,https://ope.ed.gov/athletics/#/datafile/list,25000.0,6611.523076923077,255971.0,452736.0,106173.0
212601,Gannon University,PA,NCAA Division II with football,"Private nonprofit, 4-year or above",2318405.0,2308149.0,109.0,1505.0,164082.0,1.0,8.0,12638973,12424951,52538.0,29540.0,9.0,18.0,84132.0,128170,2025,2024-25,https://ope.ed.gov/athletics/#/datafile/list,10256.0,21175.67889908257,2144067.0,1004562.0,288858.0
155104,Garden City Community College,KS,NJCAA Division I ,"Public, 2-year",1073573.0,1073573.0,74.0,3316.0,245387.0,1.0,10.0,4784673,4784673,46902.0,27049.0,9.0,20.0,59323.0,73810,2025,2024-25,https://ope.ed.gov/athletics/#/datafile/list,0.0,14507.743243243243,828186.0,963098.0,317392.0
198561,Gardner-Webb University,NC,NCAA Division I-FCS,"Private nonprofit, 4-year or above",4544018.0,4544018.0,118.0,7738.0,913076.0,1.0,10.0,17654126,17654126,68381.0,35489.0,11.0,22.0,132549.0,190107,2025,2024-25,https://ope.ed.gov/athletics/#/datafile/list,0.0,38508.627118644064,3630942.0,1532949.0,423271.0
114938,Gavilan College,CA,CCCAA,"Public, 2-year",163783.0,155368.0,48.0,1020.0,48937.0,1.0,7.0,1372245,1321124,6000.0,3800.0,4.0,15.0,0.0,0,2025,2024-25,https://ope.ed.gov/athletics/#/datafile/list,8415.0,3236.8333333333335,106431.0,81000.0,32600.0
212656,Geneva College,PA,NCAA Division III with football,"Private nonprofit, 4-year or above",533910.0,533910.0,106.0,1161.0,123058.0,1.0,12.0,2966498,2966498,44612.0,9074.0,8.0,22.0,29846.0,49161,2025,2024-25,https://ope.ed.gov/athletics/#/datafile/list,0.0,5036.88679245283,410852.0,556524.0,153500.0
208822,George Fox University,OR,NCAA Division III with football,"Private nonprofit, 4-year or above",1066643.0,988658.0,108.0,2965.0,320272.0,1.0,11.0,6619040,6364103,58685.0,17131.0,8.0,31.0,57802.0,88254,2025,2024-25,https://ope.ed.gov/athletics/#/datafile/list,77985.0,9154.24074074074,668386.0,1000541.0,247126.0
156745,Georgetown College,KY,NAIA Division I ,"Private nonprofit, 4-year or above",5477535.0,5477535.0,157.0,1278.0,200580.0,1.0,10.0,18580938,18580938,49043.0,27074.0,9.0,18.0,24051.0,38558,2025,2024-25,https://ope.ed.gov/athletics/#/datafile/list,0.0,34888.75796178344,5276955.0,928719.0,319783.0
131496,Georgetown University,DC,NCAA Division I-FCS,"Private nonprofit, 4-year or above",2575007.0,2575007.0,100.0,3976.0,397644.0,1.0,10.0,58538782,58538782,651521.0,85800.0,10.0,29.0,268892.0,371142,2025,2024-25,https://ope.ed.gov/athletics/#/datafile/list,0.0,25750.07,2177363.0,9003410.0,1509521.0
139755,Georgia Institute of Technology-Main Campus,GA,NCAA Division I-FBS,"Public, 4-year or above",70541041.0,42709508.0,120.0,96658.0,11598968.0,1.0,10.0,140430227,140430227,1109351.0,260002.0,7.0,30.0,2054588.0,2593351,2025,2024-25,https://ope.ed.gov/athletics/#/datafile/list,27831533.0,355912.56666666665,31110540.0,15565517.0,3709371.0
485111,Georgia Military College,GA,NJCAA Division I ,"Public, 2-year",887647.0,887647.0,149.0,2080.0,309909.0,1.0,10.0,2037220,2037220,22857.0,26636.0,4.0,11.0,10638.0,23127,2025,2024-25,https://ope.ed.gov/athletics/#/datafile/list,0.0,5957.362416107382,577738.0,384424.0,289217.0
139931,Georgia Southern University,GA,NCAA Division I-FBS,"Public, 4-year or above",11225441.0,11225441.0,146.0,13477.0,1967592.0,1.0,17.0,38133784,38133784,251750.0,77607.0,6.0,28.0,347870.0,536813,2025,2024-25,https://ope.ed.gov/athletics/#/datafile/list,0.0,76886.58219178082,9257849.0,3683496.0,1571069.0
139940,Georgia State University,GA,NCAA Division I-FBS,"Public, 4-year or above",12260120.0,12260120.0,118.0,17574.0,2073699.0,1.0,24.0,39979520,39979520,307328.0,74869.0,6.0,34.0,411874.0,587630,2025,2024-25,https://ope.ed.gov/athletics/#/datafile/list,0.0,103899.32203389831,10186421.0,4389514.0,2104184.0
212674,Gettysburg College,PA,NCAA Division III with football,"Private nonprofit, 4-year or above",701392.0,701392.0,93.0,3190.0,296647.0,1.0,7.0,7792270,7792270,47761.0,15739.0,10.0,27.0,107368.0,149998,2025,2024-25,https://ope.ed.gov/athletics/#/datafile/list,0.0,7541.8494623655915,404745.0,902563.0,157934.0
115001,Glendale Community College,CA,CCCAA,"Public, 2-year",196794.0,196794.0,112.0,816.0,91376.0,1.0,8.0,1725726,1725726,8972.0,5900.0,8.0,20.0,0.0,0,2025,2024-25,https://ope.ed.gov/athletics/#/datafile/list,0.0,1757.0892857142858,105418.0,189776.0,56172.0
237385,Glenville State University,WV,NCAA Division II with football,"Public, 4-year or above",742653.0,1136684.0,110.0,707.0,77723.0,1.0,8.0,4357787,4357785,58285.0,24747.0,6.0,11.0,17609.0,32246,2025,2024-25,https://ope.ed.gov/athletics/#/datafile/list,-394031.0,10333.49090909091,1058961.0,621927.0,256261.0
115126,Golden West College,CA,CCCAA,"Public, 2-year",474812.0,474812.0,108.0,1574.0,169988.0,1.0,7.0,2709201,2709201,55080.0,11255.0,8.0,20.0,0.0,0,2025,2024-25,https://ope.ed.gov/athletics/#/datafile/list,0.0,4396.407407407408,304824.0,665740.0,133865.0
153366,Graceland University-Lamoni,IA,NAIA Division II ,"Private nonprofit, 4-year or above",1653006.0,1653006.0,134.0,1061.0,142177.0,1.0,8.0,6883258,6883258,32587.0,13722.0,10.0,18.0,18315.0,63377,2025,2024-25,https://ope.ed.gov/athletics/#/datafile/list,0.0,12335.865671641792,1510829.0,572866.0,142363.0
159009,Grambling State University,LA,NCAA Division I-FCS,"Public, 4-year or above",4981977.0,4981977.0,154.0,1535.0,236439.0,1.0,9.0,14809144,14809144,187840.0,80949.0,4.0,14.0,41119.0,67646,2025,2024-25,https://ope.ed.gov/athletics/#/datafile/list,0.0,32350.5,4745538.0,1884646.0,916381.0
170082,Grand Valley State University,MI,NCAA Division II with football,"Public, 4-year or above",3850676.0,3309949.0,141.0,3728.0,525654.0,1.0,11.0,22242665,21573246,92824.0,26796.0,8.0,33.0,86980.0,145428,2025,2024-25,https://ope.ed.gov/athletics/#/datafile/list,540727.0,23474.81560283688,2784295.0,1626860.0,387580.0
153375,Grand View University,IA,NAIA Division I ,"Private nonprofit, 4-year or above",2672460.0,2672460.0,150.0,4198.0,629654.0,1.0,9.0,12380233,12380233,43670.0,10310.0,10.0,42.0,26364.0,35984,2025,2024-25,https://ope.ed.gov/athletics/#/datafile/list,0.0,17816.4,2042806.0,869720.0,136460.0
198598,Greensboro College,NC,NCAA Division III with football,"Private nonprofit, 4-year or above",406844.0,406844.0,118.0,1143.0,134884.0,1.0,10.0,2669250,2669250,42555.0,11267.0,9.0,16.0,9519.0,22361,2025,2024-25,https://ope.ed.gov/athletics/#/datafile/list,0.0,3447.830508474576,271960.0,563267.0,155225.0
145372,Greenville University,IL,NCAA Division III with football,"Private nonprofit, 4-year or above",378571.0,390501.0,105.0,1694.0,177915.0,1.0,7.0,2797515,2628387,40378.0,13528.0,8.0,24.0,16967.0,27833,2025,2024-25,https://ope.ed.gov/athletics/#/datafile/list,-11930.0,3719.057142857143,212586.0,647696.0,135074.0
153384,Grinnell College,IA,NCAA Division III with football,"Private nonprofit, 4-year or above",456652.0,456652.0,60.0,1746.0,104738.0,1.0,5.0,4751676,4751676,35502.0,12043.0,10.0,22.0,37890.0,60861,2025,2024-25,https://ope.ed.gov/athletics/#/datafile/list,0.0,7610.866666666667,351914.0,619966.0,95717.0
115296,Grossmont College,CA,CCCAA,"Public, 2-year",449108.0,31948.0,66.0,341.0,22473.0,1.0,8.0,2413913,1291271,20000.0,6000.0,6.0,14.0,0.0,0,2025,2024-25,https://ope.ed.gov/athletics/#/datafile/list,417160.0,484.06060606060606,9475.0,204000.0,68000.0
198613,Guilford College,NC,NCAA Division III with football,"Private nonprofit, 4-year or above",423344.0,388020.0,131.0,552.0,72270.0,1.0,8.0,3562840,2960475,46032.0,18077.0,8.0,14.0,11691.0,15021,2025,2024-25,https://ope.ed.gov/athletics/#/datafile/list,35324.0,2961.9847328244273,315750.0,621334.0,190648.0
173647,Gustavus Adolphus College,MN,NCAA Division III with football,"Private nonprofit, 4-year or above",743696.0,743696.0,139.0,1076.0,149560.0,1.0,10.0,6049639,6049639,49578.0,13007.0,9.0,43.0,58931.0,80032,2025,2024-25,https://ope.ed.gov/athletics/#/datafile/list,0.0,5350.330935251798,594136.0,1005503.0,179648.0
191515,Hamilton College,NY,NCAA Division III with football,"Private nonprofit, 4-year or above",1223588.0,1223588.0,77.0,3449.0,265590.0,1.0,10.0,11263011,11263011,75340.0,21774.0,14.0,32.0,73207.0,117586,2025,2024-25,https://ope.ed.gov/athletics/#/datafile/list,0.0,15890.753246753247,957998.0,1751528.0,293080.0
173665,Hamline University,MN,NCAA Division III with football,"Private nonprofit, 4-year or above",401706.0,401706.0,79.0,1889.0,149227.0,1.0,11.0,3787348,3787348,32779.0,8390.0,10.0,32.0,19197.0,43316,2025,2024-25,https://ope.ed.gov/athletics/#/datafile/list,0.0,5084.886075949367,252479.0,596270.0,125069.0
232265,Hampton University,VA,NCAA Division I-FCS,"Private nonprofit, 4-year or above",6343962.0,5243063.0,92.0,10056.0,925167.0,1.0,10.0,17330745,17330745,153818.0,80968.0,7.0,21.0,331325.0,449317,2025,2024-25,https://ope.ed.gov/athletics/#/datafile/list,1100899.0,56989.815217391304,4317896.0,2777054.0,963498.0
150756,Hanover College,IN,NCAA Division III with football,"Private nonprofit, 4-year or above",535051.0,535051.0,125.0,1177.0,147145.0,1.0,7.0,3996435,3996435,47789.0,15366.0,11.0,20.0,66941.0,102926,2025,2024-25,https://ope.ed.gov/athletics/#/datafile/list,0.0,4280.408,387906.0,832999.0,155351.0
225247,Hardin-Simmons University,TX,NCAA Division III with football,"Private nonprofit, 4-year or above",1410456.0,1276489.0,212.0,2139.0,453556.0,1.0,8.0,5760134,4352740,50111.0,36996.0,9.0,18.0,15035.0,18934,2025,2024-25,https://ope.ed.gov/athletics/#/datafile/list,133967.0,6021.174528301887,822933.0,1116927.0,346079.0
107044,Harding University,AR,NCAA Division II with football,"Private nonprofit, 4-year or above",3159872.0,3446014.0,145.0,2131.0,308941.0,1.0,7.0,11029495,11029495,61885.0,55963.0,7.0,12.0,60950.0,78090,2025,2024-25,https://ope.ed.gov/athletics/#/datafile/list,-286142.0,23765.61379310345,3137073.0,1104751.0,453626.0
115393,Hartnell College,CA,CCCAA,"Public, 2-year",181038.0,181038.0,58.0,1724.0,100003.0,1.0,7.0,1909188,1909188,15000.0,7918.0,7.0,17.0,0.0,0,2025,2024-25,https://ope.ed.gov/athletics/#/datafile/list,0.0,3121.344827586207,81035.0,239606.0,70426.0
191533,Hartwick College,NY,NCAA Division III with football,"Private nonprofit, 4-year or above",438650.0,438650.0,106.0,1486.0,157476.0,1.0,7.0,3647247,3647247,33716.0,15035.0,8.0,19.0,43403.0,71213,2025,2024-25,https://ope.ed.gov/athletics/#/datafile/list,0.0,4138.207547169812,281174.0,555393.0,138961.0
166027,Harvard University,MA,NCAA Division I-FCS,"Private nonprofit, 4-year or above",4937749.0,4937749.0,113.0,4443.0,502039.0,1.0,9.0,47700542,47700542,174858.0,55507.0,18.0,68.0,1373131.0,2010610,2025,2024-25,https://ope.ed.gov/athletics/#/datafile/list,0.0,43696.89380530974,4435710.0,6921920.0,674421.0
181127,Hastings College,NE,NAIA Division II ,"Private nonprofit, 4-year or above",1627744.0,1627744.0,119.0,1030.0,122556.0,1.0,5.0,9947684,9947684,43166.0,18411.0,10.0,22.0,15926.0,28426,2025,2024-25,https://ope.ed.gov/athletics/#/datafile/list,0.0,13678.52100840336,1505188.0,836702.0,135221.0
203085,Heidelberg University,OH,NCAA Division III with football,"Private nonprofit, 4-year or above",642386.0,642386.0,150.0,1017.0,152501.0,1.0,9.0,3999725,3999725,43326.0,20122.0,10.0,22.0,39827.0,58724,2025,2024-25,https://ope.ed.gov/athletics/#/datafile/list,0.0,4282.573333333334,489885.0,875944.0,224424.0
107071,Henderson State University,AR,NCAA Division II with football,"Public, 4-year or above",1683438.0,1683438.0,147.0,1308.0,192287.0,1.0,6.0,6481972,6470357,52478.0,40600.0,5.0,9.0,27231.0,37248,2025,2024-25,https://ope.ed.gov/athletics/#/datafile/list,0.0,11451.959183673469,1491151.0,627790.0,296078.0
107080,Hendrix College,AR,NCAA Division III with football,"Private nonprofit, 4-year or above",554877.0,554877.0,102.0,2278.0,232361.0,1.0,8.0,3811673,3811673,33996.0,15076.0,10.0,21.0,67155.0,94172,2025,2024-25,https://ope.ed.gov/athletics/#/datafile/list,0.0,5439.970588235294,322516.0,656556.0,154604.0
155186,Highland Community College,KS,NJCAA Division I ,"Public, 2-year",824327.0,699353.0,102.0,740.0,75517.0,1.0,6.0,2410034,2410034,58503.0,28849.0,4.0,8.0,25599.0,42139,2025,2024-25,https://ope.ed.gov/athletics/#/datafile/list,124974.0,6856.401960784314,623836.0,464804.0,231597.0
191621,Hilbert College,NY,NCAA Division III with football,"Private nonprofit, 4-year or above",441642.0,417773.0,53.0,2404.0,127438.0,1.0,6.0,3154733,2564165,32931.0,5736.0,8.0,16.0,19653.0,35091,2025,2024-25,https://ope.ed.gov/athletics/#/datafile/list,23869.0,7882.509433962264,290335.0,355224.0,67347.0
175786,Hinds Community College,MS,NJCAA Division I ,"Public, 2-year",826810.0,754815.0,65.0,1697.0,110331.0,1.0,6.0,4090808,3446686,45947.0,37510.0,8.0,11.0,22692.0,26438,2025,2024-25,https://ope.ed.gov/athletics/#/datafile/list,71995.0,11612.538461538461,644484.0,780186.0,271007.0
203128,Hiram College,OH,NCAA Division III with football,"Private nonprofit, 4-year or above",354532.0,354532.0,82.0,1132.0,92791.0,1.0,7.0,2560357,2560357,39065.0,10229.0,10.0,21.0,20636.0,45174,2025,2024-25,https://ope.ed.gov/athletics/#/datafile/list,0.0,4323.5609756097565,261741.0,605459.0,110668.0
191630,Hobart William Smith Colleges,NY,NCAA Division III with football,"Private nonprofit, 4-year or above",762231.0,762231.0,106.0,1865.0,197725.0,1.0,7.0,10945214,10945214,62500.0,26684.0,15.0,26.0,123290.0,186532,2025,2024-25,https://ope.ed.gov/athletics/#/datafile/list,0.0,7190.858490566037,564506.0,1631284.0,249288.0
203155,Hocking College,OH,NJCAA Division III ,"Public, 2-year",339734.0,339734.0,131.0,1130.0,148084.0,1.0,6.0,966559,966559,19485.0,9166.0,6.0,9.0,1337.0,1491,2025,2024-25,https://ope.ed.gov/athletics/#/datafile/list,0.0,2593.389312977099,191650.0,199404.0,74481.0
175810,Holmes Community College,MS,NJCAA Division II ,"Public, 2-year",1038832.0,1038832.0,64.0,648.0,41440.0,1.0,6.0,3263696,3263696,80571.0,44945.0,5.0,10.0,10481.0,22657,2025,2024-25,https://ope.ed.gov/athletics/#/datafile/list,0.0,16231.75,997392.0,852305.0,350241.0
170301,Hope College,MI,NCAA Division III with football,"Private nonprofit, 4-year or above",794764.0,763680.0,121.0,1155.0,139770.0,1.0,9.0,5430901,5000806,41840.0,9932.0,10.0,33.0,76333.0,107924,2025,2024-25,https://ope.ed.gov/athletics/#/datafile/list,31084.0,6311.4049586776855,623910.0,746156.0,131228.0
225399,Houston Christian University,TX,NCAA Division I-FCS,"Private nonprofit, 4-year or above",5863025.0,5863025.0,119.0,5545.0,659879.0,1.0,13.0,20375958,20375958,96198.0,41154.0,6.0,20.0,131413.0,196921,2025,2024-25,https://ope.ed.gov/athletics/#/datafile/list,0.0,49269.117647058825,5203146.0,1400268.0,631200.0
225548,Howard Payne University,TX,NCAA Division III with football,"Private nonprofit, 4-year or above",904491.0,778643.0,135.0,1853.0,250176.0,1.0,10.0,3278818,2822862,48887.0,31399.0,6.0,15.0,12382.0,18553,2025,2024-25,https://ope.ed.gov/athletics/#/datafile/list,125848.0,5767.725925925926,528467.0,764307.0,362877.0
131520,Howard University,DC,NCAA Division I-FCS,"Private nonprofit, 4-year or above",5468305.0,5468306.0,100.0,6065.0,606510.0,1.0,12.0,26278450,20688627,192048.0,69080.0,7.0,21.0,47770.0,68618,2025,2024-25,https://ope.ed.gov/athletics/#/datafile/list,-1.0,54683.06,4861796.0,2795016.0,1021008.0
191719,Hudson Valley Community College,NY,NJCAA Division III ,"Public, 2-year",129780.0,129780.0,84.0,891.0,74818.0,1.0,7.0,1559034,1559034,8235.0,2882.0,9.0,31.0,2071.0,2856,2025,2024-25,https://ope.ed.gov/athletics/#/datafile/list,0.0,1545.0,54962.0,163457.0,28409.0
101435,Huntingdon College,AL,NCAA Division III with football,"Private nonprofit, 4-year or above",908807.0,858260.0,158.0,1432.0,226310.0,1.0,8.0,7520441,7236074,69786.0,26651.0,10.0,16.0,53929.0,95031,2025,2024-25,https://ope.ed.gov/athletics/#/datafile/list,50547.0,5432.025316455696,631950.0,1124276.0,282994.0
487524,Husson University,ME,NCAA Division III with football,"Private nonprofit, 4-year or above",706503.0,696171.0,133.0,2522.0,335491.0,1.0,9.0,4584590,4316668,33660.0,9780.0,10.0,31.0,43113.0,61036,2025,2024-25,https://ope.ed.gov/athletics/#/datafile/list,10332.0,5234.368421052632,360680.0,639780.0,121680.0
155195,Hutchinson Community College,KS,NJCAA Division I ,"Public, 2-year",1137287.0,1137287.0,111.0,712.0,79067.0,1.0,9.0,4844974,4844974,56629.0,43460.0,6.0,16.0,73278.0,94285,2025,2024-25,https://ope.ed.gov/athletics/#/datafile/list,0.0,10245.82882882883,1058220.0,1035134.0,447769.0
142276,Idaho State University,ID,NCAA Division I-FCS,"Public, 4-year or above",5692610.0,5692610.0,114.0,10206.0,1163516.0,1.0,20.0,20271087,20271087,112636.0,37699.0,4.0,31.0,152404.0,252587,2025,2024-25,https://ope.ed.gov/athletics/#/datafile/list,0.0,49935.17543859649,4529094.0,1619213.0,866616.0
145691,Illinois College,IL,NCAA Division III with football,"Private nonprofit, 4-year or above",549544.0,549544.0,112.0,1157.0,129555.0,1.0,11.0,3613698,3613698,39072.0,17572.0,9.0,18.0,64476.0,103770,2025,2024-25,https://ope.ed.gov/athletics/#/datafile/list,0.0,4906.642857142857,419989.0,667944.0,232364.0
145813,Illinois State University,IL,NCAA Division I-FCS,"Public, 4-year or above",5119248.0,5119248.0,128.0,7684.0,983516.0,1.0,17.0,30244468,30244468,229847.0,60640.0,6.0,33.0,118584.0,242378,2025,2024-25,https://ope.ed.gov/athletics/#/datafile/list,0.0,39994.125,4135732.0,3380202.0,1260727.0
145646,Illinois Wesleyan University,IL,NCAA Division III with football,"Private nonprofit, 4-year or above",615462.0,615462.0,136.0,1831.0,249061.0,1.0,8.0,5078850,5078850,40440.0,12638.0,12.0,36.0,57230.0,100658,2025,2024-25,https://ope.ed.gov/athletics/#/datafile/list,0.0,4525.455882352941,366401.0,940248.0,141544.0
155201,Independence Community College,KS,NJCAA Division I ,"Public, 2-year",721191.0,721191.0,64.0,2123.0,135851.0,1.0,5.0,2377643,2377643,51967.0,33894.0,3.0,6.0,10215.0,14964,2025,2024-25,https://ope.ed.gov/athletics/#/datafile/list,0.0,11268.609375,585340.0,359265.0,221437.0
151324,Indiana State University,IN,NCAA Division I-FCS,"Public, 4-year or above",4790233.0,4790233.0,113.0,10086.0,1139697.0,1.0,12.0,21115132,21101974,215040.0,62602.0,4.0,24.0,238462.0,365848,2025,2024-25,https://ope.ed.gov/athletics/#/datafile/list,0.0,42391.44247787611,3650536.0,2362608.0,966264.0
213020,Indiana University of Pennsylvania-Main Campus,PA,NCAA Division II with football,"Public, 4-year or above",1987639.0,1981557.0,94.0,2774.0,260759.0,1.0,7.0,9070673,8946610,93030.0,39287.0,6.0,13.0,59552.0,97811,2025,2024-25,https://ope.ed.gov/athletics/#/datafile/list,6082.0,21080.393617021276,1720798.0,1068911.0,368039.0
151351,Indiana University-Bloomington,IN,NCAA Division I-FBS,"Public, 4-year or above",80906601.0,50207544.0,114.0,98862.0,11270297.0,1.0,15.0,182095778,159331697,1384424.0,274237.0,10.0,42.0,1939740.0,2586436,2025,2024-25,https://ope.ed.gov/athletics/#/datafile/list,30699057.0,440417.05263157893,38937247.0,25362194.0,5497979.0
151801,Indiana Wesleyan University-Marion,IN,NAIA Division II ,"Private nonprofit, 4-year or above",1908908.0,1898758.0,133.0,1497.0,199036.0,1.0,10.0,12068772,11266937,41266.0,19707.0,10.0,28.0,26003.0,44430,2025,2024-25,https://ope.ed.gov/athletics/#/datafile/list,10150.0,14276.375939849624,1699722.0,964456.0,238336.0
153524,Iowa Central Community College,IA,NJCAA Division II ,"Public, 2-year",1295395.0,1295395.0,175.0,1291.0,225878.0,1.0,10.0,7802212,7802212,49827.0,25137.0,13.0,37.0,39163.0,69344,2025,2024-25,https://ope.ed.gov/athletics/#/datafile/list,0.0,7402.257142857143,1069517.0,1577820.0,301197.0
153603,Iowa State University,IA,NCAA Division I-FBS,"Public, 4-year or above",60744404.0,32337385.0,135.0,49623.0,6699070.0,1.0,10.0,103899204,103893160,1885285.0,338422.0,5.0,23.0,975628.0,1457184,2025,2024-25,https://ope.ed.gov/athletics/#/datafile/list,28407019.0,239536.1851851852,25638315.0,17210131.0,5269505.0
153630,Iowa Western Community College,IA,NJCAA Division I ,"Public, 2-year",1415142.0,1415142.0,134.0,2396.0,321117.0,1.0,10.0,9943673,9943673,53295.0,20780.0,11.0,35.0,59407.0,106328,2025,2024-25,https://ope.ed.gov/athletics/#/datafile/list,0.0,10560.76119402985,1094025.0,1313545.0,261095.0
175829,Itawamba Community College,MS,NJCAA Division II ,"Public, 2-year",813262.0,813262.0,62.0,1771.0,109790.0,1.0,6.0,3371199,3371199,66764.0,39702.0,6.0,11.0,12827.0,20549,2025,2024-25,https://ope.ed.gov/athletics/#/datafile/list,0.0,13117.129032258064,703472.0,837306.0,304976.0
191968,Ithaca College,NY,NCAA Division III with football,"Private nonprofit, 4-year or above",675388.0,675388.0,107.0,1508.0,161391.0,1.0,8.0,8237050,8237050,49129.0,21927.0,13.0,18.0,74693.0,118813,2025,2024-25,https://ope.ed.gov/athletics/#/datafile/list,0.0,6312.0373831775705,513997.0,1033363.0,224545.0
175856,Jackson State University,MS,NCAA Division I-FCS,"Public, 4-year or above",3307433.0,3307433.0,136.0,4875.0,663035.0,1.0,10.0,12379364,12379364,148000.0,61541.0,5.0,18.0,43492.0,78279,2025,2024-25,https://ope.ed.gov/athletics/#/datafile/list,0.0,24319.360294117647,2644398.0,1847738.0,763410.0
101480,Jacksonville State University,AL,NCAA Division I-FBS,"Public, 4-year or above",14998859.0,14998859.0,158.0,8491.0,1341543.0,1.0,10.0,34639572,34639572,273617.0,92673.0,6.0,19.0,498790.0,694630,2025,2024-25,https://ope.ed.gov/athletics/#/datafile/list,0.0,94929.48734177215,13657316.0,3402489.0,1200347.0
232423,James Madison University,VA,NCAA Division I-FCS,"Public, 4-year or above",16863959.0,16863958.0,121.0,21974.0,2658810.0,1.0,10.0,68384574,68384574,362321.0,162272.0,6.0,19.0,664261.0,1073274,2025,2024-25,https://ope.ed.gov/athletics/#/datafile/list,1.0,139371.55371900825,14205148.0,5257094.0,1985041.0
203368,John Carroll University,OH,NCAA Division III with football,"Private nonprofit, 4-year or above",1029076.0,1029076.0,130.0,2036.0,264741.0,1.0,17.0,5793620,5793620,47837.0,18957.0,11.0,32.0,36036.0,58128,2025,2024-25,https://ope.ed.gov/athletics/#/datafile/list,0.0,7915.969230769231,764335.0,1132831.0,370106.0
162928,Johns Hopkins University,MD,Other ,"Private nonprofit, 4-year or above",1018257.0,978719.0,87.0,2205.0,191865.0,1.0,9.0,16075797,15922685,100637.0,26110.0,11.0,31.0,149945.0,219342,2025,2024-25,https://ope.ed.gov/athletics/#/datafile/list,39538.0,11249.643678160919,786854.0,1916417.0,335627.0
198756,Johnson C Smith University,NC,NCAA Division II with football,"Private nonprofit, 4-year or above",2111118.0,2111118.0,123.0,4085.0,502488.0,1.0,10.0,4446973,4446973,40318.0,28361.0,7.0,16.0,66759.0,68191,2025,2024-25,https://ope.ed.gov/athletics/#/datafile/list,0.0,17163.560975609755,1608630.0,736002.0,323928.0
175883,Jones County Junior College,MS,NJCAA Division I ,"Public, 2-year",1549147.0,1549147.0,65.0,2042.0,132720.0,1.0,7.0,5994799,5994799,93962.0,50487.0,6.0,14.0,19218.0,57588,2025,2024-25,https://ope.ed.gov/athletics/#/datafile/list,0.0,23833.03076923077,1416427.0,1270590.0,447371.0
146339,Judson University,IL,NAIA Division I ,"Private nonprofit, 4-year or above",1811167.0,1811167.0,125.0,732.0,91449.0,1.0,9.0,6807545,6734137,31185.0,6989.0,10.0,22.0,3872.0,4741,2025,2024-25,https://ope.ed.gov/athletics/#/datafile/list,0.0,14489.336,1719718.0,465608.0,94086.0
213251,Juniata College,PA,NCAA Division III with football,"Private nonprofit, 4-year or above",529775.0,502943.0,75.0,1130.0,84785.0,1.0,7.0,5155887,4909551,42323.0,13066.0,12.0,24.0,55390.0,106802,2025,2024-25,https://ope.ed.gov/athletics/#/datafile/list,26832.0,6705.906666666667,418158.0,821460.0,133785.0
170532,Kalamazoo College,MI,NCAA Division III with football,"Private nonprofit, 4-year or above",575855.0,575855.0,104.0,1597.0,166041.0,1.0,11.0,3597494,3597494,48187.0,14971.0,9.0,28.0,43802.0,57900,2025,2024-25,https://ope.ed.gov/athletics/#/datafile/list,0.0,5537.067307692308,409814.0,852871.0,212868.0
155399,Kansas State University,KS,NCAA Division I-FBS,"Public, 4-year or above",27087822.0,27087822.0,125.0,52953.0,6619181.0,1.0,10.0,102982919,100807499,1912620.0,307066.0,5.0,22.0,1520250.0,1947734,2025,2024-25,https://ope.ed.gov/athletics/#/datafile/list,0.0,216702.576,20468641.0,16318552.0,4983280.0
155414,Kansas Wesleyan University,KS,NAIA Division I ,"Private nonprofit, 4-year or above",2628083.0,2801808.0,142.0,1819.0,258315.0,1.0,7.0,16190685,16190685,32104.0,19936.0,10.0,15.0,24834.0,36388,2025,2024-25,https://ope.ed.gov/athletics/#/datafile/list,-173725.0,19731.042253521126,2543493.0,620080.0,171656.0
185262,Kean University,NJ,NCAA Division III with football,"Public, 4-year or above",526264.0,526264.0,95.0,2647.0,251484.0,1.0,11.0,5957544,5957544,85266.0,9145.0,9.0,44.0,29864.0,55957,2025,2024-25,https://ope.ed.gov/athletics/#/datafile/list,0.0,5539.621052631579,274780.0,1169774.0,185861.0
135081,Keiser University-Ft Lauderdale,FL,NAIA Division I ,"Private nonprofit, 4-year or above",2861440.0,2831100.0,108.0,3707.0,400376.0,1.0,10.0,17851096,17316810,65498.0,29944.0,11.0,25.0,26313.0,36618,2025,2024-25,https://ope.ed.gov/athletics/#/datafile/list,30340.0,26213.88888888889,2430724.0,1469078.0,364938.0
486840,Kennesaw State University,GA,NCAA Division I-FCS,"Public, 4-year or above",11495596.0,11495596.0,120.0,25085.0,3010172.0,1.0,10.0,42344569,42344569,175613.0,89467.0,7.0,22.0,478941.0,605699,2025,2024-25,https://ope.ed.gov/athletics/#/datafile/list,0.0,95796.63333333333,8485424.0,3197565.0,1070283.0
203517,Kent State University at Kent,OH,NCAA Division I-FBS,"Public, 4-year or above",10351311.0,10351311.0,110.0,28702.0,3157181.0,1.0,9.0,37209656,37209656,216003.0,61625.0,6.0,23.0,503118.0,685486,2025,2024-25,https://ope.ed.gov/athletics/#/datafile/list,0.0,94102.82727272727,7194130.0,2713393.0,770628.0
157100,Kentucky Christian University,KY,NAIA Division I ,"Private nonprofit, 4-year or above",1733276.0,1733276.0,112.0,1898.0,212525.0,1.0,7.0,6387842,6387842,27641.0,17745.0,9.0,11.0,46454.0,76389,2025,2024-25,https://ope.ed.gov/athletics/#/datafile/list,0.0,15475.67857142857,1520751.0,443964.0,151856.0
157058,Kentucky State University,KY,NCAA Division II with football,"Public, 4-year or above",1252224.0,1252224.0,131.0,2037.0,266820.0,1.0,3.0,4079832,4079832,54396.0,27276.0,8.0,8.0,0.0,0,2025,2024-25,https://ope.ed.gov/athletics/#/datafile/list,0.0,9558.961832061068,985404.0,653376.0,136224.0
157076,Kentucky Wesleyan College,KY,NCAA Division II with football,"Private nonprofit, 4-year or above",1841405.0,1791688.0,112.0,2282.0,255564.0,1.0,10.0,7465105,7387546,46223.0,19910.0,7.0,17.0,31376.0,39862,2025,2024-25,https://ope.ed.gov/athletics/#/datafile/list,49717.0,15997.214285714286,1536124.0,662031.0,245323.0
203535,Kenyon College,OH,NCAA Division III with football,"Private nonprofit, 4-year or above",399322.0,399322.0,60.0,1500.0,90015.0,1.0,8.0,3547511,3547511,45283.0,17386.0,11.0,23.0,87629.0,133860,2025,2024-25,https://ope.ed.gov/athletics/#/datafile/list,0.0,6655.366666666667,309307.0,897991.0,184371.0
213303,Keystone College,PA,NCAA Division III with football,"Private nonprofit, 4-year or above",425278.0,425278.0,91.0,1820.0,165639.0,1.0,5.0,1973509,1973509,42000.0,19818.0,6.0,11.0,15559.0,20259,2025,2024-25,https://ope.ed.gov/athletics/#/datafile/list,0.0,4673.384615384615,259639.0,469998.0,141090.0
226019,Kilgore College,TX,NJCAA Division I ,"Public, 2-year",810213.0,810213.0,75.0,520.0,39011.0,1.0,4.0,1978773,1978773,81281.0,15667.0,2.0,6.0,21392.0,33815,2025,2024-25,https://ope.ed.gov/athletics/#/datafile/list,0.0,10802.84,771202.0,256564.0,143949.0
213321,King's College,PA,NCAA Division III with football,"Private nonprofit, 4-year or above",598321.0,598321.0,128.0,1618.0,207088.0,1.0,8.0,3634014,3634014,37247.0,8943.0,12.0,25.0,54867.0,72042,2025,2024-25,https://ope.ed.gov/athletics/#/datafile/list,0.0,4674.3828125,391233.0,670539.0,108791.0
146427,Knox College,IL,NCAA Division III with football,"Private nonprofit, 4-year or above",361433.0,580962.0,90.0,2595.0,233520.0,1.0,6.0,2548877,2529184,53666.0,23986.0,8.0,14.0,40316.0,55527,2025,2024-25,https://ope.ed.gov/athletics/#/datafile/list,-219529.0,6455.133333333333,347442.0,765132.0,197582.0
213349,Kutztown University of Pennsylvania,PA,NCAA Division II with football,"Public, 4-year or above",1439602.0,1286215.0,107.0,1171.0,125338.0,1.0,7.0,9750630,9611506,103182.0,47995.0,7.0,17.0,13091.0,30379,2025,2024-25,https://ope.ed.gov/athletics/#/datafile/list,153387.0,12020.70093457944,1160877.0,1538189.0,439147.0
140234,LaGrange College,GA,NCAA Division III with football,"Private nonprofit, 4-year or above",467621.0,467621.0,105.0,1946.0,204299.0,1.0,6.0,1971225,1971225,45086.0,30613.0,7.0,7.0,31257.0,42241,2025,2024-25,https://ope.ed.gov/athletics/#/datafile/list,0.0,4453.533333333334,263322.0,529893.0,228764.0
213376,Lackawanna College,PA,NJCAA Division II ,"Private nonprofit, 2-year",1190303.0,976740.0,114.0,2217.0,252752.0,1.0,8.0,2999039,2999039,29348.0,10961.0,5.0,15.0,7120.0,12375,2025,2024-25,https://ope.ed.gov/athletics/#/datafile/list,213563.0,8567.894736842105,723988.0,311155.0,117036.0
213385,Lafayette College,PA,NCAA Division I-FCS,"Private nonprofit, 4-year or above",8597500.0,8597500.0,104.0,7167.0,745389.0,1.0,10.0,33775199,33775199,124053.0,51148.0,9.0,29.0,329067.0,473398,2025,2024-25,https://ope.ed.gov/athletics/#/datafile/list,0.0,82668.26923076923,7852111.0,2599769.0,635533.0
203580,Lake Erie College,OH,NCAA Division II with football,"Private nonprofit, 4-year or above",1329685.0,1329685.0,133.0,1155.0,153604.0,1.0,10.0,7284896,7284896,54372.0,17864.0,8.0,19.0,31597.0,50754,2025,2024-25,https://ope.ed.gov/athletics/#/datafile/list,0.0,9997.631578947368,1176081.0,774392.0,233012.0
146481,Lake Forest College,IL,NCAA Division III with football,"Private nonprofit, 4-year or above",521184.0,521184.0,111.0,1079.0,119715.0,1.0,16.0,4617670,4617670,38514.0,10553.0,11.0,30.0,59845.0,94497,2025,2024-25,https://ope.ed.gov/athletics/#/datafile/list,0.0,4695.351351351352,401469.0,740244.0,207362.0
238980,Lakeland University,WI,NCAA Division III with football,"Private nonprofit, 4-year or above",443254.0,438762.0,92.0,850.0,78172.0,1.0,8.0,2895704,2895704,36130.0,16900.0,10.0,15.0,28228.0,45236,2025,2024-25,https://ope.ed.gov/athletics/#/datafile/list,4492.0,4769.152173913043,360590.0,614800.0,171330.0
226091,Lamar University,TX,NCAA Division I-FCS,"Public, 4-year or above",5643571.0,5643571.0,119.0,7868.0,936332.0,1.0,10.0,23999700,23925429,172917.0,72101.0,6.0,19.0,205707.0,285620,2025,2024-25,https://ope.ed.gov/athletics/#/datafile/list,0.0,47424.966386554624,4707239.0,2407421.0,893927.0
220598,Lane College,TN,NCAA Division II with football,"Private nonprofit, 4-year or above",1037739.0,1037739.0,109.0,2084.0,227126.0,1.0,5.0,3446247,3446247,45634.0,45065.0,5.0,7.0,9271.0,12832,2025,2024-25,https://ope.ed.gov/athletics/#/datafile/list,0.0,9520.54128440367,810613.0,543625.0,270959.0
117247,Laney College,CA,CCCAA,"Public, 2-year",167693.0,167693.0,84.0,900.0,75571.0,1.0,12.0,857682,857682,14025.0,5458.0,2.0,16.0,0.0,0,2025,2024-25,https://ope.ed.gov/athletics/#/datafile/list,0.0,1996.345238095238,92122.0,115378.0,79521.0
207209,Langston University,OK,NAIA Division I ,"Public, 4-year or above",1010960.0,1010960.0,117.0,1261.0,147537.0,1.0,11.0,3479335,3479335,91183.0,21692.0,4.0,16.0,34000.0,59000,2025,2024-25,https://ope.ed.gov/athletics/#/datafile/list,0.0,8640.68376068376,863423.0,711804.0,329795.0
170675,Lawrence Technological University,MI,NAIA Division I ,"Private nonprofit, 4-year or above",1480181.0,2519393.0,105.0,3392.0,356181.0,1.0,7.0,13049202,12837753,44825.0,15114.0,13.0,35.0,68440.0,96896,2025,2024-25,https://ope.ed.gov/athletics/#/datafile/list,-1039212.0,23994.219047619048,2163212.0,1111715.0,150623.0
239017,Lawrence University,WI,NCAA Division III with football,"Private nonprofit, 4-year or above",504696.0,504696.0,59.0,1813.0,106938.0,1.0,6.0,4830423,4830423,58713.0,9925.0,11.0,27.0,47458.0,91189,2025,2024-25,https://ope.ed.gov/athletics/#/datafile/list,0.0,8554.169491525423,397758.0,913818.0,118263.0
213507,Lebanon Valley College,PA,NCAA Division III with football,"Private nonprofit, 4-year or above",495994.0,494628.0,124.0,1629.0,202047.0,1.0,16.0,4577533,4494218,31193.0,6028.0,12.0,40.0,60297.0,97985,2025,2024-25,https://ope.ed.gov/athletics/#/datafile/list,1366.0,3988.935483870968,292581.0,615436.0,127641.0
213543,Lehigh University,PA,NCAA Division I-FCS,"Private nonprofit, 4-year or above",7670473.0,7670473.0,98.0,12193.0,1194943.0,1.0,10.0,45257553,45257553,114660.0,46379.0,12.0,35.0,332661.0,505602,2025,2024-25,https://ope.ed.gov/athletics/#/datafile/list,0.0,78270.13265306123,6475530.0,2999185.0,578450.0
198835,Lenoir-Rhyne University,NC,NCAA Division II with football,"Private nonprofit, 4-year or above",2497915.0,2497915.0,164.0,1790.0,293631.0,1.0,12.0,12868606,12868606,72714.0,25569.0,9.0,27.0,54367.0,88517,2025,2024-25,https://ope.ed.gov/athletics/#/datafile/list,0.0,15231.189024390244,2204284.0,1344789.0,379542.0
209056,Lewis & Clark College,OR,NCAA Division III with football,"Private nonprofit, 4-year or above",651014.0,651014.0,107.0,2278.0,243746.0,1.0,14.0,5498258,5498258,36542.0,10500.0,10.0,27.0,36419.0,60302,2025,2024-25,https://ope.ed.gov/athletics/#/datafile/list,0.0,6084.242990654206,407268.0,648920.0,183542.0
232557,Liberty University,VA,NCAA Division I-FBS,"Private nonprofit, 4-year or above",22964576.0,22964576.0,117.0,26028.0,3045334.0,1.0,10.0,62067210,62067210,999825.0,152698.0,7.0,26.0,1020558.0,1443640,2025,2024-25,https://ope.ed.gov/athletics/#/datafile/list,0.0,196278.42735042734,19919242.0,10968923.0,2526805.0
177940,Lincoln University,MO,NCAA Division II with football,"Public, 4-year or above",1292889.0,1287499.0,69.0,1893.0,130595.0,1.0,7.0,7314962,7092050,57778.0,38380.0,7.0,11.0,78293.0,104480,2025,2024-25,https://ope.ed.gov/athletics/#/datafile/list,5390.0,18659.405797101448,1156904.0,826626.0,326438.0
213598,Lincoln University,PA,NCAA Division II with football,"Public, 4-year or above",912545.0,912545.0,99.0,1557.0,154127.0,1.0,7.0,3722951,3722951,64519.0,19840.0,4.0,15.0,77461.0,117425,2025,2024-25,https://ope.ed.gov/athletics/#/datafile/list,0.0,9217.626262626263,758418.0,555676.0,203399.0
177968,Lindenwood University,MO,NCAA Division I-FCS,"Private nonprofit, 4-year or above",4167188.0,4167188.0,110.0,4677.0,514522.0,1.0,12.0,21376019,21376019,120388.0,44824.0,8.0,24.0,144659.0,220216,2025,2024-25,https://ope.ed.gov/athletics/#/datafile/list,0.0,37883.527272727275,3652666.0,2038880.0,658276.0
157216,Lindsey Wilson College,KY,NAIA Division I ,"Private nonprofit, 4-year or above",1720311.0,1720201.0,162.0,1065.0,172520.0,1.0,9.0,12099921,12003518,41998.0,19298.0,11.0,26.0,39085.0,75463,2025,2024-25,https://ope.ed.gov/athletics/#/datafile/list,110.0,10618.524691358025,1547681.0,963726.0,215680.0
209065,Linfield University,OR,NCAA Division III with football,"Private nonprofit, 4-year or above",1027030.0,672273.0,135.0,1608.0,217013.0,1.0,12.0,6425371,4711902,41340.0,10830.0,11.0,36.0,34880.0,68361,2025,2024-25,https://ope.ed.gov/athletics/#/datafile/list,354757.0,4979.8,455260.0,844620.0,171300.0
198862,Livingstone College,NC,NCAA Division II with football,"Private nonprofit, 4-year or above",1275390.0,1152621.0,84.0,775.0,65112.0,1.0,8.0,3366858,3186871,46196.0,32126.0,4.0,10.0,2044.0,4754,2025,2024-25,https://ope.ed.gov/athletics/#/datafile/list,122769.0,13721.67857142857,1087509.0,506044.0,303204.0
117645,Long Beach City College,CA,CCCAA,"Public, 2-year",661960.0,660217.0,101.0,443.0,44786.0,1.0,15.0,5115479,5034322,73118.0,13194.0,9.0,40.0,0.0,0,2025,2024-25,https://ope.ed.gov/athletics/#/datafile/list,1743.0,6536.80198019802,615431.0,1185822.0,271028.0
192448,Long Island University,NY,NCAA Division I-FCS,"Private nonprofit, 4-year or above",7211722.0,7211722.0,125.0,6549.0,818616.0,1.0,20.0,45931608,45931608,110433.0,35396.0,16.0,80.0,163733.0,282402,2025,2024-25,https://ope.ed.gov/athletics/#/datafile/list,0.0,57693.776,6393106.0,4598608.0,818353.0
153825,Loras College,IA,NCAA Division III with football,"Private nonprofit, 4-year or above",560831.0,560831.0,97.0,1036.0,100476.0,1.0,7.0,5582437,5582437,38539.0,10580.0,12.0,44.0,64379.0,94037,2025,2024-25,https://ope.ed.gov/athletics/#/datafile/list,0.0,5781.762886597938,460355.0,927988.0,112599.0
117706,Los Angeles Pierce College,CA,CCCAA,"Public, 2-year",172428.0,172428.0,70.0,630.0,44100.0,1.0,6.0,1230814,1230814,18270.0,14108.0,6.0,18.0,0.0,0,2025,2024-25,https://ope.ed.gov/athletics/#/datafile/list,0.0,2463.2571428571428,128328.0,363564.0,102918.0
117715,Los Angeles Southwest College,CA,CCCAA,"Public, 2-year",409367.0,409367.0,56.0,1461.0,81796.0,1.0,8.0,916360,916360,17900.0,14000.0,2.0,11.0,10000.0,15000,2025,2024-25,https://ope.ed.gov/athletics/#/datafile/list,0.0,7310.125,327571.0,189800.0,129900.0
117733,Los Angeles Valley College,CA,CCCAA,"Public, 2-year",344026.0,344026.0,81.0,669.0,54190.0,1.0,6.0,2799001,2799001,30251.0,16410.0,5.0,13.0,0.0,0,2025,2024-25,https://ope.ed.gov/athletics/#/datafile/list,0.0,4247.234567901234,289836.0,364585.0,128711.0
117894,Los Medanos College,CA,CCCAA,"Public, 2-year",131932.0,131932.0,60.0,1023.0,61402.0,1.0,9.0,765622,765622,24223.0,4054.0,3.0,12.0,0.0,0,2025,2024-25,https://ope.ed.gov/athletics/#/datafile/list,0.0,2198.866666666667,70530.0,121317.0,60709.0
198871,Louisburg College,NC,NJCAA Division II ,"Private nonprofit, 2-year",228307.0,228307.0,108.0,721.0,77868.0,1.0,5.0,1814618,1814618,39850.0,15968.0,5.0,8.0,3387.0,5138,2025,2024-25,https://ope.ed.gov/athletics/#/datafile/list,0.0,2113.953703703704,150439.0,326994.0,119690.0
159568,Louisiana Christian University,LA,NAIA Division I ,"Private nonprofit, 4-year or above",1434580.0,1434580.0,107.0,3314.0,354644.0,1.0,8.0,4919851,4919851,47500.0,20663.0,5.0,13.0,40590.0,47594,2025,2024-25,https://ope.ed.gov/athletics/#/datafile/list,0.0,13407.289719626167,1079936.0,506119.0,212804.0
159391,Louisiana State University and Agricultural & Mechanical College,LA,NCAA Division I-FBS,"Public, 4-year or above",117563889.0,50738587.0,115.0,51058.0,5871635.0,1.0,10.0,223457268,219649408,2115174.0,491950.0,8.0,32.0,3697048.0,5262297,2025,2024-25,https://ope.ed.gov/athletics/#/datafile/list,66825302.0,441205.1043478261,44866952.0,32663792.0,7034674.0
159647,Louisiana Tech University,LA,NCAA Division I-FBS,"Public, 4-year or above",11122188.0,11122188.0,112.0,15956.0,1787088.0,1.0,10.0,33952161,33952161,365866.0,107988.0,5.0,21.0,627593.0,813234,2025,2024-25,https://ope.ed.gov/athletics/#/datafile/list,0.0,99305.25,9335100.0,4097078.0,1445746.0
153834,Luther College,IA,NCAA Division III with football,"Private nonprofit, 4-year or above",532764.0,532764.0,76.0,517.0,39260.0,1.0,12.0,5007798,4813573,34269.0,12623.0,11.0,30.0,50002.0,68582,2025,2024-25,https://ope.ed.gov/athletics/#/datafile/list,0.0,7010.0526315789475,493504.0,755649.0,185745.0
213668,Lycoming College,PA,NCAA Division III with football,"Private nonprofit, 4-year or above",856732.0,756677.0,117.0,1363.0,159509.0,1.0,9.0,4601908,3454624,44939.0,12768.0,10.0,25.0,59230.0,77669,2025,2024-25,https://ope.ed.gov/athletics/#/datafile/list,100055.0,6467.324786324786,597168.0,768590.0,159851.0
106342,Lyon College,AR,NCAA Division III with football,"Private nonprofit, 4-year or above",686601.0,686601.0,113.0,2295.0,259325.0,1.0,14.0,2648127,2648127,36635.0,17433.0,9.0,22.0,98715.0,118022,2025,2024-25,https://ope.ed.gov/athletics/#/datafile/list,0.0,6076.115044247787,427276.0,713241.0,280697.0
173902,Macalester College,MN,NCAA Division III with football,"Private nonprofit, 4-year or above",551281.0,561861.0,65.0,788.0,51208.0,1.0,9.0,6471259,6471259,61131.0,13840.0,9.0,35.0,53260.0,88893,2025,2024-25,https://ope.ed.gov/athletics/#/datafile/list,-10580.0,8644.015384615384,510653.0,1034579.0,185691.0
170806,Madonna University,MI,NAIA Division I ,"Private nonprofit, 4-year or above",1445497.0,1445606.0,131.0,1647.0,215759.0,1.0,8.0,8268630,8268630,27415.0,9749.0,10.0,33.0,7057.0,12295,2025,2024-25,https://ope.ed.gov/athletics/#/datafile/list,-109.0,11035.160305343512,1229847.0,595867.0,105407.0
161299,Maine Maritime Academy,ME,NCAA Division III with football,"Public, 4-year or above",296111.0,296111.0,40.0,3131.0,125220.0,1.0,5.0,2805749,2805749,25432.0,13273.0,8.0,7.0,54367.0,82801,2025,2024-25,https://ope.ed.gov/athletics/#/datafile/list,0.0,7402.775,170891.0,296367.0,91797.0
151777,Manchester University,IN,NCAA Division III with football,"Private nonprofit, 4-year or above",455794.0,436033.0,80.0,887.0,70941.0,1.0,8.0,3092915,2899315,33999.0,14398.0,10.0,22.0,31811.0,52728,2025,2024-25,https://ope.ed.gov/athletics/#/datafile/list,19761.0,5450.4125,365092.0,656746.0,149183.0
151786,Marian University,IN,NAIA Division II ,"Private nonprofit, 4-year or above",3582023.0,3582023.0,178.0,1650.0,293632.0,1.0,9.0,19521804,19521804,49898.0,18698.0,11.0,32.0,32777.0,51689,2025,2024-25,https://ope.ed.gov/athletics/#/datafile/list,0.0,20123.724719101123,3288391.0,1147214.0,218180.0
203845,Marietta College,OH,NCAA Division III with football,"Private nonprofit, 4-year or above",413994.0,418383.0,125.0,813.0,101623.0,1.0,9.0,4025343,3677957,33678.0,11167.0,8.0,19.0,46171.0,65150,2025,2024-25,https://ope.ed.gov/athletics/#/datafile/list,-4389.0,3347.064,316760.0,481597.0,134181.0
192819,Marist University,NY,NCAA Division I-FCS,"Private nonprofit, 4-year or above",2264771.0,2264771.0,109.0,7586.0,826902.0,1.0,12.0,23818446,23818446,107458.0,46210.0,10.0,29.0,272039.0,436371,2025,2024-25,https://ope.ed.gov/athletics/#/datafile/list,0.0,20777.715596330276,1437869.0,2414670.0,661978.0
198899,Mars Hill University,NC,NCAA Division II with football,"Private nonprofit, 4-year or above",1913473.0,1913473.0,151.0,838.0,126511.0,1.0,6.0,9070967,9070967,39735.0,29951.0,10.0,12.0,43234.0,50839,2025,2024-25,https://ope.ed.gov/athletics/#/datafile/list,0.0,12672.006622516556,1786962.0,756762.0,219441.0
237525,Marshall University,WV,NCAA Division I-FBS,"Public, 4-year or above",13569649.0,13569649.0,118.0,30252.0,3569751.0,1.0,10.0,47042862,47042862,331664.0,110064.0,7.0,21.0,608896.0,809148,2025,2024-25,https://ope.ed.gov/athletics/#/datafile/list,0.0,114997.02542372882,9999898.0,4632992.0,1432304.0
173452,Martin Luther College,MN,NCAA Division III with football,"Private nonprofit, 4-year or above",228262.0,228262.0,44.0,993.0,43699.0,1.0,7.0,1673200,1673200,14871.0,4272.0,9.0,23.0,0.0,0,2025,2024-25,https://ope.ed.gov/athletics/#/datafile/list,0.0,5187.772727272727,184563.0,232095.0,44775.0
220710,Maryville College,TN,NCAA Division III with football,"Private nonprofit, 4-year or above",653539.0,606727.0,136.0,1585.0,215550.0,1.0,6.0,4156535,3895417,43154.0,25387.0,8.0,16.0,23940.0,34312,2025,2024-25,https://ope.ed.gov/athletics/#/datafile/list,46812.0,4461.22794117647,391177.0,751424.0,195476.0
166683,Massachusetts Institute of Technology,MA,NCAA Division III with football,"Private nonprofit, 4-year or above",285373.0,285373.0,69.0,2058.0,141975.0,1.0,13.0,9747475,9747475,43839.0,12400.0,15.0,45.0,50932.0,91256,2025,2024-25,https://ope.ed.gov/athletics/#/datafile/list,0.0,4135.840579710145,143398.0,1215585.0,205039.0
166692,Massachusetts Maritime Academy,MA,NCAA Division III with football,"Public, 4-year or above",479540.0,479239.0,125.0,795.0,99382.0,1.0,11.0,2874423,2747118,7623.0,7622.0,7.0,21.0,91875.0,163241,2025,2024-25,https://ope.ed.gov/athletics/#/datafile/list,301.0,3833.912,379857.0,213423.0,91465.0
200226,Mayville State University,ND,NAIA Division II ,"Public, 4-year or above",897126.0,897126.0,120.0,2150.0,257992.0,1.0,10.0,2584301,2584301,28170.0,19225.0,4.0,14.0,123165.0,131839,2025,2024-25,https://ope.ed.gov/athletics/#/datafile/list,0.0,7476.05,639134.0,381830.0,220420.0
164270,McDaniel College,MD,NCAA Division III with football,"Private nonprofit, 4-year or above",1146412.0,677098.0,105.0,727.0,76329.0,1.0,11.0,6458755,5344651,43773.0,12907.0,12.0,37.0,48447.0,85830,2025,2024-25,https://ope.ed.gov/athletics/#/datafile/list,469314.0,6448.552380952381,600769.0,1002835.0,185750.0
147013,McKendree University,IL,NCAA Division II with football,"Private nonprofit, 4-year or above",2256519.0,2256519.0,163.0,1356.0,221044.0,1.0,9.0,17751156,17751156,48143.0,13302.0,17.0,42.0,96292.0,197943,2025,2024-25,https://ope.ed.gov/athletics/#/datafile/list,0.0,13843.674846625767,2035475.0,1377115.0,167861.0
226587,McMurry University,TX,NCAA Division III with football,"Private nonprofit, 4-year or above",744571.0,744571.0,140.0,1816.0,254194.0,1.0,7.0,4315280,4308401,40675.0,25188.0,9.0,13.0,38460.0,52910,2025,2024-25,https://ope.ed.gov/athletics/#/datafile/list,0.0,5318.364285714286,490377.0,693519.0,216991.0
159717,McNeese State University,LA,NCAA Division I-FCS,"Public, 4-year or above",5260577.0,5260577.0,117.0,538.0,62959.0,1.0,13.0,18539892,18539892,347074.0,60322.0,4.0,22.0,207559.0,326522,2025,2024-25,https://ope.ed.gov/athletics/#/datafile/list,0.0,44962.19658119658,5197618.0,2715380.0,1131260.0
155511,McPherson College,KS,NAIA Division I ,"Private nonprofit, 4-year or above",4459080.0,4459080.0,169.0,235.0,39698.0,1.0,5.0,14477992,14477992,45395.0,22000.0,6.0,14.0,16776.0,33727,2025,2024-25,https://ope.ed.gov/athletics/#/datafile/list,0.0,26385.08875739645,4419382.0,580370.0,155395.0
118718,Merced College,CA,CCCAA,"Public, 2-year",112546.0,112546.0,63.0,895.0,56378.0,1.0,5.0,1487367,1487367,39013.0,2769.0,7.0,13.0,0.0,0,2025,2024-25,https://ope.ed.gov/athletics/#/datafile/list,0.0,1786.4444444444443,56168.0,309088.0,52858.0
140447,Mercer University,GA,NCAA Division I-FCS,"Private nonprofit, 4-year or above",7509501.0,7509501.0,109.0,7820.0,852363.0,1.0,10.0,30568645,30568645,150960.0,77389.0,8.0,20.0,434303.0,696246,2025,2024-25,https://ope.ed.gov/athletics/#/datafile/list,0.0,68894.50458715597,6657138.0,2755460.0,924850.0
213987,Mercyhurst University,PA,NCAA Division I-FCS,"Private nonprofit, 4-year or above",3026196.0,3026196.0,134.0,3062.0,410308.0,1.0,10.0,19408337,19266526,54727.0,24646.0,12.0,31.0,150830.0,255789,2025,2024-25,https://ope.ed.gov/athletics/#/datafile/list,0.0,22583.55223880597,2615888.0,1420750.0,301187.0
166850,Merrimack College,MA,NCAA Division I-FCS,"Private nonprofit, 4-year or above",5305897.0,5305897.0,111.0,4952.0,549649.0,1.0,9.0,31668878,31668878,104978.0,31609.0,12.0,39.0,190215.0,268412,2025,2024-25,https://ope.ed.gov/athletics/#/datafile/list,0.0,47800.873873873876,4756248.0,2492487.0,389459.0
198969,Methodist University,NC,NCAA Division III with football,"Private nonprofit, 4-year or above",750895.0,750895.0,175.0,916.0,160280.0,1.0,9.0,4096330,4084248,44920.0,13940.0,10.0,24.0,51643.0,83344,2025,2024-25,https://ope.ed.gov/athletics/#/datafile/list,0.0,4290.828571428571,590615.0,783760.0,170380.0
204024,Miami University-Oxford,OH,NCAA Division I-FBS,"Public, 4-year or above",11017434.0,11017434.0,161.0,12414.0,1998620.0,1.0,14.0,41169189,40792930,309705.0,77577.0,7.0,34.0,778050.0,1162591,2025,2024-25,https://ope.ed.gov/athletics/#/datafile/list,0.0,68431.26708074534,9018814.0,4805553.0,1395783.0
171100,Michigan State University,MI,NCAA Division I-FBS,"Public, 4-year or above",77084648.0,48227813.0,119.0,52767.0,6279232.0,1.0,15.0,160697176,160697176,1155745.0,272033.0,9.0,42.0,2158141.0,2908033,2025,2024-25,https://ope.ed.gov/athletics/#/datafile/list,28856835.0,405275.7394957983,41948581.0,21827091.0,5236240.0
171128,Michigan Technological University,MI,NCAA Division II with football,"Public, 4-year or above",2635230.0,2672094.0,125.0,1443.0,180314.0,1.0,10.0,12897590,12897590,75889.0,39036.0,7.0,15.0,115446.0,152363,2025,2024-25,https://ope.ed.gov/athletics/#/datafile/list,-36864.0,21376.752,2491780.0,1116763.0,466249.0
155520,MidAmerica Nazarene University,KS,NAIA Division I ,"Private nonprofit, 4-year or above",2827284.0,2652682.0,135.0,1139.0,153808.0,1.0,8.0,10447178,10447178,47582.0,21265.0,7.0,20.0,0.0,0,2025,2024-25,https://ope.ed.gov/athletics/#/datafile/list,174602.0,19649.496296296296,2498874.0,758374.0,217702.0
220978,Middle Tennessee State University,TN,NCAA Division I-FBS,"Public, 4-year or above",13297458.0,13297458.0,149.0,20358.0,3033398.0,1.0,13.0,40006612,40006612,367838.0,89907.0,6.0,28.0,460355.0,636681,2025,2024-25,https://ope.ed.gov/athletics/#/datafile/list,0.0,89244.68456375839,10264060.0,4724424.0,1536629.0
230959,Middlebury College,VT,NCAA Division III with football,"Private nonprofit, 4-year or above",877370.0,877370.0,99.0,1198.0,118558.0,1.0,7.0,11449375,11449375,57574.0,25815.0,14.0,35.0,115845.0,218616,2025,2024-25,https://ope.ed.gov/athletics/#/datafile/list,0.0,8862.323232323231,758812.0,1709561.0,238279.0
181330,Midland University,NE,NAIA Division II ,"Private nonprofit, 4-year or above",4030606.0,3821429.0,167.0,1382.0,230805.0,1.0,16.0,26186031,26186031,30907.0,10085.0,15.0,38.0,55132.0,90562,2025,2024-25,https://ope.ed.gov/athletics/#/datafile/list,209177.0,22882.808383233532,3590624.0,846835.0,192267.0
157377,Midway University,KY,NAIA Division I ,"Private nonprofit, 4-year or above",619045.0,619045.0,75.0,1665.0,124867.0,1.0,8.0,6356319,6356319,34161.0,7441.0,12.0,20.0,11293.0,25339,2025,2024-25,https://ope.ed.gov/athletics/#/datafile/list,0.0,8253.933333333332,494178.0,558752.0,93689.0
226833,Midwestern State University,TX,NCAA Division II with football,"Public, 4-year or above",1506143.0,1506143.0,140.0,1994.0,279103.0,1.0,6.0,6931148,6931148,74696.0,42186.0,5.0,10.0,38567.0,74881,2025,2024-25,https://ope.ed.gov/athletics/#/datafile/list,0.0,10758.164285714285,1227040.0,795340.0,327812.0
101675,Miles College,AL,NCAA Division II with football,"Private nonprofit, 4-year or above",1816670.0,1816670.0,99.0,5270.0,521733.0,1.0,8.0,4207874,4207874,65000.0,50000.0,5.0,11.0,37918.0,51402,2025,2024-25,https://ope.ed.gov/athletics/#/datafile/list,0.0,18350.20202020202,1294937.0,875000.0,465000.0
214041,Millersville University of Pennsylvania,PA,NCAA Division II with football,"Public, 4-year or above",1248910.0,1248910.0,98.0,1696.0,166206.0,1.0,7.0,6314987,6314985,78096.0,30024.0,7.0,13.0,25097.0,40172,2025,2024-25,https://ope.ed.gov/athletics/#/datafile/list,0.0,12743.979591836734,1082704.0,936984.0,288264.0
147244,Millikin University,IL,NCAA Division III with football,"Private nonprofit, 4-year or above",630702.0,630702.0,101.0,1280.0,129318.0,1.0,8.0,4510547,4510547,41015.0,10533.0,11.0,34.0,54374.0,71205,2025,2024-25,https://ope.ed.gov/athletics/#/datafile/list,0.0,6244.574257425743,501384.0,809287.0,125279.0
175980,Millsaps College,MS,NCAA Division III with football,"Private nonprofit, 4-year or above",587700.0,587700.0,113.0,944.0,106669.0,1.0,8.0,2700351,2700351,50039.0,16614.0,8.0,16.0,20615.0,32444,2025,2024-25,https://ope.ed.gov/athletics/#/datafile/list,0.0,5200.884955752213,481031.0,666136.0,182951.0
173735,Minnesota North College,MN,NJCAA Division III ,"Public, 2-year",222706.0,222706.0,82.0,1358.0,111392.0,2.0,5.0,2408125,2408125,22310.0,2642.0,13.0,23.0,2589.0,2850,2025,2024-25,https://ope.ed.gov/athletics/#/datafile/list,0.0,2715.9268292682927,111314.0,350796.0,57830.0
173559,Minnesota State Community and Technical College,MN,NJCAA Division III ,"Public, 2-year",113473.0,113473.0,53.0,1399.0,74162.0,1.0,4.0,661348,661348,16181.0,3724.0,4.0,7.0,1538.0,3076,2025,2024-25,https://ope.ed.gov/athletics/#/datafile/list,0.0,2141.0,39311.0,90792.0,31077.0
174358,Minnesota State University Moorhead,MN,NCAA Division II with football,"Public, 4-year or above",1497580.0,1419204.0,116.0,1535.0,178062.0,1.0,9.0,7830182,7678369,77626.0,16452.0,4.0,17.0,19768.0,48931,2025,2024-25,https://ope.ed.gov/athletics/#/datafile/list,78376.0,12234.51724137931,1241142.0,590188.0,225694.0
173920,Minnesota State University-Mankato,MN,NCAA Division II with football,"Public, 4-year or above",2050427.0,2050425.0,112.0,3996.0,447551.0,1.0,10.0,19176106,19176106,120437.0,36222.0,8.0,26.0,126712.0,190345,2025,2024-25,https://ope.ed.gov/athletics/#/datafile/list,2.0,18307.366071428572,1602874.0,1905268.0,482657.0
173638,Minnesota West Community and Technical College,MN,NJCAA Division III ,"Public, 2-year",78627.0,78627.0,62.0,662.0,41064.0,1.0,2.0,644017,644017,16726.0,4603.0,5.0,6.0,0.0,0,2025,2024-25,https://ope.ed.gov/athletics/#/datafile/list,0.0,1268.1774193548388,37563.0,111248.0,25932.0
200253,Minot State University,ND,NCAA Division II with football,"Public, 4-year or above",1702101.0,1702101.0,123.0,2296.0,282434.0,1.0,9.0,9014489,9014489,85016.0,42204.0,7.0,19.0,118444.0,186343,2025,2024-25,https://ope.ed.gov/athletics/#/datafile/list,0.0,13838.219512195123,1419667.0,1396988.0,464852.0
214069,Misericordia University,PA,NCAA Division III with football,"Private nonprofit, 4-year or above",351052.0,341976.0,120.0,668.0,80202.0,1.0,6.0,5592114,4328820,36330.0,9926.0,12.0,23.0,82074.0,138323,2025,2024-25,https://ope.ed.gov/athletics/#/datafile/list,9076.0,2849.8,261774.0,664258.0,95886.0
176053,Mississippi College,MS,NCAA Division II with football,"Private nonprofit, 4-year or above",1877995.0,1877995.0,111.0,1468.0,162935.0,1.0,5.0,9561302,9561302,58338.0,36118.0,8.0,18.0,20359.0,39879,2025,2024-25,https://ope.ed.gov/athletics/#/datafile/list,0.0,16918.873873873872,1715060.0,1116828.0,238928.0
176008,Mississippi Delta Community College,MS,NJCAA Division II ,"Public, 2-year",481987.0,481987.0,58.0,885.0,51320.0,1.0,5.0,1527005,1527005,43196.0,24844.0,3.0,7.0,5187.0,6974,2025,2024-25,https://ope.ed.gov/athletics/#/datafile/list,0.0,8310.120689655172,430667.0,303496.0,167416.0
176071,Mississippi Gulf Coast Community College,MS,NJCAA Division I ,"Public, 2-year",1282623.0,1244925.0,65.0,2830.0,183975.0,1.0,7.0,5864120,5678419,41837.0,37845.0,6.0,16.0,10422.0,24550,2025,2024-25,https://ope.ed.gov/athletics/#/datafile/list,37698.0,19152.69230769231,1060950.0,856542.0,306752.0
176080,Mississippi State University,MS,NCAA Division I-FBS,"Public, 4-year or above",37575575.0,37575575.0,110.0,56592.0,6225148.0,1.0,11.0,157301826,157301826,1785626.0,303153.0,6.0,29.0,2319417.0,3181575,2025,2024-25,https://ope.ed.gov/athletics/#/datafile/list,0.0,341596.13636363635,31350427.0,19505193.0,5120309.0
176044,Mississippi Valley State University,MS,NCAA Division I-FCS,"Public, 4-year or above",1545843.0,1545843.0,98.0,3565.0,349356.0,1.0,6.0,5576233,5281853,57999.0,43932.0,5.0,12.0,2222.0,2928,2025,2024-25,https://ope.ed.gov/athletics/#/datafile/list,0.0,15773.908163265307,1196487.0,817179.0,321591.0
178244,Missouri Baptist University,MO,NAIA Division I ,"Private nonprofit, 4-year or above",3600526.0,3538290.0,106.0,1335.0,141500.0,1.0,7.0,24409862,23594660,35271.0,18520.0,14.0,23.0,19655.0,38676,2025,2024-25,https://ope.ed.gov/athletics/#/datafile/list,62236.0,33380.09433962264,3396790.0,919754.0,164911.0
178341,Missouri Southern State University,MO,NCAA Division II with football,"Public, 4-year or above",2164571.0,2117236.0,141.0,1973.0,278137.0,1.0,12.0,9551737,9467843,78460.0,31827.0,5.0,21.0,82550.0,121717,2025,2024-25,https://ope.ed.gov/athletics/#/datafile/list,47335.0,15015.85815602837,1839099.0,1060667.0,460384.0
179566,Missouri State University-Springfield,MO,NCAA Division I-FCS,"Public, 4-year or above",6558020.0,6558020.0,99.0,19064.0,1887383.0,1.0,11.0,28059311,28059311,251409.0,65062.0,6.0,24.0,455661.0,704071,2025,2024-25,https://ope.ed.gov/athletics/#/datafile/list,0.0,66242.62626262626,4670637.0,3069942.0,967091.0
178411,Missouri University of Science and Technology,MO,NCAA Division II with football,"Public, 4-year or above",1993655.0,1993656.0,135.0,1429.0,192921.0,1.0,8.0,9528125,9192668,55769.0,29681.0,9.0,10.0,34056.0,59689,2025,2024-25,https://ope.ed.gov/athletics/#/datafile/list,-1.0,14767.822222222223,1800735.0,798731.0,293217.0
178369,Missouri Valley College,MO,NAIA Division I ,"Private nonprofit, 4-year or above",2907593.0,3334249.0,57.0,2245.0,127951.0,1.0,7.0,19192923,19192919,58754.0,51494.0,14.0,21.0,185035.0,286126,2025,2024-25,https://ope.ed.gov/athletics/#/datafile/list,-426656.0,58495.59649122807,3206298.0,1903930.0,419212.0
178387,Missouri Western State University,MO,NCAA Division II with football,"Public, 4-year or above",2758377.0,2629265.0,125.0,2928.0,365952.0,1.0,12.0,9962170,9962170,76611.0,45659.0,5.0,14.0,57307.0,93514,2025,2024-25,https://ope.ed.gov/athletics/#/datafile/list,129112.0,21034.12,2263313.0,1022281.0,624519.0
118976,Modesto Junior College,CA,CCCAA,"Public, 2-year",310652.0,310652.0,70.0,1267.0,88706.0,1.0,6.0,4014455,4014455,65007.0,3665.0,11.0,27.0,0.0,0,2025,2024-25,https://ope.ed.gov/athletics/#/datafile/list,0.0,4437.885714285714,221946.0,814032.0,86997.0
147341,Monmouth College,IL,NCAA Division III with football,"Private nonprofit, 4-year or above",383485.0,383485.0,117.0,687.0,80428.0,1.0,7.0,1838828,1838828,29353.0,16212.0,10.0,16.0,41603.0,53842,2025,2024-25,https://ope.ed.gov/athletics/#/datafile/list,0.0,3277.6495726495727,303057.0,552922.0,142837.0
185572,Monmouth University,NJ,NCAA Division I-FCS,"Private nonprofit, 4-year or above",7454979.0,7454979.0,121.0,7984.0,966064.0,1.0,10.0,35866896,35866896,157331.0,62607.0,9.0,28.0,299260.0,445819,2025,2024-25,https://ope.ed.gov/athletics/#/datafile/list,0.0,61611.396694214876,6488915.0,3168975.0,783401.0
193308,Monroe University,NY,Other ,"Private for-profit, 4-year or above",1836466.0,1836466.0,91.0,5169.0,470404.0,1.0,8.0,12841648,12841648,41018.0,14543.0,12.0,43.0,17136.0,34012,2025,2024-25,https://ope.ed.gov/athletics/#/datafile/list,0.0,20180.945054945056,1366062.0,1117565.0,157362.0
180461,Montana State University,MT,NCAA Division I-FCS,"Public, 4-year or above",14876559.0,10135894.0,114.0,12365.0,1409625.0,1.0,10.0,33697790,32910346,282637.0,66537.0,5.0,20.0,358929.0,476247,2025,2024-25,https://ope.ed.gov/athletics/#/datafile/list,4740665.0,88911.35087719298,8726269.0,2743925.0,948007.0
180522,Montana State University-Northern,MT,NAIA Division I ,"Public, 4-year or above",610057.0,710450.0,90.0,2503.0,225304.0,1.0,7.0,2422447,2165960,34146.0,16719.0,6.0,10.0,14227.0,23727,2025,2024-25,https://ope.ed.gov/athletics/#/datafile/list,-100393.0,7893.888888888889,485146.0,372066.0,151179.0
180416,Montana Technological University,MT,NAIA Division I ,"Public, 4-year or above",1424827.0,1424827.0,128.0,1782.0,228146.0,1.0,7.0,4368801,4368801,42619.0,44698.0,5.0,7.0,22935.0,34767,2025,2024-25,https://ope.ed.gov/athletics/#/datafile/list,0.0,11131.4609375,1196681.0,525981.0,355505.0
185590,Montclair State University,NJ,NCAA Division III with football,"Public, 4-year or above",383254.0,422271.0,135.0,750.0,101257.0,1.0,13.0,9963598,9962100,55647.0,10976.0,8.0,39.0,215021.0,371308,2025,2024-25,https://ope.ed.gov/athletics/#/datafile/list,-39017.0,3127.9333333333334,321014.0,873240.0,198335.0
119067,Monterey Peninsula College,CA,CCCAA,"Public, 2-year",172695.0,172695.0,68.0,1451.0,98668.0,1.0,9.0,1389956,1389956,25710.0,4583.0,6.0,12.0,0.0,0,2025,2024-25,https://ope.ed.gov/athletics/#/datafile/list,0.0,2539.6323529411766,74027.0,209256.0,66957.0
119137,Moorpark College,CA,CCCAA,"Public, 2-year",349019.0,315367.0,76.0,819.0,62237.0,1.0,9.0,2027609,2010414,47523.0,27209.0,8.0,15.0,0.0,0,2025,2024-25,https://ope.ed.gov/athletics/#/datafile/list,33652.0,4149.565789473684,253130.0,788319.0,292404.0
214157,Moravian University,PA,NCAA Division III with football,"Private nonprofit, 4-year or above",693472.0,582592.0,104.0,1282.0,133332.0,1.0,10.0,5205720,4353006,52969.0,10240.0,9.0,39.0,60080.0,90261,2025,2024-25,https://ope.ed.gov/athletics/#/datafile/list,110880.0,5601.846153846154,449260.0,876081.0,155369.0
157386,Morehead State University,KY,NCAA Division I-FCS,"Public, 4-year or above",1633620.0,1686375.0,129.0,5027.0,648475.0,1.0,9.0,11260314,11260314,101398.0,33295.0,5.0,19.0,127665.0,176548,2025,2024-25,https://ope.ed.gov/athletics/#/datafile/list,-52755.0,13072.67441860465,1037900.0,1139595.0,401053.0
163453,Morgan State University,MD,NCAA Division I-FCS,"Public, 4-year or above",6519696.0,6218306.0,128.0,12443.0,1592663.0,1.0,12.0,23559865,23559865,225899.0,73028.0,5.0,21.0,70486.0,81294,2025,2024-25,https://ope.ed.gov/athletics/#/datafile/list,301390.0,48580.515625,4625643.0,2663083.0,1102235.0
154004,Morningside University,IA,NAIA Division I ,"Private nonprofit, 4-year or above",1469067.0,1428112.0,139.0,813.0,113031.0,1.0,11.0,7539411,6849054,51793.0,13885.0,11.0,40.0,15904.0,23757,2025,2024-25,https://ope.ed.gov/athletics/#/datafile/list,40955.0,10274.187050359713,1315081.0,1125123.0,204528.0
219198,Mount Marty University,SD,NAIA Division II ,"Private nonprofit, 4-year or above",2765529.0,2765529.0,146.0,508.0,74130.0,1.0,2.0,11822440,11822440,47341.0,17044.0,8.0,6.0,28449.0,37292,2025,2024-25,https://ope.ed.gov/athletics/#/datafile/list,0.0,18941.979452054795,2691399.0,480992.0,81429.0
204200,Mount St. Joseph University,OH,NCAA Division III with football,"Private nonprofit, 4-year or above",531191.0,531191.0,145.0,638.0,92504.0,1.0,12.0,4183627,4183627,50634.0,18917.0,8.0,19.0,29575.0,47900,2025,2024-25,https://ope.ed.gov/athletics/#/datafile/list,0.0,3663.386206896552,438687.0,764495.0,277638.0
119164,Mt San Antonio College,CA,CCCAA,"Public, 2-year",415437.0,400637.0,90.0,1181.0,106301.0,1.0,14.0,4574940,4001366,59879.0,14374.0,11.0,20.0,0.0,0,2025,2024-25,https://ope.ed.gov/athletics/#/datafile/list,14800.0,4451.522222222222,294336.0,946149.0,261115.0
119216,Mt San Jacinto Community College District,CA,CCCAA,"Public, 2-year",213632.0,213632.0,84.0,888.0,74578.0,1.0,8.0,1984212,1984212,8400.0,10777.0,5.0,13.0,3140.0,5899,2025,2024-25,https://ope.ed.gov/athletics/#/datafile/list,0.0,2543.2380952380954,139054.0,182101.0,94616.0
214175,Muhlenberg College,PA,NCAA Division III with football,"Private nonprofit, 4-year or above",765136.0,765136.0,128.0,1159.0,148320.0,1.0,8.0,5344777,4972544,46968.0,14262.0,9.0,21.0,61423.0,88410,2025,2024-25,https://ope.ed.gov/athletics/#/datafile/list,0.0,5977.625,616816.0,722214.0,161064.0
157401,Murray State University,KY,NCAA Division I-FCS,"Public, 4-year or above",5526186.0,4002299.0,110.0,8358.0,919428.0,1.0,10.0,22048782,18970072,194314.0,58090.0,5.0,19.0,291965.0,407510,2025,2024-25,https://ope.ed.gov/athletics/#/datafile/list,1523887.0,36384.53636363636,3082871.0,2075280.0,775214.0
204264,Muskingum University,OH,NCAA Division III with football,"Private nonprofit, 4-year or above",589800.0,589800.0,119.0,1510.0,179674.0,1.0,7.0,4095292,4095292,37565.0,13891.0,11.0,24.0,36381.0,75969,2025,2024-25,https://ope.ed.gov/athletics/#/datafile/list,0.0,4956.302521008403,410126.0,746599.0,134802.0
193478,Nassau Community College,NY,NJCAA Division III ,"Public, 2-year",261448.0,261448.0,81.0,1977.0,160148.0,1.0,12.0,1902370,1874410,17415.0,4958.0,9.0,27.0,0.0,0,2025,2024-25,https://ope.ed.gov/athletics/#/datafile/list,0.0,3227.753086419753,101300.0,290601.0,76911.0
227146,Navarro College,TX,NJCAA Division I ,"Public, 2-year",989887.0,989887.0,91.0,1257.0,114387.0,1.0,5.0,3889252,3889252,83862.0,39953.0,3.0,7.0,18791.0,25058,2025,2024-25,https://ope.ed.gov/athletics/#/datafile/list,0.0,10877.87912087912,875500.0,531257.0,283627.0
181446,Nebraska Wesleyan University,NE,NCAA Division III with football,"Private nonprofit, 4-year or above",413165.0,398188.0,122.0,1256.0,153251.0,1.0,11.0,3249958,3186733,51342.0,10667.0,10.0,26.0,25127.0,39484,2025,2024-25,https://ope.ed.gov/athletics/#/datafile/list,14977.0,3263.8360655737706,244937.0,790762.0,168679.0
228325,Nelson University,TX,NAIA Division I ,"Private nonprofit, 4-year or above",889146.0,892337.0,114.0,992.0,113082.0,1.0,10.0,4689775,4592069,52564.0,14492.0,5.0,29.0,10923.0,19493,2025,2024-25,https://ope.ed.gov/athletics/#/datafile/list,-3191.0,7827.517543859649,779255.0,683088.0,197484.0
182980,New England College,NH,NCAA Division III with football,"Private nonprofit, 4-year or above",493404.0,493404.0,54.0,2182.0,117821.0,1.0,7.0,3751067,3751067,50370.0,8041.0,10.0,22.0,19207.0,55366,2025,2024-25,https://ope.ed.gov/athletics/#/datafile/list,0.0,9137.111111111111,375583.0,680602.0,106657.0
187897,New Mexico Highlands University,NM,NCAA Division II with football,"Public, 4-year or above",1312036.0,1312036.0,87.0,1871.0,162777.0,1.0,8.0,6784483,6784483,64780.0,38297.0,5.0,11.0,37397.0,62386,2025,2024-25,https://ope.ed.gov/athletics/#/datafile/list,0.0,15080.87356321839,1149259.0,745167.0,371156.0
187912,New Mexico Military Institute,NM,NJCAA Division I ,"Public, 2-year",1364204.0,1452322.0,84.0,2620.0,220066.0,1.0,6.0,3454976,3448152,59840.0,24733.0,4.0,11.0,104892.0,126366,2025,2024-25,https://ope.ed.gov/athletics/#/datafile/list,-88118.0,17289.54761904762,1232256.0,511423.0,208238.0
188030,New Mexico State University-Main Campus,NM,NCAA Division I-FBS,"Public, 4-year or above",11779202.0,11779202.0,149.0,18208.0,2713023.0,1.0,10.0,37088598,37088598,252654.0,115004.0,6.0,17.0,585465.0,697435,2025,2024-25,https://ope.ed.gov/athletics/#/datafile/list,0.0,79055.04697986577,9066179.0,3470992.0,1402694.0
218414,Newberry College,SC,NCAA Division II with football,"Private nonprofit, 4-year or above",2120205.0,2165853.0,205.0,1042.0,213623.0,1.0,11.0,12816123,12816123,78547.0,43671.0,9.0,24.0,101653.0,144737,2025,2024-25,https://ope.ed.gov/athletics/#/datafile/list,-45648.0,10565.136585365854,1952230.0,1755027.0,558928.0
159966,Nicholls State University,LA,NCAA Division I-FCS,"Public, 4-year or above",3522917.0,3406656.0,131.0,5122.0,670945.0,1.0,9.0,12687500,12676933,80225.0,45692.0,6.0,19.0,71620.0,83308,2025,2024-25,https://ope.ed.gov/athletics/#/datafile/list,116261.0,26005.007633587786,2735711.0,1349498.0,491453.0
167260,Nichols College,MA,NCAA Division III with football,"Private nonprofit, 4-year or above",436113.0,436989.0,110.0,826.0,90818.0,1.0,9.0,4518235,4516386,39757.0,8799.0,12.0,34.0,33828.0,65813,2025,2024-25,https://ope.ed.gov/athletics/#/datafile/list,-876.0,3972.6272727272726,346171.0,776250.0,118948.0
232937,Norfolk State University,VA,NCAA Division I-FCS,"Public, 4-year or above",7071944.0,7071944.0,143.0,8291.0,1185555.0,1.0,10.0,24823369,24823369,263058.0,146807.0,5.0,16.0,88438.0,148616,2025,2024-25,https://ope.ed.gov/athletics/#/datafile/list,0.0,49454.153846153844,5886389.0,3664202.0,1731128.0
461795,North American University,TX,NAIA Division II ,"Private nonprofit, 4-year or above",321630.0,321630.0,135.0,929.0,125361.0,1.0,6.0,1881691,1881691,33651.0,6130.0,4.0,12.0,3642.0,6860,2025,2024-25,https://ope.ed.gov/athletics/#/datafile/list,0.0,2382.4444444444443,196269.0,208164.0,70431.0
199102,North Carolina A & T State University,NC,NCAA Division I-FCS,"Public, 4-year or above",4318264.0,4318354.0,146.0,6436.0,939612.0,1.0,9.0,19090496,18977572,231605.0,67189.0,6.0,20.0,270245.0,500081,2025,2024-25,https://ope.ed.gov/athletics/#/datafile/list,-90.0,29577.76712328767,3378742.0,2733410.0,836306.0
199157,North Carolina Central University,NC,NCAA Division I-FCS,"Public, 4-year or above",4896787.0,4896787.0,110.0,11446.0,1259093.0,1.0,9.0,15631805,15631805,112024.0,68286.0,7.0,23.0,41732.0,74862,2025,2024-25,https://ope.ed.gov/athletics/#/datafile/list,0.0,44516.24545454545,3637694.0,2354746.0,726598.0
199193,North Carolina State University at Raleigh,NC,NCAA Division I-FBS,"Public, 4-year or above",69756644.0,40535367.0,125.0,31658.0,3957303.0,1.0,10.0,135830733,129009673,1123916.0,227345.0,10.0,41.0,2775789.0,3400679,2025,2024-25,https://ope.ed.gov/athletics/#/datafile/list,29221277.0,324282.936,36578064.0,20560305.0,3397366.0
199209,North Carolina Wesleyan University,NC,NCAA Division III with football,"Private nonprofit, 4-year or above",493645.0,493645.0,145.0,1167.0,169257.0,1.0,7.0,2988299,2988299,54012.0,26828.0,7.0,14.0,31295.0,47842,2025,2024-25,https://ope.ed.gov/athletics/#/datafile/list,0.0,3404.448275862069,324388.0,753676.0,241808.0
147660,North Central College,IL,NCAA Division III with football,"Private nonprofit, 4-year or above",1700667.0,1092790.0,142.0,2513.0,356885.0,1.0,14.0,7750096,5756421,60010.0,13027.0,13.0,53.0,42695.0,85390,2025,2024-25,https://ope.ed.gov/athletics/#/datafile/list,607877.0,7695.704225352113,735905.0,1470561.0,242388.0
200305,North Dakota State College of Science,ND,NJCAA Division I ,"Public, 2-year",149283.0,157953.0,96.0,623.0,59819.0,1.0,6.0,1278528,1272397,31080.0,6000.0,3.0,8.0,8028.0,10318,2025,2024-25,https://ope.ed.gov/athletics/#/datafile/list,-8670.0,1645.34375,98134.0,141240.0,67080.0
200332,North Dakota State University-Main Campus,ND,NCAA Division I-FCS,"Public, 4-year or above",8353482.0,8353482.0,130.0,16595.0,2157394.0,1.0,10.0,34788259,34212041,208145.0,94717.0,6.0,24.0,299042.0,518580,2025,2024-25,https://ope.ed.gov/athletics/#/datafile/list,0.0,64257.553846153845,6196088.0,3522078.0,1155315.0
218441,North Greenville University,SC,NCAA Division II with football,"Private nonprofit, 4-year or above",1562406.0,1453020.0,120.0,1859.0,223100.0,1.0,5.0,12198050,12198050,36300.0,19200.0,11.0,12.0,34320.0,52640,2025,2024-25,https://ope.ed.gov/athletics/#/datafile/list,109386.0,12108.5,1229920.0,629700.0,132300.0
147679,North Park University,IL,NCAA Division III with football,"Private nonprofit, 4-year or above",745132.0,745132.0,110.0,1357.0,149253.0,1.0,8.0,4449634,4449634,52694.0,22018.0,9.0,25.0,47625.0,64911,2025,2024-25,https://ope.ed.gov/athletics/#/datafile/list,0.0,6773.927272727273,595879.0,1024696.0,228838.0
176169,Northeast Mississippi Community College,MS,NJCAA Division I ,"Public, 2-year",1078672.0,1078672.0,65.0,1656.0,107622.0,1.0,8.0,3440413,3440413,49355.0,65681.0,6.0,7.0,78637.0,97963,2025,2024-25,https://ope.ed.gov/athletics/#/datafile/list,0.0,16594.953846153847,971050.0,755897.0,574803.0
207290,Northeastern Oklahoma A&M College,OK,NJCAA Division I ,"Public, 2-year",1044294.0,1033625.0,135.0,1341.0,181004.0,1.0,5.0,3475766,3451920,29634.0,24059.0,5.0,11.0,0.0,0,2025,2024-25,https://ope.ed.gov/athletics/#/datafile/list,10669.0,7656.481481481482,852621.0,412819.0,149929.0
207263,Northeastern State University,OK,NCAA Division II with football,"Public, 4-year or above",1969286.0,1969286.0,129.0,3609.0,465553.0,1.0,10.0,6140446,6140446,52713.0,27025.0,5.0,15.0,35463.0,53246,2025,2024-25,https://ope.ed.gov/athletics/#/datafile/list,0.0,15265.782945736433,1503733.0,668940.0,322963.0
105330,Northern Arizona University,AZ,NCAA Division I-FCS,"Public, 4-year or above",6817523.0,6817523.0,120.0,13897.0,1667682.0,1.0,13.0,27075364,27075364,181553.0,60991.0,4.0,22.0,175860.0,310965,2025,2024-25,https://ope.ed.gov/athletics/#/datafile/list,0.0,56812.691666666666,5149841.0,2068014.0,974436.0
147703,Northern Illinois University,IL,NCAA Division I-FBS,"Public, 4-year or above",13249127.0,13199127.0,143.0,10195.0,1457878.0,1.0,10.0,34342695,34342695,241937.0,96040.0,7.0,22.0,383206.0,511055,2025,2024-25,https://ope.ed.gov/athletics/#/datafile/list,50000.0,92301.58741258741,11741249.0,3806439.0,1202337.0
171456,Northern Michigan University,MI,NCAA Division II with football,"Public, 4-year or above",2653538.0,2621680.0,97.0,4443.0,431012.0,1.0,9.0,16350758,16164853,94387.0,35595.0,8.0,22.0,191900.0,256337,2025,2024-25,https://ope.ed.gov/athletics/#/datafile/list,31858.0,27027.628865979383,2190668.0,1538186.0,414742.0
219259,Northern State University,SD,NCAA Division II with football,"Public, 4-year or above",1921576.0,1838100.0,125.0,2898.0,362273.0,1.0,8.0,9027814,8705190,93729.0,26407.0,5.0,20.0,38024.0,71940,2025,2024-25,https://ope.ed.gov/athletics/#/datafile/list,83476.0,14704.8,1475827.0,996785.0,304985.0
176178,Northwest Mississippi Community College,MS,NJCAA Division II ,"Public, 2-year",1474737.0,1474737.0,65.0,4653.0,302458.0,1.0,6.0,5292856,5292856,65681.0,67444.0,6.0,9.0,8917.0,12140,2025,2024-25,https://ope.ed.gov/athletics/#/datafile/list,0.0,22688.26153846154,1172279.0,1001082.0,470345.0
178624,Northwest Missouri State University,MO,NCAA Division II with football,"Public, 4-year or above",3517704.0,3517704.0,141.0,3208.0,452371.0,1.0,10.0,15199221,15199221,106823.0,50190.0,5.0,14.0,105719.0,135220,2025,2024-25,https://ope.ed.gov/athletics/#/datafile/list,0.0,24948.255319148935,3065333.0,1236775.0,608723.0
154101,Northwestern College,IA,NAIA Division II ,"Private nonprofit, 4-year or above",1765738.0,1765738.0,144.0,583.0,84012.0,1.0,10.0,8881414,8818412,44448.0,17554.0,9.0,27.0,19658.0,27567,2025,2024-25,https://ope.ed.gov/athletics/#/datafile/list,0.0,12262.069444444445,1681726.0,873990.0,219988.0
207306,Northwestern Oklahoma State University,OK,NCAA Division II with football,"Public, 4-year or above",1247397.0,1321119.0,150.0,1530.0,229495.0,1.0,13.0,6802148,6594657,42187.0,15721.0,8.0,25.0,79885.0,115673,2025,2024-25,https://ope.ed.gov/athletics/#/datafile/list,-73722.0,8807.46,1091624.0,730521.0,246560.0
160038,Northwestern State University of Louisiana,LA,NCAA Division I-FCS,"Public, 4-year or above",4402028.0,3174544.0,117.0,4603.0,538507.0,1.0,12.0,14566162,14210359,109932.0,40922.0,4.0,25.0,115719.0,167806,2025,2024-25,https://ope.ed.gov/athletics/#/datafile/list,1227484.0,27132.8547008547,2636037.0,1462778.0,600996.0
147767,Northwestern University,IL,NCAA Division I-FBS,"Private nonprofit, 4-year or above",85587606.0,37901761.0,109.0,33877.0,3692626.0,1.0,14.0,131779238,131779238,1067594.0,201140.0,8.0,36.0,1863790.0,2474978,2025,2024-25,https://ope.ed.gov/athletics/#/datafile/list,47685845.0,347722.57798165135,34209135.0,15781792.0,3883554.0
171492,Northwood University,MI,NCAA Division II with football,"Private nonprofit, 4-year or above",2437009.0,2437009.0,137.0,1739.0,238236.0,1.0,9.0,10825886,10825886,57110.0,28133.0,8.0,21.0,46527.0,55846,2025,2024-25,https://ope.ed.gov/athletics/#/datafile/list,0.0,17788.38686131387,2198773.0,1047673.0,310307.0
230995,Norwich University,VT,NCAA Division III with football,"Private nonprofit, 4-year or above",651364.0,651364.0,107.0,1483.0,158697.0,1.0,8.0,4887062,4887062,53600.0,18943.0,12.0,22.0,66230.0,93676,2025,2024-25,https://ope.ed.gov/athletics/#/datafile/list,0.0,6087.514018691589,492667.0,1059946.0,205144.0
152099,Oakland City University,IN,NAIA Division I ,"Private nonprofit, 4-year or above",1367346.0,1367346.0,55.0,1205.0,66287.0,1.0,6.0,13208746,13205504,30873.0,15738.0,10.0,15.0,11350.0,19685,2025,2024-25,https://ope.ed.gov/athletics/#/datafile/list,0.0,24860.836363636365,1301059.0,544800.0,125301.0
204501,Oberlin College,OH,NCAA Division III with football,"Private nonprofit, 4-year or above",636652.0,636652.0,40.0,1290.0,51618.0,1.0,5.0,5102454,5102454,62159.0,35444.0,10.0,21.0,100735.0,149622,2025,2024-25,https://ope.ed.gov/athletics/#/datafile/list,0.0,15916.3,585034.0,1365914.0,239379.0
204617,Ohio Dominican University,OH,NCAA Division II with football,"Private nonprofit, 4-year or above",1195758.0,1269829.0,126.0,1430.0,180220.0,1.0,8.0,5221333,4820625,50924.0,15574.0,6.0,17.0,36681.0,52086,2025,2024-25,https://ope.ed.gov/athletics/#/datafile/list,-74071.0,10078.007936507936,1089609.0,570302.0,175516.0
204635,Ohio Northern University,OH,NCAA Division III with football,"Private nonprofit, 4-year or above",743255.0,743255.0,126.0,1104.0,139077.0,1.0,9.0,6073738,6073738,50886.0,18960.0,13.0,36.0,65803.0,114974,2025,2024-25,https://ope.ed.gov/athletics/#/datafile/list,0.0,5898.849206349207,604178.0,1344078.0,221526.0
204796,Ohio State University-Main Campus,OH,NCAA Division I-FBS,"Public, 4-year or above",160549826.0,92359309.0,122.0,107048.0,13059911.0,1.0,10.0,295265883,295265883,1221950.0,387802.0,15.0,52.0,2853829.0,4109922,2025,2024-25,https://ope.ed.gov/athletics/#/datafile/list,68190517.0,757043.5163934426,79299398.0,38494954.0,5099970.0
204857,Ohio University-Main Campus,OH,NCAA Division I-FBS,"Public, 4-year or above",10812487.0,10812487.0,136.0,17905.0,2435066.0,1.0,14.0,33031821,33031821,314847.0,79638.0,6.0,26.0,484229.0,708969,2025,2024-25,https://ope.ed.gov/athletics/#/datafile/list,0.0,79503.58088235294,8377421.0,3959670.0,1429779.0
204909,Ohio Wesleyan University,OH,NCAA Division III with football,"Private nonprofit, 4-year or above",638323.0,638323.0,94.0,1926.0,181056.0,1.0,9.0,4362788,4362788,31847.0,13934.0,11.0,21.0,55273.0,86230,2025,2024-25,https://ope.ed.gov/athletics/#/datafile/list,0.0,6790.670212765957,457267.0,642931.0,157253.0
207403,Oklahoma Baptist University,OK,NCAA Division II with football,"Private nonprofit, 4-year or above",2481503.0,2333523.0,130.0,1458.0,189566.0,1.0,9.0,9568766,9568766,78661.0,40630.0,4.0,14.0,42650.0,65000,2025,2024-25,https://ope.ed.gov/athletics/#/datafile/list,147980.0,17950.176923076924,2143957.0,883464.0,444331.0
207351,Oklahoma Panhandle State University,OK,NAIA Division I ,"Public, 4-year or above",750328.0,737249.0,113.0,1415.0,159861.0,1.0,5.0,4280737,4252426,39562.0,16050.0,9.0,12.0,49000.0,95000,2025,2024-25,https://ope.ed.gov/athletics/#/datafile/list,13079.0,6524.327433628318,577388.0,548658.0,119812.0
207388,Oklahoma State University-Main Campus,OK,NCAA Division I-FBS,"Public, 4-year or above",56992244.0,32830617.0,136.0,37076.0,5042376.0,1.0,11.0,153679234,153679234,1772953.0,263826.0,7.0,34.0,1869738.0,2453087,2025,2024-25,https://ope.ed.gov/athletics/#/datafile/list,24161627.0,241401.5955882353,27788241.0,21380755.0,4675039.0
232982,Old Dominion University,VA,NCAA Division I-FBS,"Public, 4-year or above",14787371.0,14787371.0,116.0,30610.0,3550798.0,1.0,14.0,53232824,53232824,260141.0,106525.0,8.0,28.0,689496.0,986841,2025,2024-25,https://ope.ed.gov/athletics/#/datafile/list,0.0,127477.33620689655,11236573.0,5063828.0,1751491.0
147828,Olivet Nazarene University,IL,NAIA Division I ,"Private nonprofit, 4-year or above",1761388.0,1924560.0,139.0,225.0,31254.0,1.0,10.0,9463858,8882069,44191.0,23802.0,9.0,22.0,22330.0,36936,2025,2024-25,https://ope.ed.gov/athletics/#/datafile/list,-163172.0,13845.755395683453,1893306.0,921363.0,282211.0
120342,Orange Coast College,CA,CCCAA,"Public, 2-year",227199.0,227199.0,75.0,610.0,45735.0,1.0,8.0,4633221,4633221,63494.0,10140.0,12.0,35.0,0.0,0,2025,2024-25,https://ope.ed.gov/athletics/#/datafile/list,0.0,3029.32,181464.0,1116828.0,144614.0
209542,Oregon State University,OR,NCAA Division I-FBS,"Public, 4-year or above",32621301.0,23847865.0,116.0,48420.0,5616727.0,1.0,10.0,104767703,100306447,918231.0,238297.0,7.0,23.0,1252955.0,1789710,2025,2024-25,https://ope.ed.gov/athletics/#/datafile/list,8773436.0,205585.0431034483,18231138.0,11908448.0,3301201.0
155627,Ottawa University-Ottawa,KS,NAIA Division I ,"Private nonprofit, 4-year or above",2542321.0,1828037.0,134.0,676.0,90636.0,1.0,8.0,13815466,13803838,36063.0,12964.0,14.0,37.0,29472.0,53585,2025,2024-25,https://ope.ed.gov/athletics/#/datafile/list,714284.0,13642.067164179105,1737401.0,984550.0,139775.0
464226,Ottawa University-Surprise,AZ,NAIA Division I ,"Private nonprofit, 4-year or above",3764716.0,2219512.0,180.0,1959.0,352641.0,1.0,13.0,15628328,15628328,68718.0,19555.0,16.0,28.0,34000.0,68000,2025,2024-25,https://ope.ed.gov/athletics/#/datafile/list,1545204.0,12330.622222222222,1866871.0,1647028.0,322933.0
204936,Otterbein University,OH,NCAA Division III with football,"Private nonprofit, 4-year or above",449247.0,407942.0,87.0,1075.0,93503.0,1.0,11.0,4615382,3741516,45664.0,10909.0,10.0,29.0,30754.0,46617,2025,2024-25,https://ope.ed.gov/athletics/#/datafile/list,41305.0,4688.9885057471265,314439.0,773001.0,165663.0
107512,Ouachita Baptist University,AR,NCAA Division II with football,"Private nonprofit, 4-year or above",2731413.0,2733903.0,125.0,3145.0,393088.0,1.0,9.0,9801029,9652564,66973.0,42011.0,9.0,17.0,74967.0,105293,2025,2024-25,https://ope.ed.gov/athletics/#/datafile/list,-2490.0,21871.224,2340815.0,1316944.0,445072.0
194310,Pace University,NY,NCAA Division II with football,"Private nonprofit, 4-year or above",1686804.0,1699695.0,112.0,2989.0,334811.0,1.0,12.0,9368170,8825400,76216.0,22718.0,6.0,17.0,32505.0,62625,2025,2024-25,https://ope.ed.gov/athletics/#/datafile/list,-12891.0,15175.848214285714,1364884.0,843502.0,348832.0
236230,Pacific Lutheran University,WA,NCAA Division III with football,"Private nonprofit, 4-year or above",1317604.0,949986.0,103.0,2620.0,269843.0,1.0,14.0,5771133,5323514,45276.0,8737.0,8.0,33.0,14923.0,33847,2025,2024-25,https://ope.ed.gov/athletics/#/datafile/list,367618.0,9223.16504854369,680143.0,650529.0,167594.0
495147,Pacific Northwest Christian College,WA,NJCAA Division I ,"Private nonprofit, 2-year",276726.0,276726.0,72.0,2495.0,179606.0,1.0,9.0,467607,467607,10675.0,7175.0,2.0,10.0,2680.0,7741,2025,2024-25,https://ope.ed.gov/athletics/#/datafile/list,0.0,3843.4166666666665,97120.0,93100.0,75250.0
209612,Pacific University,OR,NCAA Division III with football,"Private nonprofit, 4-year or above",777536.0,777536.0,133.0,1350.0,179495.0,1.0,12.0,5202679,5202679,44840.0,10630.0,11.0,44.0,57070.0,86285,2025,2024-25,https://ope.ed.gov/athletics/#/datafile/list,0.0,5846.1353383458645,598041.0,960960.0,172400.0
120971,Palomar College,CA,CCCAA,"Public, 2-year",211059.0,211059.0,100.0,1116.0,111629.0,1.0,9.0,1843062,1843062,14325.0,8688.0,8.0,20.0,0.0,0,2025,2024-25,https://ope.ed.gov/athletics/#/datafile/list,0.0,2110.59,99430.0,288360.0,92517.0
121044,Pasadena City College,CA,CCCAA,"Public, 2-year",615799.0,568887.0,94.0,1090.0,102486.0,1.0,11.0,3619294,3500809,91424.0,23010.0,7.0,20.0,0.0,0,2025,2024-25,https://ope.ed.gov/athletics/#/datafile/list,46912.0,6051.989361702128,466401.0,1100168.0,344534.0
176239,Pearl River Community College,MS,NJCAA Division I ,"Public, 2-year",811794.0,811794.0,64.0,2194.0,140425.0,1.0,5.0,3853011,3853011,59916.0,22631.0,6.0,11.0,10671.0,20870,2025,2024-25,https://ope.ed.gov/athletics/#/datafile/list,0.0,12684.28125,671369.0,608437.0,173071.0
214777,Pennsylvania State University-Main Campus,PA,NCAA Division I-FBS,"Public, 4-year or above",150314572.0,77386097.0,130.0,179997.0,23399612.0,1.0,10.0,254397122,231709762,1188906.0,376066.0,14.0,48.0,3707691.0,4565668,2025,2024-25,https://ope.ed.gov/athletics/#/datafile/list,72928475.0,595277.6692307693,53986485.0,34695852.0,4949566.0
498571,Pennsylvania Western University,PA,NCAA Division II with football,"Public, 4-year or above",4217616.0,3887206.0,316.0,1620.0,511762.0,3.0,25.0,23849136,21873579,72117.0,38676.0,19.0,34.0,104385.0,165519,2025,2024-25,https://ope.ed.gov/athletics/#/datafile/list,330410.0,12301.284810126583,3375444.0,2685207.0,1183251.0
181534,Peru State College,NE,NAIA Division II ,"Public, 4-year or above",452481.0,247449.0,134.0,7.0,1000.0,1.0,4.0,2449569,2060243,64730.0,28803.0,4.0,8.0,34920.0,58170,2025,2024-25,https://ope.ed.gov/athletics/#/datafile/list,205032.0,1846.634328358209,246449.0,489344.0,179942.0
155681,Pittsburg State University,KS,NCAA Division II with football,"Public, 4-year or above",3330171.0,3330171.0,134.0,7355.0,985636.0,1.0,11.0,12374589,12374589,155318.0,57030.0,5.0,19.0,111324.0,169649,2025,2024-25,https://ope.ed.gov/athletics/#/datafile/list,0.0,24852.0223880597,2344535.0,1860160.0,782648.0
121257,Pitzer College,CA,NCAA Division III with football,"Private nonprofit, 4-year or above",626110.0,651607.0,97.0,1527.0,148160.0,1.0,11.0,7261780,7223907,69018.0,10149.0,10.0,43.0,36651.0,76947,2025,2024-25,https://ope.ed.gov/athletics/#/datafile/list,-25497.0,6717.59793814433,503447.0,1126587.0,180657.0
183080,Plymouth State University,NH,NCAA Division III with football,"Public, 4-year or above",431746.0,375930.0,108.0,483.0,52143.0,1.0,7.0,3592686,3592685,26289.0,7666.0,12.0,21.0,17238.0,31388,2025,2024-25,https://ope.ed.gov/athletics/#/datafile/list,55816.0,3480.8333333333335,323787.0,476454.0,79951.0
138868,Point University,GA,NAIA Division II ,"Private nonprofit, 4-year or above",1575198.0,1575198.0,121.0,2781.0,336524.0,1.0,6.0,6853237,6853237,47109.0,26406.0,6.0,15.0,19668.0,19668,2025,2024-25,https://ope.ed.gov/athletics/#/datafile/list,0.0,13018.165289256198,1238674.0,678744.0,205545.0
121345,Pomona College,CA,NCAA Division III with football,"Private nonprofit, 4-year or above",626110.0,651607.0,97.0,1527.0,148160.0,1.0,11.0,7261780,7223907,69018.0,10149.0,10.0,43.0,36651.0,76947,2025,2024-25,https://ope.ed.gov/athletics/#/datafile/list,-25497.0,6717.59793814433,503447.0,1126587.0,180657.0
209807,Portland State University,OR,NCAA Division I-FCS,"Public, 4-year or above",5448584.0,5448584.0,118.0,10246.0,1208997.0,1.0,10.0,19186971,19186971,78892.0,43138.0,6.0,21.0,173920.0,268498,2025,2024-25,https://ope.ed.gov/athletics/#/datafile/list,0.0,46174.4406779661,4239587.0,1379250.0,510272.0
130183,Post University,CT,NCAA Division II with football,"Private for-profit, 4-year or above",1276527.0,1276527.0,101.0,2413.0,243687.0,1.0,12.0,9776548,9588953,74922.0,14036.0,8.0,30.0,61735.0,89363,2025,2024-25,https://ope.ed.gov/athletics/#/datafile/list,0.0,12638.881188118812,1032840.0,1020456.0,243354.0
227526,Prairie View A & M University,TX,NCAA Division I-FCS,"Public, 4-year or above",3609079.0,3609079.0,101.0,9447.0,954158.0,1.0,9.0,15374541,15374541,97658.0,39320.0,8.0,18.0,34742.0,74522,2025,2024-25,https://ope.ed.gov/athletics/#/datafile/list,0.0,35733.455445544554,2654921.0,1489024.0,451538.0
218539,Presbyterian College,SC,Other ,"Private nonprofit, 4-year or above",1815834.0,1815834.0,138.0,6572.0,906911.0,1.0,12.0,14157255,14157255,77136.0,37018.0,8.0,18.0,181983.0,266922,2025,2024-25,https://ope.ed.gov/athletics/#/datafile/list,0.0,13158.217391304348,908923.0,1283412.0,521352.0
186131,Princeton University,NJ,NCAA Division I-FCS,"Private nonprofit, 4-year or above",5068991.0,5068991.0,122.0,7303.0,890971.0,1.0,9.0,50386480,50386480,227286.0,70638.0,17.0,52.0,1333234.0,1918867,2025,2024-25,https://ope.ed.gov/athletics/#/datafile/list,0.0,41549.10655737705,4178020.0,7537038.0,863028.0
243780,Purdue University-Main Campus,IN,NCAA Division I-FBS,"Public, 4-year or above",83144029.0,37193229.0,126.0,61685.0,7772335.0,1.0,10.0,150536320,135140397,1510900.0,329742.0,8.0,32.0,2330766.0,2924097,2025,2024-25,https://ope.ed.gov/athletics/#/datafile/list,45950800.0,295184.35714285716,29420894.0,22638944.0,4808320.0
148131,Quincy University,IL,NCAA Division II with football,"Private nonprofit, 4-year or above",1770122.0,1734025.0,130.0,1682.0,218606.0,1.0,7.0,12541494,12528937,52033.0,33733.0,14.0,23.0,51761.0,97362,2025,2024-25,https://ope.ed.gov/athletics/#/datafile/list,36097.0,13338.653846153846,1515419.0,1504321.0,288164.0
233295,Randolph-Macon College,VA,NCAA Division III with football,"Private nonprofit, 4-year or above",861643.0,814163.0,142.0,1228.0,174427.0,1.0,8.0,5008212,4481232,65330.0,30564.0,9.0,17.0,31457.0,50974,2025,2024-25,https://ope.ed.gov/athletics/#/datafile/list,47480.0,5733.542253521126,639736.0,1107558.0,309842.0
117052,Reedley College,CA,CCCAA,"Public, 2-year",439039.0,433002.0,99.0,1410.0,139568.0,1.0,9.0,2738940,2713856,61836.0,12374.0,5.0,17.0,14150.0,33960,2025,2024-25,https://ope.ed.gov/athletics/#/datafile/list,6037.0,4373.757575757576,293434.0,519538.0,173202.0
140872,Reinhardt University,GA,NAIA Division I ,"Private nonprofit, 4-year or above",2496000.0,2477654.0,156.0,1510.0,235615.0,1.0,7.0,12221500,12018584,38000.0,22647.0,11.0,17.0,13000.0,17500,2025,2024-25,https://ope.ed.gov/athletics/#/datafile/list,18346.0,15882.397435897436,2242039.0,802999.0,196529.0
194824,Rensselaer Polytechnic Institute,NY,NCAA Division III with football,"Private nonprofit, 4-year or above",808183.0,790941.0,114.0,899.0,102438.0,1.0,10.0,13586707,13586707,81066.0,24972.0,12.0,31.0,116654.0,178956,2025,2024-25,https://ope.ed.gov/athletics/#/datafile/list,17242.0,6938.078947368421,688503.0,1746924.0,330786.0
221351,Rhodes College,TN,NCAA Division III with football,"Private nonprofit, 4-year or above",850398.0,850398.0,84.0,3689.0,309835.0,1.0,7.0,6718887,6718887,61088.0,21742.0,9.0,25.0,61613.0,93945,2025,2024-25,https://ope.ed.gov/athletics/#/datafile/list,0.0,10123.785714285714,540563.0,1093342.0,213282.0
227757,Rice University,TX,NCAA Division I-FBS,"Private nonprofit, 4-year or above",19591289.0,19591289.0,123.0,29721.0,3655646.0,1.0,10.0,70408131,70408131,369624.0,152733.0,6.0,23.0,638678.0,1005259,2025,2024-25,https://ope.ed.gov/athletics/#/datafile/list,0.0,159278.7723577236,15935643.0,5730603.0,1896954.0
239628,Ripon College,WI,NCAA Division III with football,"Private nonprofit, 4-year or above",451252.0,445752.0,87.0,1710.0,148776.0,1.0,9.0,3214923,3028312,35503.0,6003.0,9.0,36.0,26450.0,43591,2025,2024-25,https://ope.ed.gov/athletics/#/datafile/list,5500.0,5123.586206896552,296976.0,535635.0,89530.0
121901,Riverside City College,CA,CCCAA,"Public, 2-year",724140.0,724140.0,107.0,374.0,39970.0,1.0,9.0,9604739,9604739,140895.0,28712.0,9.0,27.0,0.0,0,2025,2024-25,https://ope.ed.gov/athletics/#/datafile/list,0.0,6767.663551401869,684170.0,2043279.0,399303.0
215655,Robert Morris University,PA,NCAA Division I-FCS,"Private nonprofit, 4-year or above",3760579.0,3760579.0,139.0,2994.0,416197.0,1.0,9.0,21223070,21223070,171452.0,57995.0,7.0,18.0,209514.0,338508,2025,2024-25,https://ope.ed.gov/athletics/#/datafile/list,0.0,27054.525179856115,3344382.0,2244074.0,693407.0
174738,Rochester Community and Technical College,MN,NJCAA Division III ,"Public, 2-year",142294.0,120740.0,76.0,662.0,50279.0,1.0,8.0,1232530,1053096,28653.0,3548.0,4.0,14.0,0.0,0,2025,2024-25,https://ope.ed.gov/athletics/#/datafile/list,21554.0,1588.6842105263158,70461.0,164284.0,57037.0
148405,Rockford University,IL,NCAA Division III with football,"Private nonprofit, 4-year or above",425557.0,425557.0,101.0,769.0,77690.0,1.0,6.0,2453481,2453481,48618.0,14780.0,6.0,16.0,14347.0,22265,2025,2024-25,https://ope.ed.gov/athletics/#/datafile/list,0.0,4213.435643564357,347867.0,528188.0,137298.0
180595,Rocky Mountain College,MT,NAIA Division I ,"Private nonprofit, 4-year or above",2928242.0,2928242.0,135.0,3021.0,407835.0,1.0,9.0,8699625,8699625,52679.0,23793.0,7.0,15.0,90236.0,110309,2025,2024-25,https://ope.ed.gov/athletics/#/datafile/list,0.0,21690.681481481482,2520407.0,725648.0,266816.0
148487,Roosevelt University,IL,NCAA Division II with football,"Private nonprofit, 4-year or above",2863865.0,2863865.0,126.0,2212.0,278750.0,1.0,5.0,11506120,11506120,55190.0,25484.0,8.0,17.0,10630.0,24883,2025,2024-25,https://ope.ed.gov/athletics/#/datafile/list,0.0,22729.0873015873,2585115.0,874748.0,182610.0
152318,Rose-Hulman Institute of Technology,IN,NCAA Division III with football,"Private nonprofit, 4-year or above",569693.0,506540.0,105.0,1387.0,145636.0,1.0,7.0,4084774,4084774,46067.0,19536.0,10.0,18.0,24090.0,43373,2025,2024-25,https://ope.ed.gov/athletics/#/datafile/list,63153.0,4824.190476190476,360904.0,812318.0,182819.0
184782,Rowan University,NJ,NCAA Division III with football,"Public, 4-year or above",727834.0,681070.0,98.0,1785.0,174919.0,1.0,11.0,7493851,6649658,100814.0,12812.0,6.0,29.0,23501.0,46548,2025,2024-25,https://ope.ed.gov/athletics/#/datafile/list,46764.0,6949.693877551021,506151.0,976432.0,241746.0
186380,Rutgers University-New Brunswick,NJ,NCAA Division I-FBS,"Public, 4-year or above",75922954.0,75922954.0,137.0,105469.0,14449212.0,1.0,10.0,171679918,171679918,1334237.0,293772.0,9.0,33.0,2038136.0,2958026,2025,2024-25,https://ope.ed.gov/athletics/#/datafile/list,0.0,554182.1459854015,61473742.0,21702609.0,4271957.0
196121,SUNY Brockport,NY,NCAA Division III with football,"Public, 4-year or above",802620.0,802620.0,107.0,1705.0,182477.0,1.0,7.0,5777798,5777798,51489.0,15215.0,11.0,27.0,68316.0,99598,2025,2024-25,https://ope.ed.gov/athletics/#/datafile/list,0.0,7501.121495327103,620143.0,977184.0,157994.0
196130,SUNY Buffalo State University,NY,NCAA Division III with football,"Public, 4-year or above",705440.0,705440.0,120.0,1534.0,184086.0,1.0,7.0,5657608,5657608,69487.0,26709.0,6.0,17.0,31287.0,41845,2025,2024-25,https://ope.ed.gov/athletics/#/datafile/list,0.0,5878.666666666667,521354.0,870975.0,256450.0
196006,SUNY College of Technology at Alfred,NY,NCAA Division III with football,"Public, 4-year or above",665815.0,618623.0,110.0,1785.0,196328.0,1.0,10.0,4135010,4069922,54925.0,9710.0,8.0,21.0,14691.0,21965,2025,2024-25,https://ope.ed.gov/athletics/#/datafile/list,47192.0,5623.845454545454,422295.0,643310.0,152025.0
196291,SUNY Maritime College,NY,NCAA Division III with football,"Public, 4-year or above",270761.0,230146.0,104.0,591.0,61417.0,1.0,9.0,1145274,998055,38402.0,11293.0,7.0,15.0,0.0,0,2025,2024-25,https://ope.ed.gov/athletics/#/datafile/list,40615.0,2212.9423076923076,168729.0,438209.0,140039.0
196051,SUNY Morrisville,NY,NCAA Division III with football,"Public, 4-year or above",351212.0,349562.0,130.0,1042.0,135497.0,1.0,7.0,2541535,2527404,41940.0,12569.0,8.0,16.0,13200.0,22200,2025,2024-25,https://ope.ed.gov/athletics/#/datafile/list,1650.0,2688.9384615384615,214065.0,536624.0,129923.0
122180,Sacramento City College,CA,CCCAA,"Public, 2-year",358722.0,358722.0,72.0,943.0,67901.0,1.0,11.0,3209575,3209575,51201.0,9548.0,7.0,21.0,0.0,0,2025,2024-25,https://ope.ed.gov/athletics/#/datafile/list,0.0,4982.25,290821.0,558915.0,156229.0
130253,Sacred Heart University,CT,NCAA Division I-FCS,"Private nonprofit, 4-year or above",5413486.0,5413486.0,154.0,5355.0,824704.0,1.0,12.0,43901462,43901462,96456.0,51501.0,12.0,34.0,215226.0,356798,2025,2024-25,https://ope.ed.gov/athletics/#/datafile/list,0.0,35152.506493506495,4588782.0,2908506.0,714468.0
122205,Saddleback College,CA,CCCAA,"Public, 2-year",556888.0,544408.0,91.0,1638.0,149074.0,1.0,14.0,2660855,2535989,60093.0,10577.0,9.0,37.0,0.0,0,2025,2024-25,https://ope.ed.gov/athletics/#/datafile/list,12480.0,5982.505494505494,395334.0,932186.0,208171.0
172051,Saginaw Valley State University,MI,NCAA Division II with football,"Public, 4-year or above",2125434.0,2125434.0,147.0,2410.0,354229.0,1.0,19.0,11841267,11791933,54334.0,29972.0,8.0,18.0,61593.0,84942,2025,2024-25,https://ope.ed.gov/athletics/#/datafile/list,0.0,14458.734693877552,1771205.0,974168.0,623802.0
154235,Saint Ambrose University,IA,NAIA Division II ,"Private nonprofit, 4-year or above",1656970.0,1564275.0,144.0,1543.0,222204.0,1.0,10.0,10640409,10369041,38302.0,7349.0,14.0,49.0,80463.0,156654,2025,2024-25,https://ope.ed.gov/athletics/#/datafile/list,92695.0,10863.020833333334,1342071.0,896329.0,111792.0
183239,Saint Anselm College,NH,NCAA Division II with football,"Private nonprofit, 4-year or above",1697443.0,1625829.0,132.0,988.0,130451.0,1.0,8.0,11391336,10651327,53596.0,17286.0,9.0,19.0,85917.0,117608,2025,2024-25,https://ope.ed.gov/athletics/#/datafile/list,71614.0,12316.886363636364,1495378.0,810798.0,191884.0
215743,Saint Francis University,PA,NCAA Division I-FCS,"Private nonprofit, 4-year or above",3647517.0,3647517.0,126.0,3431.0,432262.0,1.0,11.0,17184918,17184918,82399.0,25385.0,9.0,31.0,91443.0,182654,2025,2024-25,https://ope.ed.gov/athletics/#/datafile/list,0.0,28948.54761904762,3215255.0,1528526.0,361634.0
152381,Saint Mary-of-the-Woods College,IN,NAIA Division I ,"Private nonprofit, 4-year or above",708754.0,688702.0,71.0,1181.0,83872.0,1.0,7.0,3996224,3860863,25116.0,6586.0,8.0,25.0,3547.0,4746,2025,2024-25,https://ope.ed.gov/athletics/#/datafile/list,20052.0,9700.028169014084,604830.0,365578.0,71218.0
239716,Saint Norbert College,WI,NCAA Division III with football,"Private nonprofit, 4-year or above",671730.0,671730.0,131.0,1053.0,138000.0,1.0,16.0,5086425,5086425,47337.0,10323.0,11.0,45.0,54118.0,92979,2025,2024-25,https://ope.ed.gov/athletics/#/datafile/list,0.0,5127.7099236641225,533730.0,985242.0,212505.0
215798,Saint Vincent College,PA,NCAA Division III with football,"Private nonprofit, 4-year or above",675685.0,675685.0,107.0,2027.0,216928.0,1.0,10.0,4887627,4887627,35892.0,15451.0,13.0,22.0,34908.0,46396,2025,2024-25,https://ope.ed.gov/athletics/#/datafile/list,0.0,6314.813084112149,458757.0,806518.0,190402.0
148627,Saint Xavier University,IL,NAIA Division II ,"Private nonprofit, 4-year or above",1381871.0,1381871.0,98.0,1428.0,139919.0,1.0,8.0,7227807,7227807,40791.0,11282.0,10.0,26.0,9171.0,13431,2025,2024-25,https://ope.ed.gov/athletics/#/datafile/list,0.0,14100.724489795919,1241952.0,701242.0,131047.0
163851,Salisbury University,MD,NCAA Division III with football,"Public, 4-year or above",668115.0,668115.0,138.0,1028.0,141845.0,1.0,4.0,4670907,4670902,92561.0,38158.0,9.0,15.0,9972.0,21431,2025,2024-25,https://ope.ed.gov/athletics/#/datafile/list,0.0,4841.413043478261,526270.0,1405419.0,245193.0
217536,Salve Regina University,RI,NCAA Division III with football,"Private nonprofit, 4-year or above",595785.0,518074.0,150.0,1271.0,190648.0,1.0,4.0,5709194,5378085,55115.0,26433.0,8.0,9.0,31828.0,52668,2025,2024-25,https://ope.ed.gov/athletics/#/datafile/list,77711.0,3453.826666666667,327426.0,678817.0,160847.0
227881,Sam Houston State University,TX,NCAA Division I-FBS,"Public, 4-year or above",9740021.0,9740021.0,127.0,18609.0,2363291.0,1.0,14.0,31968068,31955712,286512.0,70169.0,5.0,23.0,146374.0,251724,2025,2024-25,https://ope.ed.gov/athletics/#/datafile/list,0.0,76693.07874015748,7376730.0,3046447.0,1268878.0
102049,Samford University,AL,NCAA Division I-FCS,"Private nonprofit, 4-year or above",6730393.0,6096558.0,112.0,6208.0,695250.0,1.0,12.0,27116621,23874973,190966.0,72741.0,7.0,20.0,184498.0,255128,2025,2024-25,https://ope.ed.gov/athletics/#/datafile/list,633835.0,54433.55357142857,5401308.0,2791582.0,1063858.0
123527,San Bernardino Valley College,CA,CCCAA,"Public, 2-year",130314.0,130314.0,51.0,225.0,11465.0,1.0,4.0,1477924,1477924,14514.0,5000.0,6.0,14.0,0.0,0,2025,2024-25,https://ope.ed.gov/athletics/#/datafile/list,0.0,2555.176470588235,118849.0,157084.0,34514.0
122375,San Diego Mesa College,CA,CCCAA,"Public, 2-year",347574.0,347574.0,103.0,561.0,57761.0,1.0,8.0,3283855,3283855,37687.0,10707.0,9.0,28.0,0.0,0,2025,2024-25,https://ope.ed.gov/athletics/#/datafile/list,0.0,3374.5048543689322,289813.0,638979.0,123343.0
122409,San Diego State University,CA,NCAA Division I-FBS,"Public, 4-year or above",24485873.0,22274021.0,116.0,83248.0,9656794.0,1.0,10.0,89827012,89827012,974230.0,332821.0,6.0,19.0,1246206.0,1510132,2025,2024-25,https://ope.ed.gov/athletics/#/datafile/list,2211852.0,192017.4224137931,12617227.0,12168979.0,4302440.0
122658,San Joaquin Delta College,CA,CCCAA,"Public, 2-year",252589.0,279836.0,57.0,1039.0,59205.0,1.0,9.0,3555862,3555862,41933.0,8554.0,10.0,30.0,0.0,0,2025,2024-25,https://ope.ed.gov/athletics/#/datafile/list,-27247.0,4909.403508771929,220631.0,675950.0,118919.0
122746,San Jose City College,CA,CCCAA,"Public, 2-year",271911.0,271911.0,68.0,1546.0,105095.0,1.0,11.0,1735715,1735715,41259.0,3809.0,5.0,20.0,0.0,0,2025,2024-25,https://ope.ed.gov/athletics/#/datafile/list,0.0,3998.6911764705883,166816.0,282475.0,83158.0
122755,San Jose State University,CA,NCAA Division I-FBS,"Public, 4-year or above",11937986.0,11937986.0,103.0,21562.0,2220879.0,1.0,14.0,42944067,42944067,213056.0,124344.0,7.0,27.0,359403.0,509471,2025,2024-25,https://ope.ed.gov/athletics/#/datafile/list,0.0,115902.77669902913,9717107.0,4848680.0,1953872.0
121619,Santa Ana College,CA,CCCAA,"Public, 2-year",289120.0,289120.0,89.0,1190.0,105869.0,1.0,6.0,2467398,2467398,37642.0,12112.0,6.0,19.0,0.0,0,2025,2024-25,https://ope.ed.gov/athletics/#/datafile/list,0.0,3248.5393258426966,183251.0,455980.0,110314.0
122889,Santa Barbara City College,CA,CCCAA,"Public, 2-year",278397.0,278397.0,75.0,1327.0,99554.0,1.0,7.0,3066541,3066541,30721.0,10876.0,8.0,16.0,0.0,0,2025,2024-25,https://ope.ed.gov/athletics/#/datafile/list,0.0,3711.96,178843.0,419784.0,106853.0
122977,Santa Monica College,CA,CCCAA,"Public, 2-year",259474.0,259474.0,96.0,451.0,43296.0,1.0,9.0,2316786,2316786,8492.0,9800.0,8.0,19.0,0.0,0,2025,2024-25,https://ope.ed.gov/athletics/#/datafile/list,0.0,2702.8541666666665,216178.0,254136.0,96692.0
123013,Santa Rosa Junior College,CA,CCCAA,"Public, 2-year",411749.0,379589.0,77.0,1304.0,100408.0,1.0,14.0,3102367,2907693,50309.0,2565.0,9.0,26.0,0.0,0,2025,2024-25,https://ope.ed.gov/athletics/#/datafile/list,32160.0,4929.727272727273,279181.0,519471.0,86219.0
140960,Savannah State University,GA,NCAA Division II with football,"Public, 4-year or above",549887.0,549887.0,129.0,338.0,43544.0,1.0,8.0,3377772,3377772,56500.0,28200.0,5.0,5.0,3837.0,7635,2025,2024-25,https://ope.ed.gov/athletics/#/datafile/list,0.0,4262.68992248062,506343.0,423500.0,282100.0
215947,Seton Hill University,PA,NCAA Division II with football,"Private nonprofit, 4-year or above",1703457.0,1703457.0,122.0,1473.0,179683.0,1.0,8.0,8879243,8879243,67022.0,30193.0,7.0,20.0,44567.0,107879,2025,2024-25,https://ope.ed.gov/athletics/#/datafile/list,0.0,13962.762295081968,1523774.0,1073014.0,308566.0
123299,Shasta College,CA,CCCAA,"Public, 2-year",165676.0,165676.0,88.0,590.0,51885.0,1.0,12.0,1170148,1170148,14710.0,5719.0,9.0,22.0,825.0,974,2025,2024-25,https://ope.ed.gov/athletics/#/datafile/list,0.0,1882.6818181818182,113791.0,258208.0,83338.0
199643,Shaw University,NC,NCAA Division II with football,"Private nonprofit, 4-year or above",1304306.0,1304306.0,111.0,1593.0,176785.0,1.0,7.0,5502050,5502050,50757.0,27429.0,5.0,12.0,49700.0,78700,2025,2024-25,https://ope.ed.gov/athletics/#/datafile/list,0.0,11750.504504504504,1127521.0,582933.0,242760.0
233541,Shenandoah University,VA,NCAA Division III with football,"Private nonprofit, 4-year or above",555929.0,555929.0,141.0,844.0,119007.0,1.0,11.0,4530069,4530069,54652.0,20285.0,9.0,20.0,43284.0,66523,2025,2024-25,https://ope.ed.gov/athletics/#/datafile/list,0.0,3942.758865248227,436922.0,897568.0,277787.0
237792,Shepherd University,WV,NCAA Division II with football,"Public, 4-year or above",1600213.0,1600213.0,113.0,1396.0,157700.0,1.0,13.0,5189910,5189910,51771.0,38735.0,7.0,16.0,210335.0,351034,2025,2024-25,https://ope.ed.gov/athletics/#/datafile/list,0.0,14161.176991150442,1442513.0,982157.0,555326.0
216010,Shippensburg University of Pennsylvania,PA,NCAA Division II with football,"Public, 4-year or above",1067116.0,1189904.0,95.0,2488.0,236367.0,1.0,10.0,11793935,11343880,66539.0,29925.0,8.0,16.0,19902.0,39322,2025,2024-25,https://ope.ed.gov/athletics/#/datafile/list,-122788.0,12525.305263157894,953537.0,1011112.0,365789.0
140988,Shorter University,GA,NCAA Division II with football,"Private nonprofit, 4-year or above",1573019.0,1573019.0,151.0,1391.0,210009.0,1.0,5.0,7067325,7067325,43216.0,27065.0,9.0,9.0,61611.0,70750,2025,2024-25,https://ope.ed.gov/athletics/#/datafile/list,0.0,10417.344370860927,1363010.0,632529.0,178541.0
172264,Siena Heights University,MI,NAIA Division II ,"Private nonprofit, 4-year or above",1821982.0,1821982.0,132.0,1464.0,193252.0,1.0,9.0,11102802,10576388,32643.0,10390.0,10.0,24.0,0.0,0,2025,2024-25,https://ope.ed.gov/athletics/#/datafile/list,0.0,13802.89393939394,1628730.0,575790.0,126153.0
123341,Sierra College,CA,CCCAA,"Public, 2-year",418083.0,410205.0,139.0,1262.0,175398.0,1.0,12.0,3919713,3691357,42698.0,12886.0,7.0,14.0,0.0,0,2025,2024-25,https://ope.ed.gov/athletics/#/datafile/list,7878.0,2951.115107913669,234807.0,479290.0,197330.0
154350,Simpson College,IA,NCAA Division III with football,"Private nonprofit, 4-year or above",656631.0,573130.0,115.0,1469.0,168935.0,1.0,7.0,4784796,4720405,38907.0,12035.0,12.0,30.0,50522.0,76750,2025,2024-25,https://ope.ed.gov/athletics/#/datafile/list,83501.0,4983.739130434783,404195.0,827934.0,123152.0
123457,Simpson University,CA,NAIA Division II ,"Private nonprofit, 4-year or above",3250960.0,3250960.0,108.0,2917.0,315000.0,1.0,4.0,15043952,15043952,52792.0,41272.0,10.0,11.0,31152.0,53637,2025,2024-25,https://ope.ed.gov/athletics/#/datafile/list,0.0,30101.48148148148,2935960.0,981912.0,217880.0
216038,Slippery Rock University of Pennsylvania,PA,NCAA Division II with football,"Public, 4-year or above",1364952.0,1349996.0,105.0,2247.0,235921.0,1.0,9.0,8558312,8558265,110489.0,66324.0,5.0,7.0,14970.0,29987,2025,2024-25,https://ope.ed.gov/athletics/#/datafile/list,14956.0,12857.104761904762,1114075.0,1016713.0,707405.0
230597,Snow College,UT,NJCAA Division I ,"Public, 4-year or above",1555022.0,1555022.0,82.0,9133.0,748918.0,1.0,8.0,5132310,5132310,49634.0,17271.0,6.0,11.0,9151.0,16073,2025,2024-25,https://ope.ed.gov/athletics/#/datafile/list,0.0,18963.682926829268,806104.0,487785.0,187802.0
218733,South Carolina State University,SC,NCAA Division I-FCS,"Public, 4-year or above",4260476.0,4260476.0,126.0,8354.0,1052554.0,1.0,11.0,13880289,13880289,154681.0,48816.0,4.0,15.0,118375.0,154166,2025,2024-25,https://ope.ed.gov/athletics/#/datafile/list,0.0,33813.30158730159,3207922.0,1350964.0,691657.0
219347,South Dakota School of Mines and Technology,SD,NCAA Division II with football,"Public, 4-year or above",1710720.0,1710720.0,119.0,1556.0,185114.0,1.0,8.0,5116047,5116047,76368.0,33948.0,5.0,12.0,39684.0,59044,2025,2024-25,https://ope.ed.gov/athletics/#/datafile/list,0.0,14375.79831932773,1525606.0,789216.0,347952.0
219356,South Dakota State University,SD,NCAA Division I-FCS,"Public, 4-year or above",5920753.0,5920753.0,114.0,10294.0,1173542.0,1.0,12.0,28715906,28715906,190316.0,60411.0,7.0,30.0,235864.0,355094,2025,2024-25,https://ope.ed.gov/athletics/#/datafile/list,0.0,51936.429824561405,4747211.0,3144542.0,915248.0
179557,Southeast Missouri State University,MO,NCAA Division I-FCS,"Public, 4-year or above",3681354.0,3681354.0,104.0,8550.0,889187.0,1.0,12.0,16185749,16185749,187866.0,51007.0,4.0,21.0,138326.0,209175,2025,2024-25,https://ope.ed.gov/athletics/#/datafile/list,0.0,35397.63461538462,2792167.0,1822611.0,799950.0
160612,Southeastern Louisiana University,LA,NCAA Division I-FCS,"Public, 4-year or above",4347683.0,4347683.0,130.0,4940.0,642155.0,1.0,10.0,19286332,19286332,166003.0,60545.0,5.0,19.0,45481.0,126866,2025,2024-25,https://ope.ed.gov/athletics/#/datafile/list,0.0,33443.71538461538,3705528.0,1980370.0,771453.0
207847,Southeastern Oklahoma State University,OK,NCAA Division II with football,"Public, 4-year or above",1455504.0,1455504.0,126.0,1946.0,245240.0,1.0,9.0,6753796,6753796,51757.0,21883.0,6.0,18.0,13778.0,25557,2025,2024-25,https://ope.ed.gov/athletics/#/datafile/list,0.0,11551.619047619048,1210264.0,704436.0,248704.0
137564,Southeastern University,FL,NAIA Division I ,"Private nonprofit, 4-year or above",1939933.0,1928184.0,133.0,1083.0,144038.0,1.0,10.0,11003502,10639863,56350.0,30227.0,10.0,16.0,38177.0,52448,2025,2024-25,https://ope.ed.gov/athletics/#/datafile/list,11749.0,14497.624060150376,1784146.0,1047132.0,358620.0
107983,Southern Arkansas University Main Campus,AR,NCAA Division II with football,"Public, 4-year or above",1278907.0,1278907.0,149.0,774.0,115265.0,1.0,5.0,6665233,6665233,54142.0,29465.0,7.0,13.0,12027.0,22232,2025,2024-25,https://ope.ed.gov/athletics/#/datafile/list,0.0,8583.26845637584,1163642.0,762039.0,201467.0
130493,Southern Connecticut State University,CT,NCAA Division II with football,"Public, 4-year or above",1253229.0,1253229.0,107.0,773.0,82718.0,1.0,9.0,10324519,10324519,130263.0,21895.0,6.0,25.0,10311.0,34262,2025,2024-25,https://ope.ed.gov/athletics/#/datafile/list,0.0,11712.420560747663,1170511.0,1328953.0,327318.0
149222,Southern Illinois University-Carbondale,IL,NCAA Division I-FCS,"Public, 4-year or above",5049671.0,5049671.0,105.0,12168.0,1277683.0,1.0,12.0,27439369,27439369,223161.0,59647.0,6.0,29.0,315254.0,490389,2025,2024-25,https://ope.ed.gov/athletics/#/datafile/list,0.0,48092.10476190476,3771988.0,3068729.0,938925.0
228246,Southern Methodist University,TX,NCAA Division I-FBS,"Private nonprofit, 4-year or above",45315587.0,45315587.0,122.0,50747.0,6191113.0,1.0,10.0,150225313,150225313,1760723.0,324733.0,7.0,24.0,2392459.0,3058270,2025,2024-25,https://ope.ed.gov/athletics/#/datafile/list,0.0,371439.237704918,39124474.0,20118653.0,5008053.0
206862,Southern Nazarene University,OK,NCAA Division II with football,"Private nonprofit, 4-year or above",1701062.0,1730397.0,167.0,1144.0,191022.0,1.0,9.0,11179569,10461244,49447.0,17470.0,10.0,19.0,37752.0,69441,2025,2024-25,https://ope.ed.gov/athletics/#/datafile/list,-29335.0,10361.65868263473,1539375.0,826400.0,206677.0
210146,Southern Oregon University,OR,NAIA Division II ,"Public, 4-year or above",1461785.0,1461785.0,118.0,3954.0,466603.0,1.0,15.0,7254974,7254974,47145.0,28894.0,8.0,24.0,37289.0,58173,2025,2024-25,https://ope.ed.gov/athletics/#/datafile/list,0.0,12388.00847457627,995182.0,1070616.0,480555.0
160621,Southern University and A & M College,LA,NCAA Division I-FCS,"Public, 4-year or above",3546837.0,3201863.0,122.0,6239.0,761156.0,1.0,10.0,13063612,13063612,114274.0,67080.0,6.0,20.0,14794.0,19521,2025,2024-25,https://ope.ed.gov/athletics/#/datafile/list,344974.0,26244.77868852459,2440707.0,2027244.0,785074.0
230603,Southern Utah University,UT,NCAA Division I-FCS,"Public, 4-year or above",5192172.0,4298109.0,110.0,10377.0,1141457.0,1.0,15.0,19562340,19562340,158854.0,36014.0,4.0,26.0,141345.0,254497,2025,2024-25,https://ope.ed.gov/athletics/#/datafile/list,894063.0,39073.718181818185,3156652.0,1571780.0,699064.0
233611,Southern Virginia University,VA,NCAA Division III with football,"Private nonprofit, 4-year or above",781838.0,781838.0,115.0,2191.0,252015.0,1.0,7.0,5990874,5990874,58271.0,16917.0,12.0,30.0,33592.0,52095,2025,2024-25,https://ope.ed.gov/athletics/#/datafile/list,0.0,6798.591304347826,529823.0,1206762.0,176690.0
179326,Southwest Baptist University,MO,NCAA Division II with football,"Private nonprofit, 4-year or above",1741181.0,1741181.0,113.0,1995.0,225460.0,1.0,7.0,9607116,9607116,38177.0,16188.0,8.0,20.0,27205.0,41183,2025,2024-25,https://ope.ed.gov/athletics/#/datafile/list,0.0,15408.681415929204,1515721.0,629176.0,151493.0
175078,Southwest Minnesota State University,MN,NCAA Division II with football,"Public, 4-year or above",1337500.0,1337500.0,108.0,1893.0,204441.0,1.0,6.0,7225114,7225114,76530.0,30171.0,5.0,13.0,37473.0,44376,2025,2024-25,https://ope.ed.gov/athletics/#/datafile/list,0.0,12384.25925925926,1133059.0,774873.0,257556.0
176354,Southwest Mississippi Community College,MS,NJCAA Division I ,"Public, 2-year",981597.0,981597.0,70.0,1920.0,134386.0,1.0,7.0,3523836,3523836,60211.0,49024.0,6.0,8.0,79211.0,121578,2025,2024-25,https://ope.ed.gov/athletics/#/datafile/list,0.0,14022.814285714287,847211.0,753458.0,403379.0
155900,Southwestern College,KS,NAIA Division II ,"Private nonprofit, 4-year or above",2189432.0,2137410.0,136.0,741.0,100741.0,1.0,9.0,7349178,7149178,84550.0,13693.0,8.0,24.0,26631.0,35868,2025,2024-25,https://ope.ed.gov/athletics/#/datafile/list,52022.0,15716.25,2036669.0,1005032.0,207787.0
123800,Southwestern College,CA,CCCAA,"Public, 2-year",182444.0,180638.0,98.0,362.0,35476.0,1.0,6.0,1138008,1136101,25269.0,7122.0,8.0,13.0,0.0,0,2025,2024-25,https://ope.ed.gov/athletics/#/datafile/list,1806.0,1843.2448979591836,145162.0,294738.0,68001.0
207865,Southwestern Oklahoma State University,OK,NCAA Division II with football,"Public, 4-year or above",1545755.0,1545755.0,132.0,1525.0,201365.0,1.0,10.0,6206241,6206241,61654.0,27251.0,5.0,15.0,62876.0,106913,2025,2024-25,https://ope.ed.gov/athletics/#/datafile/list,0.0,11710.265151515152,1344390.0,717035.0,334164.0
228343,Southwestern University,TX,NCAA Division III with football,"Private nonprofit, 4-year or above",973560.0,892435.0,95.0,3883.0,368908.0,1.0,11.0,6592934,6206253,46295.0,20706.0,10.0,22.0,71253.0,102527,2025,2024-25,https://ope.ed.gov/athletics/#/datafile/list,81125.0,9394.052631578947,523527.0,918482.0,274061.0
167899,Springfield College,MA,NCAA Division III with football,"Private nonprofit, 4-year or above",1184292.0,1184292.0,134.0,2427.0,325276.0,1.0,12.0,6665588,6665588,51694.0,26056.0,14.0,7.0,187802.0,239041,2025,2024-25,https://ope.ed.gov/athletics/#/datafile/list,0.0,8838.0,859016.0,906108.0,364366.0
195216,St Lawrence University,NY,NCAA Division III with football,"Private nonprofit, 4-year or above",687372.0,687372.0,97.0,1341.0,130109.0,1.0,7.0,12864840,12864840,55439.0,21289.0,15.0,30.0,141339.0,269863,2025,2024-25,https://ope.ed.gov/athletics/#/datafile/list,0.0,7086.309278350515,557263.0,1470255.0,204462.0
174844,St Olaf College,MN,NCAA Division III with football,"Private nonprofit, 4-year or above",633617.0,626501.0,100.0,1450.0,145022.0,1.0,9.0,5837515,5764191,49724.0,10632.0,13.0,44.0,35793.0,59440,2025,2024-25,https://ope.ed.gov/athletics/#/datafile/list,7116.0,6265.01,481479.0,1114220.0,145412.0
195720,St. John Fisher University,NY,NCAA Division III with football,"Private nonprofit, 4-year or above",803072.0,730011.0,148.0,1435.0,212446.0,1.0,9.0,6940800,6458144,55167.0,10266.0,12.0,42.0,126258.0,188409,2025,2024-25,https://ope.ed.gov/athletics/#/datafile/list,73061.0,4932.506756756757,517565.0,1093176.0,147561.0
137476,St. Thomas University,FL,NAIA Division I ,"Private nonprofit, 4-year or above",2460498.0,2460498.0,107.0,5682.0,608010.0,1.0,18.0,12346319,12346319,49169.0,41870.0,11.0,17.0,82236.0,117151,2025,2024-25,https://ope.ed.gov/athletics/#/datafile/list,0.0,22995.30841121495,1852488.0,1252649.0,802829.0
243744,Stanford University,CA,NCAA Division I-FBS,"Private nonprofit, 4-year or above",35992019.0,35992019.0,110.0,88970.0,9786726.0,1.0,10.0,192802320,192802320,500525.0,159558.0,17.0,56.0,1703976.0,2749246,2025,2024-25,https://ope.ed.gov/athletics/#/datafile/list,0.0,327200.17272727273,26205293.0,17444173.0,2096105.0
196149,State University of New York at Cortland,NY,NCAA Division III with football,"Public, 4-year or above",787291.0,787291.0,127.0,1464.0,185898.0,1.0,27.0,7123595,6929116,58139.0,13291.0,11.0,43.0,57386.0,104293,2025,2024-25,https://ope.ed.gov/athletics/#/datafile/list,0.0,6199.141732283465,601393.0,1211042.0,416996.0
228431,Stephen F Austin State University,TX,NCAA Division I-FCS,"Public, 4-year or above",5514651.0,5514651.0,140.0,4724.0,661327.0,1.0,10.0,22450088,22450088,206865.0,91104.0,5.0,19.0,289929.0,444639,2025,2024-25,https://ope.ed.gov/athletics/#/datafile/list,0.0,39390.364285714284,4853324.0,2765301.0,1117905.0
155937,Sterling College,KS,NAIA Division II ,"Private nonprofit, 4-year or above",1202698.0,1175165.0,98.0,681.0,66770.0,1.0,11.0,7399774,7155562,30076.0,9036.0,8.0,20.0,6783.0,10671,2025,2024-25,https://ope.ed.gov/athletics/#/datafile/list,27533.0,11991.479591836734,1108395.0,421328.0,129472.0
137546,Stetson University,FL,NCAA Division I-FCS,"Private nonprofit, 4-year or above",2271947.0,2271947.0,132.0,8023.0,1059033.0,1.0,8.0,25375464,25375464,128245.0,44881.0,8.0,20.0,136986.0,280139,2025,2024-25,https://ope.ed.gov/athletics/#/datafile/list,0.0,17211.719696969696,1212914.0,1923580.0,487293.0
164173,Stevenson University,MD,NCAA Division III with football,"Private nonprofit, 4-year or above",623232.0,622903.0,137.0,1804.0,247155.0,1.0,6.0,6846144,6535709,45704.0,14711.0,14.0,25.0,81931.0,137940,2025,2024-25,https://ope.ed.gov/athletics/#/datafile/list,329.0,4546.737226277372,375748.0,1007631.0,133970.0
167996,Stonehill College,MA,NCAA Division I-FCS,"Private nonprofit, 4-year or above",3522909.0,3522909.0,125.0,1969.0,246124.0,1.0,10.0,20977828,20977828,96062.0,34551.0,8.0,22.0,100713.0,186040,2025,2024-25,https://ope.ed.gov/athletics/#/datafile/list,0.0,28183.272,3276785.0,1528618.0,441572.0
196097,Stony Brook University,NY,NCAA Division I-FCS,"Public, 4-year or above",8212551.0,8212551.0,116.0,10611.0,1230876.0,1.0,11.0,42532759,42532759,278527.0,88381.0,6.0,21.0,298909.0,468154,2025,2024-25,https://ope.ed.gov/athletics/#/datafile/list,0.0,70797.85344827586,6981675.0,3527163.0,1250718.0
228501,Sul Ross State University,TX,NCAA Division II with football,"Public, 4-year or above",712302.0,731290.0,126.0,1327.0,167241.0,1.0,6.0,2926471,2728059,40660.0,38390.0,6.0,8.0,45442.0,62474,2025,2024-25,https://ope.ed.gov/athletics/#/datafile/list,-18988.0,5803.888888888889,564049.0,551080.0,271000.0
216278,Susquehanna University,PA,NCAA Division III with football,"Private nonprofit, 4-year or above",694760.0,694760.0,128.0,1945.0,248960.0,1.0,8.0,4480309,4480309,61195.0,16077.0,9.0,23.0,41574.0,75207,2025,2024-25,https://ope.ed.gov/athletics/#/datafile/list,0.0,5427.8125,445800.0,920526.0,189811.0
247603,Sussex County Community College,NJ,NJCAA Division III ,"Public, 2-year",265358.0,265358.0,115.0,1438.0,165401.0,1.0,11.0,922461,922461,8070.0,4440.0,6.0,17.0,1774.0,1774,2025,2024-25,https://ope.ed.gov/athletics/#/datafile/list,0.0,2307.4608695652173,99957.0,123900.0,56910.0
196413,Syracuse University,NY,NCAA Division I-FBS,"Private nonprofit, 4-year or above",64585287.0,42090055.0,124.0,50504.0,6262473.0,1.0,10.0,120839134,108994576,1326844.0,288540.0,6.0,24.0,1659723.0,2085676,2025,2024-25,https://ope.ed.gov/athletics/#/datafile/list,22495232.0,339435.92741935485,35827582.0,14886024.0,4212244.0
155973,Tabor College,KS,NAIA Division I ,"Private nonprofit, 4-year or above",1636439.0,1588214.0,107.0,708.0,75776.0,1.0,6.0,6120571,5851290,32876.0,9220.0,9.0,15.0,48538.0,86875,2025,2024-25,https://ope.ed.gov/athletics/#/datafile/list,48225.0,14843.121495327103,1512438.0,434184.0,88196.0
228529,Tarleton State University,TX,NCAA Division I-FCS,"Public, 4-year or above",8832292.0,8832292.0,128.0,19208.0,2458595.0,1.0,12.0,34277745,34277745,162875.0,81555.0,5.0,22.0,373436.0,652225,2025,2024-25,https://ope.ed.gov/athletics/#/datafile/list,0.0,69002.28125,6373697.0,2608585.0,1141535.0
152530,Taylor University,IN,NAIA Division I ,"Private nonprofit, 4-year or above",1541437.0,1512614.0,103.0,1975.0,203404.0,1.0,6.0,7875922,7004609,36026.0,14432.0,8.0,17.0,38415.0,63919,2025,2024-25,https://ope.ed.gov/athletics/#/datafile/list,28823.0,14685.57281553398,1309210.0,533552.0,122618.0
216339,Temple University,PA,NCAA Division I-FBS,"Public, 4-year or above",26295531.0,26295531.0,115.0,34396.0,3955577.0,1.0,10.0,71198560,71198560,445931.0,167708.0,7.0,22.0,620782.0,810303,2025,2024-25,https://ope.ed.gov/athletics/#/datafile/list,0.0,228656.79130434783,22339954.0,6811093.0,2123011.0
221838,Tennessee State University,TN,NCAA Division I-FCS,"Public, 4-year or above",6913955.0,6913955.0,109.0,14393.0,1568835.0,1.0,11.0,18708180,18622127,172149.0,71563.0,5.0,18.0,56167.0,116255,2025,2024-25,https://ope.ed.gov/athletics/#/datafile/list,0.0,63430.779816513765,5345120.0,2148879.0,959342.0
221847,Tennessee Technological University,TN,NCAA Division I-FCS,"Public, 4-year or above",5746678.0,5746678.0,111.0,10335.0,1147143.0,1.0,12.0,20355959,20355959,164381.0,74641.0,6.0,20.0,189933.0,260300,2025,2024-25,https://ope.ed.gov/athletics/#/datafile/list,0.0,51771.873873873876,4599535.0,2479106.0,1060073.0
228723,Texas A&M University-College Station,TX,NCAA Division I-FBS,"Public, 4-year or above",108474281.0,60230146.0,146.0,77105.0,11257278.0,1.0,10.0,235498020,228301283,1912128.0,369145.0,7.0,33.0,3940030.0,4898792,2025,2024-25,https://ope.ed.gov/athletics/#/datafile/list,48244135.0,412535.2465753425,48972868.0,25566681.0,5603578.0
228705,Texas A&M University-Kingsville,TX,NCAA Division II with football,"Public, 4-year or above",3018652.0,2427631.0,158.0,5055.0,798615.0,1.0,13.0,8720343,8720343,100608.0,33046.0,4.0,11.0,86720.0,143518,2025,2024-25,https://ope.ed.gov/athletics/#/datafile/list,591021.0,15364.753164556962,1629016.0,765938.0,530206.0
228875,Texas Christian University,TX,NCAA Division I-FBS,"Private nonprofit, 4-year or above",59568339.0,59568339.0,130.0,79322.0,10311920.0,1.0,26.0,155989500,155989500,1811739.0,214254.0,7.0,50.0,1639673.0,2358075,2025,2024-25,https://ope.ed.gov/athletics/#/datafile/list,0.0,458217.9923076923,49256419.0,23394873.0,7382343.0
228884,Texas College,TX,NAIA Division I ,"Private nonprofit, 4-year or above",698530.0,698530.0,77.0,3077.0,236933.0,1.0,4.0,2820429,2820429,22000.0,9167.0,5.0,5.0,0.0,0,2025,2024-25,https://ope.ed.gov/athletics/#/datafile/list,0.0,9071.818181818182,461597.0,155835.0,58668.0
228981,Texas Lutheran University,TX,NCAA Division III with football,"Private nonprofit, 4-year or above",815587.0,798435.0,169.0,1324.0,223681.0,1.0,7.0,4131827,4118757,59439.0,32506.0,8.0,14.0,9426.0,11680,2025,2024-25,https://ope.ed.gov/athletics/#/datafile/list,17152.0,4724.467455621302,574754.0,930596.0,286981.0
229063,Texas Southern University,TX,NCAA Division I-FCS,"Public, 4-year or above",2750637.0,2750637.0,120.0,509.0,61085.0,1.0,13.0,12453738,12453738,196426.0,76549.0,5.0,20.0,75645.0,91845,2025,2024-25,https://ope.ed.gov/athletics/#/datafile/list,0.0,22921.975,2689552.0,2513110.0,1191563.0
228459,Texas State University,TX,NCAA Division I-FBS,"Public, 4-year or above",21622408.0,21622408.0,120.0,37716.0,4525910.0,1.0,10.0,52238898,52238898,476981.0,131221.0,5.0,20.0,854093.0,1017674,2025,2024-25,https://ope.ed.gov/athletics/#/datafile/list,0.0,180186.73333333334,17096498.0,5009325.0,1789191.0
229115,Texas Tech University,TX,NCAA Division I-FBS,"Public, 4-year or above",69872378.0,39745662.0,123.0,83371.0,10254583.0,1.0,18.0,128777718,127895343,1927922.0,291503.0,6.0,33.0,2109685.0,2950060,2025,2024-25,https://ope.ed.gov/athletics/#/datafile/list,30126716.0,323135.46341463417,29491079.0,21187131.0,7174976.0
229160,Texas Wesleyan University,TX,NAIA Division I ,"Private nonprofit, 4-year or above",1674832.0,1584875.0,115.0,2888.0,332117.0,1.0,7.0,8469816,7976544,47615.0,30891.0,8.0,14.0,18292.0,23948,2025,2024-25,https://ope.ed.gov/athletics/#/datafile/list,89957.0,13781.521739130434,1252758.0,813394.0,263852.0
216296,Thaddeus Stevens College of Technology,PA,NJCAA Division III ,"Public, 2-year",143583.0,140838.0,91.0,1048.0,95370.0,1.0,9.0,341832,338347,6064.0,5665.0,5.0,8.0,0.0,0,2025,2024-25,https://ope.ed.gov/athletics/#/datafile/list,2745.0,1547.6703296703297,45468.0,75640.0,57049.0
131283,The Catholic University of America,DC,NCAA Division III with football,"Private nonprofit, 4-year or above",670988.0,575397.0,105.0,2679.0,281340.0,1.0,11.0,6134935,6105642,55826.0,13123.0,10.0,24.0,42242.0,79463,2025,2024-25,https://ope.ed.gov/athletics/#/datafile/list,95591.0,5479.971428571429,294057.0,873212.0,200179.0
142294,The College of Idaho,ID,NAIA Division II ,"Private nonprofit, 4-year or above",2066362.0,2066362.0,131.0,2149.0,281561.0,1.0,13.0,7306674,7306674,39687.0,13640.0,9.0,24.0,40756.0,48411,2025,2024-25,https://ope.ed.gov/athletics/#/datafile/list,0.0,15773.75572519084,1784801.0,684543.0,217007.0
187134,The College of New Jersey,NJ,NCAA Division III with football,"Public, 4-year or above",510897.0,510897.0,100.0,1111.0,111118.0,1.0,7.0,4918463,4918463,94185.0,13431.0,8.0,28.0,23025.0,43150,2025,2024-25,https://ope.ed.gov/athletics/#/datafile/list,0.0,5108.97,399779.0,1129548.0,188202.0
174899,The College of Saint Scholastica,MN,NCAA Division III with football,"Private nonprofit, 4-year or above",590098.0,540633.0,67.0,1037.0,69498.0,1.0,8.0,5105306,4320998,39836.0,10069.0,11.0,29.0,17625.0,22425,2025,2024-25,https://ope.ed.gov/athletics/#/datafile/list,49465.0,8069.149253731343,471135.0,730197.0,120388.0
206589,The College of Wooster,OH,NCAA Division III with football,"Private nonprofit, 4-year or above",542181.0,506014.0,72.0,1094.0,78733.0,1.0,7.0,5893370,5002139,51398.0,18131.0,9.0,15.0,44025.0,69056,2025,2024-25,https://ope.ed.gov/athletics/#/datafile/list,36167.0,7027.972222222223,427281.0,734547.0,178315.0
100751,The University of Alabama,AL,NCAA Division I-FBS,"Public, 4-year or above",146325227.0,81502191.0,132.0,102040.0,13469329.0,1.0,10.0,244551544,229908712,1371013.0,521039.0,7.0,29.0,5296404.0,6162081,2025,2024-25,https://ope.ed.gov/athletics/#/datafile/list,64823036.0,617440.8409090909,68032862.0,24707222.0,6581403.0
202763,The University of Findlay,OH,NCAA Division II with football,"Private nonprofit, 4-year or above",2609157.0,2541664.0,130.0,1082.0,140644.0,1.0,9.0,15301713,13764356,60083.0,28566.0,9.0,20.0,26195.0,43369,2025,2024-25,https://ope.ed.gov/athletics/#/datafile/list,67493.0,19551.26153846154,2401020.0,1112067.0,317177.0
180489,The University of Montana,MT,NCAA Division I-FCS,"Public, 4-year or above",11316096.0,8889920.0,134.0,3896.0,522069.0,1.0,9.0,30414535,30414535,318373.0,107612.0,4.0,17.0,341441.0,546902,2025,2024-25,https://ope.ed.gov/athletics/#/datafile/list,2426176.0,66342.68656716419,8367851.0,3102896.0,1286881.0
180692,The University of Montana-Western,MT,NAIA Division I ,"Public, 4-year or above",1292370.0,1053984.0,125.0,2571.0,321410.0,1.0,5.0,3263329,2902127,53255.0,27775.0,4.0,6.0,48687.0,87407,2025,2024-25,https://ope.ed.gov/athletics/#/datafile/list,238386.0,8431.872,732574.0,379670.0,192130.0
171599,The University of Olivet,MI,NCAA Division III with football,"Private nonprofit, 4-year or above",596027.0,596027.0,139.0,1293.0,179742.0,1.0,8.0,2881427,2881427,34042.0,13914.0,13.0,32.0,11217.0,16467,2025,2024-25,https://ope.ed.gov/athletics/#/datafile/list,0.0,4287.964028776978,416285.0,887794.0,145354.0
221740,The University of Tennessee-Chattanooga,TN,NCAA Division I-FCS,"Public, 4-year or above",6543957.0,6543957.0,117.0,6654.0,778492.0,1.0,10.0,26447806,26447806,176029.0,86134.0,6.0,17.0,459226.0,698294,2025,2024-25,https://ope.ed.gov/athletics/#/datafile/list,0.0,55931.256410256414,5765465.0,2520452.0,1037369.0
221759,The University of Tennessee-Knoxville,TN,NCAA Division I-FBS,"Public, 4-year or above",162539638.0,61240437.0,123.0,57236.0,7040028.0,1.0,10.0,285364027,285364027,2988550.0,328274.0,7.0,37.0,3734226.0,5125917,2025,2024-25,https://ope.ed.gov/athletics/#/datafile/list,101299201.0,497889.73170731706,54200409.0,33065988.0,6271290.0
221768,The University of Tennessee-Martin,TN,NCAA Division I-FCS,"Public, 4-year or above",3935880.0,3981711.0,116.0,6691.0,776155.0,1.0,8.0,15610419,15610419,103043.0,41314.0,6.0,19.0,140499.0,172021,2025,2024-25,https://ope.ed.gov/athletics/#/datafile/list,-45831.0,34325.09482758621,3205556.0,1403224.0,433555.0
229018,The University of Texas Permian Basin,TX,NCAA Division II with football,"Public, 4-year or above",1700260.0,3173171.0,156.0,2498.0,389610.0,1.0,12.0,9464922,9464922,94333.0,36034.0,6.0,18.0,45666.0,67998,2025,2024-25,https://ope.ed.gov/athletics/#/datafile/list,-1472911.0,20340.839743589742,2783561.0,1214610.0,526741.0
228778,The University of Texas at Austin,TX,NCAA Division I-FBS,"Public, 4-year or above",171892714.0,70405628.0,118.0,50851.0,6000446.0,1.0,17.0,343106827,277413781,2619784.0,388714.0,7.0,33.0,4607960.0,5755764,2025,2024-25,https://ope.ed.gov/athletics/#/datafile/list,101487086.0,596657.8644067796,64405182.0,31166050.0,9227922.0
228796,The University of Texas at El Paso,TX,NCAA Division I-FBS,"Public, 4-year or above",13123683.0,11062136.0,114.0,20738.0,2364138.0,1.0,16.0,32413794,32413794,431712.0,92150.0,4.0,21.0,547446.0,773900,2025,2024-25,https://ope.ed.gov/athletics/#/datafile/list,2061547.0,97036.28070175438,8697998.0,3661998.0,1906112.0
229027,The University of Texas at San Antonio,TX,NCAA Division I-FBS,"Public, 4-year or above",17853035.0,17853035.0,118.0,31293.0,3692629.0,1.0,14.0,54436434,49898232,670430.0,199045.0,6.0,23.0,595857.0,802446,2025,2024-25,https://ope.ed.gov/athletics/#/datafile/list,0.0,151296.90677966102,14160406.0,8600615.0,3457060.0
221519,The University of the South,TN,NCAA Division III with football,"Private nonprofit, 4-year or above",881081.0,881081.0,90.0,3455.0,310938.0,1.0,5.0,5812663,5812663,71221.0,40038.0,11.0,13.0,77086.0,121687,2025,2024-25,https://ope.ed.gov/athletics/#/datafile/list,0.0,9789.788888888888,570143.0,1303925.0,271411.0
216357,Thiel College,PA,NCAA Division III with football,"Private nonprofit, 4-year or above",417345.0,417345.0,106.0,731.0,77516.0,1.0,8.0,2877766,2877766,42498.0,23156.0,10.0,17.0,22802.0,36079,2025,2024-25,https://ope.ed.gov/athletics/#/datafile/list,0.0,3937.2169811320755,339829.0,818632.0,227746.0
157809,Thomas More University,KY,NCAA Division II with football,"Private nonprofit, 4-year or above",1624190.0,1550812.0,137.0,835.0,114410.0,1.0,17.0,7532308,6374067,30158.0,10793.0,13.0,32.0,30017.0,46101,2025,2024-25,https://ope.ed.gov/athletics/#/datafile/list,73378.0,11319.795620437957,1436402.0,737430.0,213639.0
141167,Thomas University,GA,NAIA Division I ,"Private nonprofit, 4-year or above",928569.0,600234.0,75.0,2418.0,181313.0,1.0,7.0,4167654,4167654,54039.0,36022.0,6.0,10.0,4541.0,8026,2025,2024-25,https://ope.ed.gov/athletics/#/datafile/list,328335.0,8003.12,418921.0,684454.0,306193.0
206048,Tiffin University,OH,NCAA Division II with football,"Private nonprofit, 4-year or above",2056060.0,2056060.0,154.0,1403.0,216118.0,1.0,9.0,11585502,11585502,54594.0,30617.0,9.0,20.0,61505.0,91662,2025,2024-25,https://ope.ed.gov/athletics/#/datafile/list,0.0,13351.038961038961,1839942.0,1103686.0,330147.0
164076,Towson University,MD,NCAA Division I-FCS,"Public, 4-year or above",5646644.0,5646644.0,106.0,8217.0,870971.0,1.0,10.0,29350327,29350327,256345.0,90794.0,6.0,22.0,220652.0,392389,2025,2024-25,https://ope.ed.gov/athletics/#/datafile/list,0.0,53270.22641509434,4775673.0,3535538.0,1164285.0
152567,Trine University,IN,NCAA Division III with football,"Private nonprofit, 4-year or above",832535.0,811874.0,232.0,889.0,206335.0,1.0,11.0,6233312,6005129,47462.0,17442.0,13.0,34.0,74210.0,113074,2025,2024-25,https://ope.ed.gov/athletics/#/datafile/list,20661.0,3499.456896551724,605539.0,1210034.0,239324.0
130590,Trinity College,CT,NCAA Division III with football,"Private nonprofit, 4-year or above",1217292.0,1217292.0,104.0,2020.0,210070.0,1.0,10.0,11194481,11194481,75716.0,27850.0,13.0,32.0,67362.0,106038,2025,2024-25,https://ope.ed.gov/athletics/#/datafile/list,0.0,11704.73076923077,1007222.0,1875508.0,354216.0
229267,Trinity University,TX,NCAA Division III with football,"Private nonprofit, 4-year or above",1541150.0,1535345.0,124.0,5497.0,681604.0,1.0,12.0,8468541,8375292,91709.0,30393.0,10.0,30.0,0.0,0,2025,2024-25,https://ope.ed.gov/athletics/#/datafile/list,5805.0,12381.814516129032,853741.0,1828880.0,456425.0
225308,Trinity Valley Community College,TX,NJCAA Division I ,"Public, 2-year",1132808.0,1132808.0,91.0,2131.0,193941.0,1.0,7.0,5800609,5800609,54051.0,44294.0,2.0,9.0,36458.0,83222,2025,2024-25,https://ope.ed.gov/athletics/#/datafile/list,0.0,12448.439560439561,938867.0,506748.0,364109.0
102368,Troy University,AL,NCAA Division I-FBS,"Public, 4-year or above",12597439.0,10281345.0,129.0,9868.0,1273008.0,1.0,14.0,39742013,39742013,385149.0,194502.0,6.0,26.0,371608.0,533038,2025,2024-25,https://ope.ed.gov/athletics/#/datafile/list,2316094.0,79700.3488372093,9008337.0,7367946.0,3108177.0
178615,Truman State University,MO,NCAA Division II with football,"Public, 4-year or above",1409012.0,1409012.0,94.0,1957.0,183974.0,1.0,6.0,6325891,6325891,53067.0,36460.0,7.0,10.0,40389.0,62249,2025,2024-25,https://ope.ed.gov/athletics/#/datafile/list,0.0,14989.489361702128,1225038.0,736069.0,271827.0
168148,Tufts University,MA,NCAA Division III with football,"Private nonprofit, 4-year or above",1252454.0,1134109.0,93.0,2457.0,228471.0,1.0,12.0,12733718,12733718,82745.0,23139.0,12.0,43.0,94184.0,139023,2025,2024-25,https://ope.ed.gov/athletics/#/datafile/list,118345.0,12194.720430107527,905638.0,1987917.0,360413.0
160755,Tulane University of Louisiana,LA,NCAA Division I-FBS,"Private nonprofit, 4-year or above",23998569.0,22676121.0,125.0,12533.0,1566610.0,1.0,17.0,66211945,66211945,955778.0,170726.0,5.0,28.0,1081320.0,1445062,2025,2024-25,https://ope.ed.gov/athletics/#/datafile/list,1322448.0,181408.968,21109511.0,9559218.0,3858120.0
221953,Tusculum University,TN,NCAA Division II with football,"Private nonprofit, 4-year or above",1697735.0,1696350.0,149.0,1296.0,193040.0,1.0,8.0,9253141,9253141,39867.0,28639.0,11.0,16.0,59337.0,80449,2025,2024-25,https://ope.ed.gov/athletics/#/datafile/list,1385.0,11384.899328859061,1503310.0,896761.0,268979.0
102377,Tuskegee University,AL,NCAA Division II with football,"Private nonprofit, 4-year or above",2495545.0,2495545.0,143.0,1494.0,213620.0,1.0,9.0,5773045,5773045,110004.0,98455.0,7.0,11.0,79557.0,89812,2025,2024-25,https://ope.ed.gov/athletics/#/datafile/list,0.0,17451.363636363636,2281925.0,1853033.0,996099.0
229355,Tyler Junior College,TX,NJCAA Division I ,"Public, 2-year",1009556.0,1009556.0,94.0,1016.0,95529.0,1.0,5.0,5708535,5708535,74823.0,31565.0,6.0,9.0,11863.0,28929,2025,2024-25,https://ope.ed.gov/athletics/#/datafile/list,0.0,10739.95744680851,914027.0,733023.0,232648.0
196866,Union College,NY,NCAA Division III with football,"Private nonprofit, 4-year or above",860100.0,797104.0,100.0,1213.0,121260.0,1.0,10.0,10380250,10278068,76972.0,19397.0,10.0,24.0,87569.0,154110,2025,2024-25,https://ope.ed.gov/athletics/#/datafile/list,62996.0,7971.04,675844.0,1235248.0,270942.0
157863,Union Commonwealth University,KY,NAIA Division I ,"Private nonprofit, 4-year or above",3387876.0,3383778.0,164.0,1189.0,195007.0,1.0,5.0,13076134,12960795,31758.0,28302.0,10.0,8.0,5658.0,6752,2025,2024-25,https://ope.ed.gov/athletics/#/datafile/list,4098.0,20632.79268292683,3188771.0,543996.0,173268.0
197027,United States Merchant Marine Academy,NY,NCAA Division III with football,"Public, 4-year or above",534987.0,523324.0,100.0,1441.0,144060.0,1.0,7.0,5696055,4772963,44054.0,31412.0,11.0,15.0,32547.0,46921,2025,2024-25,https://ope.ed.gov/athletics/#/datafile/list,11663.0,5233.24,379264.0,955774.0,263938.0
196060,University at Albany,NY,NCAA Division I-FCS,"Public, 4-year or above",5650342.0,4949388.0,100.0,9939.0,993921.0,1.0,12.0,24549745,24549745,163398.0,49920.0,8.0,31.0,230429.0,370107,2025,2024-25,https://ope.ed.gov/athletics/#/datafile/list,700954.0,49493.88,3955467.0,2854704.0,762438.0
196088,University at Buffalo,NY,NCAA Division I-FBS,"Public, 4-year or above",14098031.0,14098031.0,118.0,20292.0,2394433.0,1.0,14.0,49986844,49986844,222405.0,87372.0,5.0,27.0,503371.0,704266,2025,2024-25,https://ope.ed.gov/athletics/#/datafile/list,0.0,119474.83898305085,11703598.0,3471069.0,1445613.0
200800,University of Akron Main Campus,OH,NCAA Division I-FBS,"Public, 4-year or above",7630898.0,7630898.0,110.0,18997.0,2089687.0,1.0,19.0,33581790,33581788,233555.0,68253.0,5.0,37.0,240369.0,368419,2025,2024-25,https://ope.ed.gov/athletics/#/datafile/list,0.0,69371.8,5541211.0,3693136.0,1530362.0
100663,University of Alabama at Birmingham,AL,NCAA Division I-FBS,"Public, 4-year or above",14442335.0,13162064.0,120.0,17747.0,2129605.0,1.0,10.0,43889337,40789883,510534.0,110441.0,6.0,23.0,515346.0,783382,2025,2024-25,https://ope.ed.gov/athletics/#/datafile/list,1280271.0,109683.86666666667,11032459.0,5603347.0,1614944.0
104179,University of Arizona,AZ,NCAA Division I-FBS,"Public, 4-year or above",37795880.0,37795880.0,113.0,56827.0,6421443.0,1.0,14.0,132661899,132661899,979367.0,253284.0,9.0,37.0,2597121.0,3399513,2025,2024-25,https://ope.ed.gov/athletics/#/datafile/list,0.0,334476.81415929203,31374437.0,18185811.0,4525343.0
106397,University of Arkansas,AR,NCAA Division I-FBS,"Public, 4-year or above",90791403.0,57370871.0,127.0,64621.0,8206839.0,1.0,14.0,195879594,188988863,3332039.0,471042.0,6.0,26.0,2544123.0,3366515,2025,2024-25,https://ope.ed.gov/athletics/#/datafile/list,33420532.0,451739.14173228346,49164032.0,32239326.0,9926627.0
106485,University of Arkansas at Monticello,AR,NCAA Division II with football,"Public, 4-year or above",1569629.0,1569629.0,135.0,2266.0,305968.0,1.0,5.0,5218849,5218849,62058.0,38840.0,4.0,7.0,45647.0,69228,2025,2024-25,https://ope.ed.gov/athletics/#/datafile/list,0.0,11626.881481481481,1263661.0,520112.0,256258.0
106412,University of Arkansas at Pine Bluff,AR,NCAA Division I-FCS,"Public, 4-year or above",2111782.0,2111782.0,110.0,1177.0,129466.0,1.0,8.0,9302196,9302196,135753.0,44151.0,5.0,14.0,3787.0,10819,2025,2024-25,https://ope.ed.gov/athletics/#/datafile/list,0.0,19198.01818181818,1982316.0,1296879.0,488961.0
110635,University of California-Berkeley,CA,NCAA Division I-FBS,"Public, 4-year or above",63954618.0,46721911.0,120.0,90136.0,10816270.0,1.0,10.0,173116318,173116318,788336.0,231773.0,12.0,39.0,2681244.0,3866291,2025,2024-25,https://ope.ed.gov/athletics/#/datafile/list,17232707.0,389349.25833333336,35905641.0,18499179.0,3106066.0
110644,University of California-Davis,CA,NCAA Division I-FCS,"Public, 4-year or above",7800036.0,7800036.0,116.0,12565.0,1457515.0,1.0,12.0,46854471,46854471,171555.0,60118.0,9.0,27.0,316782.0,539135,2025,2024-25,https://ope.ed.gov/athletics/#/datafile/list,0.0,67241.68965517242,6342521.0,3167181.0,892971.0
110662,University of California-Los Angeles,CA,NCAA Division I-FBS,"Public, 4-year or above",55205071.0,55205071.0,121.0,69760.0,8440938.0,1.0,10.0,173429394,173429394,1293740.0,256592.0,9.0,36.0,2762235.0,3500798,2025,2024-25,https://ope.ed.gov/athletics/#/datafile/list,0.0,456240.2561983471,46764133.0,20880972.0,3859660.0
106704,University of Central Arkansas,AR,NCAA Division I-FCS,"Public, 4-year or above",4370247.0,4370247.0,165.0,5367.0,885495.0,1.0,12.0,17748955,17748955,107357.0,37921.0,6.0,27.0,180781.0,308749,2025,2024-25,https://ope.ed.gov/athletics/#/datafile/list,0.0,26486.345454545455,3484752.0,1668009.0,562409.0
132903,University of Central Florida,FL,NCAA Division I-FBS,"Public, 4-year or above",30085713.0,38695138.0,120.0,64652.0,7758277.0,1.0,10.0,108885086,103615446,1226225.0,312036.0,6.0,23.0,1693043.0,2226660,2025,2024-25,https://ope.ed.gov/athletics/#/datafile/list,-8609425.0,322459.48333333334,30936861.0,14534178.0,4346585.0
176965,University of Central Missouri,MO,NCAA Division II with football,"Public, 4-year or above",2957122.0,2957122.0,160.0,3284.0,525483.0,1.0,11.0,14527254,14527254,84672.0,22399.0,7.0,34.0,62496.0,102366,2025,2024-25,https://ope.ed.gov/athletics/#/datafile/list,0.0,18482.0125,2431639.0,1354270.0,331061.0
206941,University of Central Oklahoma,OK,NCAA Division II with football,"Public, 4-year or above",2189319.0,2067924.0,143.0,2114.0,302274.0,1.0,9.0,11234761,10794478,96873.0,51624.0,5.0,9.0,22120.0,32140,2025,2024-25,https://ope.ed.gov/athletics/#/datafile/list,121395.0,14461.006993006993,1765650.0,948981.0,561489.0
237312,University of Charleston,WV,NCAA Division II with football,"Private nonprofit, 4-year or above",2158924.0,2137871.0,133.0,1647.0,219106.0,1.0,9.0,10284411,9494786,49779.0,13897.0,8.0,24.0,53737.0,78709,2025,2024-25,https://ope.ed.gov/athletics/#/datafile/list,21053.0,16074.218045112782,1918765.0,731760.0,174852.0
144050,University of Chicago,IL,NCAA Division III with football,"Private nonprofit, 4-year or above",767000.0,767000.0,92.0,3001.0,276086.0,1.0,6.0,8401119,8401119,91933.0,22397.0,8.0,25.0,52190.0,87735,2025,2024-25,https://ope.ed.gov/athletics/#/datafile/list,0.0,8336.95652173913,490914.0,1295389.0,226315.0
201885,University of Cincinnati-Main Campus,OH,NCAA Division I-FBS,"Public, 4-year or above",30429185.0,30429185.0,120.0,54685.0,6562255.0,1.0,14.0,119327103,119327103,172518.0,192682.0,6.0,33.0,1549379.0,1999976,2025,2024-25,https://ope.ed.gov/athletics/#/datafile/list,0.0,253576.54166666666,23866930.0,7393614.0,2870066.0
126614,University of Colorado Boulder,CO,NCAA Division I-FBS,"Public, 4-year or above",69306235.0,42805019.0,118.0,86145.0,10165130.0,1.0,13.0,161671803,161512069,2636483.0,335353.0,5.0,24.0,1380307.0,1872538,2025,2024-25,https://ope.ed.gov/athletics/#/datafile/list,26501216.0,362754.39830508473,32639889.0,21230887.0,6996072.0
129020,University of Connecticut,CT,NCAA Division I-FBS,"Public, 4-year or above",20479873.0,20479873.0,113.0,38087.0,4303812.0,1.0,10.0,97050998,97050998,1175967.0,235537.0,7.0,26.0,1405652.0,2024354,2025,2024-25,https://ope.ed.gov/athletics/#/datafile/list,0.0,181237.81415929203,16176061.0,14355731.0,3531337.0
202480,University of Dayton,OH,NCAA Division I-FCS,"Private nonprofit, 4-year or above",524006.0,2219396.0,119.0,7771.0,924700.0,1.0,12.0,43653540,43653540,481626.0,70877.0,7.0,24.0,284118.0,501612,2025,2024-25,https://ope.ed.gov/athletics/#/datafile/list,-1695390.0,18650.386554621848,1294696.0,5072430.0,1332150.0
130943,University of Delaware,DE,NCAA Division I-FCS,"Public, 4-year or above",10126804.0,10126804.0,110.0,9661.0,1062666.0,1.0,10.0,65523927,65523927,266735.0,81659.0,8.0,27.0,421878.0,678147,2025,2024-25,https://ope.ed.gov/athletics/#/datafile/list,0.0,92061.85454545454,9064138.0,4338673.0,1083325.0
153278,University of Dubuque,IA,NCAA Division III with football,"Private nonprofit, 4-year or above",710224.0,709070.0,123.0,1155.0,142092.0,1.0,11.0,5709926,5430500,66843.0,39969.0,12.0,15.0,68874.0,96322,2025,2024-25,https://ope.ed.gov/athletics/#/datafile/list,1154.0,5764.79674796748,566978.0,1401651.0,506502.0
134130,University of Florida,FL,NCAA Division I-FBS,"Public, 4-year or above",113351580.0,51766013.0,131.0,85593.0,11212645.0,1.0,10.0,199237539,199237539,2103699.0,327397.0,7.0,34.0,3380567.0,4400799,2025,2024-25,https://ope.ed.gov/athletics/#/datafile/list,61585567.0,395160.40458015265,40553368.0,25857391.0,5377669.0
457402,University of Fort Lauderdale,FL,NCCAA Division I ,"Private nonprofit, 4-year or above",332131.0,332131.0,50.0,3006.0,150318.0,1.0,7.0,1954698,1954698,42833.0,9055.0,4.0,15.0,0.0,0,2025,2024-25,https://ope.ed.gov/athletics/#/datafile/list,0.0,6642.62,181813.0,307157.0,106218.0
139959,University of Georgia,GA,NCAA Division I-FBS,"Public, 4-year or above",149285887.0,71107704.0,135.0,93222.0,12584933.0,1.0,10.0,233526965,226736834,2800198.0,502562.0,7.0,31.0,3856269.0,4979750,2025,2024-25,https://ope.ed.gov/athletics/#/datafile/list,78178183.0,526723.7333333333,58522771.0,35180808.0,7825818.0
141574,University of Hawaii at Manoa,HI,NCAA Division I-FBS,"Public, 4-year or above",12129152.0,13857022.0,114.0,29838.0,3401533.0,1.0,10.0,53793049,53793049,245595.0,100409.0,7.0,24.0,535355.0,831953,2025,2024-25,https://ope.ed.gov/athletics/#/datafile/list,-1727870.0,121552.82456140351,10455489.0,4128981.0,1249685.0
225511,University of Houston,TX,NCAA Division I-FBS,"Public, 4-year or above",23271364.0,23271364.0,119.0,27349.0,3254511.0,1.0,10.0,100162965,100162965,2156611.0,263848.0,5.0,22.0,1169803.0,1500405,2025,2024-25,https://ope.ed.gov/athletics/#/datafile/list,0.0,195557.6806722689,20016853.0,16587711.0,4795091.0
142285,University of Idaho,ID,NCAA Division I-FCS,"Public, 4-year or above",6592383.0,6592383.0,116.0,15455.0,1792729.0,1.0,15.0,23432394,23432394,90910.0,71828.0,5.0,16.0,286271.0,472156,2025,2024-25,https://ope.ed.gov/athletics/#/datafile/list,0.0,56830.887931034486,4799654.0,1603798.0,1168330.0
145637,University of Illinois Urbana-Champaign,IL,NCAA Division I-FBS,"Public, 4-year or above",87939659.0,48001399.0,119.0,73757.0,8777025.0,1.0,10.0,174612181,174612181,1810900.0,325452.0,8.0,38.0,2800759.0,3563850,2025,2024-25,https://ope.ed.gov/athletics/#/datafile/list,39938260.0,403373.1008403361,39224374.0,26854376.0,5065420.0
151263,University of Indianapolis,IN,NCAA Division II with football,"Private nonprofit, 4-year or above",2441385.0,2441385.0,120.0,1272.0,152643.0,1.0,9.0,16769268,16769268,63981.0,20161.0,10.0,36.0,72213.0,111379,2025,2024-25,https://ope.ed.gov/athletics/#/datafile/list,0.0,20344.875,2288742.0,1365606.0,245430.0
153658,University of Iowa,IA,NCAA Division I-FBS,"Public, 4-year or above",105190203.0,50894414.0,131.0,49726.0,6514116.0,1.0,15.0,179990052,150892055,1898900.0,438153.0,6.0,26.0,1549180.0,2304738,2025,2024-25,https://ope.ed.gov/athletics/#/datafile/list,54295789.0,388506.9770992366,44380298.0,22785378.0,8471195.0
200156,University of Jamestown,ND,NCAA Division II with football,"Private nonprofit, 4-year or above",1812051.0,1812051.0,168.0,1027.0,172479.0,1.0,10.0,8776815,8776815,51901.0,28146.0,8.0,14.0,105689.0,171400,2025,2024-25,https://ope.ed.gov/athletics/#/datafile/list,0.0,10786.017857142857,1639572.0,809252.0,333361.0
155317,University of Kansas,KS,NCAA Division I-FBS,"Public, 4-year or above",37107691.0,34516494.0,122.0,67880.0,8281389.0,1.0,10.0,173669277,159866627,1176779.0,334584.0,5.0,26.0,1778686.0,2440088,2025,2024-25,https://ope.ed.gov/athletics/#/datafile/list,2591197.0,282922.08196721313,26235105.0,14583079.0,4522619.0
157085,University of Kentucky,KY,NCAA Division I-FBS,"Public, 4-year or above",43281917.0,43281917.0,122.0,35832.0,4371474.0,1.0,14.0,186609679,186609679,2084324.0,325765.0,8.0,36.0,2982179.0,4008183,2025,2024-25,https://ope.ed.gov/athletics/#/datafile/list,0.0,354769.81147540984,38910443.0,28402132.0,6645034.0
117140,University of La Verne,CA,NCAA Division III with football,"Private nonprofit, 4-year or above",730459.0,658313.0,114.0,736.0,83868.0,1.0,12.0,4774971,4435141,68877.0,12085.0,9.0,29.0,0.0,0,2025,2024-25,https://ope.ed.gov/athletics/#/datafile/list,72146.0,5774.675438596491,574445.0,970358.0,213897.0
160658,University of Louisiana at Lafayette,LA,NCAA Division I-FBS,"Public, 4-year or above",14846554.0,14846554.0,142.0,21786.0,3093613.0,1.0,10.0,42959075,42959075,350334.0,142000.0,6.0,22.0,501208.0,779141,2025,2024-25,https://ope.ed.gov/athletics/#/datafile/list,0.0,104553.19718309859,11752941.0,5226004.0,1770334.0
159993,University of Louisiana at Monroe,LA,NCAA Division I-FBS,"Public, 4-year or above",7772886.0,7772886.0,117.0,13029.0,1524451.0,1.0,10.0,20557764,20557764,229122.0,89501.0,5.0,18.0,215545.0,319422,2025,2024-25,https://ope.ed.gov/athletics/#/datafile/list,0.0,66434.92307692308,6248435.0,2756628.0,1124132.0
157289,University of Louisville,KY,NCAA Division I-FBS,"Public, 4-year or above",33090886.0,30745125.0,120.0,26642.0,3197094.0,1.0,15.0,155903308,154819604,1346875.0,180804.0,8.0,35.0,1579219.0,2381433,2025,2024-25,https://ope.ed.gov/athletics/#/datafile/list,2345761.0,256209.375,27548031.0,17103140.0,4058935.0
161253,University of Maine,ME,NCAA Division I-FCS,"Public, 4-year or above",5815078.0,5815078.0,110.0,11317.0,1244902.0,1.0,10.0,22438557,22438557,186487.0,65047.0,6.0,20.0,306062.0,435373,2025,2024-25,https://ope.ed.gov/athletics/#/datafile/list,0.0,52864.34545454545,4570176.0,2419862.0,836957.0
200217,University of Mary,ND,NCAA Division II with football,"Private nonprofit, 4-year or above",1712584.0,1712584.0,90.0,2504.0,225329.0,1.0,6.0,8180386,8180386,55510.0,23147.0,6.0,11.0,73449.0,117874,2025,2024-25,https://ope.ed.gov/athletics/#/datafile/list,0.0,19028.71111111111,1487255.0,587677.0,194392.0
226471,University of Mary Hardin-Baylor,TX,NCAA Division III with football,"Private nonprofit, 4-year or above",1481071.0,1481071.0,167.0,1940.0,324010.0,1.0,11.0,6632764,6632764,72628.0,34207.0,7.0,17.0,70148.0,87751,2025,2024-25,https://ope.ed.gov/athletics/#/datafile/list,0.0,8868.688622754491,1157061.0,1089915.0,448905.0
163286,University of Maryland-College Park,MD,NCAA Division I-FBS,"Public, 4-year or above",63070858.0,35502618.0,120.0,49673.0,5960732.0,1.0,10.0,128662116,128662116,1568408.0,220072.0,8.0,36.0,2126655.0,2722746,2025,2024-25,https://ope.ed.gov/athletics/#/datafile/list,27568240.0,295855.15,29541886.0,20469856.0,3769128.0
166629,University of Massachusetts-Amherst,MA,NCAA Division I-FBS,"Public, 4-year or above",13419026.0,13419026.0,111.0,17377.0,1928875.0,1.0,14.0,57654295,57654295,570256.0,100061.0,9.0,35.0,909462.0,1211392,2025,2024-25,https://ope.ed.gov/athletics/#/datafile/list,0.0,120892.12612612612,11490151.0,8634439.0,1971110.0
167987,University of Massachusetts-Dartmouth,MA,NCAA Division III with football,"Public, 4-year or above",327868.0,310502.0,114.0,1081.0,123234.0,1.0,9.0,5967961,5392123,26366.0,4939.0,8.0,25.0,21082.0,46963,2025,2024-25,https://ope.ed.gov/athletics/#/datafile/list,17366.0,2723.7017543859647,187268.0,334403.0,70817.0
220862,University of Memphis,TN,NCAA Division I-FBS,"Public, 4-year or above",22026675.0,22026675.0,165.0,14171.0,2338239.0,1.0,12.0,65857423,65857423,822759.0,154900.0,7.0,25.0,945475.0,1330875,2025,2024-25,https://ope.ed.gov/athletics/#/datafile/list,0.0,133495.0,19688436.0,9631813.0,2681559.0
135726,University of Miami,FL,NCAA Division I-FBS,"Private nonprofit, 4-year or above",99864288.0,88117956.0,127.0,58090.0,7377416.0,1.0,10.0,230484608,230484608,2047089.0,422491.0,6.0,25.0,5481010.0,6478885,2025,2024-25,https://ope.ed.gov/athletics/#/datafile/list,11746332.0,693842.1732283465,80740540.0,22844809.0,6271999.0
170976,University of Michigan-Ann Arbor,MI,NCAA Division I-FBS,"Public, 4-year or above",175299592.0,61663186.0,139.0,63794.0,8867426.0,1.0,13.0,236376759,222088909,1002368.0,273456.0,14.0,53.0,4902622.0,6057451,2025,2024-25,https://ope.ed.gov/athletics/#/datafile/list,113636406.0,443620.0431654676,52795760.0,28526320.0,4557296.0
174233,University of Minnesota-Duluth,MN,NCAA Division II with football,"Public, 4-year or above",2378695.0,2378695.0,101.0,3299.0,333184.0,1.0,11.0,15316934,15316934,251800.0,54582.0,5.0,23.0,128002.0,198761,2025,2024-25,https://ope.ed.gov/athletics/#/datafile/list,0.0,23551.435643564357,2045511.0,2514386.0,852202.0
174251,University of Minnesota-Morris,MN,NCAA Division III with football,"Public, 4-year or above",307419.0,291451.0,71.0,1309.0,92937.0,1.0,5.0,1853982,1835740,26072.0,9493.0,8.0,16.0,13322.0,32735,2025,2024-25,https://ope.ed.gov/athletics/#/datafile/list,15968.0,4104.943661971831,198514.0,360464.0,73537.0
174066,University of Minnesota-Twin Cities,MN,NCAA Division I-FBS,"Public, 4-year or above",101726085.0,45452693.0,117.0,63295.0,7405502.0,1.0,10.0,156773938,146804169,1141273.0,236856.0,9.0,34.0,2540224.0,3287808,2025,2024-25,https://ope.ed.gov/athletics/#/datafile/list,56273392.0,388484.55555555556,38047191.0,18324561.0,3509833.0
176017,University of Mississippi,MS,NCAA Division I-FBS,"Public, 4-year or above",90702621.0,61846036.0,126.0,76420.0,9628935.0,1.0,13.0,171119339,171119339,2969029.0,441603.0,6.0,28.0,2609171.0,3295396,2025,2024-25,https://ope.ed.gov/athletics/#/datafile/list,28856585.0,490841.55555555556,52217101.0,30179058.0,8709868.0
178396,University of Missouri-Columbia,MO,NCAA Division I-FBS,"Public, 4-year or above",53301146.0,49316139.0,122.0,59839.0,7300308.0,1.0,10.0,181114849,181114849,2140163.0,267477.0,7.0,37.0,2468280.0,3077285,2025,2024-25,https://ope.ed.gov/athletics/#/datafile/list,3985007.0,404230.6475409836,42015831.0,24877790.0,4814933.0
204185,University of Mount Union,OH,NCAA Division III with football,"Private nonprofit, 4-year or above",1024071.0,1024071.0,200.0,1126.0,225123.0,1.0,11.0,5765272,5765272,48229.0,18356.0,11.0,39.0,80451.0,102646,2025,2024-25,https://ope.ed.gov/athletics/#/datafile/list,0.0,5120.355,798948.0,1246403.0,250145.0
181215,University of Nebraska at Kearney,NE,NCAA Division II with football,"Public, 4-year or above",2453138.0,2453138.0,133.0,2846.0,378560.0,1.0,6.0,10596788,10536901,91111.0,52887.0,5.0,12.0,31400.0,59070,2025,2024-25,https://ope.ed.gov/athletics/#/datafile/list,0.0,18444.646616541355,2074578.0,1090199.0,408433.0
181464,University of Nebraska-Lincoln,NE,NCAA Division I-FBS,"Public, 4-year or above",122283973.0,70574668.0,155.0,65112.0,10092299.0,1.0,23.0,205807522,198462402,1742862.0,294978.0,8.0,43.0,2399346.0,3172140,2025,2024-25,https://ope.ed.gov/athletics/#/datafile/list,51709305.0,455320.43870967743,60482369.0,26626950.0,8527356.0
182281,University of Nevada-Las Vegas,NV,NCAA Division I-FBS,"Public, 4-year or above",24707431.0,20854643.0,113.0,45978.0,5195487.0,1.0,10.0,77272658,74767674,186964.0,121649.0,7.0,27.0,1516473.0,1941096,2025,2024-25,https://ope.ed.gov/athletics/#/datafile/list,3852788.0,184554.3628318584,15659156.0,4593271.0,1403454.0
182290,University of Nevada-Reno,NV,NCAA Division I-FBS,"Public, 4-year or above",13624871.0,12983551.0,117.0,31762.0,3716127.0,1.0,10.0,53153531,53153531,449448.0,185238.0,7.0,18.0,725272.0,988595,2025,2024-25,https://ope.ed.gov/athletics/#/datafile/list,641320.0,110970.52136752137,9267424.0,6480420.0,2301828.0
161457,University of New England,ME,NCAA Division III with football,"Private nonprofit, 4-year or above",761340.0,777433.0,106.0,1104.0,117009.0,1.0,10.0,4825959,4330420,60816.0,15143.0,7.0,20.0,44799.0,75732,2025,2024-25,https://ope.ed.gov/athletics/#/datafile/list,-16093.0,7334.273584905661,660424.0,728572.0,212246.0
183044,University of New Hampshire-Main Campus,NH,NCAA Division I-FCS,"Public, 4-year or above",6707517.0,6707517.0,105.0,12854.0,1349721.0,1.0,12.0,44558664,44558664,215708.0,49510.0,6.0,31.0,209250.0,326864,2025,2024-25,https://ope.ed.gov/athletics/#/datafile/list,0.0,63881.114285714284,5357796.0,2829058.0,809828.0
129941,University of New Haven,CT,NCAA Division II with football,"Private nonprofit, 4-year or above",3018239.0,3018239.0,151.0,2270.0,342756.0,1.0,18.0,13127971,12782981,81033.0,16901.0,7.0,31.0,55244.0,97965,2025,2024-25,https://ope.ed.gov/athletics/#/datafile/list,0.0,19988.33774834437,2675483.0,1091162.0,385251.0
187985,University of New Mexico-Main Campus,NM,NCAA Division I-FBS,"Public, 4-year or above",15266440.0,14730964.0,117.0,29552.0,3457612.0,1.0,11.0,61160745,56544018,368316.0,105496.0,8.0,30.0,1108203.0,1381534,2025,2024-25,https://ope.ed.gov/athletics/#/datafile/list,535476.0,125905.67521367522,11273352.0,6111408.0,1528772.0
101879,University of North Alabama,AL,NCAA Division I-FCS,"Public, 4-year or above",3865496.0,3865496.0,126.0,6450.0,812741.0,1.0,10.0,16041806,16041806,114187.0,55389.0,6.0,17.0,115969.0,184423,2025,2024-25,https://ope.ed.gov/athletics/#/datafile/list,0.0,30678.539682539682,3052755.0,1626735.0,668077.0
199120,University of North Carolina at Chapel Hill,NC,NCAA Division I-FBS,"Public, 4-year or above",63337093.0,49145749.0,123.0,72044.0,8861353.0,1.0,10.0,180835031,180835031,1184648.0,278468.0,11.0,42.0,3228757.0,4192937,2025,2024-25,https://ope.ed.gov/athletics/#/datafile/list,14191344.0,399558.9349593496,40284396.0,24726784.0,3969328.0
199139,University of North Carolina at Charlotte,NC,NCAA Division I-FBS,"Public, 4-year or above",11946167.0,15571390.0,122.0,33594.0,4098445.0,1.0,12.0,54956032,54956032,166671.0,67941.0,7.0,28.0,915585.0,1175771,2025,2024-25,https://ope.ed.gov/athletics/#/datafile/list,-3625223.0,127634.34426229508,11472945.0,3069045.0,981963.0
199281,University of North Carolina at Pembroke,NC,NCAA Division II with football,"Public, 4-year or above",1080776.0,1072818.0,113.0,1661.0,187637.0,1.0,9.0,5284400,4587367,50133.0,16560.0,5.0,20.0,32728.0,47522,2025,2024-25,https://ope.ed.gov/athletics/#/datafile/list,7958.0,9493.964601769912,885181.0,581865.0,199173.0
200280,University of North Dakota,ND,NCAA Division I-FCS,"Public, 4-year or above",6918220.0,6918220.0,107.0,10287.0,1100662.0,1.0,12.0,35076412,35076412,193191.0,82119.0,6.0,21.0,440575.0,662732,2025,2024-25,https://ope.ed.gov/athletics/#/datafile/list,0.0,64656.26168224299,5817558.0,2883645.0,1178619.0
227216,University of North Texas,TX,NCAA Division I-FBS,"Public, 4-year or above",15382425.0,15382425.0,165.0,28795.0,4751100.0,1.0,11.0,58119360,58119360,676527.0,163614.0,4.0,23.0,682731.0,984809,2025,2024-25,https://ope.ed.gov/athletics/#/datafile/list,0.0,93226.81818181818,10631325.0,6469230.0,2476281.0
127741,University of Northern Colorado,CO,NCAA Division I-FCS,"Public, 4-year or above",5701876.0,5701876.0,120.0,11614.0,1393669.0,1.0,11.0,23188137,23188137,131235.0,55259.0,6.0,24.0,128208.0,253341,2025,2024-25,https://ope.ed.gov/athletics/#/datafile/list,0.0,47515.63333333333,4308207.0,2113626.0,739084.0
154095,University of Northern Iowa,IA,NCAA Division I-FCS,"Public, 4-year or above",4676780.0,4676780.0,105.0,9788.0,1027760.0,1.0,12.0,19617597,19617597,229956.0,81580.0,6.0,19.0,156097.0,243339,2025,2024-25,https://ope.ed.gov/athletics/#/datafile/list,0.0,44540.76190476191,3649020.0,2929756.0,1208916.0
174491,University of Northwestern-St Paul,MN,NCAA Division III with football,"Private nonprofit, 4-year or above",439399.0,430899.0,77.0,1943.0,149620.0,1.0,11.0,2594271,2579771,24923.0,6564.0,9.0,30.0,23567.0,42556,2025,2024-25,https://ope.ed.gov/athletics/#/datafile/list,8500.0,5596.090909090909,281279.0,421227.0,97127.0
152080,University of Notre Dame,IN,NCAA Division I-FBS,"Private nonprofit, 4-year or above",195723436.0,93255797.0,124.0,315792.0,39158153.0,1.0,17.0,289616198,244698449,1078535.0,388883.0,12.0,34.0,2848525.0,3726108,2025,2024-25,https://ope.ed.gov/athletics/#/datafile/list,102467639.0,752062.8790322581,54097644.0,26164442.0,7689546.0
207500,University of Oklahoma-Norman Campus,OK,NCAA Division I-FBS,"Public, 4-year or above",126247146.0,71184826.0,128.0,54495.0,6975401.0,1.0,14.0,234426470,234426470,1481027.0,318098.0,8.0,38.0,5072037.0,6387881,2025,2024-25,https://ope.ed.gov/athletics/#/datafile/list,55062320.0,556131.453125,64209425.0,23935940.0,5934399.0
209551,University of Oregon,OR,NCAA Division I-FBS,"Public, 4-year or above",119584907.0,60847472.0,126.0,85268.0,10743801.0,1.0,14.0,167129024,164742082,2494343.0,479753.0,6.0,26.0,2857116.0,3482608,2025,2024-25,https://ope.ed.gov/athletics/#/datafile/list,58737435.0,482916.44444444444,50103671.0,27439636.0,9210885.0
215062,University of Pennsylvania,PA,NCAA Division I-FCS,"Private nonprofit, 4-year or above",3467861.0,3467861.0,108.0,7023.0,758524.0,1.0,9.0,59309407,59309407,208470.0,61386.0,15.0,45.0,798317.0,1134329,2025,2024-25,https://ope.ed.gov/athletics/#/datafile/list,0.0,32109.824074074073,2709337.0,5889420.0,760944.0
157535,University of Pikeville,KY,NAIA Division I ,"Private nonprofit, 4-year or above",2259144.0,2259144.0,142.0,4643.0,659335.0,1.0,9.0,10885178,10885178,48071.0,37075.0,12.0,13.0,62480.0,91116,2025,2024-25,https://ope.ed.gov/athletics/#/datafile/list,0.0,15909.464788732394,1599809.0,1058827.0,381746.0
215293,University of Pittsburgh-Pittsburgh Campus,PA,NCAA Division I-FBS,"Public, 4-year or above",57222645.0,47141722.0,118.0,80434.0,9491212.0,1.0,14.0,151337808,151337808,2293482.0,324154.0,7.0,38.0,1381007.0,2154527,2025,2024-25,https://ope.ed.gov/athletics/#/datafile/list,10080923.0,399506.1186440678,37650510.0,28372226.0,6831638.0
236328,University of Puget Sound,WA,NCAA Division III with football,"Private nonprofit, 4-year or above",512913.0,512913.0,93.0,2179.0,202603.0,1.0,13.0,2765326,2765326,49647.0,7580.0,9.0,34.0,30645.0,43572,2025,2024-25,https://ope.ed.gov/athletics/#/datafile/list,0.0,5515.193548387097,310310.0,704543.0,148187.0
121691,University of Redlands,CA,NCAA Division III with football,"Private nonprofit, 4-year or above",795546.0,756309.0,141.0,1133.0,159748.0,1.0,10.0,7418470,7232874,60611.0,22833.0,10.0,34.0,57116.0,95346,2025,2024-25,https://ope.ed.gov/athletics/#/datafile/list,39237.0,5363.893617021276,596561.0,1382432.0,288941.0
217484,University of Rhode Island,RI,NCAA Division I-FCS,"Public, 4-year or above",6882246.0,6882246.0,100.0,16062.0,1606230.0,1.0,15.0,41765283,41724734,537565.0,61692.0,6.0,26.0,378145.0,595833,2025,2024-25,https://ope.ed.gov/athletics/#/datafile/list,0.0,68822.46,5276016.0,4829382.0,1462945.0
233374,University of Richmond,VA,NCAA Division I-FCS,"Private nonprofit, 4-year or above",8556304.0,8556304.0,89.0,12058.0,1073173.0,1.0,10.0,50598031,50598031,397717.0,102389.0,7.0,18.0,418768.0,639124,2025,2024-25,https://ope.ed.gov/athletics/#/datafile/list,0.0,96138.24719101124,7483131.0,4627021.0,1421607.0
195030,University of Rochester,NY,NCAA Division III with football,"Private nonprofit, 4-year or above",582640.0,567507.0,113.0,1443.0,163061.0,1.0,9.0,8283075,8283075,60341.0,30048.0,9.0,19.0,79712.0,117491,2025,2024-25,https://ope.ed.gov/athletics/#/datafile/list,15133.0,5022.185840707964,404446.0,1113981.0,330773.0
152336,University of Saint Francis-Fort Wayne,IN,NAIA Division I ,"Private nonprofit, 4-year or above",2175000.0,2161724.0,160.0,1577.0,252304.0,1.0,6.0,8256126,7804926,51225.0,29882.0,7.0,8.0,48750.0,72200,2025,2024-25,https://ope.ed.gov/athletics/#/datafile/list,13276.0,13510.775,1909420.0,597631.0,230517.0
155812,University of Saint Mary,KS,NAIA Division II ,"Private nonprofit, 4-year or above",744976.0,744976.0,108.0,810.0,87477.0,1.0,7.0,6861345,6861345,33351.0,17947.0,9.0,29.0,18390.0,50329,2025,2024-25,https://ope.ed.gov/athletics/#/datafile/list,0.0,6897.925925925926,657499.0,820622.0,158980.0
122436,University of San Diego,CA,NCAA Division I-FCS,"Private nonprofit, 4-year or above",2381199.0,2381199.0,99.0,8248.0,816506.0,1.0,11.0,37050500,37050500,254467.0,61429.0,8.0,26.0,263427.0,485902,2025,2024-25,https://ope.ed.gov/athletics/#/datafile/list,0.0,24052.515151515152,1564693.0,3632890.0,930186.0
219383,University of Sioux Falls,SD,NCAA Division II with football,"Private nonprofit, 4-year or above",1951936.0,1905525.0,118.0,2431.0,286834.0,1.0,11.0,8479992,8276889,62489.0,25337.0,6.0,19.0,60395.0,84470,2025,2024-25,https://ope.ed.gov/athletics/#/datafile/list,46411.0,16148.516949152543,1618691.0,856337.0,341196.0
102094,University of South Alabama,AL,NCAA Division I-FBS,"Public, 4-year or above",13486171.0,13932976.0,122.0,16434.0,2005002.0,1.0,13.0,32559740,32559740,249783.0,69345.0,8.0,35.0,582805.0,821007,2025,2024-25,https://ope.ed.gov/athletics/#/datafile/list,-446805.0,114204.72131147541,11927974.0,4425339.0,1151268.0
218663,University of South Carolina-Columbia,SC,NCAA Division I-FBS,"Public, 4-year or above",76513171.0,55859501.0,119.0,36798.0,4378958.0,1.0,10.0,204566524,203259302,700072.0,320381.0,8.0,35.0,2515877.0,3400822,2025,2024-25,https://ope.ed.gov/athletics/#/datafile/list,20653670.0,469407.5714285714,51480543.0,16813911.0,3903882.0
219471,University of South Dakota,SD,NCAA Division I-FCS,"Public, 4-year or above",5990030.0,5990030.0,122.0,5083.0,620112.0,1.0,14.0,23720055,23720055,180755.0,49515.0,6.0,28.0,305621.0,479666,2025,2024-25,https://ope.ed.gov/athletics/#/datafile/list,0.0,49098.60655737705,5369918.0,2470950.0,873965.0
137351,University of South Florida,FL,NCAA Division I-FBS,"Public, 4-year or above",33352743.0,33352743.0,130.0,69016.0,8972078.0,1.0,11.0,122093386,122093386,613580.0,170370.0,7.0,27.0,2413138.0,2987134,2025,2024-25,https://ope.ed.gov/athletics/#/datafile/list,0.0,256559.56153846154,24380665.0,8895050.0,2487650.0
123961,University of Southern California,CA,NCAA Division I-FBS,"Private nonprofit, 4-year or above",74014972.0,74014972.0,116.0,49717.0,5767186.0,1.0,10.0,234029848,234029848,1935002.0,342296.0,9.0,40.0,5926680.0,6783390,2025,2024-25,https://ope.ed.gov/athletics/#/datafile/list,0.0,638060.1034482758,68247786.0,31106858.0,5357962.0
176372,University of Southern Mississippi,MS,NCAA Division I-FBS,"Public, 4-year or above",11033253.0,11033253.0,113.0,17484.0,1975712.0,1.0,26.0,31875542,31875542,253123.0,101833.0,7.0,26.0,551644.0,781566,2025,2024-25,https://ope.ed.gov/athletics/#/datafile/list,0.0,97639.40707964601,9057541.0,4419519.0,2900781.0
148584,University of St Francis,IL,NAIA Division I ,"Private nonprofit, 4-year or above",1529771.0,1423315.0,86.0,2013.0,173076.0,1.0,10.0,7797529,7403293,41561.0,7953.0,9.0,25.0,7127.0,10453,2025,2024-25,https://ope.ed.gov/athletics/#/datafile/list,106456.0,16550.174418604653,1250239.0,572874.0,121091.0
174914,University of St Thomas,MN,NCAA Division I-FCS,"Private nonprofit, 4-year or above",2287073.0,2287073.0,110.0,6239.0,686235.0,1.0,12.0,28936150,28936150,195184.0,34695.0,8.0,31.0,157873.0,287617,2025,2024-25,https://ope.ed.gov/athletics/#/datafile/list,0.0,20791.572727272727,1600838.0,2637017.0,611524.0
206084,University of Toledo,OH,NCAA Division I-FBS,"Public, 4-year or above",12624282.0,12624282.0,122.0,13530.0,1650705.0,1.0,10.0,39498134,39498134,333283.0,93752.0,6.0,18.0,582785.0,778991,2025,2024-25,https://ope.ed.gov/athletics/#/datafile/list,0.0,103477.72131147541,10973577.0,3687234.0,1270803.0
207971,University of Tulsa,OK,NCAA Division I-FBS,"Private nonprofit, 4-year or above",20723869.0,20723869.0,129.0,19238.0,2481679.0,1.0,10.0,59760481,59760481,332523.0,106444.0,7.0,32.0,588112.0,862045,2025,2024-25,https://ope.ed.gov/athletics/#/datafile/list,0.0,160650.1472868217,18242190.0,5733869.0,1396963.0
230764,University of Utah,UT,NCAA Division I-FBS,"Public, 4-year or above",95930953.0,41410554.0,126.0,53547.0,6746923.0,1.0,10.0,125167576,118667209,1118270.0,375160.0,9.0,28.0,1747609.0,2376960,2025,2024-25,https://ope.ed.gov/athletics/#/datafile/list,54520399.0,328655.1904761905,34663631.0,20568910.0,4869870.0
233897,University of Virginia's College at Wise,VA,NCAA Division II with football,"Public, 4-year or above",1291918.0,1291918.0,88.0,2436.0,214380.0,1.0,14.0,5570403,5570403,36823.0,16533.0,8.0,22.0,33763.0,49588,2025,2024-25,https://ope.ed.gov/athletics/#/datafile/list,0.0,14680.886363636364,1077538.0,658310.0,268285.0
234076,University of Virginia-Main Campus,VA,NCAA Division I-FBS,"Public, 4-year or above",51441991.0,33611796.0,127.0,47552.0,6039075.0,1.0,10.0,150622194,150622194,1022347.0,206891.0,11.0,42.0,2287698.0,2910628,2025,2024-25,https://ope.ed.gov/athletics/#/datafile/list,17830195.0,264659.81102362205,27572721.0,19935239.0,3091257.0
236948,University of Washington-Seattle Campus,WA,NCAA Division I-FBS,"Public, 4-year or above",121018946.0,68921774.0,114.0,180229.0,20546056.0,1.0,10.0,178415083,174834634,1588019.0,294253.0,8.0,36.0,2632449.0,3345720,2025,2024-25,https://ope.ed.gov/athletics/#/datafile/list,52097172.0,604576.9649122807,48375718.0,23297260.0,4530549.0
101587,University of West Alabama,AL,NCAA Division II with football,"Public, 4-year or above",2564085.0,2503263.0,116.0,2997.0,347674.0,1.0,14.0,10816086,10281896,66632.0,28143.0,7.0,27.0,72930.0,112272,2025,2024-25,https://ope.ed.gov/athletics/#/datafile/list,60822.0,21579.853448275862,2155589.0,1226285.0,460634.0
138354,University of West Florida,FL,NCAA Division II with football,"Public, 4-year or above",2598757.0,2272720.0,124.0,3285.0,407315.0,1.0,10.0,16531815,16010052,77614.0,31928.0,7.0,20.0,46820.0,84064,2025,2024-25,https://ope.ed.gov/athletics/#/datafile/list,326037.0,18328.387096774193,1865405.0,1181858.0,396894.0
141334,University of West Georgia,GA,NCAA Division I-FCS,"Public, 4-year or above",3546805.0,3546805.0,156.0,5912.0,922248.0,1.0,16.0,13230120,13230120,127100.0,34743.0,5.0,25.0,101764.0,163532,2025,2024-25,https://ope.ed.gov/athletics/#/datafile/list,0.0,22735.92948717949,2624557.0,1504075.0,682988.0
240268,University of Wisconsin-Eau Claire,WI,NCAA Division III with football,"Public, 4-year or above",971643.0,958002.0,124.0,1761.0,218304.0,1.0,8.0,6752532,6752532,44170.0,9097.0,12.0,53.0,68151.0,91441,2025,2024-25,https://ope.ed.gov/athletics/#/datafile/list,13641.0,7725.822580645161,739698.0,1012181.0,116946.0
240329,University of Wisconsin-La Crosse,WI,NCAA Division III with football,"Public, 4-year or above",878256.0,751785.0,115.0,2008.0,230892.0,1.0,31.0,7968138,7405198,50409.0,11870.0,9.0,46.0,28781.0,48979,2025,2024-25,https://ope.ed.gov/athletics/#/datafile/list,126471.0,6537.260869565217,520893.0,999701.0,418379.0
240444,University of Wisconsin-Madison,WI,NCAA Division I-FBS,"Public, 4-year or above",112319593.0,40903448.0,122.0,54431.0,6640545.0,1.0,15.0,190503289,180525755,1567756.0,237002.0,10.0,42.0,1725093.0,2366445,2025,2024-25,https://ope.ed.gov/athletics/#/datafile/list,71416145.0,335274.1639344262,34262903.0,25631644.0,5122786.0
240365,University of Wisconsin-Oshkosh,WI,NCAA Division III with football,"Public, 4-year or above",927655.0,756031.0,131.0,1896.0,248391.0,1.0,13.0,5807707,5118660,55347.0,32283.0,7.0,8.0,17131.0,29367,2025,2024-25,https://ope.ed.gov/athletics/#/datafile/list,171624.0,5771.229007633588,507640.0,645693.0,475026.0
240462,University of Wisconsin-Platteville,WI,NCAA Division III with football,"Public, 4-year or above",1079510.0,1048139.0,115.0,1359.0,156278.0,1.0,13.0,5583445,5120460,53130.0,19718.0,7.0,27.0,35956.0,60058,2025,2024-25,https://ope.ed.gov/athletics/#/datafile/list,31371.0,9114.252173913044,891861.0,904296.0,309464.0
240471,University of Wisconsin-River Falls,WI,NCAA Division III with football,"Public, 4-year or above",617693.0,617693.0,121.0,1180.0,142819.0,1.0,10.0,4872041,4872041,53181.0,8340.0,7.0,27.0,21859.0,38069,2025,2024-25,https://ope.ed.gov/athletics/#/datafile/list,0.0,5104.900826446281,474874.0,597447.0,136581.0
240480,University of Wisconsin-Stevens Point,WI,NCAA Division III with football,"Public, 4-year or above",615505.0,603847.0,123.0,636.0,78270.0,1.0,15.0,5449371,5449371,42360.0,11346.0,13.0,45.0,51427.0,94190,2025,2024-25,https://ope.ed.gov/athletics/#/datafile/list,11658.0,4909.325203252032,525577.0,1061250.0,212550.0
240417,University of Wisconsin-Stout,WI,NCCAA Division II ,"Public, 4-year or above",664638.0,664638.0,140.0,1548.0,216682.0,1.0,8.0,5144978,4771617,41017.0,13020.0,9.0,28.0,21072.0,38312,2025,2024-25,https://ope.ed.gov/athletics/#/datafile/list,0.0,4747.414285714286,447956.0,733713.0,145177.0
240189,University of Wisconsin-Whitewater,WI,NCAA Division III with football,"Public, 4-year or above",719157.0,687482.0,112.0,1194.0,133675.0,1.0,10.0,5379325,5252413,33614.0,10972.0,10.0,28.0,1271.0,3893,2025,2024-25,https://ope.ed.gov/athletics/#/datafile/list,31675.0,6138.232142857143,553807.0,643356.0,143334.0
240727,University of Wyoming,WY,NCAA Division I-FBS,"Public, 4-year or above",16630620.0,13091901.0,117.0,13073.0,1529517.0,1.0,14.0,50399891,50399891,365245.0,95776.0,6.0,33.0,968761.0,1236260,2025,2024-25,https://ope.ed.gov/athletics/#/datafile/list,3538719.0,111896.58974358975,11562384.0,5352078.0,1706109.0
156541,University of the Cumberlands,KY,NAIA Division I ,"Private nonprofit, 4-year or above",1401559.0,1401559.0,75.0,4191.0,314322.0,1.0,9.0,12430351,12430351,59017.0,48879.0,11.0,17.0,123184.0,184267,2025,2024-25,https://ope.ed.gov/athletics/#/datafile/list,0.0,18687.453333333335,1087237.0,1480130.0,498928.0
225627,University of the Incarnate Word,TX,NCAA Division I-FCS,"Private nonprofit, 4-year or above",6855355.0,6855355.0,151.0,7338.0,1108098.0,1.0,11.0,25756198,25756198,102047.0,47286.0,9.0,24.0,143036.0,211778,2025,2024-25,https://ope.ed.gov/athletics/#/datafile/list,0.0,45399.70198675497,5747257.0,2053287.0,622193.0
154493,Upper Iowa University,IA,NCAA Division II with football,"Private nonprofit, 4-year or above",1447955.0,1415825.0,106.0,1484.0,157306.0,1.0,6.0,7152889,6954946,64512.0,23987.0,6.0,15.0,32253.0,46811,2025,2024-25,https://ope.ed.gov/athletics/#/datafile/list,32130.0,13356.83962264151,1258519.0,746877.0,208434.0
216524,Ursinus College,PA,NCAA Division III with football,"Private nonprofit, 4-year or above",650877.0,650877.0,161.0,852.0,137133.0,1.0,8.0,5236810,5236810,52241.0,10366.0,10.0,31.0,31275.0,60361,2025,2024-25,https://ope.ed.gov/athletics/#/datafile/list,0.0,4042.714285714286,513744.0,843756.0,135169.0
230728,Utah State University,UT,NCAA Division I-FBS,"Public, 4-year or above",17310081.0,17310081.0,110.0,20551.0,2260580.0,1.0,10.0,48349839,48349839,650020.0,156552.0,5.0,22.0,624640.0,974401,2025,2024-25,https://ope.ed.gov/athletics/#/datafile/list,0.0,157364.37272727274,15049501.0,6694244.0,2215540.0
230171,Utah Tech University,UT,NCAA Division I-FCS,"Public, 4-year or above",4730346.0,4730346.0,109.0,9920.0,1081234.0,1.0,19.0,23448672,18870761,125183.0,45302.0,6.0,30.0,180764.0,284457,2025,2024-25,https://ope.ed.gov/athletics/#/datafile/list,0.0,43397.66972477064,3649112.0,2110158.0,985921.0
197045,Utica University,NY,NCAA Division III with football,"Private nonprofit, 4-year or above",810703.0,712460.0,170.0,1160.0,197229.0,1.0,14.0,6497855,5519683,48849.0,11874.0,11.0,28.0,46447.0,71283,2025,2024-25,https://ope.ed.gov/athletics/#/datafile/list,98243.0,4190.941176470588,515231.0,869811.0,215085.0
141264,Valdosta State University,GA,NCAA Division II with football,"Public, 4-year or above",2179318.0,2179318.0,143.0,2718.0,388692.0,1.0,6.0,9729185,8615059,67933.0,32734.0,6.0,9.0,82701.0,102557,2025,2024-25,https://ope.ed.gov/athletics/#/datafile/list,0.0,15239.986013986014,1790626.0,702204.0,264337.0
200572,Valley City State University,ND,NAIA Division II ,"Public, 4-year or above",802502.0,773915.0,110.0,1452.0,159700.0,1.0,6.0,3780766,3541123,43285.0,21152.0,5.0,13.0,37652.0,48534,2025,2024-25,https://ope.ed.gov/athletics/#/datafile/list,28587.0,7035.590909090909,614215.0,491401.0,170197.0
152600,Valparaiso University,IN,NCAA Division I-FCS,"Private nonprofit, 4-year or above",1554610.0,1559690.0,132.0,3148.0,415538.0,1.0,8.0,17319931,16432801,151481.0,50759.0,6.0,16.0,144395.0,216853,2025,2024-25,https://ope.ed.gov/athletics/#/datafile/list,-5080.0,11815.833333333334,1144152.0,1721030.0,557553.0
221999,Vanderbilt University,TN,NCAA Division I-FBS,"Private nonprofit, 4-year or above",44124525.0,44124525.0,116.0,48871.0,5669062.0,1.0,10.0,146388389,146388389,2191976.0,410233.0,6.0,24.0,2075726.0,2866689,2025,2024-25,https://ope.ed.gov/athletics/#/datafile/list,0.0,380383.8362068966,38455463.0,22997448.0,6294306.0
125028,Ventura College,CA,CCCAA,"Public, 2-year",301666.0,301666.0,114.0,893.0,101845.0,1.0,16.0,3093991,3023219,32875.0,12050.0,9.0,33.0,0.0,0,2025,2024-25,https://ope.ed.gov/athletics/#/datafile/list,0.0,2646.1929824561403,199821.0,693525.0,225675.0
231165,Vermont State University,VT,Other ,"Public, 4-year or above",431621.0,371121.0,102.0,1282.0,130757.0,1.0,11.0,7068373,6221713,18254.0,8154.0,30.0,46.0,37332.0,63532,2025,2024-25,https://ope.ed.gov/athletics/#/datafile/list,60500.0,3638.4411764705883,240364.0,922704.0,107948.0
125091,Victor Valley College,CA,CCCAA,"Public, 2-year",169815.0,166104.0,74.0,829.0,61344.0,1.0,8.0,1664081,1629168,16000.0,7330.0,7.0,18.0,0.0,0,2025,2024-25,https://ope.ed.gov/athletics/#/datafile/list,3711.0,2244.6486486486488,104760.0,243940.0,74640.0
216597,Villanova University,PA,NCAA Division I-FCS,"Private nonprofit, 4-year or above",8800183.0,8800183.0,96.0,10769.0,1033777.0,1.0,14.0,68488700,68488700,443198.0,109229.0,9.0,29.0,385115.0,623409,2025,2024-25,https://ope.ed.gov/athletics/#/datafile/list,0.0,91668.57291666667,7766406.0,7156423.0,1972404.0
234085,Virginia Military Institute,VA,NCAA Division I-FCS,"Public, 4-year or above",5394538.0,5394538.0,105.0,5649.0,593193.0,1.0,11.0,20033879,20033879,103010.0,50543.0,9.0,26.0,122048.0,140541,2025,2024-25,https://ope.ed.gov/athletics/#/datafile/list,0.0,51376.55238095238,4801345.0,2241208.0,658983.0
233921,Virginia Polytechnic Institute and State University,VA,NCAA Division I-FBS,"Public, 4-year or above",79735756.0,37803976.0,124.0,85067.0,10548247.0,1.0,10.0,151623889,148984818,1035137.0,199278.0,9.0,39.0,2703456.0,3381526,2025,2024-25,https://ope.ed.gov/athletics/#/datafile/list,41931780.0,304870.77419354836,27255729.0,17088075.0,3027917.0
234155,Virginia State University,VA,NCAA Division II with football,"Public, 4-year or above",1827489.0,1827489.0,132.0,2731.0,360513.0,1.0,9.0,9315469,9315469,84958.0,35332.0,8.0,14.0,13463.0,15344,2025,2024-25,https://ope.ed.gov/athletics/#/datafile/list,0.0,13844.613636363636,1466976.0,1174312.0,402946.0
234164,Virginia Union University,VA,NCAA Division II with football,"Private nonprofit, 4-year or above",1837833.0,1617306.0,113.0,3622.0,409323.0,1.0,12.0,4760591,4046046,38917.0,30308.0,6.0,13.0,26969.0,30046,2025,2024-25,https://ope.ed.gov/athletics/#/datafile/list,220527.0,14312.442477876106,1207983.0,627506.0,402613.0
234137,Virginia University of Lynchburg,VA,NCCAA Division I ,"Private nonprofit, 4-year or above",598500.0,517894.0,110.0,1574.0,173123.0,1.0,9.0,762859,622626,42000.0,5370.0,3.0,10.0,3200.0,6400,2025,2024-25,https://ope.ed.gov/athletics/#/datafile/list,80606.0,4708.127272727273,344771.0,179700.0,90330.0
197197,Wagner College,NY,NCAA Division I-FCS,"Private nonprofit, 4-year or above",4489660.0,4489660.0,167.0,989.0,165138.0,1.0,13.0,21416316,21416316,70545.0,25172.0,10.0,34.0,133420.0,163497,2025,2024-25,https://ope.ed.gov/athletics/#/datafile/list,0.0,26884.191616766468,4324522.0,1561298.0,397781.0
199847,Wake Forest University,NC,NCAA Division I-FBS,"Private nonprofit, 4-year or above",39399925.0,39399925.0,130.0,26712.0,3472586.0,1.0,10.0,114628069,114628069,1180595.0,288593.0,7.0,29.0,1453094.0,1943890,2025,2024-25,https://ope.ed.gov/athletics/#/datafile/list,0.0,303076.3461538461,35927339.0,16633362.0,4066525.0
154518,Waldorf University,IA,NAIA Division I ,"Private for-profit, 4-year or above",1375189.0,1375189.0,102.0,879.0,89652.0,1.0,9.0,6581696,6581696,36202.0,18904.0,9.0,23.0,42234.0,72374,2025,2024-25,https://ope.ed.gov/athletics/#/datafile/list,0.0,13482.245098039215,1285537.0,760610.0,206338.0
206437,Walsh University,OH,NCAA Division II with football,"Private nonprofit, 4-year or above",1809280.0,1717584.0,128.0,1601.0,204990.0,1.0,9.0,10717335,9727666,53208.0,15759.0,8.0,26.0,39617.0,55663,2025,2024-25,https://ope.ed.gov/athletics/#/datafile/list,91696.0,13418.625,1512594.0,835398.0,195039.0
138275,Warner University,FL,NAIA Division I ,"Private nonprofit, 4-year or above",993727.0,632946.0,142.0,1735.0,246322.0,1.0,5.0,4602497,2982291,45220.0,34050.0,9.0,10.0,6888.0,16173,2025,2024-25,https://ope.ed.gov/athletics/#/datafile/list,360781.0,4457.366197183099,386624.0,747480.0,215470.0
154527,Wartburg College,IA,NCAA Division III with football,"Private nonprofit, 4-year or above",557787.0,557787.0,184.0,967.0,177871.0,1.0,11.0,5506449,5506449,38256.0,10449.0,11.0,43.0,103351.0,169293,2025,2024-25,https://ope.ed.gov/athletics/#/datafile/list,0.0,3031.4510869565215,379916.0,870123.0,153195.0
156082,Washburn University,KS,NCAA Division II with football,"Public, 4-year or above",2802770.0,2802770.0,135.0,3531.0,476735.0,1.0,12.0,11756885,11756885,88442.0,31858.0,6.0,25.0,85606.0,116976,2025,2024-25,https://ope.ed.gov/athletics/#/datafile/list,0.0,20761.25925925926,2326035.0,1327102.0,470738.0
216667,Washington & Jefferson College,PA,NCAA Division III with football,"Private nonprofit, 4-year or above",616211.0,610213.0,162.0,808.0,130922.0,1.0,12.0,4254826,4181898,45617.0,12621.0,11.0,18.0,36123.0,60231,2025,2024-25,https://ope.ed.gov/athletics/#/datafile/list,5998.0,3766.746913580247,479291.0,728965.0,197069.0
236939,Washington State University,WA,NCAA Division I-FBS,"Public, 4-year or above",38831529.0,22896016.0,124.0,34497.0,4277675.0,1.0,14.0,82229485,68573910,769828.0,204030.0,5.0,26.0,1235204.0,1655562,2025,2024-25,https://ope.ed.gov/athletics/#/datafile/list,15935513.0,184645.29032258064,18618341.0,9153920.0,3626248.0
179867,Washington University in St Louis,MO,NCAA Division III with football,"Private nonprofit, 4-year or above",875938.0,849419.0,106.0,1669.0,176909.0,1.0,10.0,11187332,10669904,91334.0,17487.0,7.0,32.0,59966.0,112333,2025,2024-25,https://ope.ed.gov/athletics/#/datafile/list,26519.0,8013.38679245283,672510.0,1198922.0,266204.0
234207,Washington and Lee University,VA,NCAA Division III with football,"Private nonprofit, 4-year or above",667954.0,654373.0,85.0,2497.0,212203.0,1.0,8.0,7951306,7712360,62848.0,25345.0,12.0,25.0,28182.0,37454,2025,2024-25,https://ope.ed.gov/athletics/#/datafile/list,13581.0,7698.505882352942,442170.0,1387801.0,265608.0
229780,Wayland Baptist University,TX,NAIA Division I ,"Private nonprofit, 4-year or above",1313895.0,1280795.0,142.0,1809.0,256878.0,1.0,6.0,8183170,7881467,45410.0,20459.0,7.0,23.0,25375.0,47423,2025,2024-25,https://ope.ed.gov/athletics/#/datafile/list,33100.0,9019.68309859155,1023917.0,788427.0,168164.0
181783,Wayne State College,NE,NCAA Division II with football,"Public, 4-year or above",1446909.0,1446909.0,95.0,2165.0,205701.0,1.0,9.0,7073005,7073005,87088.0,34829.0,4.0,15.0,37486.0,73931,2025,2024-25,https://ope.ed.gov/athletics/#/datafile/list,0.0,15230.621052631579,1241208.0,870787.0,400549.0
172644,Wayne State University,MI,NCAA Division II with football,"Public, 4-year or above",2520396.0,2520396.0,118.0,2831.0,334112.0,1.0,16.0,16085437,16085437,100770.0,37683.0,8.0,19.0,55770.0,70194,2025,2024-25,https://ope.ed.gov/athletics/#/datafile/list,0.0,21359.28813559322,2186284.0,1522137.0,703698.0
216694,Waynesburg University,PA,NCCAA Division II ,"Private nonprofit, 4-year or above",460562.0,460562.0,101.0,628.0,63402.0,1.0,10.0,2099809,2099809,25561.0,9166.0,10.0,25.0,31991.0,52086,2025,2024-25,https://ope.ed.gov/athletics/#/datafile/list,0.0,4560.019801980198,397160.0,484760.0,117221.0
138293,Webber International University,FL,NAIA Division I ,"Private nonprofit, 4-year or above",1941270.0,1931048.0,63.0,2758.0,173765.0,1.0,14.0,10697075,10544697,30931.0,12706.0,13.0,30.0,26268.0,33768,2025,2024-25,https://ope.ed.gov/athletics/#/datafile/list,10222.0,30651.555555555555,1757283.0,783283.0,208815.0
230782,Weber State University,UT,NCAA Division I-FCS,"Public, 4-year or above",5385486.0,5385486.0,109.0,12386.0,1350088.0,1.0,10.0,19668633,19668633,116871.0,61345.0,5.0,18.0,235997.0,359767,2025,2024-25,https://ope.ed.gov/athletics/#/datafile/list,0.0,49408.12844036697,4035398.0,1688565.0,730321.0
130697,Wesleyan University,CT,NCAA Division III with football,"Private nonprofit, 4-year or above",1212324.0,985010.0,108.0,1217.0,131443.0,1.0,9.0,15509027,10995246,102097.0,16368.0,14.0,41.0,58709.0,119005,2025,2024-25,https://ope.ed.gov/athletics/#/datafile/list,227314.0,9120.462962962964,853567.0,2100446.0,249409.0
216764,West Chester University of Pennsylvania,PA,NCAA Division II with football,"Public, 4-year or above",1328427.0,1175044.0,122.0,1267.0,154540.0,1.0,13.0,10958674,9740305,65839.0,26083.0,8.0,18.0,16990.0,29217,2025,2024-25,https://ope.ed.gov/athletics/#/datafile/list,153383.0,9631.508196721312,1020504.0,996206.0,404918.0
237932,West Liberty University,WV,NCAA Division II with football,"Public, 4-year or above",1590971.0,1590971.0,97.0,1223.0,118614.0,1.0,8.0,6789676,6789676,52688.0,29202.0,8.0,25.0,10225.0,23208,2025,2024-25,https://ope.ed.gov/athletics/#/datafile/list,0.0,16401.76288659794,1472357.0,1151554.0,286304.0
125471,West Los Angeles College,CA,CCCAA,"Public, 2-year",128861.0,126233.0,48.0,805.0,38644.0,1.0,7.0,884995,884995,17900.0,13820.0,5.0,13.0,0.0,0,2025,2024-25,https://ope.ed.gov/athletics/#/datafile/list,2628.0,2629.8541666666665,87589.0,269160.0,114640.0
229814,West Texas A & M University,TX,NCAA Division II with football,"Public, 4-year or above",2162920.0,2162920.0,138.0,3418.0,471622.0,1.0,10.0,12359282,12359282,91900.0,41153.0,7.0,17.0,135980.0,205692,2025,2024-25,https://ope.ed.gov/athletics/#/datafile/list,0.0,15673.333333333334,1691298.0,1342901.0,503430.0
237899,West Virginia State University,WV,NCAA Division II with football,"Public, 4-year or above",1575870.0,1550825.0,129.0,1952.0,251847.0,1.0,10.0,6582213,6582213,56186.0,21972.0,6.0,20.0,29504.0,40141,2025,2024-25,https://ope.ed.gov/athletics/#/datafile/list,25045.0,12021.899224806202,1298978.0,776556.0,275906.0
238032,West Virginia University,WV,NCAA Division I-FBS,"Public, 4-year or above",47642113.0,35250569.0,127.0,32151.0,4083125.0,1.0,18.0,117413366,117413366,239357.0,149893.0,7.0,38.0,1774645.0,2412091,2025,2024-25,https://ope.ed.gov/athletics/#/datafile/list,12391544.0,277563.53543307085,31167444.0,7371433.0,2937431.0
237969,West Virginia Wesleyan College,WV,NCAA Division II with football,"Private nonprofit, 4-year or above",1117905.0,1117905.0,127.0,1654.0,210040.0,1.0,7.0,5370136,5370136,33156.0,15459.0,8.0,16.0,35949.0,54407,2025,2024-25,https://ope.ed.gov/athletics/#/datafile/list,0.0,8802.401574803149,907865.0,512592.0,141369.0
200004,Western Carolina University,NC,NCAA Division I-FCS,"Public, 4-year or above",3907722.0,3907722.0,120.0,7273.0,872749.0,1.0,12.0,16279007,16279007,169926.0,57809.0,5.0,20.0,118658.0,224942,2025,2024-25,https://ope.ed.gov/athletics/#/datafile/list,0.0,32564.35,3034973.0,2005810.0,863634.0
128391,Western Colorado University,CO,NCAA Division II with football,"Public, 4-year or above",2121742.0,2121742.0,147.0,1651.0,242634.0,1.0,9.0,8432797,8432797,65635.0,24754.0,5.0,14.0,64622.0,108799,2025,2024-25,https://ope.ed.gov/athletics/#/datafile/list,0.0,14433.619047619048,1879108.0,674731.0,288421.0
130776,Western Connecticut State University,CT,NCAA Division III with football,"Public, 4-year or above",592737.0,592737.0,142.0,1189.0,168881.0,1.0,7.0,4733378,4733378,70245.0,16572.0,10.0,24.0,5475.0,8604,2025,2024-25,https://ope.ed.gov/athletics/#/datafile/list,0.0,4174.204225352113,423856.0,1100178.0,186249.0
149772,Western Illinois University,IL,NCAA Division I-FCS,"Public, 4-year or above",3514501.0,3514501.0,114.0,843.0,96073.0,1.0,14.0,14762669,14762669,103967.0,34227.0,6.0,15.0,31769.0,78068,2025,2024-25,https://ope.ed.gov/athletics/#/datafile/list,0.0,30828.956140350878,3418428.0,1137207.0,583145.0
157951,Western Kentucky University,KY,NCAA Division I-FBS,"Public, 4-year or above",11040244.0,11040244.0,112.0,30173.0,3379407.0,1.0,14.0,31319105,31319105,395923.0,69996.0,5.0,24.0,715751.0,834088,2025,2024-25,https://ope.ed.gov/athletics/#/datafile/list,0.0,98573.60714285714,7660837.0,3659519.0,1375867.0
172699,Western Michigan University,MI,NCAA Division I-FBS,"Public, 4-year or above",11409469.0,11409469.0,113.0,22108.0,2498192.0,1.0,15.0,43722663,43722663,366042.0,78633.0,6.0,29.0,733315.0,880602,2025,2024-25,https://ope.ed.gov/athletics/#/datafile/list,0.0,100968.75221238939,8911277.0,4476609.0,1545537.0
168254,Western New England University,MA,NCAA Division III with football,"Private nonprofit, 4-year or above",602881.0,561437.0,120.0,1250.0,149997.0,1.0,9.0,5897076,5303775,46959.0,7332.0,11.0,29.0,14850.0,30346,2025,2024-25,https://ope.ed.gov/athletics/#/datafile/list,41444.0,4678.641666666666,411440.0,729177.0,112947.0
188304,Western New Mexico University,NM,NCAA Division II with football,"Public, 4-year or above",1966578.0,1964609.0,114.0,2608.0,297285.0,1.0,10.0,6119598,6059868,50818.0,47006.0,6.0,7.0,47576.0,84957,2025,2024-25,https://ope.ed.gov/athletics/#/datafile/list,1969.0,17233.412280701756,1667324.0,633950.0,520878.0
210429,Western Oregon University,OR,NCAA Division II with football,"Public, 4-year or above",2006095.0,2006095.0,128.0,5358.0,685859.0,1.0,8.0,9004815,9004815,64087.0,25758.0,7.0,17.0,41793.0,79820,2025,2024-25,https://ope.ed.gov/athletics/#/datafile/list,0.0,15672.6171875,1320236.0,886495.0,270151.0
168263,Westfield State University,MA,NCAA Division III with football,"Public, 4-year or above",210273.0,207727.0,81.0,1290.0,104506.0,1.0,8.0,4074361,4011161,29697.0,3264.0,8.0,18.0,16688.0,23526,2025,2024-25,https://ope.ed.gov/athletics/#/datafile/list,2546.0,2564.5308641975307,103221.0,296328.0,55809.0
216807,Westminster College,PA,NCAA Division III with football,"Private nonprofit, 4-year or above",608238.0,608238.0,140.0,1653.0,231375.0,1.0,11.0,3251272,3251272,31886.0,5989.0,11.0,28.0,50474.0,74690,2025,2024-25,https://ope.ed.gov/athletics/#/datafile/list,0.0,4344.557142857143,376863.0,518438.0,97765.0
179946,Westminster College,MO,NCAA Division III with football,"Private nonprofit, 4-year or above",459305.0,459305.0,85.0,1206.0,102534.0,1.0,5.0,2809428,2809428,32720.0,19528.0,11.0,15.0,13952.0,22733,2025,2024-25,https://ope.ed.gov/athletics/#/datafile/list,0.0,5403.588235294118,356771.0,652840.0,130360.0
149781,Wheaton College,IL,NCAA Division III with football,"Private nonprofit, 4-year or above",1339822.0,1339822.0,127.0,5031.0,638926.0,1.0,13.0,5999890,5999890,60137.0,18790.0,9.0,24.0,110058.0,144671,2025,2024-25,https://ope.ed.gov/athletics/#/datafile/list,0.0,10549.779527559054,700896.0,992193.0,304407.0
238078,Wheeling University,WV,NCAA Division II with football,"Private nonprofit, 4-year or above",2505944.0,2395945.0,130.0,2530.0,328858.0,1.0,6.0,9276743,8820374,52950.0,51535.0,9.0,8.0,57734.0,79755,2025,2024-25,https://ope.ed.gov/athletics/#/datafile/list,109999.0,18430.346153846152,2067087.0,888830.0,362160.0
237066,Whitworth University,WA,NCAA Division III with football,"Private nonprofit, 4-year or above",986887.0,974129.0,128.0,2206.0,282386.0,1.0,18.0,5809833,5520299,51837.0,6185.0,10.0,51.0,44779.0,56086,2025,2024-25,https://ope.ed.gov/athletics/#/datafile/list,12758.0,7610.3828125,691743.0,833805.0,163167.0
216852,Widener University,PA,NCAA Division III with football,"Private nonprofit, 4-year or above",598387.0,527052.0,107.0,348.0,37234.0,1.0,6.0,5356815,5028005,50843.0,6230.0,10.0,54.0,20490.0,33157,2025,2024-25,https://ope.ed.gov/athletics/#/datafile/list,71335.0,4925.719626168225,489818.0,844850.0,88223.0
216931,Wilkes University,PA,NCAA Division III with football,"Private nonprofit, 4-year or above",806512.0,806512.0,117.0,1984.0,232150.0,1.0,11.0,5260015,5260015,39396.0,15858.0,12.0,28.0,62175.0,93918,2025,2024-25,https://ope.ed.gov/athletics/#/datafile/list,0.0,6893.264957264957,574362.0,916776.0,213834.0
210401,Willamette University,OR,NCAA Division III with football,"Private nonprofit, 4-year or above",524638.0,524638.0,77.0,1574.0,121184.0,1.0,8.0,4237846,4237846,39475.0,9959.0,10.0,33.0,26884.0,60694,2025,2024-25,https://ope.ed.gov/athletics/#/datafile/list,0.0,6813.480519480519,403454.0,723397.0,119147.0
231624,William & Mary,VA,NCAA Division I-FCS,"Public, 4-year or above",5465674.0,8965485.0,105.0,15317.0,1608238.0,1.0,10.0,38243456,37493446,136579.0,71819.0,10.0,24.0,184792.0,322693,2025,2024-25,https://ope.ed.gov/athletics/#/datafile/list,-3499811.0,85385.57142857143,7357247.0,3089446.0,854769.0
179955,William Jewell College,MO,NCAA Division II with football,"Private nonprofit, 4-year or above",1949859.0,1939046.0,111.0,2326.0,258210.0,1.0,11.0,8576602,8562849,44313.0,34174.0,10.0,12.0,6603.0,12326,2025,2024-25,https://ope.ed.gov/athletics/#/datafile/list,10813.0,17468.882882882885,1680836.0,853218.0,420227.0
187444,William Paterson University of New Jersey,NJ,NCAA Division III with football,"Public, 4-year or above",396367.0,394867.0,91.0,912.0,83030.0,1.0,9.0,3703066,3639694,57340.0,8324.0,6.0,24.0,6962.0,20278,2025,2024-25,https://ope.ed.gov/athletics/#/datafile/list,1500.0,4339.197802197802,311837.0,543816.0,132256.0
154590,William Penn University,IA,NAIA Division I ,"Private nonprofit, 4-year or above",2699754.0,2689936.0,139.0,728.0,101260.0,1.0,8.0,17652155,17441594,50937.0,11659.0,13.0,32.0,91218.0,112246,2025,2024-25,https://ope.ed.gov/athletics/#/datafile/list,9818.0,19352.057553956834,2588676.0,1035269.0,144209.0
179964,William Woods University,MO,NAIA Division I ,"Private nonprofit, 4-year or above",2017360.0,1993262.0,76.0,4363.0,331599.0,1.0,7.0,18929088,18361259,43074.0,26339.0,10.0,10.0,35234.0,57042,2025,2024-25,https://ope.ed.gov/athletics/#/datafile/list,24098.0,26227.13157894737,1661663.0,694130.0,227447.0
168342,Williams College,MA,NCAA Division III with football,"Private nonprofit, 4-year or above",703828.0,703828.0,87.0,1102.0,95894.0,1.0,9.0,12392262,12392262,67221.0,24989.0,16.0,30.0,78405.0,142816,2025,2024-25,https://ope.ed.gov/athletics/#/datafile/list,0.0,8089.977011494253,607934.0,1825206.0,292122.0
206507,Wilmington College,OH,NCAA Division III with football,"Private nonprofit, 4-year or above",405568.0,410525.0,84.0,1488.0,124957.0,1.0,6.0,2756472,2615006,40364.0,11520.0,10.0,26.0,33656.0,55390,2025,2024-25,https://ope.ed.gov/athletics/#/datafile/list,-4957.0,4887.202380952381,285568.0,703160.0,109484.0
199962,Wingate University,NC,NCAA Division II with football,"Private nonprofit, 4-year or above",2203347.0,2143442.0,200.0,976.0,195262.0,1.0,8.0,16887041,16171927,66588.0,28114.0,10.0,24.0,35339.0,60332,2025,2024-25,https://ope.ed.gov/athletics/#/datafile/list,59905.0,10717.21,1948180.0,1340616.0,291500.0
175272,Winona State University,MN,NCAA Division II with football,"Public, 4-year or above",1766206.0,1766206.0,120.0,1768.0,212164.0,1.0,9.0,7208529,7208529,69722.0,32779.0,5.0,14.0,40907.0,62601,2025,2024-25,https://ope.ed.gov/athletics/#/datafile/list,0.0,14718.383333333333,1554042.0,807516.0,364733.0
199999,Winston-Salem State University,NC,NCAA Division II with football,"Public, 4-year or above",2145957.0,2145957.0,116.0,1997.0,231619.0,1.0,13.0,6793984,6733477,68129.0,28596.0,4.0,16.0,12939.0,19896,2025,2024-25,https://ope.ed.gov/athletics/#/datafile/list,0.0,18499.629310344826,1914338.0,730052.0,439877.0
240338,Wisconsin Lutheran College,WI,NCAA Division III with football,"Private nonprofit, 4-year or above",437716.0,437716.0,90.0,1934.0,174045.0,1.0,12.0,3688971,3542422,31202.0,8053.0,10.0,43.0,36747.0,64614,2025,2024-25,https://ope.ed.gov/athletics/#/datafile/list,0.0,4863.511111111111,263671.0,658299.0,127838.0
206525,Wittenberg University,OH,NCAA Division III with football,"Private nonprofit, 4-year or above",740616.0,740616.0,186.0,639.0,118816.0,1.0,8.0,4384615,4384615,52484.0,24498.0,10.0,23.0,41513.0,64149,2025,2024-25,https://ope.ed.gov/athletics/#/datafile/list,0.0,3981.8064516129034,621800.0,1088294.0,248468.0
218973,Wofford College,SC,NCAA Division I-FCS,"Private nonprofit, 4-year or above",7018564.0,7018564.0,118.0,5172.0,610289.0,1.0,10.0,32651311,32651311,127278.0,69891.0,7.0,17.0,161426.0,224925,2025,2024-25,https://ope.ed.gov/athletics/#/datafile/list,0.0,59479.35593220339,6408275.0,2079093.0,826188.0
168421,Worcester Polytechnic Institute,MA,NCAA Division III with football,"Private nonprofit, 4-year or above",566370.0,566370.0,106.0,879.0,93168.0,1.0,10.0,5940210,5940210,74241.0,9905.0,9.0,31.0,42545.0,66509,2025,2024-25,https://ope.ed.gov/athletics/#/datafile/list,0.0,5343.11320754717,473202.0,975224.0,173291.0
168430,Worcester State University,MA,NCAA Division III with football,"Public, 4-year or above",196228.0,181499.0,93.0,538.0,50078.0,1.0,6.0,2810625,2713610,12788.0,2967.0,9.0,24.0,3455.0,7392,2025,2024-25,https://ope.ed.gov/athletics/#/datafile/list,14729.0,1951.6021505376343,131421.0,186300.0,30590.0
130794,Yale University,CT,NCAA Division I-FCS,"Private nonprofit, 4-year or above",7810316.0,7810316.0,121.0,10342.0,1251415.0,1.0,9.0,79522668,77961312,182223.0,60015.0,17.0,43.0,961593.0,1390704,2025,2024-25,https://ope.ed.gov/athletics/#/datafile/list,0.0,64548.06611570248,6558901.0,5678436.0,722358.0
206695,Youngstown State University,OH,NCAA Division I-FCS,"Public, 4-year or above",5024652.0,5024652.0,123.0,8100.0,996342.0,1.0,12.0,23268696,23268696,148982.0,35378.0,7.0,32.0,262117.0,390970,2025,2024-25,https://ope.ed.gov/athletics/#/datafile/list,0.0,40850.829268292684,4028310.0,2174970.0,573518.0
126119,Yuba College,CA,CCCAA,"Public, 2-year",82384.0,82384.0,68.0,399.0,27145.0,1.0,8.0,1065338,1065338,35101.0,2712.0,5.0,14.0,0.0,0,2025,2024-25,https://ope.ed.gov/athletics/#/datafile/list,0.0,1211.5294117647059,55239.0,213473.0,56797.0
