unitid,school,state,classification,sector,football_revenue,football_expenses,football_participants,football_opexp_per_participant,football_operating_expenses,football_head_coaches,football_assistant_coaches,dept_total_revenue,dept_total_expenses,avg_head_coach_salary_men,avg_asst_coach_salary_men,num_head_coaches_men,num_asst_coaches_men,recruiting_expenses_men,recruiting_expenses_total,report_year,academic_year,source_url,football_net,football_spend_per_player,football_nonoperating_spend,mens_coaching_payroll
222178,Abilene Christian University,TX,NCAA Division I-FCS,"Private nonprofit, 4-year or above",7428508.0,7286935.0,93.0,17471.0,1624808.0,1.0,11.0,26476731,26476731,194108.0,66429.0,6.0,23.0,160656.0,286472,2025,2024-25,https://ope.ed.gov/athletics/#/datafile/list,141573.0,78354.13978494624,5662127.0,2692515.0
126182,Adams State University,CO,NCAA Division II with football,"Public, 4-year or above",1157693.0,1157693.0,130.0,1175.0,152739.0,1.0,8.0,7550205,7550205,67503.0,17618.0,8.0,24.0,25067.0,54335,2025,2024-25,https://ope.ed.gov/athletics/#/datafile/list,0.0,8905.33076923077,1004954.0,962856.0
168528,Adrian College,MI,NCAA Division III with football,"Private nonprofit, 4-year or above",566197.0,566197.0,177.0,698.0,123589.0,1.0,25.0,5473039,5473039,48890.0,35159.0,14.0,23.0,35505.0,69375,2025,2024-25,https://ope.ed.gov/athletics/#/datafile/list,0.0,3198.853107344633,442608.0,1493117.0
100654,Alabama A & M University,AL,NCAA Division I-FCS,"Public, 4-year or above",5099251.0,4382334.0,146.0,7551.0,1102458.0,1.0,13.0,13021239,13021239,135748.0,57522.0,6.0,18.0,64002.0,116367,2025,2024-25,https://ope.ed.gov/athletics/#/datafile/list,716917.0,30015.986301369863,3279876.0,1849884.0
100724,Alabama State University,AL,NCAA Division I-FCS,"Public, 4-year or above",4937810.0,4937810.0,117.0,8294.0,970358.0,1.0,12.0,17902056,17902056,117455.0,68905.0,6.0,19.0,63542.0,122299,2025,2024-25,https://ope.ed.gov/athletics/#/datafile/list,0.0,42203.50427350427,3967452.0,2013925.0
138716,Albany State University,GA,NCAA Division II with football,"Public, 4-year or above",1833011.0,1355220.0,86.0,1418.0,121937.0,1.0,9.0,3208383,3208383,84750.0,28800.0,4.0,14.0,5250.0,7450,2025,2024-25,https://ope.ed.gov/athletics/#/datafile/list,477791.0,15758.372093023256,1233283.0,742200.0
168546,Albion College,MI,NCAA Division III with football,"Private nonprofit, 4-year or above",740109.0,663839.0,121.0,2147.0,259748.0,1.0,7.0,6012551,5583773,44779.0,19840.0,10.0,20.0,25639.0,53475,2025,2024-25,https://ope.ed.gov/athletics/#/datafile/list,76270.0,5486.272727272727,404091.0,844590.0
210571,Albright College,PA,NCAA Division III with football,"Private nonprofit, 4-year or above",422683.0,422683.0,91.0,704.0,64055.0,1.0,9.0,2123861,2123861,33422.0,13851.0,10.0,21.0,22738.0,29103,2025,2024-25,https://ope.ed.gov/athletics/#/datafile/list,0.0,4644.868131868132,358628.0,625091.0
175342,Alcorn State University,MS,NCAA Division I-FCS,"Public, 4-year or above",3955380.0,3955380.0,118.0,15601.0,1840955.0,1.0,10.0,10509725,10509725,115165.0,55990.0,5.0,17.0,64518.0,109837,2025,2024-25,https://ope.ed.gov/athletics/#/datafile/list,0.0,33520.16949152543,2114425.0,1527655.0
188641,Alfred University,NY,NCAA Division III with football,"Private nonprofit, 4-year or above",599441.0,603393.0,115.0,1598.0,183802.0,1.0,13.0,5298227,5196878,41039.0,12814.0,12.0,21.0,66210.0,108907,2025,2024-25,https://ope.ed.gov/athletics/#/datafile/list,-3952.0,5246.895652173913,419591.0,761562.0
108807,Allan Hancock College,CA,CCCAA,"Public, 2-year",242009.0,274347.0,71.0,1033.0,73347.0,1.0,8.0,3021454,2956716,29938.0,11342.0,8.0,22.0,0.0,0,2025,2024-25,https://ope.ed.gov/athletics/#/datafile/list,-32338.0,3864.042253521127,201000.0,489028.0
210669,Allegheny College,PA,NCAA Division III with football,"Private nonprofit, 4-year or above",788268.0,788268.0,108.0,2886.0,311736.0,1.0,7.0,4656575,4656575,52137.0,32083.0,9.0,19.0,154933.0,246707,2025,2024-25,https://ope.ed.gov/athletics/#/datafile/list,0.0,7298.777777777777,476532.0,1078810.0
217624,Allen University,SC,NCAA Division II with football,"Private nonprofit, 4-year or above",853664.0,853664.0,125.0,662.0,82719.0,1.0,6.0,3009939,3009939,50250.0,25950.0,4.0,10.0,7131.0,17821,2025,2024-25,https://ope.ed.gov/athletics/#/datafile/list,0.0,6829.312,770945.0,460500.0
168591,Alma College,MI,NCAA Division III with football,"Private nonprofit, 4-year or above",819404.0,819404.0,168.0,549.0,92163.0,1.0,12.0,5487084,5487084,47697.0,16645.0,11.0,32.0,25815.0,54087,2025,2024-25,https://ope.ed.gov/athletics/#/datafile/list,0.0,4877.4047619047615,727241.0,1057307.0
210775,Alvernia University,PA,NCAA Division III with football,"Private nonprofit, 4-year or above",545415.0,532011.0,90.0,1052.0,94713.0,1.0,9.0,4646583,4380109,45190.0,10353.0,10.0,33.0,82578.0,115037,2025,2024-25,https://ope.ed.gov/athletics/#/datafile/list,13404.0,5911.233333333334,437298.0,793549.0
164447,American International College,MA,NCAA Division II with football,"Private nonprofit, 4-year or above",2196763.0,2196763.0,125.0,817.0,102141.0,1.0,3.0,13513807,13513807,86392.0,57748.0,11.0,11.0,74793.0,93874,2025,2024-25,https://ope.ed.gov/athletics/#/datafile/list,0.0,17574.104,2094622.0,1585540.0
109208,American River College,CA,CCCAA,"Public, 2-year",433415.0,441280.0,137.0,1347.0,184475.0,1.0,20.0,2863068,2814834,51552.0,7637.0,9.0,22.0,0.0,0,2025,2024-25,https://ope.ed.gov/athletics/#/datafile/list,-7865.0,3221.021897810219,256805.0,631982.0
164465,Amherst College,MA,NCAA Division III with football,"Private nonprofit, 4-year or above",1141137.0,1141137.0,84.0,1972.0,165685.0,1.0,7.0,10867327,10867327,91544.0,29436.0,13.0,34.0,127771.0,196015,2025,2024-25,https://ope.ed.gov/athletics/#/datafile/list,0.0,13584.964285714286,975452.0,2190896.0
217633,Anderson University,SC,NCAA Division III with football,"Private nonprofit, 4-year or above",2314108.0,2200474.0,112.0,2974.0,333052.0,1.0,14.0,12450137,11604317,58613.0,43672.0,9.0,16.0,129185.0,164903,2025,2024-25,https://ope.ed.gov/athletics/#/datafile/list,113634.0,19647.089285714286,1867422.0,1226269.0
150066,Anderson University,IN,NCAA Division III with football,"Private nonprofit, 4-year or above",544982.0,534947.0,74.0,2390.0,176872.0,1.0,11.0,3506129,3321618,52305.0,11492.0,10.0,26.0,27678.0,35527,2025,2024-25,https://ope.ed.gov/athletics/#/datafile/list,10035.0,7229.013513513513,358075.0,821842.0
138761,Andrew College,GA,NJCAA Division I ,"Private nonprofit, 2-year",1044423.0,1044423.0,77.0,570.0,43888.0,1.0,6.0,3439065,3439065,44710.0,10183.0,6.0,9.0,8527.0,14244,2025,2024-25,https://ope.ed.gov/athletics/#/datafile/list,0.0,13563.935064935064,1000535.0,359907.0
222831,Angelo State University,TX,NCAA Division II with football,"Public, 4-year or above",1832364.0,1800964.0,129.0,3128.0,403516.0,1.0,6.0,9684728,8859878,130018.0,57537.0,4.0,11.0,88094.0,169472,2025,2024-25,https://ope.ed.gov/athletics/#/datafile/list,31400.0,13960.961240310078,1397448.0,1152979.0
164492,Anna Maria College,MA,NCAA Division III with football,"Private nonprofit, 4-year or above",362764.0,362764.0,112.0,1282.0,143579.0,1.0,9.0,2653380,2653380,62333.0,8809.0,6.0,19.0,26276.0,42139,2025,2024-25,https://ope.ed.gov/athletics/#/datafile/list,0.0,3238.964285714286,219185.0,541369.0
109350,Antelope Valley Community College District,CA,CCCAA,"Public, 2-year",288272.0,288272.0,73.0,2649.0,193351.0,1.0,8.0,2113128,2113128,14387.0,8465.0,8.0,19.0,0.0,0,2025,2024-25,https://ope.ed.gov/athletics/#/datafile/list,0.0,3948.931506849315,94921.0,275931.0
197869,Appalachian State University,NC,NCAA Division I-FBS,"Public, 4-year or above",13288981.0,13288981.0,122.0,18944.0,2311199.0,1.0,10.0,44964352,44964352,384286.0,142567.0,6.0,25.0,787385.0,987399,2025,2024-25,https://ope.ed.gov/athletics/#/datafile/list,0.0,108926.0737704918,10977782.0,5869891.0
105899,Arizona Christian University,AZ,NAIA Division I ,"Private nonprofit, 4-year or above",3099343.0,3099343.0,85.0,4296.0,365158.0,1.0,14.0,14610826,14610826,38863.0,13793.0,11.0,35.0,15820.0,20920,2025,2024-25,https://ope.ed.gov/athletics/#/datafile/list,0.0,36462.85882352941,2734185.0,910248.0
104151,Arizona State University Campus Immersion,AZ,NCAA Division I-FBS,"Public, 4-year or above",50352139.0,50352139.0,123.0,35699.0,4390988.0,1.0,10.0,149346605,149346605,1426850.0,243154.0,9.0,36.0,1767905.0,2513287,2025,2024-25,https://ope.ed.gov/athletics/#/datafile/list,0.0,409366.9837398374,45961151.0,21595194.0
106306,Arkansas Baptist College,AR,NAIA Division I ,"Private nonprofit, 4-year or above",558297.0,558297.0,120.0,1017.0,122006.0,1.0,5.0,1137558,1137548,40197.0,19545.0,3.0,7.0,6376.0,6376,2025,2024-25,https://ope.ed.gov/athletics/#/datafile/list,0.0,4652.475,436291.0,257406.0
106458,Arkansas State University,AR,NCAA Division I-FBS,"Public, 4-year or above",11536628.0,11536628.0,153.0,24612.0,3765584.0,1.0,24.0,33754642,33754642,153340.0,69701.0,5.0,26.0,730079.0,1040179,2025,2024-25,https://ope.ed.gov/athletics/#/datafile/list,0.0,75402.79738562091,7771044.0,2578926.0
106467,Arkansas Tech University,AR,NCAA Division II with football,"Public, 4-year or above",1629279.0,1629279.0,134.0,715.0,95743.0,1.0,6.0,6963858,6963858,58541.0,45969.0,4.0,8.0,11069.0,33472,2025,2024-25,https://ope.ed.gov/athletics/#/datafile/list,0.0,12158.798507462689,1533536.0,601916.0
201104,Ashland University,OH,NCAA Division II with football,"Private nonprofit, 4-year or above",2711121.0,2711121.0,163.0,2634.0,429269.0,1.0,14.0,12934195,12934195,58669.0,18843.0,9.0,27.0,63784.0,87213,2025,2024-25,https://ope.ed.gov/athletics/#/datafile/list,0.0,16632.644171779142,2281852.0,1036782.0
164562,Assumption University,MA,NCAA Division II with football,"Private nonprofit, 4-year or above",1284181.0,1179970.0,114.0,1416.0,161386.0,1.0,8.0,10934723,10428977,51287.0,15474.0,10.0,25.0,44323.0,79963,2025,2024-25,https://ope.ed.gov/athletics/#/datafile/list,104211.0,10350.61403508772,1018584.0,899720.0
485768,Atlantis University,FL,USCAA,"Private for-profit, 4-year or above",354392.0,354392.0,42.0,2373.0,99648.0,1.0,4.0,1527723,1527723,36800.0,9000.0,4.0,9.0,8000.0,12000,2025,2024-25,https://ope.ed.gov/athletics/#/datafile/list,0.0,8437.904761904761,254744.0,228200.0
100858,Auburn University,AL,NCAA Division I-FBS,"Public, 4-year or above",121408732.0,58724402.0,121.0,55856.0,6758526.0,1.0,10.0,205275913,195930163,2354276.0,363584.0,7.0,33.0,3179194.0,4409793,2025,2024-25,https://ope.ed.gov/athletics/#/datafile/list,62684330.0,485325.6363636363,51965876.0,28478204.0
173045,Augsburg University,MN,NCAA Division III with football,"Private nonprofit, 4-year or above",526590.0,526590.0,106.0,1370.0,145183.0,1.0,14.0,4675032,4675032,55887.0,15763.0,10.0,33.0,23048.0,33504,2025,2024-25,https://ope.ed.gov/athletics/#/datafile/list,0.0,4967.830188679245,381407.0,1079049.0
143084,Augustana College,IL,NCAA Division III with football,"Private nonprofit, 4-year or above",693321.0,693321.0,146.0,1580.0,230624.0,1.0,11.0,5694453,5694453,45522.0,11714.0,13.0,43.0,141348.0,181880,2025,2024-25,https://ope.ed.gov/athletics/#/datafile/list,0.0,4748.773972602739,462697.0,1095488.0
219000,Augustana University,SD,NCAA Division II with football,"Private nonprofit, 4-year or above",2860738.0,2860738.0,124.0,1009.0,125096.0,1.0,10.0,16340602,16340602,75539.0,23542.0,9.0,29.0,174286.0,204780,2025,2024-25,https://ope.ed.gov/athletics/#/datafile/list,0.0,23070.467741935485,2735642.0,1362569.0
143118,Aurora University,IL,NCAA Division III with football,"Private nonprofit, 4-year or above",710979.0,710979.0,138.0,910.0,125532.0,1.0,8.0,6241751,6241751,64347.0,11401.0,12.0,45.0,68342.0,113358,2025,2024-25,https://ope.ed.gov/athletics/#/datafile/list,0.0,5152.021739130435,585447.0,1285209.0
222983,Austin College,TX,NCAA Division III with football,"Private nonprofit, 4-year or above",757958.0,703508.0,100.0,2397.0,239665.0,1.0,6.0,3541269,3511098,50142.0,28465.0,7.0,12.0,13036.0,23390,2025,2024-25,https://ope.ed.gov/athletics/#/datafile/list,54450.0,7035.08,463843.0,692574.0
219602,Austin Peay State University,TN,NCAA Division I-FCS,"Public, 4-year or above",5494154.0,5494154.0,108.0,12783.0,1380575.0,1.0,12.0,26749245,26749245,175833.0,100855.0,6.0,19.0,367663.0,506182,2025,2024-25,https://ope.ed.gov/athletics/#/datafile/list,0.0,50871.7962962963,4113579.0,2971243.0
446048,Ave Maria University,FL,NAIA Division II ,"Private nonprofit, 4-year or above",1967441.0,1967441.0,114.0,2515.0,286747.0,1.0,12.0,10779240,10779240,34390.0,16692.0,10.0,32.0,14252.0,26896,2025,2024-25,https://ope.ed.gov/athletics/#/datafile/list,0.0,17258.254385964912,1680694.0,878044.0
231420,Averett University,VA,NCAA Division III with football,"Private nonprofit, 4-year or above",484698.0,484698.0,143.0,873.0,124794.0,1.0,9.0,3305352,3305352,43636.0,14348.0,10.0,22.0,52765.0,63467,2025,2024-25,https://ope.ed.gov/athletics/#/datafile/list,0.0,3389.4965034965035,359904.0,752016.0
176628,Avila University,MO,NAIA Division I ,"Private nonprofit, 4-year or above",2121377.0,1900378.0,124.0,1042.0,129209.0,1.0,7.0,8015521,8014371,41452.0,9152.0,7.0,18.0,7260.0,13410,2025,2024-25,https://ope.ed.gov/athletics/#/datafile/list,220999.0,15325.629032258064,1771169.0,454900.0
154688,Baker University,KS,NAIA Division I ,"Private nonprofit, 4-year or above",3810981.0,3779429.0,120.0,1496.0,179565.0,1.0,9.0,18722477,18513457,38743.0,16223.0,10.0,22.0,12456.0,31171,2025,2024-25,https://ope.ed.gov/athletics/#/datafile/list,31552.0,31495.241666666665,3599864.0,744336.0
109819,Bakersfield College,CA,CCCAA,"Public, 2-year",1168468.0,1052609.0,91.0,1941.0,176675.0,1.0,12.0,4858596,4502771,39907.0,31059.0,10.0,25.0,0.0,0,2025,2024-25,https://ope.ed.gov/athletics/#/datafile/list,115859.0,11567.131868131868,875934.0,1175545.0
201195,Baldwin Wallace University,OH,NCAA Division III with football,"Private nonprofit, 4-year or above",734096.0,734096.0,129.0,1754.0,226224.0,1.0,11.0,5662886,5662886,49377.0,15500.0,13.0,35.0,90966.0,133483,2025,2024-25,https://ope.ed.gov/athletics/#/datafile/list,0.0,5690.666666666667,507872.0,1184401.0
150136,Ball State University,IN,NCAA Division I-FBS,"Public, 4-year or above",7990057.0,7990057.0,120.0,11210.0,1345209.0,1.0,14.0,30329090,30329090,245911.0,99714.0,7.0,29.0,369276.0,662905,2025,2024-25,https://ope.ed.gov/athletics/#/datafile/list,0.0,66583.80833333333,6644848.0,4613083.0
197911,Barton College,NC,NCAA Division II with football,"Private nonprofit, 4-year or above",1455993.0,1455993.0,153.0,1313.0,200952.0,1.0,9.0,8047837,8047837,37882.0,19581.0,12.0,21.0,12395.0,39123,2025,2024-25,https://ope.ed.gov/athletics/#/datafile/list,0.0,9516.29411764706,1255041.0,865785.0
160977,Bates College,ME,NCAA Division III with football,"Private nonprofit, 4-year or above",1232779.0,1010087.0,84.0,1657.0,139181.0,1.0,7.0,11408269,10285735,62665.0,31931.0,14.0,23.0,78538.0,119647,2025,2024-25,https://ope.ed.gov/athletics/#/datafile/list,222692.0,12024.84523809524,870906.0,1611723.0
223232,Baylor University,TX,NCAA Division I-FBS,"Private nonprofit, 4-year or above",44260293.0,41050130.0,118.0,62189.0,7338342.0,1.0,10.0,144126427,144126427,2256176.0,273535.0,6.0,31.0,2563417.0,3486409,2025,2024-25,https://ope.ed.gov/athletics/#/datafile/list,3210163.0,347882.4576271186,33711788.0,22016641.0
175421,Belhaven University,MS,NCAA Division III with football,"Private nonprofit, 4-year or above",985975.0,985750.0,104.0,4856.0,505028.0,1.0,10.0,4096376,4070545,60187.0,21958.0,7.0,18.0,99668.0,117946,2025,2024-25,https://ope.ed.gov/athletics/#/datafile/list,225.0,9478.365384615385,480722.0,816553.0
238333,Beloit College,WI,NCAA Division III with football,"Private nonprofit, 4-year or above",434665.0,434665.0,71.0,1549.0,109949.0,1.0,9.0,2512242,2512242,37421.0,10730.0,8.0,22.0,52618.0,68013,2025,2024-25,https://ope.ed.gov/athletics/#/datafile/list,0.0,6122.042253521126,324716.0,535428.0
173124,Bemidji State University,MN,NCAA Division II with football,"Public, 4-year or above",1768564.0,1768564.0,118.0,2255.0,266048.0,1.0,11.0,10759971,10759971,180849.0,46306.0,5.0,19.0,95392.0,167252,2025,2024-25,https://ope.ed.gov/athletics/#/datafile/list,0.0,14987.830508474575,1502516.0,1784059.0
217721,Benedict College,SC,NCAA Division II with football,"Private nonprofit, 4-year or above",549516.0,1477509.0,152.0,1770.0,269011.0,1.0,10.0,9542268,5466026,45684.0,22186.0,8.0,17.0,20204.0,22766,2025,2024-25,https://ope.ed.gov/athletics/#/datafile/list,-927993.0,9720.453947368422,1208498.0,742634.0
154712,Benedictine College,KS,NAIA Division I ,"Private nonprofit, 4-year or above",3286133.0,3286133.0,197.0,379.0,74748.0,1.0,9.0,11523992,11523992,77258.0,46134.0,7.0,17.0,35848.0,52075,2025,2024-25,https://ope.ed.gov/athletics/#/datafile/list,0.0,16680.878172588833,3211385.0,1325084.0
145619,Benedictine University,IL,NCAA Division III with football,"Private nonprofit, 4-year or above",452300.0,446658.0,143.0,472.0,67558.0,1.0,8.0,5838883,5727128,49222.0,17455.0,14.0,33.0,9041.0,25170,2025,2024-25,https://ope.ed.gov/athletics/#/datafile/list,5642.0,3123.4825174825173,379100.0,1265123.0
164739,Bentley University,MA,NCAA Division II with football,"Private nonprofit, 4-year or above",1795125.0,1714389.0,102.0,2475.0,252478.0,1.0,8.0,19787674,18174515,93589.0,33032.0,10.0,21.0,108160.0,130975,2025,2024-25,https://ope.ed.gov/athletics/#/datafile/list,80736.0,16807.735294117647,1461911.0,1629562.0
139144,Berry College,GA,NCAA Division III with football,"Private nonprofit, 4-year or above",1165509.0,1100396.0,130.0,3145.0,408885.0,1.0,8.0,10184877,9551374,48977.0,27971.0,10.0,17.0,44744.0,78555,2025,2024-25,https://ope.ed.gov/athletics/#/datafile/list,65113.0,8464.584615384616,691511.0,965277.0
154721,Bethany College,KS,NAIA Division II ,"Private nonprofit, 4-year or above",2247128.0,2243243.0,92.0,1056.0,97190.0,1.0,6.0,10603155,10449049,38611.0,19680.0,8.0,12.0,11302.0,21155,2025,2024-25,https://ope.ed.gov/athletics/#/datafile/list,3885.0,24383.07608695652,2146053.0,545048.0
237181,Bethany College,WV,NCAA Division III with football,"Private nonprofit, 4-year or above",387731.0,389730.0,117.0,892.0,104330.0,1.0,5.0,3142120,2960380,41207.0,24031.0,11.0,17.0,21552.0,38842,2025,2024-25,https://ope.ed.gov/athletics/#/datafile/list,-1999.0,3331.025641025641,285400.0,861804.0
154749,Bethel College-North Newton,KS,NAIA Division II ,"Private nonprofit, 4-year or above",1307981.0,1302304.0,98.0,1106.0,108403.0,1.0,15.0,5420137,5394912,22969.0,6221.0,8.0,24.0,7014.0,36857,2025,2024-25,https://ope.ed.gov/athletics/#/datafile/list,5677.0,13288.816326530612,1193901.0,333056.0
173160,Bethel University,MN,NCAA Division III with football,"Private nonprofit, 4-year or above",537845.0,537845.0,98.0,2012.0,197160.0,1.0,11.0,4678202,4678202,41889.0,6832.0,10.0,39.0,21465.0,29423,2025,2024-25,https://ope.ed.gov/athletics/#/datafile/list,0.0,5488.214285714285,340685.0,685338.0
219718,Bethel University,TN,NAIA Division I ,"Private nonprofit, 4-year or above",3229372.0,1539165.0,169.0,684.0,115664.0,1.0,8.0,8684583,8569167,34130.0,32132.0,8.0,12.0,1318.0,1393,2025,2024-25,https://ope.ed.gov/athletics/#/datafile/list,1690207.0,9107.485207100592,1423501.0,658624.0
132602,Bethune-Cookman University,FL,NCAA Division I-FCS,"Private nonprofit, 4-year or above",4578874.0,4578874.0,117.0,14612.0,1709610.0,1.0,17.0,15063919,15063919,125675.0,37704.0,6.0,38.0,132684.0,208638,2025,2024-25,https://ope.ed.gov/athletics/#/datafile/list,0.0,39135.67521367521,2869264.0,2186802.0
219046,Black Hills State University,SD,NCAA Division II with football,"Public, 4-year or above",1673123.0,1730741.0,125.0,2167.0,270929.0,1.0,10.0,6926383,6926383,60246.0,28238.0,5.0,15.0,98620.0,123513,2025,2024-25,https://ope.ed.gov/athletics/#/datafile/list,-57618.0,13845.928,1459812.0,724800.0
223427,Blinn College District,TX,NJCAA Division I ,"Public, 2-year",1131608.0,1130552.0,139.0,1407.0,195508.0,1.0,6.0,6481227,6450736,81514.0,47355.0,5.0,12.0,30767.0,56004,2025,2024-25,https://ope.ed.gov/athletics/#/datafile/list,1056.0,8133.46762589928,935044.0,975830.0
237215,Bluefield State University,WV,NCAA Division II with football,"Public, 4-year or above",1608660.0,1608660.0,93.0,2515.0,233917.0,1.0,11.0,5677700,5677700,34126.0,17986.0,9.0,17.0,6763.0,15315,2025,2024-25,https://ope.ed.gov/athletics/#/datafile/list,0.0,17297.41935483871,1374743.0,612896.0
231554,Bluefield University,VA,NAIA Division I ,"Private nonprofit, 4-year or above",2066952.0,2066952.0,117.0,1081.0,126462.0,1.0,6.0,7871798,7871798,36569.0,26810.0,8.0,6.0,12969.0,16930,2025,2024-25,https://ope.ed.gov/athletics/#/datafile/list,0.0,17666.25641025641,1940490.0,453412.0
201371,Bluffton University,OH,NCAA Division III with football,"Private nonprofit, 4-year or above",458799.0,401798.0,151.0,658.0,99313.0,1.0,8.0,2137505,1879447,33662.0,15732.0,8.0,15.0,15594.0,23346,2025,2024-25,https://ope.ed.gov/athletics/#/datafile/list,57001.0,2660.9139072847684,302485.0,505276.0
142115,Boise State University,ID,NCAA Division I-FBS,"Public, 4-year or above",55692857.0,25752831.0,117.0,29565.0,3459088.0,1.0,10.0,89699430,69810118,778658.0,197304.0,5.0,23.0,996917.0,1321465,2025,2024-25,https://ope.ed.gov/athletics/#/datafile/list,29940026.0,220109.66666666663,22293743.0,8431282.0
164924,Boston College,MA,NCAA Division I-FBS,"Private nonprofit, 4-year or above",47531226.0,41224780.0,148.0,61622.0,9120056.0,1.0,10.0,142122049,142122049,653075.0,231602.0,12.0,29.0,2016982.0,2490554,2025,2024-25,https://ope.ed.gov/athletics/#/datafile/list,6306446.0,278545.8108108108,32104724.0,14553358.0
161004,Bowdoin College,ME,NCAA Division III with football,"Private nonprofit, 4-year or above",949108.0,904354.0,84.0,2221.0,186578.0,1.0,7.0,15738589,15738589,64051.0,34653.0,13.0,19.0,89659.0,156741,2025,2024-25,https://ope.ed.gov/athletics/#/datafile/list,44754.0,10766.119047619048,717776.0,1491070.0
162007,Bowie State University,MD,NCAA Division II with football,"Public, 4-year or above",2661443.0,1519569.0,135.0,2786.0,376090.0,1.0,12.0,7444341,7386532,103377.0,31062.0,5.0,18.0,0.0,0,2025,2024-25,https://ope.ed.gov/athletics/#/datafile/list,1141874.0,11256.066666666668,1143479.0,1076001.0
201441,Bowling Green State University-Main Campus,OH,NCAA Division I-FBS,"Public, 4-year or above",10756676.0,10984685.0,108.0,2417.0,261012.0,1.0,12.0,35288178,35288178,349269.0,120250.0,7.0,23.0,782806.0,1011832,2025,2024-25,https://ope.ed.gov/athletics/#/datafile/list,-228009.0,101710.04629629628,10723673.0,5210633.0
198066,Brevard College,NC,NCAA Division III with football,"Private nonprofit, 4-year or above",625005.0,625005.0,193.0,1164.0,224734.0,1.0,17.0,3439929,3439929,42874.0,13235.0,8.0,23.0,2865.0,10226,2025,2024-25,https://ope.ed.gov/athletics/#/datafile/list,0.0,3238.3678756476684,400271.0,647397.0
152992,Briar Cliff University,IA,NAIA Division II ,"Private nonprofit, 4-year or above",1612335.0,1610694.0,96.0,1198.0,115018.0,1.0,8.0,8230992,8205667,47365.0,22036.0,7.0,19.0,23162.0,40532,2025,2024-25,https://ope.ed.gov/athletics/#/datafile/list,1641.0,16778.0625,1495676.0,750239.0
231581,Bridgewater College,VA,NCAA Division III with football,"Private nonprofit, 4-year or above",620313.0,620313.0,134.0,1281.0,171662.0,1.0,8.0,4900675,4900675,40914.0,25137.0,10.0,18.0,65569.0,105874,2025,2024-25,https://ope.ed.gov/athletics/#/datafile/list,0.0,4629.201492537313,448651.0,861606.0
165024,Bridgewater State University,MA,NCAA Division III with football,"Public, 4-year or above",181914.0,180965.0,100.0,969.0,96883.0,1.0,10.0,3228527,3163197,20570.0,7978.0,8.0,19.0,3777.0,7884,2025,2024-25,https://ope.ed.gov/athletics/#/datafile/list,949.0,1809.65,84082.0,316142.0
230038,Brigham Young University,UT,NCAA Division I-FBS,"Private nonprofit, 4-year or above",51715899.0,44561032.0,135.0,55891.0,7545227.0,1.0,10.0,153351328,136864784,967356.0,371797.0,9.0,29.0,2441144.0,3225491,2025,2024-25,https://ope.ed.gov/athletics/#/datafile/list,7154867.0,330081.7185185185,37015805.0,19488317.0
217156,Brown University,RI,NCAA Division I-FCS,"Private nonprofit, 4-year or above",3568284.0,3568284.0,112.0,5762.0,645359.0,1.0,9.0,43218288,43218288,196372.0,63595.0,14.0,43.0,868042.0,1272899,2025,2024-25,https://ope.ed.gov/athletics/#/datafile/list,0.0,31859.678571428572,2922925.0,5483793.0
217165,Bryant University,RI,NCAA Division I-FCS,"Private nonprofit, 4-year or above",6274912.0,6274912.0,142.0,5029.0,714061.0,1.0,11.0,28476424,28476424,131871.0,43899.0,9.0,31.0,228654.0,330335,2025,2024-25,https://ope.ed.gov/athletics/#/datafile/list,0.0,44189.52112676056,5560851.0,2547708.0
211291,Bucknell University,PA,NCAA Division I-FCS,"Private nonprofit, 4-year or above",7520434.0,7520434.0,98.0,8242.0,807676.0,1.0,10.0,38452196,38452196,116356.0,46074.0,11.0,30.0,290116.0,456478,2025,2024-25,https://ope.ed.gov/athletics/#/datafile/list,0.0,76739.12244897959,6712758.0,2662136.0
153001,Buena Vista University,IA,NCAA Division III with football,"Private nonprofit, 4-year or above",510759.0,498041.0,79.0,1280.0,101140.0,1.0,7.0,3802737,3703629,58104.0,27642.0,9.0,12.0,68024.0,91219,2025,2024-25,https://ope.ed.gov/athletics/#/datafile/list,12718.0,6304.316455696203,396901.0,854640.0
154800,Butler Community College,KS,NJCAA Division I ,"Public, 2-year",1553976.0,1553976.0,143.0,569.0,81395.0,1.0,6.0,5855644,5491989,55551.0,33238.0,4.0,12.0,45656.0,62473,2025,2024-25,https://ope.ed.gov/athletics/#/datafile/list,0.0,10866.965034965036,1472581.0,621060.0
150163,Butler University,IN,NCAA Division I-FCS,"Private nonprofit, 4-year or above",1498263.0,1421775.0,119.0,1604.0,190821.0,1.0,10.0,36948732,36379181,463055.0,74091.0,7.0,24.0,2686159.0,4553948,2025,2024-25,https://ope.ed.gov/athletics/#/datafile/list,76488.0,11947.689075630253,1230954.0,5019569.0
110246,Butte College,CA,CCCAA,"Public, 2-year",227474.0,227474.0,75.0,243.0,18215.0,1.0,8.0,2140038,2140038,49475.0,14526.0,6.0,12.0,0.0,0,2025,2024-25,https://ope.ed.gov/athletics/#/datafile/list,0.0,3032.9866666666667,209259.0,471162.0
110334,Cabrillo College,CA,CCCAA,"Public, 2-year",223465.0,224830.0,51.0,743.0,37875.0,1.0,7.0,2078886,2000977,34775.0,4917.0,7.0,13.0,0.0,0,2025,2024-25,https://ope.ed.gov/athletics/#/datafile/list,-1365.0,4408.431372549019,186955.0,307346.0
110413,California Lutheran University,CA,NCAA Division III with football,"Private nonprofit, 4-year or above",598889.0,598889.0,139.0,995.0,138263.0,1.0,10.0,5787234,5787234,62604.0,12129.0,11.0,34.0,29654.0,64042,2025,2024-25,https://ope.ed.gov/athletics/#/datafile/list,0.0,4308.553956834532,460626.0,1101030.0
110422,California Polytechnic State University-San Luis Obispo,CA,NCAA Division I-FCS,"Public, 4-year or above",7367131.0,7367131.0,145.0,10764.0,1560816.0,1.0,18.0,49208831,45535245,187087.0,88753.0,9.0,40.0,465424.0,681363,2025,2024-25,https://ope.ed.gov/athletics/#/datafile/list,0.0,50807.8,5806315.0,5233903.0
110556,California State University-Fresno,CA,NCAA Division I-FBS,"Public, 4-year or above",17708178.0,17708178.0,112.0,29086.0,3257640.0,1.0,17.0,63439685,63439685,424078.0,132972.0,5.0,27.0,917419.0,1124862,2025,2024-25,https://ope.ed.gov/athletics/#/datafile/list,0.0,158108.73214285713,14450538.0,5710634.0
110617,California State University-Sacramento,CA,NCAA Division I-FCS,"Public, 4-year or above",10126065.0,10126065.0,155.0,12821.0,1987201.0,1.0,19.0,46274655,46274655,223618.0,72722.0,7.0,33.0,147357.0,291961,2025,2024-25,https://ope.ed.gov/athletics/#/datafile/list,0.0,65329.45161290323,8138864.0,3965152.0
150172,Calumet College of Saint Joseph,IN,NAIA Division II ,"Private nonprofit, 4-year or above",1113084.0,1113084.0,73.0,1481.0,108114.0,1.0,8.0,4638669,4638669,29500.0,6705.0,6.0,17.0,21642.0,29012,2025,2024-25,https://ope.ed.gov/athletics/#/datafile/list,0.0,15247.72602739726,1004970.0,290985.0
169080,Calvin University,MI,NCAA Division III with football,"Private nonprofit, 4-year or above",897290.0,897290.0,110.0,2838.0,312233.0,1.0,9.0,6978337,6968010,49695.0,10621.0,12.0,44.0,40422.0,63747,2025,2024-25,https://ope.ed.gov/athletics/#/datafile/list,0.0,8157.181818181818,585057.0,1063664.0
198136,Campbell University,NC,NCAA Division I-FCS,"Private nonprofit, 4-year or above",5161258.0,5161258.0,126.0,8323.0,1048684.0,1.0,10.0,28322787,28322787,144782.0,64811.0,8.0,23.0,286683.0,417208,2025,2024-25,https://ope.ed.gov/athletics/#/datafile/list,0.0,40962.36507936508,4112574.0,2648909.0
156365,Campbellsville University,KY,NAIA Division I ,"Private nonprofit, 4-year or above",2013837.0,2013837.0,141.0,2221.0,313114.0,1.0,9.0,12463962,12463962,44638.0,24192.0,14.0,31.0,33742.0,68910,2025,2024-25,https://ope.ed.gov/athletics/#/datafile/list,0.0,14282.531914893618,1700723.0,1374884.0
201548,Capital University,OH,NCAA Division III with football,"Private nonprofit, 4-year or above",576415.0,576415.0,89.0,1707.0,151940.0,1.0,13.0,3727446,3727446,57348.0,19149.0,8.0,18.0,42132.0,55950,2025,2024-25,https://ope.ed.gov/athletics/#/datafile/list,0.0,6476.573033707865,424475.0,803466.0
173258,Carleton College,MN,NCAA Division III with football,"Private nonprofit, 4-year or above",494422.0,492804.0,76.0,1364.0,103691.0,1.0,7.0,3748845,3717358,62533.0,18672.0,8.0,25.0,52035.0,69228,2025,2024-25,https://ope.ed.gov/athletics/#/datafile/list,1618.0,6484.263157894737,389113.0,967064.0
211440,Carnegie Mellon University,PA,NCAA Division III with football,"Private nonprofit, 4-year or above",1019186.0,778660.0,110.0,2685.0,295395.0,1.0,9.0,7272795,6470309,59698.0,14949.0,8.0,23.0,76125.0,141705,2025,2024-25,https://ope.ed.gov/athletics/#/datafile/list,240526.0,7078.727272727273,483265.0,821411.0
180106,Carroll College,MT,NAIA Division I ,"Private nonprofit, 4-year or above",1910152.0,1910152.0,125.0,2864.0,357940.0,1.0,12.0,7144216,7144216,46524.0,17225.0,5.0,19.0,33745.0,51757,2025,2024-25,https://ope.ed.gov/athletics/#/datafile/list,0.0,15281.216,1552212.0,559895.0
238458,Carroll University,WI,NCAA Division III with football,"Private nonprofit, 4-year or above",680206.0,519636.0,126.0,441.0,55553.0,1.0,10.0,3385663,2787220,57302.0,12443.0,9.0,33.0,12018.0,25026,2025,2024-25,https://ope.ed.gov/athletics/#/datafile/list,160570.0,4124.0952380952385,464083.0,926337.0
219806,Carson-Newman University,TN,NCAA Division II with football,"Private nonprofit, 4-year or above",2799440.0,2616094.0,186.0,2117.0,393771.0,1.0,10.0,13256882,12393475,55190.0,33683.0,9.0,18.0,0.0,0,2025,2024-25,https://ope.ed.gov/athletics/#/datafile/list,183346.0,14065.021505376344,2222323.0,1103004.0
238476,Carthage College,WI,NCAA Division III with football,"Private nonprofit, 4-year or above",822819.0,692289.0,97.0,2089.0,202597.0,1.0,9.0,7212649,5350501,69751.0,17471.0,11.0,29.0,153263.0,219144,2025,2024-25,https://ope.ed.gov/athletics/#/datafile/list,130530.0,7137.0,489692.0,1273920.0
201645,Case Western Reserve University,OH,NCAA Division III with football,"Private nonprofit, 4-year or above",655408.0,655408.0,108.0,1519.0,164021.0,1.0,11.0,5290040,5290040,53267.0,12244.0,10.0,28.0,38030.0,56222,2025,2024-25,https://ope.ed.gov/athletics/#/datafile/list,0.0,6068.592592592592,491387.0,875502.0
198215,Catawba College,NC,NCAA Division II with football,"Private nonprofit, 4-year or above",2038654.0,1968680.0,140.0,578.0,80970.0,1.0,9.0,11633881,11441098,60381.0,31338.0,10.0,28.0,11906.0,18129,2025,2024-25,https://ope.ed.gov/athletics/#/datafile/list,69974.0,14062.0,1887710.0,1481274.0
158477,Centenary College of Louisiana,LA,NCAA Division III with football,"Private nonprofit, 4-year or above",549941.0,549941.0,96.0,1205.0,115684.0,1.0,4.0,4014443,4014443,60260.0,65723.0,8.0,9.0,58688.0,82934,2025,2024-25,https://ope.ed.gov/athletics/#/datafile/list,0.0,5728.552083333333,434257.0,1073587.0
153108,Central College,IA,NCAA Division III with football,"Private nonprofit, 4-year or above",1016993.0,1016993.0,152.0,1063.0,161614.0,1.0,11.0,5244100,5244100,46409.0,13716.0,10.0,26.0,48359.0,70858,2025,2024-25,https://ope.ed.gov/athletics/#/datafile/list,0.0,6690.743421052632,855379.0,820706.0
128771,Central Connecticut State University,CT,NCAA Division I-FCS,"Public, 4-year or above",2704089.0,2704089.0,101.0,3207.0,323910.0,1.0,11.0,16112139,16112139,138834.0,36403.0,5.0,23.0,43770.0,79214,2025,2024-25,https://ope.ed.gov/athletics/#/datafile/list,0.0,26773.158415841583,2380179.0,1531439.0
483045,Central Georgia Technical College,GA,NJCAA Division I ,"Public, 2-year",359690.0,359690.0,76.0,666.0,50631.0,1.0,2.0,944467,944467,34441.0,19500.0,3.0,4.0,1589.0,2929,2025,2024-25,https://ope.ed.gov/athletics/#/datafile/list,0.0,4732.763157894737,309059.0,181323.0
173203,Central Lakes College-Brainerd,MN,NJCAA Division III ,"Public, 2-year",160826.0,160826.0,40.0,300.0,12000.0,1.0,3.0,740361,740361,23833.0,4883.0,3.0,5.0,0.0,0,2025,2024-25,https://ope.ed.gov/athletics/#/datafile/list,0.0,4020.65,148826.0,95914.0
176947,Central Methodist University-College of Liberal Arts and Sciences,MO,NAIA Division I ,"Private nonprofit, 4-year or above",2030821.0,2007063.0,126.0,302.0,37999.0,1.0,6.0,13254349,13110395,55572.0,24266.0,8.0,17.0,12072.0,16405,2025,2024-25,https://ope.ed.gov/athletics/#/datafile/list,23758.0,15929.07142857143,1969064.0,857098.0
169248,Central Michigan University,MI,NCAA Division I-FBS,"Public, 4-year or above",11608428.0,11608428.0,122.0,14127.0,1723449.0,1.0,14.0,38536340,38536340,325995.0,129777.0,6.0,21.0,404366.0,531910,2025,2024-25,https://ope.ed.gov/athletics/#/datafile/list,0.0,95151.04918032789,9884979.0,4681287.0
201690,Central State University,OH,NCAA Division II with football,"Public, 4-year or above",1381917.0,1381917.0,132.0,1889.0,249337.0,1.0,6.0,4592772,4592772,54806.0,35540.0,5.0,8.0,54000.0,76000,2025,2024-25,https://ope.ed.gov/athletics/#/datafile/list,0.0,10469.068181818182,1132580.0,558350.0
234827,Central Washington University,WA,NCAA Division II with football,"Public, 4-year or above",2191644.0,2191644.0,116.0,3986.0,462417.0,1.0,9.0,10428777,10195809,77603.0,21634.0,5.0,17.0,38273.0,63450,2025,2024-25,https://ope.ed.gov/athletics/#/datafile/list,0.0,18893.48275862069,1729227.0,755793.0
156408,Centre College,KY,NCAA Division III with football,"Private nonprofit, 4-year or above",651520.0,651520.0,121.0,1702.0,205892.0,1.0,7.0,5751389,5691440,37483.0,16707.0,9.0,21.0,94379.0,173197,2025,2024-25,https://ope.ed.gov/athletics/#/datafile/list,0.0,5384.462809917355,445628.0,688194.0
111887,Cerritos College,CA,CCCAA,"Public, 2-year",303224.0,237485.0,115.0,482.0,55399.0,1.0,17.0,5299531,4862949,83762.0,6162.0,9.0,61.0,0.0,0,2025,2024-25,https://ope.ed.gov/athletics/#/datafile/list,65739.0,2065.086956521739,182086.0,1129740.0
111920,Chabot College,CA,CCCAA,"Public, 2-year",261203.0,261203.0,85.0,1350.0,114736.0,1.0,8.0,2148344,2148344,23571.0,8820.0,9.0,21.0,0.0,0,2025,2024-25,https://ope.ed.gov/athletics/#/datafile/list,0.0,3072.9764705882353,146467.0,397359.0
180948,Chadron State College,NE,NCAA Division II with football,"Public, 4-year or above",1690944.0,1690944.0,138.0,1907.0,263145.0,1.0,9.0,6001471,6001471,74098.0,18414.0,5.0,23.0,18860.0,39682,2025,2024-25,https://ope.ed.gov/athletics/#/datafile/list,0.0,12253.217391304348,1427799.0,794012.0
111939,Chaffey College,CA,CCCAA,"Public, 2-year",288999.0,365991.0,118.0,1213.0,143110.0,1.0,6.0,3092607,3078013,43393.0,7452.0,7.0,15.0,0.0,0,2025,2024-25,https://ope.ed.gov/athletics/#/datafile/list,-76992.0,3101.6186440677966,222881.0,415531.0
111948,Chapman University,CA,NCAA Division III with football,"Private nonprofit, 4-year or above",793866.0,793866.0,110.0,1541.0,169549.0,1.0,11.0,6291957,6291957,39728.0,14389.0,11.0,20.0,14971.0,20595,2025,2024-25,https://ope.ed.gov/athletics/#/datafile/list,0.0,7216.963636363636,624317.0,724788.0
217688,Charleston Southern University,SC,NCAA Division I-FCS,"Private nonprofit, 4-year or above",4335079.0,4335079.0,126.0,7084.0,892626.0,1.0,9.0,14999113,14999113,107653.0,58518.0,5.0,15.0,159751.0,220529,2025,2024-25,https://ope.ed.gov/athletics/#/datafile/list,0.0,34405.38888888889,3442453.0,1416035.0
211583,Chestnut Hill College,PA,NCAA Division II without football,"Private nonprofit, 4-year or above",146098.0,138010.0,70.0,819.0,57335.0,1.0,6.0,3724550,3713634,21372.0,5882.0,8.0,19.0,7918.0,12825,2025,2024-25,https://ope.ed.gov/athletics/#/datafile/list,8088.0,1971.571428571429,80675.0,282734.0
198303,Chowan University,NC,NCAA Division II with football,"Private nonprofit, 4-year or above",1268534.0,1268534.0,146.0,1692.0,246966.0,1.0,5.0,6295935,6295935,45759.0,36767.0,9.0,9.0,24641.0,36775,2025,2024-25,https://ope.ed.gov/athletics/#/datafile/list,0.0,8688.589041095891,1021568.0,742734.0
231712,Christopher Newport University,VA,NCAA Division III with football,"Public, 4-year or above",913401.0,913401.0,132.0,2827.0,373191.0,1.0,7.0,13340521,13340521,66533.0,24908.0,10.0,25.0,23478.0,43424,2025,2024-25,https://ope.ed.gov/athletics/#/datafile/list,0.0,6919.704545454545,540210.0,1288030.0
223898,Cisco College,TX,NJCAA Division I ,"Public, 2-year",791788.0,791788.0,99.0,2136.0,211446.0,1.0,2.0,3103883,3103883,67539.0,50161.0,2.0,3.0,20968.0,39695,2025,2024-25,https://ope.ed.gov/athletics/#/datafile/list,0.0,7997.858585858586,580342.0,285561.0
217864,Citadel Military College of South Carolina,SC,NCAA Division I-FCS,"Public, 4-year or above",8195425.0,5446239.0,119.0,7617.0,906386.0,1.0,11.0,23010489,20021006,131248.0,62222.0,8.0,19.0,149954.0,185771,2025,2024-25,https://ope.ed.gov/athletics/#/datafile/list,2749186.0,45766.71428571428,4539853.0,2232202.0
112172,Citrus College,CA,CCCAA,"Public, 2-year",399630.0,407932.0,106.0,951.0,100855.0,1.0,9.0,3608439,3555153,59610.0,16360.0,8.0,11.0,0.0,0,2025,2024-25,https://ope.ed.gov/athletics/#/datafile/list,-8302.0,3848.4150943396226,307077.0,656840.0
112190,City College of San Francisco,CA,CCCAA,"Public, 2-year",155681.0,158681.0,67.0,1005.0,67305.0,1.0,10.0,1854468,1797352,53875.0,27501.0,4.0,4.0,0.0,0,2025,2024-25,https://ope.ed.gov/athletics/#/datafile/list,-3000.0,2368.373134328358,91376.0,325504.0
112260,Claremont McKenna College,CA,NCAA Division III with football,"Private nonprofit, 4-year or above",817798.0,817798.0,83.0,1828.0,151719.0,1.0,8.0,4864585,4864585,59419.0,17761.0,11.0,34.0,64276.0,109814,2025,2024-25,https://ope.ed.gov/athletics/#/datafile/list,0.0,9852.987951807228,666079.0,1257483.0
138947,Clark Atlanta University,GA,NCAA Division II with football,"Private nonprofit, 4-year or above",3000704.0,2997063.0,101.0,3522.0,355690.0,1.0,5.0,11334862,8058158,78397.0,48160.0,4.0,6.0,2902.0,7735,2025,2024-25,https://ope.ed.gov/athletics/#/datafile/list,3641.0,29673.89108910891,2641373.0,602548.0
153126,Clarke University,IA,NAIA Division I ,"Private nonprofit, 4-year or above",2985763.0,2985763.0,124.0,2001.0,248073.0,1.0,10.0,16015846,16015846,42870.0,16631.0,10.0,24.0,22125.0,44388,2025,2024-25,https://ope.ed.gov/athletics/#/datafile/list,0.0,24078.733870967742,2737690.0,827844.0
217882,Clemson University,SC,NCAA Division I-FBS,"Public, 4-year or above",86902571.0,81136726.0,137.0,67744.0,9280901.0,1.0,11.0,186106774,186106774,1925461.0,487841.0,7.0,32.0,3911594.0,5081023,2025,2024-25,https://ope.ed.gov/athletics/#/datafile/list,5765845.0,592238.8759124088,71855825.0,29089139.0
175519,Coahoma Community College,MS,NJCAA Division I ,"Public, 2-year",878801.0,878801.0,65.0,2729.0,177387.0,1.0,6.0,2474646,2474646,62368.0,38610.0,4.0,8.0,13824.0,18035,2025,2024-25,https://ope.ed.gov/athletics/#/datafile/list,0.0,13520.015384615384,701414.0,558352.0
125462,Coalinga College,CA,CCCAA,"Public, 2-year",240191.0,240191.0,57.0,1869.0,106533.0,1.0,5.0,1659781,1651547,54756.0,8571.0,3.0,7.0,0.0,0,2025,2024-25,https://ope.ed.gov/athletics/#/datafile/list,0.0,4213.877192982456,133658.0,224265.0
218724,Coastal Carolina University,SC,NCAA Division I-FBS,"Public, 4-year or above",17052582.0,17052582.0,123.0,19073.0,2346000.0,1.0,10.0,46978290,46978290,409519.0,138219.0,7.0,25.0,781729.0,1012907,2025,2024-25,https://ope.ed.gov/athletics/#/datafile/list,0.0,138638.8780487805,14706582.0,6322108.0
153144,Coe College,IA,NCAA Division III with football,"Private nonprofit, 4-year or above",444420.0,444420.0,121.0,955.0,115508.0,1.0,8.0,3567506,3567506,38447.0,10404.0,12.0,35.0,47302.0,72857,2025,2024-25,https://ope.ed.gov/athletics/#/datafile/list,0.0,3672.8925619834713,328912.0,825504.0
154925,Coffeyville Community College,KS,NJCAA Division I ,"Public, 2-year",1863066.0,1467349.0,77.0,2987.0,229991.0,1.0,8.0,5822853,5121768,46961.0,26687.0,8.0,15.0,32911.0,44711,2025,2024-25,https://ope.ed.gov/athletics/#/datafile/list,395717.0,19056.48051948052,1237358.0,775993.0
161086,Colby College,ME,NCAA Division III with football,"Private nonprofit, 4-year or above",1078787.0,1078787.0,88.0,2506.0,220566.0,1.0,7.0,11982835,11982835,81850.0,33237.0,15.0,28.0,98667.0,167324,2025,2024-25,https://ope.ed.gov/athletics/#/datafile/list,0.0,12258.943181818182,858221.0,2158386.0
190099,Colgate University,NY,NCAA Division I-FCS,"Private nonprofit, 4-year or above",8439552.0,8439552.0,98.0,11028.0,1080792.0,1.0,11.0,39791052,39791052,201744.0,53489.0,10.0,33.0,472303.0,752927,2025,2024-25,https://ope.ed.gov/athletics/#/datafile/list,0.0,86117.87755102041,7358760.0,3782577.0
144865,College of DuPage,IL,NJCAA Division III ,"Public, 2-year",515516.0,593572.0,91.0,3099.0,282028.0,1.0,9.0,3592056,3540694,26240.0,11345.0,12.0,26.0,439.0,1408,2025,2024-25,https://ope.ed.gov/athletics/#/datafile/list,-78056.0,6522.7692307692305,311544.0,609850.0
122791,College of San Mateo,CA,CCCAA,"Public, 2-year",928135.0,727933.0,80.0,1640.0,131223.0,1.0,21.0,3961081,3495109,26801.0,12361.0,7.0,46.0,5875.0,5875,2025,2024-25,https://ope.ed.gov/athletics/#/datafile/list,200202.0,9099.1625,596710.0,756213.0
111461,College of the Canyons,CA,CCCAA,"Public, 2-year",368796.0,368796.0,78.0,1717.0,133960.0,1.0,20.0,3451591,3410047,48455.0,4777.0,8.0,34.0,0.0,0,2025,2024-25,https://ope.ed.gov/athletics/#/datafile/list,0.0,4728.153846153846,234836.0,550058.0
113573,College of the Desert,CA,CCCAA,"Public, 2-year",228109.0,228109.0,50.0,1728.0,86416.0,1.0,5.0,1853158,1853158,42310.0,4750.0,7.0,18.0,0.0,0,2025,2024-25,https://ope.ed.gov/athletics/#/datafile/list,0.0,4562.18,141693.0,381670.0
166124,College of the Holy Cross,MA,NCAA Division I-FCS,"Private nonprofit, 4-year or above",7982341.0,7982341.0,100.0,9730.0,972969.0,1.0,10.0,34213254,34213254,120202.0,51210.0,12.0,33.0,441418.0,606293,2025,2024-25,https://ope.ed.gov/athletics/#/datafile/list,0.0,79823.41,7009372.0,3132354.0
121707,College of the Redwoods,CA,CCCAA,"Public, 2-year",593961.0,445722.0,91.0,2627.0,239097.0,1.0,8.0,1723519,1432730,33823.0,10084.0,7.0,19.0,0.0,0,2025,2024-25,https://ope.ed.gov/athletics/#/datafile/list,148239.0,4898.043956043956,206625.0,428357.0
123217,College of the Sequoias,CA,CCCAA,"Public, 2-year",380356.0,282256.0,75.0,1900.0,142530.0,1.0,9.0,1885768,1540305,26597.0,3704.0,8.0,32.0,0.0,0,2025,2024-25,https://ope.ed.gov/athletics/#/datafile/list,98100.0,3763.4133333333334,139726.0,331304.0
123484,College of the Siskiyous,CA,CCCAA,"Public, 2-year",332436.0,332436.0,70.0,2311.0,161792.0,1.0,8.0,1752517,1752517,35828.0,11957.0,5.0,15.0,0.0,0,2025,2024-25,https://ope.ed.gov/athletics/#/datafile/list,0.0,4749.085714285714,170644.0,358495.0
127556,Colorado Mesa University,CO,NCAA Division II with football,"Public, 4-year or above",1756972.0,1801673.0,171.0,1272.0,217497.0,1.0,14.0,16395515,16362304,82961.0,23109.0,10.0,39.0,121903.0,182715,2025,2024-25,https://ope.ed.gov/athletics/#/datafile/list,-44701.0,10536.09941520468,1584176.0,1730861.0
126775,Colorado School of Mines,CO,NCAA Division II with football,"Public, 4-year or above",3084737.0,3084737.0,143.0,3738.0,534605.0,1.0,10.0,15016395,15016395,67729.0,30991.0,10.0,31.0,162483.0,235286,2025,2024-25,https://ope.ed.gov/athletics/#/datafile/list,0.0,21571.587412587414,2550132.0,1638011.0
128106,Colorado State University Pueblo,CO,NCAA Division II with football,"Public, 4-year or above",2383786.0,2383786.0,135.0,3847.0,519398.0,1.0,6.0,12518820,12518820,73035.0,40807.0,7.0,14.0,69928.0,92632,2025,2024-25,https://ope.ed.gov/athletics/#/datafile/list,0.0,17657.674074074075,1864388.0,1082543.0
126818,Colorado State University-Fort Collins,CO,NCAA Division I-FBS,"Public, 4-year or above",21007541.0,21007541.0,108.0,59730.0,6450853.0,1.0,17.0,55794198,55794198,802160.0,222749.0,5.0,19.0,983536.0,1258088,2025,2024-25,https://ope.ed.gov/athletics/#/datafile/list,0.0,194514.2685185185,14556688.0,8243031.0
190150,Columbia University in the City of New York,NY,NCAA Division I-FCS,"Private nonprofit, 4-year or above",5364231.0,5364231.0,111.0,7673.0,851688.0,1.0,9.0,43349775,43349775,206172.0,86062.0,14.0,51.0,889878.0,1295842,2025,2024-25,https://ope.ed.gov/athletics/#/datafile/list,0.0,48326.40540540541,4512543.0,7275570.0
498562,Commonwealth University of Pennsylvania,PA,NCAA Division II with football,"Public, 4-year or above",2025258.0,1985129.0,236.0,1364.0,321920.0,2.0,16.0,19806752,19472148,71159.0,24251.0,19.0,33.0,22638.0,64112,2025,2024-25,https://ope.ed.gov/athletics/#/datafile/list,40129.0,8411.563559322034,1663209.0,2152304.0
446163,Community Christian College,AZ,NJCAA Division I ,"Private nonprofit, 2-year",506514.0,506514.0,68.0,6949.0,472524.0,1.0,5.0,1170229,1170229,15000.0,5000.0,4.0,11.0,2500.0,3500,2025,2024-25,https://ope.ed.gov/athletics/#/datafile/list,0.0,7448.735294117647,33990.0,115000.0
112686,Compton College,CA,CCCAA,"Public, 2-year",110350.0,110350.0,49.0,823.0,40330.0,1.0,8.0,1474971,1474971,18527.0,3333.0,6.0,21.0,5000.0,6000,2025,2024-25,https://ope.ed.gov/athletics/#/datafile/list,0.0,2252.0408163265306,70020.0,181155.0
237330,Concord University,WV,NCAA Division II with football,"Public, 4-year or above",1501178.0,1501178.0,133.0,1871.0,248812.0,1.0,10.0,5981779,5981779,40858.0,15839.0,6.0,19.0,30423.0,46534,2025,2024-25,https://ope.ed.gov/athletics/#/datafile/list,0.0,11287.052631578948,1252366.0,546089.0
173300,Concordia College at Moorhead,MN,NCAA Division III with football,"Private nonprofit, 4-year or above",642327.0,642327.0,126.0,1617.0,203768.0,1.0,13.0,3979206,3979206,36524.0,5928.0,11.0,44.0,48942.0,65205,2025,2024-25,https://ope.ed.gov/athletics/#/datafile/list,0.0,5097.833333333333,438559.0,662596.0
144351,Concordia University-Chicago,IL,NCAA Division III with football,"Private nonprofit, 4-year or above",423313.0,423313.0,84.0,1396.0,117224.0,1.0,5.0,4215861,4114170,46107.0,18521.0,9.0,15.0,14703.0,44842,2025,2024-25,https://ope.ed.gov/athletics/#/datafile/list,0.0,5039.440476190476,306089.0,692778.0
180984,Concordia University-Nebraska,NE,NAIA Division I ,"Private nonprofit, 4-year or above",1616387.0,1603547.0,150.0,712.0,106812.0,1.0,13.0,16233943,15143637,46705.0,17446.0,8.0,19.0,38314.0,64393,2025,2024-25,https://ope.ed.gov/athletics/#/datafile/list,12840.0,10690.313333333334,1496735.0,705114.0
173328,Concordia University-Saint Paul,MN,NCAA Division II with football,"Private nonprofit, 4-year or above",1629856.0,1629856.0,112.0,3677.0,411872.0,1.0,7.0,7498017,7498017,44512.0,13748.0,7.0,29.0,74494.0,100999,2025,2024-25,https://ope.ed.gov/athletics/#/datafile/list,0.0,14552.285714285714,1217984.0,710276.0
238616,Concordia University-Wisconsin,WI,NCAA Division III with football,"Private nonprofit, 4-year or above",427361.0,426128.0,133.0,490.0,65105.0,1.0,9.0,3833213,3681816,52376.0,15017.0,13.0,35.0,56202.0,91203,2025,2024-25,https://ope.ed.gov/athletics/#/datafile/list,1233.0,3203.96992481203,361023.0,1206483.0
175573,Copiah-Lincoln Community College,MS,NJCAA Division I ,"Public, 2-year",1112080.0,1112080.0,65.0,687.0,44637.0,1.0,7.0,3679409,3679409,43985.0,45351.0,6.0,12.0,13198.0,28031,2025,2024-25,https://ope.ed.gov/athletics/#/datafile/list,0.0,17108.923076923078,1067443.0,808122.0
153162,Cornell College,IA,NCAA Division III with football,"Private nonprofit, 4-year or above",546437.0,513614.0,99.0,808.0,79946.0,1.0,5.0,3673876,3270739,54681.0,13790.0,10.0,23.0,45533.0,71394,2025,2024-25,https://ope.ed.gov/athletics/#/datafile/list,32823.0,5188.020202020202,433668.0,863980.0
190415,Cornell University,NY,NCAA Division I-FCS,"Private nonprofit, 4-year or above",4589612.0,4589612.0,109.0,4382.0,477623.0,1.0,10.0,50418895,46719601,190386.0,75076.0,16.0,41.0,1023995.0,1494234,2025,2024-25,https://ope.ed.gov/athletics/#/datafile/list,0.0,42106.53211009174,4111989.0,6124292.0
174862,Crown College,MN,NCAA Division III with football,"Private nonprofit, 4-year or above",603361.0,483232.0,89.0,2135.0,190028.0,1.0,12.0,2557549,2557549,43715.0,3985.0,7.0,21.0,14070.0,17604,2025,2024-25,https://ope.ed.gov/athletics/#/datafile/list,120129.0,5429.573033707865,293204.0,389690.0
177144,Culver-Stockton College,MO,NAIA Division II ,"Private nonprofit, 4-year or above",1677041.0,1677041.0,169.0,1107.0,187063.0,1.0,5.0,6442158,6442158,32148.0,15387.0,9.0,11.0,22789.0,35480,2025,2024-25,https://ope.ed.gov/athletics/#/datafile/list,0.0,9923.31952662722,1489978.0,458589.0
219949,Cumberland University,TN,NAIA Division I ,"Private nonprofit, 4-year or above",2490324.0,2458806.0,75.0,3911.0,293335.0,1.0,6.0,12471604,12249680,43041.0,27799.0,11.0,12.0,36178.0,54050,2025,2024-25,https://ope.ed.gov/athletics/#/datafile/list,31518.0,32784.08,2165471.0,807039.0
165529,Curry College,MA,NCAA Division III with football,"Private nonprofit, 4-year or above",333460.0,333460.0,80.0,1703.0,136204.0,1.0,8.0,3360413,3360413,28321.0,8919.0,9.0,19.0,35048.0,62817,2025,2024-25,https://ope.ed.gov/athletics/#/datafile/list,0.0,4168.25,197256.0,424350.0
219082,Dakota State University,SD,NAIA Division I ,"Public, 4-year or above",603088.0,603088.0,114.0,1209.0,137803.0,1.0,5.0,3999725,3999725,36328.0,22955.0,6.0,15.0,0.0,0,2025,2024-25,https://ope.ed.gov/athletics/#/datafile/list,0.0,5290.245614035088,465285.0,562293.0
219091,Dakota Wesleyan University,SD,NAIA Division I ,"Private nonprofit, 4-year or above",962973.0,1196886.0,55.0,1972.0,108479.0,1.0,4.0,5774733,5750741,46609.0,39408.0,7.0,8.0,22364.0,36167,2025,2024-25,https://ope.ed.gov/athletics/#/datafile/list,-233913.0,21761.563636363637,1088407.0,641527.0
182670,Dartmouth College,NH,NCAA Division I-FCS,"Private nonprofit, 4-year or above",3831110.0,3831110.0,108.0,7181.0,775575.0,1.0,9.0,41963544,41963544,149994.0,66247.0,13.0,38.0,857411.0,1299256,2025,2024-25,https://ope.ed.gov/athletics/#/datafile/list,0.0,35473.24074074074,3055535.0,4467308.0
169479,Davenport University,MI,NCAA Division II with football,"Private nonprofit, 4-year or above",2282867.0,2282867.0,136.0,1833.0,249298.0,1.0,10.0,14716733,14716733,51044.0,16064.0,10.0,38.0,67505.0,107544,2025,2024-25,https://ope.ed.gov/athletics/#/datafile/list,0.0,16785.78676470588,2033569.0,1120872.0
198385,Davidson College,NC,NCAA Division I-FCS,"Private nonprofit, 4-year or above",3353095.0,2588978.0,100.0,5749.0,574946.0,1.0,9.0,25506159,25443886,148250.0,66298.0,10.0,25.0,327244.0,527114,2025,2024-25,https://ope.ed.gov/athletics/#/datafile/list,764117.0,25889.78,2014032.0,3139950.0
113333,De Anza College,CA,CCCAA,"Public, 2-year",276128.0,248328.0,62.0,1081.0,67037.0,1.0,8.0,3674681,3542625,34773.0,3885.0,7.0,25.0,0.0,0,2025,2024-25,https://ope.ed.gov/athletics/#/datafile/list,27800.0,4005.290322580646,181291.0,340536.0
150400,DePauw University,IN,NCAA Division III with football,"Private nonprofit, 4-year or above",818007.0,818007.0,157.0,865.0,135738.0,1.0,6.0,5999085,5999085,63824.0,31198.0,9.0,18.0,40684.0,66799,2025,2024-25,https://ope.ed.gov/athletics/#/datafile/list,0.0,5210.235668789809,682269.0,1135980.0
165574,Dean College,MA,NCAA Division III with football,"Private nonprofit, 4-year or above",336245.0,334646.0,78.0,1602.0,124958.0,1.0,8.0,2696353,2662854,35866.0,6143.0,8.0,21.0,24423.0,30764,2025,2024-25,https://ope.ed.gov/athletics/#/datafile/list,1599.0,4290.333333333333,209688.0,415931.0
202514,Defiance College,OH,NAIA Division II ,"Private nonprofit, 4-year or above",1704034.0,3110250.0,134.0,1349.0,180766.0,1.0,8.0,9724162,9282320,33914.0,19110.0,9.0,18.0,35950.0,62444,2025,2024-25,https://ope.ed.gov/athletics/#/datafile/list,-1406216.0,23210.82089552239,2929484.0,649206.0
130934,Delaware State University,DE,NCAA Division I-FCS,"Public, 4-year or above",4306792.0,4306792.0,91.0,7476.0,680356.0,1.0,8.0,15985403,15985403,160831.0,62974.0,4.0,15.0,127690.0,150875,2025,2024-25,https://ope.ed.gov/athletics/#/datafile/list,0.0,47327.38461538462,3626436.0,1587934.0
211981,Delaware Valley University,PA,NCAA Division III with football,"Private nonprofit, 4-year or above",602492.0,602492.0,131.0,879.0,115106.0,1.0,8.0,3281648,3281648,39337.0,14886.0,10.0,23.0,15826.0,23715,2025,2024-25,https://ope.ed.gov/athletics/#/datafile/list,0.0,4599.175572519084,487386.0,735748.0
175616,Delta State University,MS,NCAA Division II with football,"Public, 4-year or above",1450073.0,1450073.0,107.0,1985.0,212380.0,1.0,6.0,5040571,5040571,61741.0,48652.0,7.0,10.0,37868.0,54955,2025,2024-25,https://ope.ed.gov/athletics/#/datafile/list,0.0,13552.084112149532,1237693.0,918707.0
202523,Denison University,OH,NCAA Division III with football,"Private nonprofit, 4-year or above",691544.0,691544.0,95.0,3350.0,318249.0,1.0,12.0,9662891,9662891,63222.0,17313.0,12.0,37.0,55052.0,99058,2025,2024-25,https://ope.ed.gov/athletics/#/datafile/list,0.0,7279.41052631579,373295.0,1399245.0
113634,Diablo Valley College,CA,CCCAA,"Public, 2-year",160080.0,123908.0,92.0,997.0,91725.0,1.0,4.0,1231328,1077951,15156.0,2802.0,8.0,15.0,0.0,0,2025,2024-25,https://ope.ed.gov/athletics/#/datafile/list,36172.0,1346.8260869565215,32183.0,163278.0
212009,Dickinson College,PA,NCAA Division III with football,"Private nonprofit, 4-year or above",352544.0,420437.0,77.0,1646.0,126741.0,1.0,8.0,4938384,4938384,35181.0,6762.0,12.0,28.0,68075.0,97416,2025,2024-25,https://ope.ed.gov/athletics/#/datafile/list,-67893.0,5460.220779220779,293696.0,611508.0
200059,Dickinson State University,ND,NAIA Division I ,"Public, 4-year or above",958751.0,958751.0,120.0,1189.0,142715.0,1.0,9.0,5251669,5251669,24912.0,10238.0,8.0,23.0,48951.0,87980,2025,2024-25,https://ope.ed.gov/athletics/#/datafile/list,0.0,7989.591666666666,816036.0,434770.0
181020,Doane University,NE,NAIA Division II ,"Private nonprofit, 4-year or above",1357621.0,1251398.0,64.0,2607.0,166843.0,1.0,5.0,11159303,10731283,49250.0,16567.0,10.0,27.0,24473.0,38714,2025,2024-25,https://ope.ed.gov/athletics/#/datafile/list,106223.0,19553.09375,1084555.0,939809.0
154998,Dodge City Community College,KS,NJCAA Division I ,"Public, 2-year",797583.0,797583.0,87.0,1041.0,90587.0,1.0,6.0,4036272,4036272,55996.0,34398.0,6.0,10.0,43032.0,74603,2025,2024-25,https://ope.ed.gov/athletics/#/datafile/list,0.0,9167.620689655172,706996.0,679956.0
153250,Dordt University,IA,NAIA Division II ,"Private nonprofit, 4-year or above",1988164.0,1988164.0,141.0,1514.0,213423.0,1.0,10.0,10131956,10131956,31481.0,12980.0,9.0,32.0,66216.0,114413,2025,2024-25,https://ope.ed.gov/athletics/#/datafile/list,0.0,14100.45390070922,1774741.0,698689.0
153269,Drake University,IA,NCAA Division I-FCS,"Private nonprofit, 4-year or above",1494858.0,1494858.0,110.0,6192.0,681122.0,1.0,9.0,21320822,21320822,157609.0,50561.0,6.0,18.0,149484.0,217012,2025,2024-25,https://ope.ed.gov/athletics/#/datafile/list,0.0,13589.61818181818,813736.0,1855752.0
198419,Duke University,NC,NCAA Division I-FBS,"Private nonprofit, 4-year or above",67356450.0,47363558.0,121.0,57605.0,6970227.0,1.0,10.0,181607802,180590186,867707.0,173807.0,11.0,51.0,2969104.0,3640958,2025,2024-25,https://ope.ed.gov/athletics/#/datafile/list,19992892.0,391434.3636363637,40393331.0,18408934.0
212106,Duquesne University,PA,NCAA Division I-FCS,"Private nonprofit, 4-year or above",5102065.0,5102065.0,118.0,7469.0,881292.0,1.0,12.0,29780242,29780242,177079.0,40962.0,6.0,26.0,333142.0,467165,2025,2024-25,https://ope.ed.gov/athletics/#/datafile/list,0.0,43237.838983050846,4220773.0,2127486.0
198464,East Carolina University,NC,NCAA Division I-FBS,"Public, 4-year or above",16480592.0,16473046.0,129.0,25500.0,3289443.0,1.0,14.0,68011262,64764468,733528.0,169658.0,5.0,24.0,828291.0,1117605,2025,2024-25,https://ope.ed.gov/athletics/#/datafile/list,7546.0,127698.03100775194,13183603.0,7739432.0
175643,East Central Community College,MS,NJCAA Division II ,"Public, 2-year",999832.0,999832.0,65.0,2529.0,164366.0,1.0,7.0,3629150,3629150,70990.0,46801.0,7.0,13.0,2530.0,2777,2025,2024-25,https://ope.ed.gov/athletics/#/datafile/list,0.0,15382.030769230769,835466.0,1105343.0
207041,East Central University,OK,NCAA Division II with football,"Public, 4-year or above",1466328.0,1466328.0,154.0,1451.0,223487.0,1.0,7.0,5598874,5598874,59115.0,39695.0,4.0,10.0,23277.0,51737,2025,2024-25,https://ope.ed.gov/athletics/#/datafile/list,0.0,9521.61038961039,1242841.0,633410.0
113856,East Los Angeles College,CA,CCCAA,"Public, 2-year",252826.0,261005.0,93.0,1343.0,124888.0,1.0,8.0,2654506,2620883,19737.0,12490.0,7.0,21.0,0.0,0,2025,2024-25,https://ope.ed.gov/athletics/#/datafile/list,-8179.0,2806.505376344086,136117.0,400449.0
175652,East Mississippi Community College,MS,NJCAA Division I ,"Public, 2-year",1636150.0,1636150.0,65.0,2031.0,132014.0,1.0,7.0,5345417,5345417,77778.0,41284.0,5.0,11.0,0.0,0,2025,2024-25,https://ope.ed.gov/athletics/#/datafile/list,0.0,25171.53846153846,1504136.0,843014.0
212115,East Stroudsburg University of Pennsylvania,PA,NCAA Division II with football,"Public, 4-year or above",1659185.0,1526763.0,132.0,1707.0,225377.0,1.0,10.0,13951152,11446791,78362.0,24254.0,7.0,22.0,21239.0,57853,2025,2024-25,https://ope.ed.gov/athletics/#/datafile/list,132422.0,11566.386363636364,1301386.0,1082122.0
220075,East Tennessee State University,TN,NCAA Division I-FCS,"Public, 4-year or above",5040907.0,5040907.0,107.0,7148.0,764817.0,1.0,16.0,22346359,22346359,124098.0,55247.0,8.0,35.0,267068.0,363145,2025,2024-25,https://ope.ed.gov/athletics/#/datafile/list,0.0,47111.280373831774,4276090.0,2926429.0
224554,East Texas A&M University,TX,NCAA Division I-FCS,"Public, 4-year or above",5387126.0,5234506.0,125.0,8377.0,1047144.0,1.0,12.0,21855372,18247569,143199.0,48270.0,4.0,21.0,129007.0,234680,2025,2024-25,https://ope.ed.gov/athletics/#/datafile/list,152620.0,41876.048,4187362.0,1586466.0
224527,East Texas Baptist University,TX,NCAA Division III with football,"Private nonprofit, 4-year or above",814365.0,814365.0,167.0,1520.0,253840.0,1.0,8.0,5614766,5614766,50701.0,27395.0,7.0,19.0,75630.0,120313,2025,2024-25,https://ope.ed.gov/athletics/#/datafile/list,0.0,4876.437125748503,560525.0,875412.0
144892,Eastern Illinois University,IL,NCAA Division I-FCS,"Public, 4-year or above",5009541.0,5009541.0,117.0,6485.0,758726.0,1.0,19.0,19716079,19716079,82277.0,63987.0,9.0,31.0,123243.0,206749,2025,2024-25,https://ope.ed.gov/athletics/#/datafile/list,0.0,42816.58974358974,4250815.0,2724090.0
156620,Eastern Kentucky University,KY,NCAA Division I-FCS,"Public, 4-year or above",6779511.0,6779511.0,122.0,7008.0,855028.0,1.0,15.0,25348404,25348404,148362.0,63239.0,6.0,22.0,162562.0,256778,2025,2024-25,https://ope.ed.gov/athletics/#/datafile/list,0.0,55569.76229508197,5924483.0,2281430.0
169798,Eastern Michigan University,MI,NCAA Division I-FBS,"Public, 4-year or above",11079719.0,11079719.0,119.0,13996.0,1665494.0,1.0,11.0,38924556,38924556,262683.0,77986.0,6.0,23.0,1117485.0,1341309,2025,2024-25,https://ope.ed.gov/athletics/#/datafile/list,0.0,93106.88235294116,9414225.0,3369776.0
187648,Eastern New Mexico University-Main Campus,NM,NCAA Division II with football,"Public, 4-year or above",1633325.0,1633325.0,120.0,720.0,86355.0,1.0,3.0,16452732,16452732,77023.0,62755.0,6.0,9.0,25218.0,57651,2025,2024-25,https://ope.ed.gov/athletics/#/datafile/list,0.0,13611.041666666666,1546970.0,1026933.0
208646,Eastern Oregon University,OR,NAIA Division I ,"Public, 4-year or above",1207452.0,1207451.0,126.0,1903.0,239730.0,1.0,9.0,6044449,6044449,60907.0,12088.0,6.0,18.0,26048.0,42710,2025,2024-25,https://ope.ed.gov/athletics/#/datafile/list,1.0,9582.944444444443,967721.0,583026.0
212133,Eastern University,PA,NCAA Division III with football,"Private nonprofit, 4-year or above",924021.0,702141.0,151.0,1061.0,160200.0,1.0,11.0,5556042,4923068,41980.0,12118.0,9.0,32.0,64014.0,110487,2025,2024-25,https://ope.ed.gov/athletics/#/datafile/list,221880.0,4649.940397350993,541941.0,765596.0
235097,Eastern Washington University,WA,NCAA Division I-FCS,"Public, 4-year or above",6621753.0,6621753.0,132.0,15379.0,2029990.0,1.0,15.0,22004169,21820282,145483.0,48211.0,4.0,25.0,301243.0,420093,2025,2024-25,https://ope.ed.gov/athletics/#/datafile/list,0.0,50164.795454545456,4591763.0,1787207.0
133526,Edward Waters University,FL,NCAA Division II with football,"Private nonprofit, 4-year or above",1137062.0,1137062.0,122.0,1875.0,228722.0,1.0,11.0,5469713,5469614,50667.0,26923.0,5.0,10.0,0.0,0,2025,2024-25,https://ope.ed.gov/athletics/#/datafile/list,0.0,9320.180327868851,908340.0,522565.0
113980,El Camino Community College District,CA,CCCAA,"Public, 2-year",263510.0,262769.0,105.0,543.0,57051.0,1.0,16.0,2494723,2474552,40181.0,5583.0,11.0,33.0,0.0,0,2025,2024-25,https://ope.ed.gov/athletics/#/datafile/list,741.0,2502.5619047619048,205718.0,626230.0
198507,Elizabeth City State University,NC,NCAA Division II with football,"Public, 4-year or above",1154144.0,1154144.0,120.0,1773.0,212758.0,1.0,8.0,4076264,4076264,62622.0,26738.0,4.0,11.0,21675.0,30765,2025,2024-25,https://ope.ed.gov/athletics/#/datafile/list,0.0,9617.866666666669,941386.0,544606.0
153296,Ellsworth Community College,IA,NJCAA Division I ,"Public, 2-year",426846.0,422104.0,102.0,2254.0,229858.0,1.0,7.0,1949867,1934049,24890.0,4294.0,4.0,13.0,3402.0,4393,2025,2024-25,https://ope.ed.gov/athletics/#/datafile/list,4742.0,4138.274509803921,192246.0,155382.0
144962,Elmhurst University,IL,NCAA Division III with football,"Private nonprofit, 4-year or above",637605.0,634462.0,84.0,1403.0,117815.0,1.0,9.0,4870406,4649588,58048.0,11893.0,9.0,36.0,62779.0,100780,2025,2024-25,https://ope.ed.gov/athletics/#/datafile/list,3143.0,7553.119047619048,516647.0,950580.0
198516,Elon University,NC,NCAA Division I-FCS,"Private nonprofit, 4-year or above",7714488.0,7714488.0,109.0,7688.0,838035.0,1.0,12.0,38201825,38201825,215162.0,93355.0,7.0,20.0,296374.0,489793,2025,2024-25,https://ope.ed.gov/athletics/#/datafile/list,0.0,70775.11926605504,6876453.0,3373234.0
232025,Emory & Henry University,VA,NCAA Division II with football,"Private nonprofit, 4-year or above",2005221.0,2005221.0,127.0,1020.0,129512.0,1.0,9.0,9064939,9064939,39528.0,24985.0,10.0,18.0,56205.0,67084,2025,2024-25,https://ope.ed.gov/athletics/#/datafile/list,0.0,15789.141732283464,1875709.0,845010.0
155025,Emporia State University,KS,NCAA Division II with football,"Public, 4-year or above",2413840.0,2372219.0,129.0,1351.0,174243.0,1.0,7.0,12640204,11783777,81775.0,48906.0,7.0,15.0,99600.0,147030,2025,2024-25,https://ope.ed.gov/athletics/#/datafile/list,41621.0,18389.294573643412,2197976.0,1306015.0
165699,Endicott College,MA,NCAA Division III with football,"Private nonprofit, 4-year or above",801201.0,801201.0,146.0,1948.0,284399.0,1.0,10.0,5696739,5696739,36313.0,12055.0,10.0,34.0,25449.0,36189,2025,2024-25,https://ope.ed.gov/athletics/#/datafile/list,0.0,5487.678082191781,516802.0,773000.0
191083,Erie Community College,NY,NJCAA Division III ,"Public, 2-year",372736.0,372736.0,90.0,1582.0,142395.0,1.0,7.0,1680811,1673815,21512.0,10007.0,8.0,15.0,2133.0,2133,2025,2024-25,https://ope.ed.gov/athletics/#/datafile/list,0.0,4141.511111111111,230341.0,322201.0
217998,Erskine College,SC,NCAA Division II with football,"Private nonprofit, 4-year or above",921729.0,921729.0,173.0,1837.0,317796.0,1.0,8.0,6671922,6671922,38655.0,28733.0,11.0,15.0,0.0,0,2025,2024-25,https://ope.ed.gov/athletics/#/datafile/list,0.0,5327.913294797688,603933.0,856200.0
144971,Eureka College,IL,NCAA Division III with football,"Private nonprofit, 4-year or above",279887.0,279887.0,73.0,1361.0,99385.0,1.0,5.0,1820553,1820553,36199.0,13053.0,7.0,11.0,3366.0,6733,2025,2024-25,https://ope.ed.gov/athletics/#/datafile/list,0.0,3834.068493150685,180502.0,396976.0
177339,Evangel University,MO,NAIA Division I ,"Private nonprofit, 4-year or above",1658132.0,1658132.0,134.0,1616.0,216520.0,1.0,12.0,6473530,6473530,39523.0,15563.0,9.0,31.0,21776.0,29478,2025,2024-25,https://ope.ed.gov/athletics/#/datafile/list,0.0,12374.119402985074,1441612.0,838160.0
184694,Fairleigh Dickinson University-Florham Campus,NJ,NCAA Division III with football,"Private nonprofit, 4-year or above",557634.0,557634.0,121.0,1344.0,162581.0,1.0,9.0,5121389,5121389,30169.0,11446.0,11.0,21.0,39759.0,63024,2025,2024-25,https://ope.ed.gov/athletics/#/datafile/list,0.0,4608.545454545455,395053.0,572225.0
237367,Fairmont State University,WV,NCAA Division II with football,"Public, 4-year or above",1308587.0,1269757.0,100.0,1513.0,151284.0,1.0,8.0,7369956,7182035,43242.0,20973.0,8.0,18.0,12893.0,24365,2025,2024-25,https://ope.ed.gov/athletics/#/datafile/list,38830.0,12697.57,1118473.0,723450.0
101189,Faulkner University,AL,NAIA Division I ,"Private nonprofit, 4-year or above",1559165.0,1559165.0,118.0,2966.0,349982.0,1.0,14.0,7704788,7704788,62786.0,18413.0,6.0,25.0,27062.0,43610,2025,2024-25,https://ope.ed.gov/athletics/#/datafile/list,0.0,13213.262711864409,1209183.0,837041.0
198543,Fayetteville State University,NC,NCAA Division II with football,"Public, 4-year or above",1358522.0,1358522.0,75.0,3563.0,267229.0,1.0,7.0,6605296,6605296,51375.0,33424.0,4.0,12.0,1207.0,4412,2025,2024-25,https://ope.ed.gov/athletics/#/datafile/list,0.0,18113.626666666667,1091293.0,606588.0
114433,Feather River Community College District,CA,CCCAA,"Public, 2-year",396775.0,396775.0,80.0,1554.0,124318.0,1.0,6.0,2305562,2305436,89150.0,20918.0,5.0,13.0,9000.0,18000,2025,2024-25,https://ope.ed.gov/athletics/#/datafile/list,0.0,4959.6875,272457.0,717684.0
169910,Ferris State University,MI,Other ,"Public, 4-year or above",3121454.0,3121454.0,143.0,5742.0,821133.0,1.0,7.0,13852956,13852956,102419.0,55675.0,6.0,14.0,39057.0,54202,2025,2024-25,https://ope.ed.gov/athletics/#/datafile/list,0.0,21828.34965034965,2300321.0,1393964.0
232089,Ferrum College,VA,NCAA Division III with football,"Private nonprofit, 4-year or above",595857.0,595857.0,115.0,1062.0,122080.0,1.0,7.0,2667325,2667325,46703.0,32961.0,8.0,13.0,67456.0,88948,2025,2024-25,https://ope.ed.gov/athletics/#/datafile/list,0.0,5181.365217391304,473777.0,802117.0
165820,Fitchburg State University,MA,NCAA Division III with football,"Public, 4-year or above",213592.0,213592.0,74.0,847.0,62714.0,1.0,6.0,2185976,2172716,11688.0,4480.0,8.0,21.0,4229.0,8244,2025,2024-25,https://ope.ed.gov/athletics/#/datafile/list,0.0,2886.3783783783783,150878.0,187584.0
133650,Florida Agricultural and Mechanical University,FL,NCAA Division I-FCS,"Public, 4-year or above",4590584.0,3483353.0,117.0,4585.0,536413.0,1.0,9.0,14473075,14473075,110608.0,54754.0,6.0,19.0,12000.0,20000,2025,2024-25,https://ope.ed.gov/athletics/#/datafile/list,1107231.0,29772.247863247863,2946940.0,1703974.0
133669,Florida Atlantic University,FL,NCAA Division I-FBS,"Public, 4-year or above",19330509.0,19330509.0,115.0,38438.0,4420344.0,1.0,10.0,49292817,49292817,351412.0,129464.0,8.0,21.0,595514.0,821431,2025,2024-25,https://ope.ed.gov/athletics/#/datafile/list,0.0,168091.38260869565,14910165.0,5530040.0
133951,Florida International University,FL,Independent,"Public, 4-year or above",12834881.0,12834881.0,114.0,24321.0,2772566.0,1.0,14.0,42392051,42392051,365554.0,129649.0,5.0,19.0,820078.0,951508,2025,2024-25,https://ope.ed.gov/athletics/#/datafile/list,0.0,112586.67543859647,10062315.0,4291101.0
133979,Florida Memorial University,FL,NAIA Division I ,"Private nonprofit, 4-year or above",1345237.0,1345237.0,109.0,1993.0,217210.0,1.0,7.0,4777653,4777653,50250.0,31107.0,6.0,13.0,24869.0,49525,2025,2024-25,https://ope.ed.gov/athletics/#/datafile/list,0.0,12341.62385321101,1128027.0,705891.0
134097,Florida State University,FL,NCAA Division I-FBS,"Public, 4-year or above",83469718.0,83267924.0,124.0,75566.0,9370132.0,1.0,14.0,192717172,192717172,1816901.0,461387.0,7.0,23.0,1894040.0,2547845,2025,2024-25,https://ope.ed.gov/athletics/#/datafile/list,201794.0,671515.5161290322,73897792.0,23330208.0
114716,Foothill College,CA,CCCAA,"Public, 2-year",203260.0,203260.0,71.0,577.0,41000.0,1.0,8.0,1787148,1787148,44238.0,3500.0,5.0,14.0,0.0,0,2025,2024-25,https://ope.ed.gov/athletics/#/datafile/list,0.0,2862.8169014084506,162260.0,270190.0
191241,Fordham University,NY,NCAA Division I-FCS,"Private nonprofit, 4-year or above",9284119.0,9284119.0,103.0,8289.0,853761.0,1.0,10.0,47556052,47556052,227624.0,80702.0,9.0,26.0,551360.0,798712,2025,2024-25,https://ope.ed.gov/athletics/#/datafile/list,0.0,90137.07766990292,8430358.0,4146868.0
155061,Fort Hays State University,KS,NCAA Division II with football,"Public, 4-year or above",2269186.0,2104284.0,132.0,3679.0,485642.0,1.0,10.0,9574684,9208726,75927.0,51971.0,7.0,11.0,136297.0,177327,2025,2024-25,https://ope.ed.gov/athletics/#/datafile/list,164902.0,15941.545454545454,1618642.0,1103170.0
127185,Fort Lewis College,CO,NCAA Division II with football,"Public, 4-year or above",1538974.0,1509011.0,122.0,1708.0,208369.0,1.0,6.0,8733856,8551877,84435.0,34019.0,4.0,10.0,51470.0,105228,2025,2024-25,https://ope.ed.gov/athletics/#/datafile/list,29963.0,12368.94262295082,1300642.0,677930.0
139719,Fort Valley State University,GA,NCAA Division II with football,"Public, 4-year or above",1106162.0,1106162.0,113.0,1737.0,196320.0,1.0,7.0,3629121,3629121,60673.0,45023.0,6.0,9.0,17065.0,17855,2025,2024-25,https://ope.ed.gov/athletics/#/datafile/list,0.0,9789.044247787611,909842.0,769245.0
165866,Framingham State University,MA,NCAA Division III with football,"Public, 4-year or above",218154.0,228152.0,100.0,1228.0,122789.0,1.0,9.0,1900630,1857968,18200.0,6437.0,6.0,16.0,1786.0,9206,2025,2024-25,https://ope.ed.gov/athletics/#/datafile/list,-9998.0,2281.52,105363.0,212192.0
150604,Franklin College,IN,NCAA Division III with football,"Private nonprofit, 4-year or above",565217.0,479639.0,126.0,989.0,124647.0,1.0,10.0,3216172,2868570,32157.0,11364.0,9.0,23.0,15133.0,24602,2025,2024-25,https://ope.ed.gov/athletics/#/datafile/list,85578.0,3806.65873015873,354992.0,550785.0
182795,Franklin Pierce University,NH,NCAA Division II with football,"Private nonprofit, 4-year or above",1700140.0,1700140.0,99.0,951.0,94177.0,1.0,5.0,9530196,9530196,58747.0,25499.0,9.0,19.0,34566.0,53592,2025,2024-25,https://ope.ed.gov/athletics/#/datafile/list,0.0,17173.131313131315,1605963.0,1013204.0
212577,Franklin and Marshall College,PA,NCAA Division III with football,"Private nonprofit, 4-year or above",840280.0,757450.0,96.0,1481.0,142179.0,1.0,9.0,7384022,7247712,52657.0,18983.0,14.0,32.0,67451.0,108294,2025,2024-25,https://ope.ed.gov/athletics/#/datafile/list,82830.0,7890.104166666667,615271.0,1344654.0
114789,Fresno City College,CA,CCCAA,"Public, 2-year",876523.0,1498765.0,88.0,9475.0,833779.0,1.0,8.0,9503551,9494234,159028.0,4500.0,9.0,30.0,0.0,0,2025,2024-25,https://ope.ed.gov/athletics/#/datafile/list,-622242.0,17031.420454545456,664986.0,1566252.0
155089,Friends University,KS,NAIA Division I ,"Private nonprofit, 4-year or above",2011007.0,1510844.0,143.0,611.0,87394.0,1.0,8.0,10748404,8051374,39058.0,8898.0,10.0,31.0,20844.0,49552,2025,2024-25,https://ope.ed.gov/athletics/#/datafile/list,500163.0,10565.342657342657,1423450.0,666418.0
162584,Frostburg State University,MD,NCAA Division II with football,"Public, 4-year or above",1201616.0,1201616.0,145.0,1132.0,164103.0,1.0,11.0,8774856,8774856,50894.0,15493.0,11.0,33.0,13357.0,30613,2025,2024-25,https://ope.ed.gov/athletics/#/datafile/list,0.0,8287.006896551724,1037513.0,1071103.0
114859,Fullerton College,CA,CCCAA,"Public, 2-year",439938.0,439938.0,123.0,1620.0,199261.0,1.0,16.0,3001608,3001608,59755.0,7041.0,9.0,40.0,0.0,0,2025,2024-25,https://ope.ed.gov/athletics/#/datafile/list,0.0,3576.731707317073,240677.0,819435.0
218070,Furman University,SC,NCAA Division I-FCS,"Private nonprofit, 4-year or above",8446378.0,8446378.0,126.0,6536.0,823570.0,1.0,16.0,32623716,32623716,281629.0,50646.0,6.0,28.0,158531.0,273693,2025,2024-25,https://ope.ed.gov/athletics/#/datafile/list,0.0,67034.74603174604,7622808.0,3107862.0
131450,Gallaudet University,DC,NCAA Division III with football,"Private nonprofit, 4-year or above",454749.0,429749.0,65.0,2674.0,173778.0,1.0,8.0,2991560,2941561,30621.0,9444.0,8.0,22.0,15379.0,26559,2025,2024-25,https://ope.ed.gov/athletics/#/datafile/list,25000.0,6611.523076923077,255971.0,452736.0
212601,Gannon University,PA,NCAA Division II with football,"Private nonprofit, 4-year or above",2318405.0,2308149.0,109.0,1505.0,164082.0,1.0,8.0,12638973,12424951,52538.0,29540.0,9.0,18.0,84132.0,128170,2025,2024-25,https://ope.ed.gov/athletics/#/datafile/list,10256.0,21175.67889908257,2144067.0,1004562.0
155104,Garden City Community College,KS,NJCAA Division I ,"Public, 2-year",1073573.0,1073573.0,74.0,3316.0,245387.0,1.0,10.0,4784673,4784673,46902.0,27049.0,9.0,20.0,59323.0,73810,2025,2024-25,https://ope.ed.gov/athletics/#/datafile/list,0.0,14507.743243243243,828186.0,963098.0
198561,Gardner-Webb University,NC,NCAA Division I-FCS,"Private nonprofit, 4-year or above",4544018.0,4544018.0,118.0,7738.0,913076.0,1.0,10.0,17654126,17654126,68381.0,35489.0,11.0,22.0,132549.0,190107,2025,2024-25,https://ope.ed.gov/athletics/#/datafile/list,0.0,38508.627118644064,3630942.0,1532949.0
114938,Gavilan College,CA,CCCAA,"Public, 2-year",163783.0,155368.0,48.0,1020.0,48937.0,1.0,7.0,1372245,1321124,6000.0,3800.0,4.0,15.0,0.0,0,2025,2024-25,https://ope.ed.gov/athletics/#/datafile/list,8415.0,3236.8333333333335,106431.0,81000.0
212656,Geneva College,PA,NCAA Division III with football,"Private nonprofit, 4-year or above",533910.0,533910.0,106.0,1161.0,123058.0,1.0,12.0,2966498,2966498,44612.0,9074.0,8.0,22.0,29846.0,49161,2025,2024-25,https://ope.ed.gov/athletics/#/datafile/list,0.0,5036.88679245283,410852.0,556524.0
208822,George Fox University,OR,NCAA Division III with football,"Private nonprofit, 4-year or above",1066643.0,988658.0,108.0,2965.0,320272.0,1.0,11.0,6619040,6364103,58685.0,17131.0,8.0,31.0,57802.0,88254,2025,2024-25,https://ope.ed.gov/athletics/#/datafile/list,77985.0,9154.24074074074,668386.0,1000541.0
156745,Georgetown College,KY,NAIA Division I ,"Private nonprofit, 4-year or above",5477535.0,5477535.0,157.0,1278.0,200580.0,1.0,10.0,18580938,18580938,49043.0,27074.0,9.0,18.0,24051.0,38558,2025,2024-25,https://ope.ed.gov/athletics/#/datafile/list,0.0,34888.75796178344,5276955.0,928719.0
131496,Georgetown University,DC,NCAA Division I-FCS,"Private nonprofit, 4-year or above",2575007.0,2575007.0,100.0,3976.0,397644.0,1.0,10.0,58538782,58538782,651521.0,85800.0,10.0,29.0,268892.0,371142,2025,2024-25,https://ope.ed.gov/athletics/#/datafile/list,0.0,25750.07,2177363.0,9003410.0
139755,Georgia Institute of Technology-Main Campus,GA,NCAA Division I-FBS,"Public, 4-year or above",70541041.0,42709508.0,120.0,96658.0,11598968.0,1.0,10.0,140430227,140430227,1109351.0,260002.0,7.0,30.0,2054588.0,2593351,2025,2024-25,https://ope.ed.gov/athletics/#/datafile/list,27831533.0,355912.56666666665,31110540.0,15565517.0
485111,Georgia Military College,GA,NJCAA Division I ,"Public, 2-year",887647.0,887647.0,149.0,2080.0,309909.0,1.0,10.0,2037220,2037220,22857.0,26636.0,4.0,11.0,10638.0,23127,2025,2024-25,https://ope.ed.gov/athletics/#/datafile/list,0.0,5957.362416107382,577738.0,384424.0
139931,Georgia Southern University,GA,NCAA Division I-FBS,"Public, 4-year or above",11225441.0,11225441.0,146.0,13477.0,1967592.0,1.0,17.0,38133784,38133784,251750.0,77607.0,6.0,28.0,347870.0,536813,2025,2024-25,https://ope.ed.gov/athletics/#/datafile/list,0.0,76886.58219178082,9257849.0,3683496.0
139940,Georgia State University,GA,NCAA Division I-FBS,"Public, 4-year or above",12260120.0,12260120.0,118.0,17574.0,2073699.0,1.0,24.0,39979520,39979520,307328.0,74869.0,6.0,34.0,411874.0,587630,2025,2024-25,https://ope.ed.gov/athletics/#/datafile/list,0.0,103899.32203389832,10186421.0,4389514.0
212674,Gettysburg College,PA,NCAA Division III with football,"Private nonprofit, 4-year or above",701392.0,701392.0,93.0,3190.0,296647.0,1.0,7.0,7792270,7792270,47761.0,15739.0,10.0,27.0,107368.0,149998,2025,2024-25,https://ope.ed.gov/athletics/#/datafile/list,0.0,7541.849462365592,404745.0,902563.0
115001,Glendale Community College,CA,CCCAA,"Public, 2-year",196794.0,196794.0,112.0,816.0,91376.0,1.0,8.0,1725726,1725726,8972.0,5900.0,8.0,20.0,0.0,0,2025,2024-25,https://ope.ed.gov/athletics/#/datafile/list,0.0,1757.0892857142858,105418.0,189776.0
237385,Glenville State University,WV,NCAA Division II with football,"Public, 4-year or above",742653.0,1136684.0,110.0,707.0,77723.0,1.0,8.0,4357787,4357785,58285.0,24747.0,6.0,11.0,17609.0,32246,2025,2024-25,https://ope.ed.gov/athletics/#/datafile/list,-394031.0,10333.49090909091,1058961.0,621927.0
115126,Golden West College,CA,CCCAA,"Public, 2-year",474812.0,474812.0,108.0,1574.0,169988.0,1.0,7.0,2709201,2709201,55080.0,11255.0,8.0,20.0,0.0,0,2025,2024-25,https://ope.ed.gov/athletics/#/datafile/list,0.0,4396.407407407408,304824.0,665740.0
153366,Graceland University-Lamoni,IA,NAIA Division II ,"Private nonprofit, 4-year or above",1653006.0,1653006.0,134.0,1061.0,142177.0,1.0,8.0,6883258,6883258,32587.0,13722.0,10.0,18.0,18315.0,63377,2025,2024-25,https://ope.ed.gov/athletics/#/datafile/list,0.0,12335.865671641792,1510829.0,572866.0
159009,Grambling State University,LA,NCAA Division I-FCS,"Public, 4-year or above",4981977.0,4981977.0,154.0,1535.0,236439.0,1.0,9.0,14809144,14809144,187840.0,80949.0,4.0,14.0,41119.0,67646,2025,2024-25,https://ope.ed.gov/athletics/#/datafile/list,0.0,32350.5,4745538.0,1884646.0
170082,Grand Valley State University,MI,NCAA Division II with football,"Public, 4-year or above",3850676.0,3309949.0,141.0,3728.0,525654.0,1.0,11.0,22242665,21573246,92824.0,26796.0,8.0,33.0,86980.0,145428,2025,2024-25,https://ope.ed.gov/athletics/#/datafile/list,540727.0,23474.81560283688,2784295.0,1626860.0
153375,Grand View University,IA,NAIA Division I ,"Private nonprofit, 4-year or above",2672460.0,2672460.0,150.0,4198.0,629654.0,1.0,9.0,12380233,12380233,43670.0,10310.0,10.0,42.0,26364.0,35984,2025,2024-25,https://ope.ed.gov/athletics/#/datafile/list,0.0,17816.4,2042806.0,869720.0
198598,Greensboro College,NC,NCAA Division III with football,"Private nonprofit, 4-year or above",406844.0,406844.0,118.0,1143.0,134884.0,1.0,10.0,2669250,2669250,42555.0,11267.0,9.0,16.0,9519.0,22361,2025,2024-25,https://ope.ed.gov/athletics/#/datafile/list,0.0,3447.830508474576,271960.0,563267.0
145372,Greenville University,IL,NCAA Division III with football,"Private nonprofit, 4-year or above",378571.0,390501.0,105.0,1694.0,177915.0,1.0,7.0,2797515,2628387,40378.0,13528.0,8.0,24.0,16967.0,27833,2025,2024-25,https://ope.ed.gov/athletics/#/datafile/list,-11930.0,3719.057142857143,212586.0,647696.0
153384,Grinnell College,IA,NCAA Division III with football,"Private nonprofit, 4-year or above",456652.0,456652.0,60.0,1746.0,104738.0,1.0,5.0,4751676,4751676,35502.0,12043.0,10.0,22.0,37890.0,60861,2025,2024-25,https://ope.ed.gov/athletics/#/datafile/list,0.0,7610.866666666667,351914.0,619966.0
115296,Grossmont College,CA,CCCAA,"Public, 2-year",449108.0,31948.0,66.0,341.0,22473.0,1.0,8.0,2413913,1291271,20000.0,6000.0,6.0,14.0,0.0,0,2025,2024-25,https://ope.ed.gov/athletics/#/datafile/list,417160.0,484.06060606060606,9475.0,204000.0
198613,Guilford College,NC,NCAA Division III with football,"Private nonprofit, 4-year or above",423344.0,388020.0,131.0,552.0,72270.0,1.0,8.0,3562840,2960475,46032.0,18077.0,8.0,14.0,11691.0,15021,2025,2024-25,https://ope.ed.gov/athletics/#/datafile/list,35324.0,2961.9847328244273,315750.0,621334.0
173647,Gustavus Adolphus College,MN,NCAA Division III with football,"Private nonprofit, 4-year or above",743696.0,743696.0,139.0,1076.0,149560.0,1.0,10.0,6049639,6049639,49578.0,13007.0,9.0,43.0,58931.0,80032,2025,2024-25,https://ope.ed.gov/athletics/#/datafile/list,0.0,5350.330935251798,594136.0,1005503.0
191515,Hamilton College,NY,NCAA Division III with football,"Private nonprofit, 4-year or above",1223588.0,1223588.0,77.0,3449.0,265590.0,1.0,10.0,11263011,11263011,75340.0,21774.0,14.0,32.0,73207.0,117586,2025,2024-25,https://ope.ed.gov/athletics/#/datafile/list,0.0,15890.753246753247,957998.0,1751528.0
173665,Hamline University,MN,NCAA Division III with football,"Private nonprofit, 4-year or above",401706.0,401706.0,79.0,1889.0,149227.0,1.0,11.0,3787348,3787348,32779.0,8390.0,10.0,32.0,19197.0,43316,2025,2024-25,https://ope.ed.gov/athletics/#/datafile/list,0.0,5084.886075949367,252479.0,596270.0
232265,Hampton University,VA,NCAA Division I-FCS,"Private nonprofit, 4-year or above",6343962.0,5243063.0,92.0,10056.0,925167.0,1.0,10.0,17330745,17330745,153818.0,80968.0,7.0,21.0,331325.0,449317,2025,2024-25,https://ope.ed.gov/athletics/#/datafile/list,1100899.0,56989.815217391304,4317896.0,2777054.0
150756,Hanover College,IN,NCAA Division III with football,"Private nonprofit, 4-year or above",535051.0,535051.0,125.0,1177.0,147145.0,1.0,7.0,3996435,3996435,47789.0,15366.0,11.0,20.0,66941.0,102926,2025,2024-25,https://ope.ed.gov/athletics/#/datafile/list,0.0,4280.408,387906.0,832999.0
225247,Hardin-Simmons University,TX,NCAA Division III with football,"Private nonprofit, 4-year or above",1410456.0,1276489.0,212.0,2139.0,453556.0,1.0,8.0,5760134,4352740,50111.0,36996.0,9.0,18.0,15035.0,18934,2025,2024-25,https://ope.ed.gov/athletics/#/datafile/list,133967.0,6021.174528301887,822933.0,1116927.0
107044,Harding University,AR,NCAA Division II with football,"Private nonprofit, 4-year or above",3159872.0,3446014.0,145.0,2131.0,308941.0,1.0,7.0,11029495,11029495,61885.0,55963.0,7.0,12.0,60950.0,78090,2025,2024-25,https://ope.ed.gov/athletics/#/datafile/list,-286142.0,23765.61379310345,3137073.0,1104751.0
115393,Hartnell College,CA,CCCAA,"Public, 2-year",181038.0,181038.0,58.0,1724.0,100003.0,1.0,7.0,1909188,1909188,15000.0,7918.0,7.0,17.0,0.0,0,2025,2024-25,https://ope.ed.gov/athletics/#/datafile/list,0.0,3121.344827586207,81035.0,239606.0
191533,Hartwick College,NY,NCAA Division III with football,"Private nonprofit, 4-year or above",438650.0,438650.0,106.0,1486.0,157476.0,1.0,7.0,3647247,3647247,33716.0,15035.0,8.0,19.0,43403.0,71213,2025,2024-25,https://ope.ed.gov/athletics/#/datafile/list,0.0,4138.207547169812,281174.0,555393.0
166027,Harvard University,MA,NCAA Division I-FCS,"Private nonprofit, 4-year or above",4937749.0,4937749.0,113.0,4443.0,502039.0,1.0,9.0,47700542,47700542,174858.0,55507.0,18.0,68.0,1373131.0,2010610,2025,2024-25,https://ope.ed.gov/athletics/#/datafile/list,0.0,43696.89380530974,4435710.0,6921920.0
181127,Hastings College,NE,NAIA Division II ,"Private nonprofit, 4-year or above",1627744.0,1627744.0,119.0,1030.0,122556.0,1.0,5.0,9947684,9947684,43166.0,18411.0,10.0,22.0,15926.0,28426,2025,2024-25,https://ope.ed.gov/athletics/#/datafile/list,0.0,13678.52100840336,1505188.0,836702.0
203085,Heidelberg University,OH,NCAA Division III with football,"Private nonprofit, 4-year or above",642386.0,642386.0,150.0,1017.0,152501.0,1.0,9.0,3999725,3999725,43326.0,20122.0,10.0,22.0,39827.0,58724,2025,2024-25,https://ope.ed.gov/athletics/#/datafile/list,0.0,4282.573333333334,489885.0,875944.0
107071,Henderson State University,AR,NCAA Division II with football,"Public, 4-year or above",1683438.0,1683438.0,147.0,1308.0,192287.0,1.0,6.0,6481972,6470357,52478.0,40600.0,5.0,9.0,27231.0,37248,2025,2024-25,https://ope.ed.gov/athletics/#/datafile/list,0.0,11451.959183673467,1491151.0,627790.0
107080,Hendrix College,AR,NCAA Division III with football,"Private nonprofit, 4-year or above",554877.0,554877.0,102.0,2278.0,232361.0,1.0,8.0,3811673,3811673,33996.0,15076.0,10.0,21.0,67155.0,94172,2025,2024-25,https://ope.ed.gov/athletics/#/datafile/list,0.0,5439.970588235294,322516.0,656556.0
155186,Highland Community College,KS,NJCAA Division I ,"Public, 2-year",824327.0,699353.0,102.0,740.0,75517.0,1.0,6.0,2410034,2410034,58503.0,28849.0,4.0,8.0,25599.0,42139,2025,2024-25,https://ope.ed.gov/athletics/#/datafile/list,124974.0,6856.401960784314,623836.0,464804.0
191621,Hilbert College,NY,NCAA Division III with football,"Private nonprofit, 4-year or above",441642.0,417773.0,53.0,2404.0,127438.0,1.0,6.0,3154733,2564165,32931.0,5736.0,8.0,16.0,19653.0,35091,2025,2024-25,https://ope.ed.gov/athletics/#/datafile/list,23869.0,7882.509433962264,290335.0,355224.0
175786,Hinds Community College,MS,NJCAA Division I ,"Public, 2-year",826810.0,754815.0,65.0,1697.0,110331.0,1.0,6.0,4090808,3446686,45947.0,37510.0,8.0,11.0,22692.0,26438,2025,2024-25,https://ope.ed.gov/athletics/#/datafile/list,71995.0,11612.53846153846,644484.0,780186.0
203128,Hiram College,OH,NCAA Division III with football,"Private nonprofit, 4-year or above",354532.0,354532.0,82.0,1132.0,92791.0,1.0,7.0,2560357,2560357,39065.0,10229.0,10.0,21.0,20636.0,45174,2025,2024-25,https://ope.ed.gov/athletics/#/datafile/list,0.0,4323.5609756097565,261741.0,605459.0
191630,Hobart William Smith Colleges,NY,NCAA Division III with football,"Private nonprofit, 4-year or above",762231.0,762231.0,106.0,1865.0,197725.0,1.0,7.0,10945214,10945214,62500.0,26684.0,15.0,26.0,123290.0,186532,2025,2024-25,https://ope.ed.gov/athletics/#/datafile/list,0.0,7190.858490566037,564506.0,1631284.0
203155,Hocking College,OH,NJCAA Division III ,"Public, 2-year",339734.0,339734.0,131.0,1130.0,148084.0,1.0,6.0,966559,966559,19485.0,9166.0,6.0,9.0,1337.0,1491,2025,2024-25,https://ope.ed.gov/athletics/#/datafile/list,0.0,2593.389312977099,191650.0,199404.0
175810,Holmes Community College,MS,NJCAA Division II ,"Public, 2-year",1038832.0,1038832.0,64.0,648.0,41440.0,1.0,6.0,3263696,3263696,80571.0,44945.0,5.0,10.0,10481.0,22657,2025,2024-25,https://ope.ed.gov/athletics/#/datafile/list,0.0,16231.75,997392.0,852305.0
170301,Hope College,MI,NCAA Division III with football,"Private nonprofit, 4-year or above",794764.0,763680.0,121.0,1155.0,139770.0,1.0,9.0,5430901,5000806,41840.0,9932.0,10.0,33.0,76333.0,107924,2025,2024-25,https://ope.ed.gov/athletics/#/datafile/list,31084.0,6311.4049586776855,623910.0,746156.0
225399,Houston Christian University,TX,NCAA Division I-FCS,"Private nonprofit, 4-year or above",5863025.0,5863025.0,119.0,5545.0,659879.0,1.0,13.0,20375958,20375958,96198.0,41154.0,6.0,20.0,131413.0,196921,2025,2024-25,https://ope.ed.gov/athletics/#/datafile/list,0.0,49269.117647058825,5203146.0,1400268.0
225548,Howard Payne University,TX,NCAA Division III with football,"Private nonprofit, 4-year or above",904491.0,778643.0,135.0,1853.0,250176.0,1.0,10.0,3278818,2822862,48887.0,31399.0,6.0,15.0,12382.0,18553,2025,2024-25,https://ope.ed.gov/athletics/#/datafile/list,125848.0,5767.725925925926,528467.0,764307.0
131520,Howard University,DC,NCAA Division I-FCS,"Private nonprofit, 4-year or above",5468305.0,5468306.0,100.0,6065.0,606510.0,1.0,12.0,26278450,20688627,192048.0,69080.0,7.0,21.0,47770.0,68618,2025,2024-25,https://ope.ed.gov/athletics/#/datafile/list,-1.0,54683.06,4861796.0,2795016.0
191719,Hudson Valley Community College,NY,NJCAA Division III ,"Public, 2-year",129780.0,129780.0,84.0,891.0,74818.0,1.0,7.0,1559034,1559034,8235.0,2882.0,9.0,31.0,2071.0,2856,2025,2024-25,https://ope.ed.gov/athletics/#/datafile/list,0.0,1545.0,54962.0,163457.0
101435,Huntingdon College,AL,NCAA Division III with football,"Private nonprofit, 4-year or above",908807.0,858260.0,158.0,1432.0,226310.0,1.0,8.0,7520441,7236074,69786.0,26651.0,10.0,16.0,53929.0,95031,2025,2024-25,https://ope.ed.gov/athletics/#/datafile/list,50547.0,5432.025316455696,631950.0,1124276.0
487524,Husson University,ME,NCAA Division III with football,"Private nonprofit, 4-year or above",706503.0,696171.0,133.0,2522.0,335491.0,1.0,9.0,4584590,4316668,33660.0,9780.0,10.0,31.0,43113.0,61036,2025,2024-25,https://ope.ed.gov/athletics/#/datafile/list,10332.0,5234.368421052632,360680.0,639780.0
155195,Hutchinson Community College,KS,NJCAA Division I ,"Public, 2-year",1137287.0,1137287.0,111.0,712.0,79067.0,1.0,9.0,4844974,4844974,56629.0,43460.0,6.0,16.0,73278.0,94285,2025,2024-25,https://ope.ed.gov/athletics/#/datafile/list,0.0,10245.82882882883,1058220.0,1035134.0
142276,Idaho State University,ID,NCAA Division I-FCS,"Public, 4-year or above",5692610.0,5692610.0,114.0,10206.0,1163516.0,1.0,20.0,20271087,20271087,112636.0,37699.0,4.0,31.0,152404.0,252587,2025,2024-25,https://ope.ed.gov/athletics/#/datafile/list,0.0,49935.17543859649,4529094.0,1619213.0
145691,Illinois College,IL,NCAA Division III with football,"Private nonprofit, 4-year or above",549544.0,549544.0,112.0,1157.0,129555.0,1.0,11.0,3613698,3613698,39072.0,17572.0,9.0,18.0,64476.0,103770,2025,2024-25,https://ope.ed.gov/athletics/#/datafile/list,0.0,4906.642857142857,419989.0,667944.0
145813,Illinois State University,IL,NCAA Division I-FCS,"Public, 4-year or above",5119248.0,5119248.0,128.0,7684.0,983516.0,1.0,17.0,30244468,30244468,229847.0,60640.0,6.0,33.0,118584.0,242378,2025,2024-25,https://ope.ed.gov/athletics/#/datafile/list,0.0,39994.125,4135732.0,3380202.0
145646,Illinois Wesleyan University,IL,NCAA Division III with football,"Private nonprofit, 4-year or above",615462.0,615462.0,136.0,1831.0,249061.0,1.0,8.0,5078850,5078850,40440.0,12638.0,12.0,36.0,57230.0,100658,2025,2024-25,https://ope.ed.gov/athletics/#/datafile/list,0.0,4525.455882352941,366401.0,940248.0
155201,Independence Community College,KS,NJCAA Division I ,"Public, 2-year",721191.0,721191.0,64.0,2123.0,135851.0,1.0,5.0,2377643,2377643,51967.0,33894.0,3.0,6.0,10215.0,14964,2025,2024-25,https://ope.ed.gov/athletics/#/datafile/list,0.0,11268.609375,585340.0,359265.0
151324,Indiana State University,IN,NCAA Division I-FCS,"Public, 4-year or above",4790233.0,4790233.0,113.0,10086.0,1139697.0,1.0,12.0,21115132,21101974,215040.0,62602.0,4.0,24.0,238462.0,365848,2025,2024-25,https://ope.ed.gov/athletics/#/datafile/list,0.0,42391.44247787611,3650536.0,2362608.0
213020,Indiana University of Pennsylvania-Main Campus,PA,NCAA Division II with football,"Public, 4-year or above",1987639.0,1981557.0,94.0,2774.0,260759.0,1.0,7.0,9070673,8946610,93030.0,39287.0,6.0,13.0,59552.0,97811,2025,2024-25,https://ope.ed.gov/athletics/#/datafile/list,6082.0,21080.393617021276,1720798.0,1068911.0
151351,Indiana University-Bloomington,IN,NCAA Division I-FBS,"Public, 4-year or above",80906601.0,50207544.0,114.0,98862.0,11270297.0,1.0,15.0,182095778,159331697,1384424.0,274237.0,10.0,42.0,1939740.0,2586436,2025,2024-25,https://ope.ed.gov/athletics/#/datafile/list,30699057.0,440417.05263157893,38937247.0,25362194.0
151801,Indiana Wesleyan University-Marion,IN,NAIA Division II ,"Private nonprofit, 4-year or above",1908908.0,1898758.0,133.0,1497.0,199036.0,1.0,10.0,12068772,11266937,41266.0,19707.0,10.0,28.0,26003.0,44430,2025,2024-25,https://ope.ed.gov/athletics/#/datafile/list,10150.0,14276.375939849624,1699722.0,964456.0
153524,Iowa Central Community College,IA,NJCAA Division II ,"Public, 2-year",1295395.0,1295395.0,175.0,1291.0,225878.0,1.0,10.0,7802212,7802212,49827.0,25137.0,13.0,37.0,39163.0,69344,2025,2024-25,https://ope.ed.gov/athletics/#/datafile/list,0.0,7402.257142857143,1069517.0,1577820.0
153603,Iowa State University,IA,NCAA Division I-FBS,"Public, 4-year or above",60744404.0,32337385.0,135.0,49623.0,6699070.0,1.0,10.0,103899204,103893160,1885285.0,338422.0,5.0,23.0,975628.0,1457184,2025,2024-25,https://ope.ed.gov/athletics/#/datafile/list,28407019.0,239536.1851851852,25638315.0,17210131.0
153630,Iowa Western Community College,IA,NJCAA Division I ,"Public, 2-year",1415142.0,1415142.0,134.0,2396.0,321117.0,1.0,10.0,9943673,9943673,53295.0,20780.0,11.0,35.0,59407.0,106328,2025,2024-25,https://ope.ed.gov/athletics/#/datafile/list,0.0,10560.76119402985,1094025.0,1313545.0
175829,Itawamba Community College,MS,NJCAA Division II ,"Public, 2-year",813262.0,813262.0,62.0,1771.0,109790.0,1.0,6.0,3371199,3371199,66764.0,39702.0,6.0,11.0,12827.0,20549,2025,2024-25,https://ope.ed.gov/athletics/#/datafile/list,0.0,13117.129032258064,703472.0,837306.0
191968,Ithaca College,NY,NCAA Division III with football,"Private nonprofit, 4-year or above",675388.0,675388.0,107.0,1508.0,161391.0,1.0,8.0,8237050,8237050,49129.0,21927.0,13.0,18.0,74693.0,118813,2025,2024-25,https://ope.ed.gov/athletics/#/datafile/list,0.0,6312.0373831775705,513997.0,1033363.0
175856,Jackson State University,MS,NCAA Division I-FCS,"Public, 4-year or above",3307433.0,3307433.0,136.0,4875.0,663035.0,1.0,10.0,12379364,12379364,148000.0,61541.0,5.0,18.0,43492.0,78279,2025,2024-25,https://ope.ed.gov/athletics/#/datafile/list,0.0,24319.360294117647,2644398.0,1847738.0
101480,Jacksonville State University,AL,NCAA Division I-FBS,"Public, 4-year or above",14998859.0,14998859.0,158.0,8491.0,1341543.0,1.0,10.0,34639572,34639572,273617.0,92673.0,6.0,19.0,498790.0,694630,2025,2024-25,https://ope.ed.gov/athletics/#/datafile/list,0.0,94929.48734177215,13657316.0,3402489.0
232423,James Madison University,VA,NCAA Division I-FCS,"Public, 4-year or above",16863959.0,16863958.0,121.0,21974.0,2658810.0,1.0,10.0,68384574,68384574,362321.0,162272.0,6.0,19.0,664261.0,1073274,2025,2024-25,https://ope.ed.gov/athletics/#/datafile/list,1.0,139371.55371900825,14205148.0,5257094.0
203368,John Carroll University,OH,NCAA Division III with football,"Private nonprofit, 4-year or above",1029076.0,1029076.0,130.0,2036.0,264741.0,1.0,17.0,5793620,5793620,47837.0,18957.0,11.0,32.0,36036.0,58128,2025,2024-25,https://ope.ed.gov/athletics/#/datafile/list,0.0,7915.969230769231,764335.0,1132831.0
162928,Johns Hopkins University,MD,Other ,"Private nonprofit, 4-year or above",1018257.0,978719.0,87.0,2205.0,191865.0,1.0,9.0,16075797,15922685,100637.0,26110.0,11.0,31.0,149945.0,219342,2025,2024-25,https://ope.ed.gov/athletics/#/datafile/list,39538.0,11249.64367816092,786854.0,1916417.0
198756,Johnson C Smith University,NC,NCAA Division II with football,"Private nonprofit, 4-year or above",2111118.0,2111118.0,123.0,4085.0,502488.0,1.0,10.0,4446973,4446973,40318.0,28361.0,7.0,16.0,66759.0,68191,2025,2024-25,https://ope.ed.gov/athletics/#/datafile/list,0.0,17163.560975609755,1608630.0,736002.0
175883,Jones County Junior College,MS,NJCAA Division I ,"Public, 2-year",1549147.0,1549147.0,65.0,2042.0,132720.0,1.0,7.0,5994799,5994799,93962.0,50487.0,6.0,14.0,19218.0,57588,2025,2024-25,https://ope.ed.gov/athletics/#/datafile/list,0.0,23833.03076923077,1416427.0,1270590.0
146339,Judson University,IL,NAIA Division I ,"Private nonprofit, 4-year or above",1811167.0,1811167.0,125.0,732.0,91449.0,1.0,9.0,6807545,6734137,31185.0,6989.0,10.0,22.0,3872.0,4741,2025,2024-25,https://ope.ed.gov/athletics/#/datafile/list,0.0,14489.336,1719718.0,465608.0
213251,Juniata College,PA,NCAA Division III with football,"Private nonprofit, 4-year or above",529775.0,502943.0,75.0,1130.0,84785.0,1.0,7.0,5155887,4909551,42323.0,13066.0,12.0,24.0,55390.0,106802,2025,2024-25,https://ope.ed.gov/athletics/#/datafile/list,26832.0,6705.906666666667,418158.0,821460.0
170532,Kalamazoo College,MI,NCAA Division III with football,"Private nonprofit, 4-year or above",575855.0,575855.0,104.0,1597.0,166041.0,1.0,11.0,3597494,3597494,48187.0,14971.0,9.0,28.0,43802.0,57900,2025,2024-25,https://ope.ed.gov/athletics/#/datafile/list,0.0,5537.067307692308,409814.0,852871.0
155399,Kansas State University,KS,NCAA Division I-FBS,"Public, 4-year or above",27087822.0,27087822.0,125.0,52953.0,6619181.0,1.0,10.0,102982919,100807499,1912620.0,307066.0,5.0,22.0,1520250.0,1947734,2025,2024-25,https://ope.ed.gov/athletics/#/datafile/list,0.0,216702.576,20468641.0,16318552.0
155414,Kansas Wesleyan University,KS,NAIA Division I ,"Private nonprofit, 4-year or above",2628083.0,2801808.0,142.0,1819.0,258315.0,1.0,7.0,16190685,16190685,32104.0,19936.0,10.0,15.0,24834.0,36388,2025,2024-25,https://ope.ed.gov/athletics/#/datafile/list,-173725.0,19731.04225352113,2543493.0,620080.0
185262,Kean University,NJ,NCAA Division III with football,"Public, 4-year or above",526264.0,526264.0,95.0,2647.0,251484.0,1.0,11.0,5957544,5957544,85266.0,9145.0,9.0,44.0,29864.0,55957,2025,2024-25,https://ope.ed.gov/athletics/#/datafile/list,0.0,5539.621052631579,274780.0,1169774.0
135081,Keiser University-Ft Lauderdale,FL,NAIA Division I ,"Private nonprofit, 4-year or above",2861440.0,2831100.0,108.0,3707.0,400376.0,1.0,10.0,17851096,17316810,65498.0,29944.0,11.0,25.0,26313.0,36618,2025,2024-25,https://ope.ed.gov/athletics/#/datafile/list,30340.0,26213.88888888889,2430724.0,1469078.0
486840,Kennesaw State University,GA,NCAA Division I-FCS,"Public, 4-year or above",11495596.0,11495596.0,120.0,25085.0,3010172.0,1.0,10.0,42344569,42344569,175613.0,89467.0,7.0,22.0,478941.0,605699,2025,2024-25,https://ope.ed.gov/athletics/#/datafile/list,0.0,95796.63333333332,8485424.0,3197565.0
203517,Kent State University at Kent,OH,NCAA Division I-FBS,"Public, 4-year or above",10351311.0,10351311.0,110.0,28702.0,3157181.0,1.0,9.0,37209656,37209656,216003.0,61625.0,6.0,23.0,503118.0,685486,2025,2024-25,https://ope.ed.gov/athletics/#/datafile/list,0.0,94102.82727272729,7194130.0,2713393.0
157100,Kentucky Christian University,KY,NAIA Division I ,"Private nonprofit, 4-year or above",1733276.0,1733276.0,112.0,1898.0,212525.0,1.0,7.0,6387842,6387842,27641.0,17745.0,9.0,11.0,46454.0,76389,2025,2024-25,https://ope.ed.gov/athletics/#/datafile/list,0.0,15475.67857142857,1520751.0,443964.0
157058,Kentucky State University,KY,NCAA Division II with football,"Public, 4-year or above",1252224.0,1252224.0,131.0,2037.0,266820.0,1.0,3.0,4079832,4079832,54396.0,27276.0,8.0,8.0,0.0,0,2025,2024-25,https://ope.ed.gov/athletics/#/datafile/list,0.0,9558.961832061068,985404.0,653376.0
157076,Kentucky Wesleyan College,KY,NCAA Division II with football,"Private nonprofit, 4-year or above",1841405.0,1791688.0,112.0,2282.0,255564.0,1.0,10.0,7465105,7387546,46223.0,19910.0,7.0,17.0,31376.0,39862,2025,2024-25,https://ope.ed.gov/athletics/#/datafile/list,49717.0,15997.214285714286,1536124.0,662031.0
203535,Kenyon College,OH,NCAA Division III with football,"Private nonprofit, 4-year or above",399322.0,399322.0,60.0,1500.0,90015.0,1.0,8.0,3547511,3547511,45283.0,17386.0,11.0,23.0,87629.0,133860,2025,2024-25,https://ope.ed.gov/athletics/#/datafile/list,0.0,6655.366666666667,309307.0,897991.0
213303,Keystone College,PA,NCAA Division III with football,"Private nonprofit, 4-year or above",425278.0,425278.0,91.0,1820.0,165639.0,1.0,5.0,1973509,1973509,42000.0,19818.0,6.0,11.0,15559.0,20259,2025,2024-25,https://ope.ed.gov/athletics/#/datafile/list,0.0,4673.384615384615,259639.0,469998.0
226019,Kilgore College,TX,NJCAA Division I ,"Public, 2-year",810213.0,810213.0,75.0,520.0,39011.0,1.0,4.0,1978773,1978773,81281.0,15667.0,2.0,6.0,21392.0,33815,2025,2024-25,https://ope.ed.gov/athletics/#/datafile/list,0.0,10802.84,771202.0,256564.0
213321,King's College,PA,NCAA Division III with football,"Private nonprofit, 4-year or above",598321.0,598321.0,128.0,1618.0,207088.0,1.0,8.0,3634014,3634014,37247.0,8943.0,12.0,25.0,54867.0,72042,2025,2024-25,https://ope.ed.gov/athletics/#/datafile/list,0.0,4674.3828125,391233.0,670539.0
146427,Knox College,IL,NCAA Division III with football,"Private nonprofit, 4-year or above",361433.0,580962.0,90.0,2595.0,233520.0,1.0,6.0,2548877,2529184,53666.0,23986.0,8.0,14.0,40316.0,55527,2025,2024-25,https://ope.ed.gov/athletics/#/datafile/list,-219529.0,6455.133333333333,347442.0,765132.0
213349,Kutztown University of Pennsylvania,PA,NCAA Division II with football,"Public, 4-year or above",1439602.0,1286215.0,107.0,1171.0,125338.0,1.0,7.0,9750630,9611506,103182.0,47995.0,7.0,17.0,13091.0,30379,2025,2024-25,https://ope.ed.gov/athletics/#/datafile/list,153387.0,12020.70093457944,1160877.0,1538189.0
140234,LaGrange College,GA,NCAA Division III with football,"Private nonprofit, 4-year or above",467621.0,467621.0,105.0,1946.0,204299.0,1.0,6.0,1971225,1971225,45086.0,30613.0,7.0,7.0,31257.0,42241,2025,2024-25,https://ope.ed.gov/athletics/#/datafile/list,0.0,4453.533333333334,263322.0,529893.0
213376,Lackawanna College,PA,NJCAA Division II ,"Private nonprofit, 2-year",1190303.0,976740.0,114.0,2217.0,252752.0,1.0,8.0,2999039,2999039,29348.0,10961.0,5.0,15.0,7120.0,12375,2025,2024-25,https://ope.ed.gov/athletics/#/datafile/list,213563.0,8567.894736842105,723988.0,311155.0
213385,Lafayette College,PA,NCAA Division I-FCS,"Private nonprofit, 4-year or above",8597500.0,8597500.0,104.0,7167.0,745389.0,1.0,10.0,33775199,33775199,124053.0,51148.0,9.0,29.0,329067.0,473398,2025,2024-25,https://ope.ed.gov/athletics/#/datafile/list,0.0,82668.26923076923,7852111.0,2599769.0
203580,Lake Erie College,OH,NCAA Division II with football,"Private nonprofit, 4-year or above",1329685.0,1329685.0,133.0,1155.0,153604.0,1.0,10.0,7284896,7284896,54372.0,17864.0,8.0,19.0,31597.0,50754,2025,2024-25,https://ope.ed.gov/athletics/#/datafile/list,0.0,9997.631578947368,1176081.0,774392.0
146481,Lake Forest College,IL,NCAA Division III with football,"Private nonprofit, 4-year or above",521184.0,521184.0,111.0,1079.0,119715.0,1.0,16.0,4617670,4617670,38514.0,10553.0,11.0,30.0,59845.0,94497,2025,2024-25,https://ope.ed.gov/athletics/#/datafile/list,0.0,4695.351351351352,401469.0,740244.0
238980,Lakeland University,WI,NCAA Division III with football,"Private nonprofit, 4-year or above",443254.0,438762.0,92.0,850.0,78172.0,1.0,8.0,2895704,2895704,36130.0,16900.0,10.0,15.0,28228.0,45236,2025,2024-25,https://ope.ed.gov/athletics/#/datafile/list,4492.0,4769.152173913043,360590.0,614800.0
226091,Lamar University,TX,NCAA Division I-FCS,"Public, 4-year or above",5643571.0,5643571.0,119.0,7868.0,936332.0,1.0,10.0,23999700,23925429,172917.0,72101.0,6.0,19.0,205707.0,285620,2025,2024-25,https://ope.ed.gov/athletics/#/datafile/list,0.0,47424.966386554624,4707239.0,2407421.0
220598,Lane College,TN,NCAA Division II with football,"Private nonprofit, 4-year or above",1037739.0,1037739.0,109.0,2084.0,227126.0,1.0,5.0,3446247,3446247,45634.0,45065.0,5.0,7.0,9271.0,12832,2025,2024-25,https://ope.ed.gov/athletics/#/datafile/list,0.0,9520.54128440367,810613.0,543625.0
117247,Laney College,CA,CCCAA,"Public, 2-year",167693.0,167693.0,84.0,900.0,75571.0,1.0,12.0,857682,857682,14025.0,5458.0,2.0,16.0,0.0,0,2025,2024-25,https://ope.ed.gov/athletics/#/datafile/list,0.0,1996.345238095238,92122.0,115378.0
207209,Langston University,OK,NAIA Division I ,"Public, 4-year or above",1010960.0,1010960.0,117.0,1261.0,147537.0,1.0,11.0,3479335,3479335,91183.0,21692.0,4.0,16.0,34000.0,59000,2025,2024-25,https://ope.ed.gov/athletics/#/datafile/list,0.0,8640.68376068376,863423.0,711804.0
170675,Lawrence Technological University,MI,NAIA Division I ,"Private nonprofit, 4-year or above",1480181.0,2519393.0,105.0,3392.0,356181.0,1.0,7.0,13049202,12837753,44825.0,15114.0,13.0,35.0,68440.0,96896,2025,2024-25,https://ope.ed.gov/athletics/#/datafile/list,-1039212.0,23994.219047619048,2163212.0,1111715.0
239017,Lawrence University,WI,NCAA Division III with football,"Private nonprofit, 4-year or above",504696.0,504696.0,59.0,1813.0,106938.0,1.0,6.0,4830423,4830423,58713.0,9925.0,11.0,27.0,47458.0,91189,2025,2024-25,https://ope.ed.gov/athletics/#/datafile/list,0.0,8554.169491525423,397758.0,913818.0
213507,Lebanon Valley College,PA,NCAA Division III with football,"Private nonprofit, 4-year or above",495994.0,494628.0,124.0,1629.0,202047.0,1.0,16.0,4577533,4494218,31193.0,6028.0,12.0,40.0,60297.0,97985,2025,2024-25,https://ope.ed.gov/athletics/#/datafile/list,1366.0,3988.935483870968,292581.0,615436.0
213543,Lehigh University,PA,NCAA Division I-FCS,"Private nonprofit, 4-year or above",7670473.0,7670473.0,98.0,12193.0,1194943.0,1.0,10.0,45257553,45257553,114660.0,46379.0,12.0,35.0,332661.0,505602,2025,2024-25,https://ope.ed.gov/athletics/#/datafile/list,0.0,78270.13265306123,6475530.0,2999185.0
198835,Lenoir-Rhyne University,NC,NCAA Division II with football,"Private nonprofit, 4-year or above",2497915.0,2497915.0,164.0,1790.0,293631.0,1.0,12.0,12868606,12868606,72714.0,25569.0,9.0,27.0,54367.0,88517,2025,2024-25,https://ope.ed.gov/athletics/#/datafile/list,0.0,15231.189024390244,2204284.0,1344789.0
209056,Lewis & Clark College,OR,NCAA Division III with football,"Private nonprofit, 4-year or above",651014.0,651014.0,107.0,2278.0,243746.0,1.0,14.0,5498258,5498258,36542.0,10500.0,10.0,27.0,36419.0,60302,2025,2024-25,https://ope.ed.gov/athletics/#/datafile/list,0.0,6084.242990654206,407268.0,648920.0
232557,Liberty University,VA,NCAA Division I-FBS,"Private nonprofit, 4-year or above",22964576.0,22964576.0,117.0,26028.0,3045334.0,1.0,10.0,62067210,62067210,999825.0,152698.0,7.0,26.0,1020558.0,1443640,2025,2024-25,https://ope.ed.gov/athletics/#/datafile/list,0.0,196278.42735042737,19919242.0,10968923.0
177940,Lincoln University,MO,NCAA Division II with football,"Public, 4-year or above",1292889.0,1287499.0,69.0,1893.0,130595.0,1.0,7.0,7314962,7092050,57778.0,38380.0,7.0,11.0,78293.0,104480,2025,2024-25,https://ope.ed.gov/athletics/#/datafile/list,5390.0,18659.405797101448,1156904.0,826626.0
213598,Lincoln University,PA,NCAA Division II with football,"Public, 4-year or above",912545.0,912545.0,99.0,1557.0,154127.0,1.0,7.0,3722951,3722951,64519.0,19840.0,4.0,15.0,77461.0,117425,2025,2024-25,https://ope.ed.gov/athletics/#/datafile/list,0.0,9217.626262626263,758418.0,555676.0
177968,Lindenwood University,MO,NCAA Division I-FCS,"Private nonprofit, 4-year or above",4167188.0,4167188.0,110.0,4677.0,514522.0,1.0,12.0,21376019,21376019,120388.0,44824.0,8.0,24.0,144659.0,220216,2025,2024-25,https://ope.ed.gov/athletics/#/datafile/list,0.0,37883.527272727275,3652666.0,2038880.0
157216,Lindsey Wilson College,KY,NAIA Division I ,"Private nonprofit, 4-year or above",1720311.0,1720201.0,162.0,1065.0,172520.0,1.0,9.0,12099921,12003518,41998.0,19298.0,11.0,26.0,39085.0,75463,2025,2024-25,https://ope.ed.gov/athletics/#/datafile/list,110.0,10618.524691358023,1547681.0,963726.0
209065,Linfield University,OR,NCAA Division III with football,"Private nonprofit, 4-year or above",1027030.0,672273.0,135.0,1608.0,217013.0,1.0,12.0,6425371,4711902,41340.0,10830.0,11.0,36.0,34880.0,68361,2025,2024-25,https://ope.ed.gov/athletics/#/datafile/list,354757.0,4979.8,455260.0,844620.0
198862,Livingstone College,NC,NCAA Division II with football,"Private nonprofit, 4-year or above",1275390.0,1152621.0,84.0,775.0,65112.0,1.0,8.0,3366858,3186871,46196.0,32126.0,4.0,10.0,2044.0,4754,2025,2024-25,https://ope.ed.gov/athletics/#/datafile/list,122769.0,13721.67857142857,1087509.0,506044.0
117645,Long Beach City College,CA,CCCAA,"Public, 2-year",661960.0,660217.0,101.0,443.0,44786.0,1.0,15.0,5115479,5034322,73118.0,13194.0,9.0,40.0,0.0,0,2025,2024-25,https://ope.ed.gov/athletics/#/datafile/list,1743.0,6536.80198019802,615431.0,1185822.0
192448,Long Island University,NY,NCAA Division I-FCS,"Private nonprofit, 4-year or above",7211722.0,7211722.0,125.0,6549.0,818616.0,1.0,20.0,45931608,45931608,110433.0,35396.0,16.0,80.0,163733.0,282402,2025,2024-25,https://ope.ed.gov/athletics/#/datafile/list,0.0,57693.776,6393106.0,4598608.0
153825,Loras College,IA,NCAA Division III with football,"Private nonprofit, 4-year or above",560831.0,560831.0,97.0,1036.0,100476.0,1.0,7.0,5582437,5582437,38539.0,10580.0,12.0,44.0,64379.0,94037,2025,2024-25,https://ope.ed.gov/athletics/#/datafile/list,0.0,5781.762886597938,460355.0,927988.0
117706,Los Angeles Pierce College,CA,CCCAA,"Public, 2-year",172428.0,172428.0,70.0,630.0,44100.0,1.0,6.0,1230814,1230814,18270.0,14108.0,6.0,18.0,0.0,0,2025,2024-25,https://ope.ed.gov/athletics/#/datafile/list,0.0,2463.2571428571428,128328.0,363564.0
117715,Los Angeles Southwest College,CA,CCCAA,"Public, 2-year",409367.0,409367.0,56.0,1461.0,81796.0,1.0,8.0,916360,916360,17900.0,14000.0,2.0,11.0,10000.0,15000,2025,2024-25,https://ope.ed.gov/athletics/#/datafile/list,0.0,7310.125,327571.0,189800.0
117733,Los Angeles Valley College,CA,CCCAA,"Public, 2-year",344026.0,344026.0,81.0,669.0,54190.0,1.0,6.0,2799001,2799001,30251.0,16410.0,5.0,13.0,0.0,0,2025,2024-25,https://ope.ed.gov/athletics/#/datafile/list,0.0,4247.234567901234,289836.0,364585.0
117894,Los Medanos College,CA,CCCAA,"Public, 2-year",131932.0,131932.0,60.0,1023.0,61402.0,1.0,9.0,765622,765622,24223.0,4054.0,3.0,12.0,0.0,0,2025,2024-25,https://ope.ed.gov/athletics/#/datafile/list,0.0,2198.866666666667,70530.0,121317.0
198871,Louisburg College,NC,NJCAA Division II ,"Private nonprofit, 2-year",228307.0,228307.0,108.0,721.0,77868.0,1.0,5.0,1814618,1814618,39850.0,15968.0,5.0,8.0,3387.0,5138,2025,2024-25,https://ope.ed.gov/athletics/#/datafile/list,0.0,2113.953703703704,150439.0,326994.0
159568,Louisiana Christian University,LA,NAIA Division I ,"Private nonprofit, 4-year or above",1434580.0,1434580.0,107.0,3314.0,354644.0,1.0,8.0,4919851,4919851,47500.0,20663.0,5.0,13.0,40590.0,47594,2025,2024-25,https://ope.ed.gov/athletics/#/datafile/list,0.0,13407.289719626167,1079936.0,506119.0
159391,Louisiana State University and Agricultural & Mechanical College,LA,NCAA Division I-FBS,"Public, 4-year or above",117563889.0,50738587.0,115.0,51058.0,5871635.0,1.0,10.0,223457268,219649408,2115174.0,491950.0,8.0,32.0,3697048.0,5262297,2025,2024-25,https://ope.ed.gov/athletics/#/datafile/list,66825302.0,441205.1043478261,44866952.0,32663792.0
159647,Louisiana Tech University,LA,NCAA Division I-FBS,"Public, 4-year or above",11122188.0,11122188.0,112.0,15956.0,1787088.0,1.0,10.0,33952161,33952161,365866.0,107988.0,5.0,21.0,627593.0,813234,2025,2024-25,https://ope.ed.gov/athletics/#/datafile/list,0.0,99305.25,9335100.0,4097078.0
153834,Luther College,IA,NCAA Division III with football,"Private nonprofit, 4-year or above",532764.0,532764.0,76.0,517.0,39260.0,1.0,12.0,5007798,4813573,34269.0,12623.0,11.0,30.0,50002.0,68582,2025,2024-25,https://ope.ed.gov/athletics/#/datafile/list,0.0,7010.0526315789475,493504.0,755649.0
213668,Lycoming College,PA,NCAA Division III with football,"Private nonprofit, 4-year or above",856732.0,756677.0,117.0,1363.0,159509.0,1.0,9.0,4601908,3454624,44939.0,12768.0,10.0,25.0,59230.0,77669,2025,2024-25,https://ope.ed.gov/athletics/#/datafile/list,100055.0,6467.324786324786,597168.0,768590.0
106342,Lyon College,AR,NCAA Division III with football,"Private nonprofit, 4-year or above",686601.0,686601.0,113.0,2295.0,259325.0,1.0,14.0,2648127,2648127,36635.0,17433.0,9.0,22.0,98715.0,118022,2025,2024-25,https://ope.ed.gov/athletics/#/datafile/list,0.0,6076.115044247787,427276.0,713241.0
173902,Macalester College,MN,NCAA Division III with football,"Private nonprofit, 4-year or above",551281.0,561861.0,65.0,788.0,51208.0,1.0,9.0,6471259,6471259,61131.0,13840.0,9.0,35.0,53260.0,88893,2025,2024-25,https://ope.ed.gov/athletics/#/datafile/list,-10580.0,8644.015384615384,510653.0,1034579.0
170806,Madonna University,MI,NAIA Division I ,"Private nonprofit, 4-year or above",1445497.0,1445606.0,131.0,1647.0,215759.0,1.0,8.0,8268630,8268630,27415.0,9749.0,10.0,33.0,7057.0,12295,2025,2024-25,https://ope.ed.gov/athletics/#/datafile/list,-109.0,11035.160305343512,1229847.0,595867.0
161299,Maine Maritime Academy,ME,NCAA Division III with football,"Public, 4-year or above",296111.0,296111.0,40.0,3131.0,125220.0,1.0,5.0,2805749,2805749,25432.0,13273.0,8.0,7.0,54367.0,82801,2025,2024-25,https://ope.ed.gov/athletics/#/datafile/list,0.0,7402.775,170891.0,296367.0
151777,Manchester University,IN,NCAA Division III with football,"Private nonprofit, 4-year or above",455794.0,436033.0,80.0,887.0,70941.0,1.0,8.0,3092915,2899315,33999.0,14398.0,10.0,22.0,31811.0,52728,2025,2024-25,https://ope.ed.gov/athletics/#/datafile/list,19761.0,5450.4125,365092.0,656746.0
151786,Marian University,IN,NAIA Division II ,"Private nonprofit, 4-year or above",3582023.0,3582023.0,178.0,1650.0,293632.0,1.0,9.0,19521804,19521804,49898.0,18698.0,11.0,32.0,32777.0,51689,2025,2024-25,https://ope.ed.gov/athletics/#/datafile/list,0.0,20123.724719101123,3288391.0,1147214.0
203845,Marietta College,OH,NCAA Division III with football,"Private nonprofit, 4-year or above",413994.0,418383.0,125.0,813.0,101623.0,1.0,9.0,4025343,3677957,33678.0,11167.0,8.0,19.0,46171.0,65150,2025,2024-25,https://ope.ed.gov/athletics/#/datafile/list,-4389.0,3347.064,316760.0,481597.0
192819,Marist University,NY,NCAA Division I-FCS,"Private nonprofit, 4-year or above",2264771.0,2264771.0,109.0,7586.0,826902.0,1.0,12.0,23818446,23818446,107458.0,46210.0,10.0,29.0,272039.0,436371,2025,2024-25,https://ope.ed.gov/athletics/#/datafile/list,0.0,20777.715596330276,1437869.0,2414670.0
198899,Mars Hill University,NC,NCAA Division II with football,"Private nonprofit, 4-year or above",1913473.0,1913473.0,151.0,838.0,126511.0,1.0,6.0,9070967,9070967,39735.0,29951.0,10.0,12.0,43234.0,50839,2025,2024-25,https://ope.ed.gov/athletics/#/datafile/list,0.0,12672.006622516556,1786962.0,756762.0
237525,Marshall University,WV,NCAA Division I-FBS,"Public, 4-year or above",13569649.0,13569649.0,118.0,30252.0,3569751.0,1.0,10.0,47042862,47042862,331664.0,110064.0,7.0,21.0,608896.0,809148,2025,2024-25,https://ope.ed.gov/athletics/#/datafile/list,0.0,114997.02542372882,9999898.0,4632992.0
173452,Martin Luther College,MN,NCAA Division III with football,"Private nonprofit, 4-year or above",228262.0,228262.0,44.0,993.0,43699.0,1.0,7.0,1673200,1673200,14871.0,4272.0,9.0,23.0,0.0,0,2025,2024-25,https://ope.ed.gov/athletics/#/datafile/list,0.0,5187.772727272727,184563.0,232095.0
220710,Maryville College,TN,NCAA Division III with football,"Private nonprofit, 4-year or above",653539.0,606727.0,136.0,1585.0,215550.0,1.0,6.0,4156535,3895417,43154.0,25387.0,8.0,16.0,23940.0,34312,2025,2024-25,https://ope.ed.gov/athletics/#/datafile/list,46812.0,4461.22794117647,391177.0,751424.0
166683,Massachusetts Institute of Technology,MA,NCAA Division III with football,"Private nonprofit, 4-year or above",285373.0,285373.0,69.0,2058.0,141975.0,1.0,13.0,9747475,9747475,43839.0,12400.0,15.0,45.0,50932.0,91256,2025,2024-25,https://ope.ed.gov/athletics/#/datafile/list,0.0,4135.840579710145,143398.0,1215585.0
166692,Massachusetts Maritime Academy,MA,NCAA Division III with football,"Public, 4-year or above",479540.0,479239.0,125.0,795.0,99382.0,1.0,11.0,2874423,2747118,7623.0,7622.0,7.0,21.0,91875.0,163241,2025,2024-25,https://ope.ed.gov/athletics/#/datafile/list,301.0,3833.912,379857.0,213423.0
200226,Mayville State University,ND,NAIA Division II ,"Public, 4-year or above",897126.0,897126.0,120.0,2150.0,257992.0,1.0,10.0,2584301,2584301,28170.0,19225.0,4.0,14.0,123165.0,131839,2025,2024-25,https://ope.ed.gov/athletics/#/datafile/list,0.0,7476.05,639134.0,381830.0
164270,McDaniel College,MD,NCAA Division III with football,"Private nonprofit, 4-year or above",1146412.0,677098.0,105.0,727.0,76329.0,1.0,11.0,6458755,5344651,43773.0,12907.0,12.0,37.0,48447.0,85830,2025,2024-25,https://ope.ed.gov/athletics/#/datafile/list,469314.0,6448.552380952381,600769.0,1002835.0
147013,McKendree University,IL,NCAA Division II with football,"Private nonprofit, 4-year or above",2256519.0,2256519.0,163.0,1356.0,221044.0,1.0,9.0,17751156,17751156,48143.0,13302.0,17.0,42.0,96292.0,197943,2025,2024-25,https://ope.ed.gov/athletics/#/datafile/list,0.0,13843.674846625769,2035475.0,1377115.0
226587,McMurry University,TX,NCAA Division III with football,"Private nonprofit, 4-year or above",744571.0,744571.0,140.0,1816.0,254194.0,1.0,7.0,4315280,4308401,40675.0,25188.0,9.0,13.0,38460.0,52910,2025,2024-25,https://ope.ed.gov/athletics/#/datafile/list,0.0,5318.364285714286,490377.0,693519.0
159717,McNeese State University,LA,NCAA Division I-FCS,"Public, 4-year or above",5260577.0,5260577.0,117.0,538.0,62959.0,1.0,13.0,18539892,18539892,347074.0,60322.0,4.0,22.0,207559.0,326522,2025,2024-25,https://ope.ed.gov/athletics/#/datafile/list,0.0,44962.19658119658,5197618.0,2715380.0
155511,McPherson College,KS,NAIA Division I ,"Private nonprofit, 4-year or above",4459080.0,4459080.0,169.0,235.0,39698.0,1.0,5.0,14477992,14477992,45395.0,22000.0,6.0,14.0,16776.0,33727,2025,2024-25,https://ope.ed.gov/athletics/#/datafile/list,0.0,26385.08875739645,4419382.0,580370.0
118718,Merced College,CA,CCCAA,"Public, 2-year",112546.0,112546.0,63.0,895.0,56378.0,1.0,5.0,1487367,1487367,39013.0,2769.0,7.0,13.0,0.0,0,2025,2024-25,https://ope.ed.gov/athletics/#/datafile/list,0.0,1786.4444444444443,56168.0,309088.0
140447,Mercer University,GA,NCAA Division I-FCS,"Private nonprofit, 4-year or above",7509501.0,7509501.0,109.0,7820.0,852363.0,1.0,10.0,30568645,30568645,150960.0,77389.0,8.0,20.0,434303.0,696246,2025,2024-25,https://ope.ed.gov/athletics/#/datafile/list,0.0,68894.50458715597,6657138.0,2755460.0
213987,Mercyhurst University,PA,NCAA Division I-FCS,"Private nonprofit, 4-year or above",3026196.0,3026196.0,134.0,3062.0,410308.0,1.0,10.0,19408337,19266526,54727.0,24646.0,12.0,31.0,150830.0,255789,2025,2024-25,https://ope.ed.gov/athletics/#/datafile/list,0.0,22583.55223880597,2615888.0,1420750.0
166850,Merrimack College,MA,NCAA Division I-FCS,"Private nonprofit, 4-year or above",5305897.0,5305897.0,111.0,4952.0,549649.0,1.0,9.0,31668878,31668878,104978.0,31609.0,12.0,39.0,190215.0,268412,2025,2024-25,https://ope.ed.gov/athletics/#/datafile/list,0.0,47800.87387387387,4756248.0,2492487.0
198969,Methodist University,NC,NCAA Division III with football,"Private nonprofit, 4-year or above",750895.0,750895.0,175.0,916.0,160280.0,1.0,9.0,4096330,4084248,44920.0,13940.0,10.0,24.0,51643.0,83344,2025,2024-25,https://ope.ed.gov/athletics/#/datafile/list,0.0,4290.828571428571,590615.0,783760.0
204024,Miami University-Oxford,OH,NCAA Division I-FBS,"Public, 4-year or above",11017434.0,11017434.0,161.0,12414.0,1998620.0,1.0,14.0,41169189,40792930,309705.0,77577.0,7.0,34.0,778050.0,1162591,2025,2024-25,https://ope.ed.gov/athletics/#/datafile/list,0.0,68431.26708074534,9018814.0,4805553.0
171100,Michigan State University,MI,NCAA Division I-FBS,"Public, 4-year or above",77084648.0,48227813.0,119.0,52767.0,6279232.0,1.0,15.0,160697176,160697176,1155745.0,272033.0,9.0,42.0,2158141.0,2908033,2025,2024-25,https://ope.ed.gov/athletics/#/datafile/list,28856835.0,405275.7394957983,41948581.0,21827091.0
171128,Michigan Technological University,MI,NCAA Division II with football,"Public, 4-year or above",2635230.0,2672094.0,125.0,1443.0,180314.0,1.0,10.0,12897590,12897590,75889.0,39036.0,7.0,15.0,115446.0,152363,2025,2024-25,https://ope.ed.gov/athletics/#/datafile/list,-36864.0,21376.752,2491780.0,1116763.0
155520,MidAmerica Nazarene University,KS,NAIA Division I ,"Private nonprofit, 4-year or above",2827284.0,2652682.0,135.0,1139.0,153808.0,1.0,8.0,10447178,10447178,47582.0,21265.0,7.0,20.0,0.0,0,2025,2024-25,https://ope.ed.gov/athletics/#/datafile/list,174602.0,19649.496296296296,2498874.0,758374.0
220978,Middle Tennessee State University,TN,NCAA Division I-FBS,"Public, 4-year or above",13297458.0,13297458.0,149.0,20358.0,3033398.0,1.0,13.0,40006612,40006612,367838.0,89907.0,6.0,28.0,460355.0,636681,2025,2024-25,https://ope.ed.gov/athletics/#/datafile/list,0.0,89244.68456375839,10264060.0,4724424.0
230959,Middlebury College,VT,NCAA Division III with football,"Private nonprofit, 4-year or above",877370.0,877370.0,99.0,1198.0,118558.0,1.0,7.0,11449375,11449375,57574.0,25815.0,14.0,35.0,115845.0,218616,2025,2024-25,https://ope.ed.gov/athletics/#/datafile/list,0.0,8862.323232323231,758812.0,1709561.0
181330,Midland University,NE,NAIA Division II ,"Private nonprofit, 4-year or above",4030606.0,3821429.0,167.0,1382.0,230805.0,1.0,16.0,26186031,26186031,30907.0,10085.0,15.0,38.0,55132.0,90562,2025,2024-25,https://ope.ed.gov/athletics/#/datafile/list,209177.0,22882.808383233532,3590624.0,846835.0
157377,Midway University,KY,NAIA Division I ,"Private nonprofit, 4-year or above",619045.0,619045.0,75.0,1665.0,124867.0,1.0,8.0,6356319,6356319,34161.0,7441.0,12.0,20.0,11293.0,25339,2025,2024-25,https://ope.ed.gov/athletics/#/datafile/list,0.0,8253.933333333332,494178.0,558752.0
226833,Midwestern State University,TX,NCAA Division II with football,"Public, 4-year or above",1506143.0,1506143.0,140.0,1994.0,279103.0,1.0,6.0,6931148,6931148,74696.0,42186.0,5.0,10.0,38567.0,74881,2025,2024-25,https://ope.ed.gov/athletics/#/datafile/list,0.0,10758.164285714283,1227040.0,795340.0
101675,Miles College,AL,NCAA Division II with football,"Private nonprofit, 4-year or above",1816670.0,1816670.0,99.0,5270.0,521733.0,1.0,8.0,4207874,4207874,65000.0,50000.0,5.0,11.0,37918.0,51402,2025,2024-25,https://ope.ed.gov/athletics/#/datafile/list,0.0,18350.20202020202,1294937.0,875000.0
214041,Millersville University of Pennsylvania,PA,NCAA Division II with football,"Public, 4-year or above",1248910.0,1248910.0,98.0,1696.0,166206.0,1.0,7.0,6314987,6314985,78096.0,30024.0,7.0,13.0,25097.0,40172,2025,2024-25,https://ope.ed.gov/athletics/#/datafile/list,0.0,12743.979591836734,1082704.0,936984.0
147244,Millikin University,IL,NCAA Division III with football,"Private nonprofit, 4-year or above",630702.0,630702.0,101.0,1280.0,129318.0,1.0,8.0,4510547,4510547,41015.0,10533.0,11.0,34.0,54374.0,71205,2025,2024-25,https://ope.ed.gov/athletics/#/datafile/list,0.0,6244.574257425743,501384.0,809287.0
175980,Millsaps College,MS,NCAA Division III with football,"Private nonprofit, 4-year or above",587700.0,587700.0,113.0,944.0,106669.0,1.0,8.0,2700351,2700351,50039.0,16614.0,8.0,16.0,20615.0,32444,2025,2024-25,https://ope.ed.gov/athletics/#/datafile/list,0.0,5200.884955752213,481031.0,666136.0
173735,Minnesota North College,MN,NJCAA Division III ,"Public, 2-year",222706.0,222706.0,82.0,1358.0,111392.0,2.0,5.0,2408125,2408125,22310.0,2642.0,13.0,23.0,2589.0,2850,2025,2024-25,https://ope.ed.gov/athletics/#/datafile/list,0.0,2715.9268292682927,111314.0,350796.0
173559,Minnesota State Community and Technical College,MN,NJCAA Division III ,"Public, 2-year",113473.0,113473.0,53.0,1399.0,74162.0,1.0,4.0,661348,661348,16181.0,3724.0,4.0,7.0,1538.0,3076,2025,2024-25,https://ope.ed.gov/athletics/#/datafile/list,0.0,2141.0,39311.0,90792.0
174358,Minnesota State University Moorhead,MN,NCAA Division II with football,"Public, 4-year or above",1497580.0,1419204.0,116.0,1535.0,178062.0,1.0,9.0,7830182,7678369,77626.0,16452.0,4.0,17.0,19768.0,48931,2025,2024-25,https://ope.ed.gov/athletics/#/datafile/list,78376.0,12234.51724137931,1241142.0,590188.0
173920,Minnesota State University-Mankato,MN,NCAA Division II with football,"Public, 4-year or above",2050427.0,2050425.0,112.0,3996.0,447551.0,1.0,10.0,19176106,19176106,120437.0,36222.0,8.0,26.0,126712.0,190345,2025,2024-25,https://ope.ed.gov/athletics/#/datafile/list,2.0,18307.366071428572,1602874.0,1905268.0
173638,Minnesota West Community and Technical College,MN,NJCAA Division III ,"Public, 2-year",78627.0,78627.0,62.0,662.0,41064.0,1.0,2.0,644017,644017,16726.0,4603.0,5.0,6.0,0.0,0,2025,2024-25,https://ope.ed.gov/athletics/#/datafile/list,0.0,1268.1774193548388,37563.0,111248.0
200253,Minot State University,ND,NCAA Division II with football,"Public, 4-year or above",1702101.0,1702101.0,123.0,2296.0,282434.0,1.0,9.0,9014489,9014489,85016.0,42204.0,7.0,19.0,118444.0,186343,2025,2024-25,https://ope.ed.gov/athletics/#/datafile/list,0.0,13838.219512195124,1419667.0,1396988.0
214069,Misericordia University,PA,NCAA Division III with football,"Private nonprofit, 4-year or above",351052.0,341976.0,120.0,668.0,80202.0,1.0,6.0,5592114,4328820,36330.0,9926.0,12.0,23.0,82074.0,138323,2025,2024-25,https://ope.ed.gov/athletics/#/datafile/list,9076.0,2849.8,261774.0,664258.0
176053,Mississippi College,MS,NCAA Division II with football,"Private nonprofit, 4-year or above",1877995.0,1877995.0,111.0,1468.0,162935.0,1.0,5.0,9561302,9561302,58338.0,36118.0,8.0,18.0,20359.0,39879,2025,2024-25,https://ope.ed.gov/athletics/#/datafile/list,0.0,16918.873873873872,1715060.0,1116828.0
176008,Mississippi Delta Community College,MS,NJCAA Division II ,"Public, 2-year",481987.0,481987.0,58.0,885.0,51320.0,1.0,5.0,1527005,1527005,43196.0,24844.0,3.0,7.0,5187.0,6974,2025,2024-25,https://ope.ed.gov/athletics/#/datafile/list,0.0,8310.120689655172,430667.0,303496.0
176071,Mississippi Gulf Coast Community College,MS,NJCAA Division I ,"Public, 2-year",1282623.0,1244925.0,65.0,2830.0,183975.0,1.0,7.0,5864120,5678419,41837.0,37845.0,6.0,16.0,10422.0,24550,2025,2024-25,https://ope.ed.gov/athletics/#/datafile/list,37698.0,19152.69230769231,1060950.0,856542.0
176080,Mississippi State University,MS,NCAA Division I-FBS,"Public, 4-year or above",37575575.0,37575575.0,110.0,56592.0,6225148.0,1.0,11.0,157301826,157301826,1785626.0,303153.0,6.0,29.0,2319417.0,3181575,2025,2024-25,https://ope.ed.gov/athletics/#/datafile/list,0.0,341596.13636363635,31350427.0,19505193.0
176044,Mississippi Valley State University,MS,NCAA Division I-FCS,"Public, 4-year or above",1545843.0,1545843.0,98.0,3565.0,349356.0,1.0,6.0,5576233,5281853,57999.0,43932.0,5.0,12.0,2222.0,2928,2025,2024-25,https://ope.ed.gov/athletics/#/datafile/list,0.0,15773.908163265309,1196487.0,817179.0
178244,Missouri Baptist University,MO,NAIA Division I ,"Private nonprofit, 4-year or above",3600526.0,3538290.0,106.0,1335.0,141500.0,1.0,7.0,24409862,23594660,35271.0,18520.0,14.0,23.0,19655.0,38676,2025,2024-25,https://ope.ed.gov/athletics/#/datafile/list,62236.0,33380.09433962264,3396790.0,919754.0
178341,Missouri Southern State University,MO,NCAA Division II with football,"Public, 4-year or above",2164571.0,2117236.0,141.0,1973.0,278137.0,1.0,12.0,9551737,9467843,78460.0,31827.0,5.0,21.0,82550.0,121717,2025,2024-25,https://ope.ed.gov/athletics/#/datafile/list,47335.0,15015.85815602837,1839099.0,1060667.0
179566,Missouri State University-Springfield,MO,NCAA Division I-FCS,"Public, 4-year or above",6558020.0,6558020.0,99.0,19064.0,1887383.0,1.0,11.0,28059311,28059311,251409.0,65062.0,6.0,24.0,455661.0,704071,2025,2024-25,https://ope.ed.gov/athletics/#/datafile/list,0.0,66242.62626262626,4670637.0,3069942.0
178411,Missouri University of Science and Technology,MO,NCAA Division II with football,"Public, 4-year or above",1993655.0,1993656.0,135.0,1429.0,192921.0,1.0,8.0,9528125,9192668,55769.0,29681.0,9.0,10.0,34056.0,59689,2025,2024-25,https://ope.ed.gov/athletics/#/datafile/list,-1.0,14767.822222222225,1800735.0,798731.0
178369,Missouri Valley College,MO,NAIA Division I ,"Private nonprofit, 4-year or above",2907593.0,3334249.0,57.0,2245.0,127951.0,1.0,7.0,19192923,19192919,58754.0,51494.0,14.0,21.0,185035.0,286126,2025,2024-25,https://ope.ed.gov/athletics/#/datafile/list,-426656.0,58495.59649122807,3206298.0,1903930.0
178387,Missouri Western State University,MO,NCAA Division II with football,"Public, 4-year or above",2758377.0,2629265.0,125.0,2928.0,365952.0,1.0,12.0,9962170,9962170,76611.0,45659.0,5.0,14.0,57307.0,93514,2025,2024-25,https://ope.ed.gov/athletics/#/datafile/list,129112.0,21034.12,2263313.0,1022281.0
118976,Modesto Junior College,CA,CCCAA,"Public, 2-year",310652.0,310652.0,70.0,1267.0,88706.0,1.0,6.0,4014455,4014455,65007.0,3665.0,11.0,27.0,0.0,0,2025,2024-25,https://ope.ed.gov/athletics/#/datafile/list,0.0,4437.885714285714,221946.0,814032.0
147341,Monmouth College,IL,NCAA Division III with football,"Private nonprofit, 4-year or above",383485.0,383485.0,117.0,687.0,80428.0,1.0,7.0,1838828,1838828,29353.0,16212.0,10.0,16.0,41603.0,53842,2025,2024-25,https://ope.ed.gov/athletics/#/datafile/list,0.0,3277.6495726495727,303057.0,552922.0
185572,Monmouth University,NJ,NCAA Division I-FCS,"Private nonprofit, 4-year or above",7454979.0,7454979.0,121.0,7984.0,966064.0,1.0,10.0,35866896,35866896,157331.0,62607.0,9.0,28.0,299260.0,445819,2025,2024-25,https://ope.ed.gov/athletics/#/datafile/list,0.0,61611.39669421488,6488915.0,3168975.0
193308,Monroe University,NY,Other ,"Private for-profit, 4-year or above",1836466.0,1836466.0,91.0,5169.0,470404.0,1.0,8.0,12841648,12841648,41018.0,14543.0,12.0,43.0,17136.0,34012,2025,2024-25,https://ope.ed.gov/athletics/#/datafile/list,0.0,20180.945054945056,1366062.0,1117565.0
180461,Montana State University,MT,NCAA Division I-FCS,"Public, 4-year or above",14876559.0,10135894.0,114.0,12365.0,1409625.0,1.0,10.0,33697790,32910346,282637.0,66537.0,5.0,20.0,358929.0,476247,2025,2024-25,https://ope.ed.gov/athletics/#/datafile/list,4740665.0,88911.35087719298,8726269.0,2743925.0
180522,Montana State University-Northern,MT,NAIA Division I ,"Public, 4-year or above",610057.0,710450.0,90.0,2503.0,225304.0,1.0,7.0,2422447,2165960,34146.0,16719.0,6.0,10.0,14227.0,23727,2025,2024-25,https://ope.ed.gov/athletics/#/datafile/list,-100393.0,7893.888888888889,485146.0,372066.0
180416,Montana Technological University,MT,NAIA Division I ,"Public, 4-year or above",1424827.0,1424827.0,128.0,1782.0,228146.0,1.0,7.0,4368801,4368801,42619.0,44698.0,5.0,7.0,22935.0,34767,2025,2024-25,https://ope.ed.gov/athletics/#/datafile/list,0.0,11131.4609375,1196681.0,525981.0
185590,Montclair State University,NJ,NCAA Division III with football,"Public, 4-year or above",383254.0,422271.0,135.0,750.0,101257.0,1.0,13.0,9963598,9962100,55647.0,10976.0,8.0,39.0,215021.0,371308,2025,2024-25,https://ope.ed.gov/athletics/#/datafile/list,-39017.0,3127.9333333333334,321014.0,873240.0
119067,Monterey Peninsula College,CA,CCCAA,"Public, 2-year",172695.0,172695.0,68.0,1451.0,98668.0,1.0,9.0,1389956,1389956,25710.0,4583.0,6.0,12.0,0.0,0,2025,2024-25,https://ope.ed.gov/athletics/#/datafile/list,0.0,2539.6323529411766,74027.0,209256.0
119137,Moorpark College,CA,CCCAA,"Public, 2-year",349019.0,315367.0,76.0,819.0,62237.0,1.0,9.0,2027609,2010414,47523.0,27209.0,8.0,15.0,0.0,0,2025,2024-25,https://ope.ed.gov/athletics/#/datafile/list,33652.0,4149.565789473684,253130.0,788319.0
214157,Moravian University,PA,NCAA Division III with football,"Private nonprofit, 4-year or above",693472.0,582592.0,104.0,1282.0,133332.0,1.0,10.0,5205720,4353006,52969.0,10240.0,9.0,39.0,60080.0,90261,2025,2024-25,https://ope.ed.gov/athletics/#/datafile/list,110880.0,5601.846153846154,449260.0,876081.0
157386,Morehead State University,KY,NCAA Division I-FCS,"Public, 4-year or above",1633620.0,1686375.0,129.0,5027.0,648475.0,1.0,9.0,11260314,11260314,101398.0,33295.0,5.0,19.0,127665.0,176548,2025,2024-25,https://ope.ed.gov/athletics/#/datafile/list,-52755.0,13072.67441860465,1037900.0,1139595.0
163453,Morgan State University,MD,NCAA Division I-FCS,"Public, 4-year or above",6519696.0,6218306.0,128.0,12443.0,1592663.0,1.0,12.0,23559865,23559865,225899.0,73028.0,5.0,21.0,70486.0,81294,2025,2024-25,https://ope.ed.gov/athletics/#/datafile/list,301390.0,48580.515625,4625643.0,2663083.0
154004,Morningside University,IA,NAIA Division I ,"Private nonprofit, 4-year or above",1469067.0,1428112.0,139.0,813.0,113031.0,1.0,11.0,7539411,6849054,51793.0,13885.0,11.0,40.0,15904.0,23757,2025,2024-25,https://ope.ed.gov/athletics/#/datafile/list,40955.0,10274.187050359713,1315081.0,1125123.0
219198,Mount Marty University,SD,NAIA Division II ,"Private nonprofit, 4-year or above",2765529.0,2765529.0,146.0,508.0,74130.0,1.0,2.0,11822440,11822440,47341.0,17044.0,8.0,6.0,28449.0,37292,2025,2024-25,https://ope.ed.gov/athletics/#/datafile/list,0.0,18941.979452054795,2691399.0,480992.0
204200,Mount St. Joseph University,OH,NCAA Division III with football,"Private nonprofit, 4-year or above",531191.0,531191.0,145.0,638.0,92504.0,1.0,12.0,4183627,4183627,50634.0,18917.0,8.0,19.0,29575.0,47900,2025,2024-25,https://ope.ed.gov/athletics/#/datafile/list,0.0,3663.386206896552,438687.0,764495.0
119164,Mt San Antonio College,CA,CCCAA,"Public, 2-year",415437.0,400637.0,90.0,1181.0,106301.0,1.0,14.0,4574940,4001366,59879.0,14374.0,11.0,20.0,0.0,0,2025,2024-25,https://ope.ed.gov/athletics/#/datafile/list,14800.0,4451.522222222222,294336.0,946149.0
119216,Mt San Jacinto Community College District,CA,CCCAA,"Public, 2-year",213632.0,213632.0,84.0,888.0,74578.0,1.0,8.0,1984212,1984212,8400.0,10777.0,5.0,13.0,3140.0,5899,2025,2024-25,https://ope.ed.gov/athletics/#/datafile/list,0.0,2543.2380952380954,139054.0,182101.0
214175,Muhlenberg College,PA,NCAA Division III with football,"Private nonprofit, 4-year or above",765136.0,765136.0,128.0,1159.0,148320.0,1.0,8.0,5344777,4972544,46968.0,14262.0,9.0,21.0,61423.0,88410,2025,2024-25,https://ope.ed.gov/athletics/#/datafile/list,0.0,5977.625,616816.0,722214.0
157401,Murray State University,KY,NCAA Division I-FCS,"Public, 4-year or above",5526186.0,4002299.0,110.0,8358.0,919428.0,1.0,10.0,22048782,18970072,194314.0,58090.0,5.0,19.0,291965.0,407510,2025,2024-25,https://ope.ed.gov/athletics/#/datafile/list,1523887.0,36384.53636363636,3082871.0,2075280.0
204264,Muskingum University,OH,NCAA Division III with football,"Private nonprofit, 4-year or above",589800.0,589800.0,119.0,1510.0,179674.0,1.0,7.0,4095292,4095292,37565.0,13891.0,11.0,24.0,36381.0,75969,2025,2024-25,https://ope.ed.gov/athletics/#/datafile/list,0.0,4956.302521008403,410126.0,746599.0
193478,Nassau Community College,NY,NJCAA Division III ,"Public, 2-year",261448.0,261448.0,81.0,1977.0,160148.0,1.0,12.0,1902370,1874410,17415.0,4958.0,9.0,27.0,0.0,0,2025,2024-25,https://ope.ed.gov/athletics/#/datafile/list,0.0,3227.753086419753,101300.0,290601.0
227146,Navarro College,TX,NJCAA Division I ,"Public, 2-year",989887.0,989887.0,91.0,1257.0,114387.0,1.0,5.0,3889252,3889252,83862.0,39953.0,3.0,7.0,18791.0,25058,2025,2024-25,https://ope.ed.gov/athletics/#/datafile/list,0.0,10877.87912087912,875500.0,531257.0
181446,Nebraska Wesleyan University,NE,NCAA Division III with football,"Private nonprofit, 4-year or above",413165.0,398188.0,122.0,1256.0,153251.0,1.0,11.0,3249958,3186733,51342.0,10667.0,10.0,26.0,25127.0,39484,2025,2024-25,https://ope.ed.gov/athletics/#/datafile/list,14977.0,3263.8360655737706,244937.0,790762.0
228325,Nelson University,TX,NAIA Division I ,"Private nonprofit, 4-year or above",889146.0,892337.0,114.0,992.0,113082.0,1.0,10.0,4689775,4592069,52564.0,14492.0,5.0,29.0,10923.0,19493,2025,2024-25,https://ope.ed.gov/athletics/#/datafile/list,-3191.0,7827.517543859649,779255.0,683088.0
182980,New England College,NH,NCAA Division III with football,"Private nonprofit, 4-year or above",493404.0,493404.0,54.0,2182.0,117821.0,1.0,7.0,3751067,3751067,50370.0,8041.0,10.0,22.0,19207.0,55366,2025,2024-25,https://ope.ed.gov/athletics/#/datafile/list,0.0,9137.111111111111,375583.0,680602.0
187897,New Mexico Highlands University,NM,NCAA Division II with football,"Public, 4-year or above",1312036.0,1312036.0,87.0,1871.0,162777.0,1.0,8.0,6784483,6784483,64780.0,38297.0,5.0,11.0,37397.0,62386,2025,2024-25,https://ope.ed.gov/athletics/#/datafile/list,0.0,15080.87356321839,1149259.0,745167.0
187912,New Mexico Military Institute,NM,NJCAA Division I ,"Public, 2-year",1364204.0,1452322.0,84.0,2620.0,220066.0,1.0,6.0,3454976,3448152,59840.0,24733.0,4.0,11.0,104892.0,126366,2025,2024-25,https://ope.ed.gov/athletics/#/datafile/list,-88118.0,17289.54761904762,1232256.0,511423.0
188030,New Mexico State University-Main Campus,NM,NCAA Division I-FBS,"Public, 4-year or above",11779202.0,11779202.0,149.0,18208.0,2713023.0,1.0,10.0,37088598,37088598,252654.0,115004.0,6.0,17.0,585465.0,697435,2025,2024-25,https://ope.ed.gov/athletics/#/datafile/list,0.0,79055.04697986577,9066179.0,3470992.0
218414,Newberry College,SC,NCAA Division II with football,"Private nonprofit, 4-year or above",2120205.0,2165853.0,205.0,1042.0,213623.0,1.0,11.0,12816123,12816123,78547.0,43671.0,9.0,24.0,101653.0,144737,2025,2024-25,https://ope.ed.gov/athletics/#/datafile/list,-45648.0,10565.136585365854,1952230.0,1755027.0
159966,Nicholls State University,LA,NCAA Division I-FCS,"Public, 4-year or above",3522917.0,3406656.0,131.0,5122.0,670945.0,1.0,9.0,12687500,12676933,80225.0,45692.0,6.0,19.0,71620.0,83308,2025,2024-25,https://ope.ed.gov/athletics/#/datafile/list,116261.0,26005.007633587786,2735711.0,1349498.0
167260,Nichols College,MA,NCAA Division III with football,"Private nonprofit, 4-year or above",436113.0,436989.0,110.0,826.0,90818.0,1.0,9.0,4518235,4516386,39757.0,8799.0,12.0,34.0,33828.0,65813,2025,2024-25,https://ope.ed.gov/athletics/#/datafile/list,-876.0,3972.6272727272726,346171.0,776250.0
232937,Norfolk State University,VA,NCAA Division I-FCS,"Public, 4-year or above",7071944.0,7071944.0,143.0,8291.0,1185555.0,1.0,10.0,24823369,24823369,263058.0,146807.0,5.0,16.0,88438.0,148616,2025,2024-25,https://ope.ed.gov/athletics/#/datafile/list,0.0,49454.15384615384,5886389.0,3664202.0
461795,North American University,TX,NAIA Division II ,"Private nonprofit, 4-year or above",321630.0,321630.0,135.0,929.0,125361.0,1.0,6.0,1881691,1881691,33651.0,6130.0,4.0,12.0,3642.0,6860,2025,2024-25,https://ope.ed.gov/athletics/#/datafile/list,0.0,2382.4444444444443,196269.0,208164.0
199102,North Carolina A & T State University,NC,NCAA Division I-FCS,"Public, 4-year or above",4318264.0,4318354.0,146.0,6436.0,939612.0,1.0,9.0,19090496,18977572,231605.0,67189.0,6.0,20.0,270245.0,500081,2025,2024-25,https://ope.ed.gov/athletics/#/datafile/list,-90.0,29577.76712328767,3378742.0,2733410.0
199157,North Carolina Central University,NC,NCAA Division I-FCS,"Public, 4-year or above",4896787.0,4896787.0,110.0,11446.0,1259093.0,1.0,9.0,15631805,15631805,112024.0,68286.0,7.0,23.0,41732.0,74862,2025,2024-25,https://ope.ed.gov/athletics/#/datafile/list,0.0,44516.24545454545,3637694.0,2354746.0
199193,North Carolina State University at Raleigh,NC,NCAA Division I-FBS,"Public, 4-year or above",69756644.0,40535367.0,125.0,31658.0,3957303.0,1.0,10.0,135830733,129009673,1123916.0,227345.0,10.0,41.0,2775789.0,3400679,2025,2024-25,https://ope.ed.gov/athletics/#/datafile/list,29221277.0,324282.936,36578064.0,20560305.0
199209,North Carolina Wesleyan University,NC,NCAA Division III with football,"Private nonprofit, 4-year or above",493645.0,493645.0,145.0,1167.0,169257.0,1.0,7.0,2988299,2988299,54012.0,26828.0,7.0,14.0,31295.0,47842,2025,2024-25,https://ope.ed.gov/athletics/#/datafile/list,0.0,3404.448275862069,324388.0,753676.0
147660,North Central College,IL,NCAA Division III with football,"Private nonprofit, 4-year or above",1700667.0,1092790.0,142.0,2513.0,356885.0,1.0,14.0,7750096,5756421,60010.0,13027.0,13.0,53.0,42695.0,85390,2025,2024-25,https://ope.ed.gov/athletics/#/datafile/list,607877.0,7695.704225352113,735905.0,1470561.0
200305,North Dakota State College of Science,ND,NJCAA Division I ,"Public, 2-year",149283.0,157953.0,96.0,623.0,59819.0,1.0,6.0,1278528,1272397,31080.0,6000.0,3.0,8.0,8028.0,10318,2025,2024-25,https://ope.ed.gov/athletics/#/datafile/list,-8670.0,1645.34375,98134.0,141240.0
200332,North Dakota State University-Main Campus,ND,NCAA Division I-FCS,"Public, 4-year or above",8353482.0,8353482.0,130.0,16595.0,2157394.0,1.0,10.0,34788259,34212041,208145.0,94717.0,6.0,24.0,299042.0,518580,2025,2024-25,https://ope.ed.gov/athletics/#/datafile/list,0.0,64257.553846153845,6196088.0,3522078.0
218441,North Greenville University,SC,NCAA Division II with football,"Private nonprofit, 4-year or above",1562406.0,1453020.0,120.0,1859.0,223100.0,1.0,5.0,12198050,12198050,36300.0,19200.0,11.0,12.0,34320.0,52640,2025,2024-25,https://ope.ed.gov/athletics/#/datafile/list,109386.0,12108.5,1229920.0,629700.0
147679,North Park University,IL,NCAA Division III with football,"Private nonprofit, 4-year or above",745132.0,745132.0,110.0,1357.0,149253.0,1.0,8.0,4449634,4449634,52694.0,22018.0,9.0,25.0,47625.0,64911,2025,2024-25,https://ope.ed.gov/athletics/#/datafile/list,0.0,6773.927272727273,595879.0,1024696.0
176169,Northeast Mississippi Community College,MS,NJCAA Division I ,"Public, 2-year",1078672.0,1078672.0,65.0,1656.0,107622.0,1.0,8.0,3440413,3440413,49355.0,65681.0,6.0,7.0,78637.0,97963,2025,2024-25,https://ope.ed.gov/athletics/#/datafile/list,0.0,16594.953846153847,971050.0,755897.0
207290,Northeastern Oklahoma A&M College,OK,NJCAA Division I ,"Public, 2-year",1044294.0,1033625.0,135.0,1341.0,181004.0,1.0,5.0,3475766,3451920,29634.0,24059.0,5.0,11.0,0.0,0,2025,2024-25,https://ope.ed.gov/athletics/#/datafile/list,10669.0,7656.481481481482,852621.0,412819.0
207263,Northeastern State University,OK,NCAA Division II with football,"Public, 4-year or above",1969286.0,1969286.0,129.0,3609.0,465553.0,1.0,10.0,6140446,6140446,52713.0,27025.0,5.0,15.0,35463.0,53246,2025,2024-25,https://ope.ed.gov/athletics/#/datafile/list,0.0,15265.782945736431,1503733.0,668940.0
105330,Northern Arizona University,AZ,NCAA Division I-FCS,"Public, 4-year or above",6817523.0,6817523.0,120.0,13897.0,1667682.0,1.0,13.0,27075364,27075364,181553.0,60991.0,4.0,22.0,175860.0,310965,2025,2024-25,https://ope.ed.gov/athletics/#/datafile/list,0.0,56812.691666666666,5149841.0,2068014.0
147703,Northern Illinois University,IL,NCAA Division I-FBS,"Public, 4-year or above",13249127.0,13199127.0,143.0,10195.0,1457878.0,1.0,10.0,34342695,34342695,241937.0,96040.0,7.0,22.0,383206.0,511055,2025,2024-25,https://ope.ed.gov/athletics/#/datafile/list,50000.0,92301.5874125874,11741249.0,3806439.0
171456,Northern Michigan University,MI,NCAA Division II with football,"Public, 4-year or above",2653538.0,2621680.0,97.0,4443.0,431012.0,1.0,9.0,16350758,16164853,94387.0,35595.0,8.0,22.0,191900.0,256337,2025,2024-25,https://ope.ed.gov/athletics/#/datafile/list,31858.0,27027.628865979383,2190668.0,1538186.0
219259,Northern State University,SD,NCAA Division II with football,"Public, 4-year or above",1921576.0,1838100.0,125.0,2898.0,362273.0,1.0,8.0,9027814,8705190,93729.0,26407.0,5.0,20.0,38024.0,71940,2025,2024-25,https://ope.ed.gov/athletics/#/datafile/list,83476.0,14704.8,1475827.0,996785.0
176178,Northwest Mississippi Community College,MS,NJCAA Division II ,"Public, 2-year",1474737.0,1474737.0,65.0,4653.0,302458.0,1.0,6.0,5292856,5292856,65681.0,67444.0,6.0,9.0,8917.0,12140,2025,2024-25,https://ope.ed.gov/athletics/#/datafile/list,0.0,22688.26153846154,1172279.0,1001082.0
178624,Northwest Missouri State University,MO,NCAA Division II with football,"Public, 4-year or above",3517704.0,3517704.0,141.0,3208.0,452371.0,1.0,10.0,15199221,15199221,106823.0,50190.0,5.0,14.0,105719.0,135220,2025,2024-25,https://ope.ed.gov/athletics/#/datafile/list,0.0,24948.255319148935,3065333.0,1236775.0
154101,Northwestern College,IA,NAIA Division II ,"Private nonprofit, 4-year or above",1765738.0,1765738.0,144.0,583.0,84012.0,1.0,10.0,8881414,8818412,44448.0,17554.0,9.0,27.0,19658.0,27567,2025,2024-25,https://ope.ed.gov/athletics/#/datafile/list,0.0,12262.069444444443,1681726.0,873990.0
207306,Northwestern Oklahoma State University,OK,NCAA Division II with football,"Public, 4-year or above",1247397.0,1321119.0,150.0,1530.0,229495.0,1.0,13.0,6802148,6594657,42187.0,15721.0,8.0,25.0,79885.0,115673,2025,2024-25,https://ope.ed.gov/athletics/#/datafile/list,-73722.0,8807.46,1091624.0,730521.0
160038,Northwestern State University of Louisiana,LA,NCAA Division I-FCS,"Public, 4-year or above",4402028.0,3174544.0,117.0,4603.0,538507.0,1.0,12.0,14566162,14210359,109932.0,40922.0,4.0,25.0,115719.0,167806,2025,2024-25,https://ope.ed.gov/athletics/#/datafile/list,1227484.0,27132.8547008547,2636037.0,1462778.0
147767,Northwestern University,IL,NCAA Division I-FBS,"Private nonprofit, 4-year or above",85587606.0,37901761.0,109.0,33877.0,3692626.0,1.0,14.0,131779238,131779238,1067594.0,201140.0,8.0,36.0,1863790.0,2474978,2025,2024-25,https://ope.ed.gov/athletics/#/datafile/list,47685845.0,347722.57798165135,34209135.0,15781792.0
171492,Northwood University,MI,NCAA Division II with football,"Private nonprofit, 4-year or above",2437009.0,2437009.0,137.0,1739.0,238236.0,1.0,9.0,10825886,10825886,57110.0,28133.0,8.0,21.0,46527.0,55846,2025,2024-25,https://ope.ed.gov/athletics/#/datafile/list,0.0,17788.38686131387,2198773.0,1047673.0
230995,Norwich University,VT,NCAA Division III with football,"Private nonprofit, 4-year or above",651364.0,651364.0,107.0,1483.0,158697.0,1.0,8.0,4887062,4887062,53600.0,18943.0,12.0,22.0,66230.0,93676,2025,2024-25,https://ope.ed.gov/athletics/#/datafile/list,0.0,6087.514018691589,492667.0,1059946.0
152099,Oakland City University,IN,NAIA Division I ,"Private nonprofit, 4-year or above",1367346.0,1367346.0,55.0,1205.0,66287.0,1.0,6.0,13208746,13205504,30873.0,15738.0,10.0,15.0,11350.0,19685,2025,2024-25,https://ope.ed.gov/athletics/#/datafile/list,0.0,24860.836363636365,1301059.0,544800.0
204501,Oberlin College,OH,NCAA Division III with football,"Private nonprofit, 4-year or above",636652.0,636652.0,40.0,1290.0,51618.0,1.0,5.0,5102454,5102454,62159.0,35444.0,10.0,21.0,100735.0,149622,2025,2024-25,https://ope.ed.gov/athletics/#/datafile/list,0.0,15916.3,585034.0,1365914.0
204617,Ohio Dominican University,OH,NCAA Division II with football,"Private nonprofit, 4-year or above",1195758.0,1269829.0,126.0,1430.0,180220.0,1.0,8.0,5221333,4820625,50924.0,15574.0,6.0,17.0,36681.0,52086,2025,2024-25,https://ope.ed.gov/athletics/#/datafile/list,-74071.0,10078.007936507936,1089609.0,570302.0
204635,Ohio Northern University,OH,NCAA Division III with football,"Private nonprofit, 4-year or above",743255.0,743255.0,126.0,1104.0,139077.0,1.0,9.0,6073738,6073738,50886.0,18960.0,13.0,36.0,65803.0,114974,2025,2024-25,https://ope.ed.gov/athletics/#/datafile/list,0.0,5898.849206349207,604178.0,1344078.0
204796,Ohio State University-Main Campus,OH,NCAA Division I-FBS,"Public, 4-year or above",160549826.0,92359309.0,122.0,107048.0,13059911.0,1.0,10.0,295265883,295265883,1221950.0,387802.0,15.0,52.0,2853829.0,4109922,2025,2024-25,https://ope.ed.gov/athletics/#/datafile/list,68190517.0,757043.5163934426,79299398.0,38494954.0
204857,Ohio University-Main Campus,OH,NCAA Division I-FBS,"Public, 4-year or above",10812487.0,10812487.0,136.0,17905.0,2435066.0,1.0,14.0,33031821,33031821,314847.0,79638.0,6.0,26.0,484229.0,708969,2025,2024-25,https://ope.ed.gov/athletics/#/datafile/list,0.0,79503.58088235294,8377421.0,3959670.0
204909,Ohio Wesleyan University,OH,NCAA Division III with football,"Private nonprofit, 4-year or above",638323.0,638323.0,94.0,1926.0,181056.0,1.0,9.0,4362788,4362788,31847.0,13934.0,11.0,21.0,55273.0,86230,2025,2024-25,https://ope.ed.gov/athletics/#/datafile/list,0.0,6790.670212765957,457267.0,642931.0
207403,Oklahoma Baptist University,OK,NCAA Division II with football,"Private nonprofit, 4-year or above",2481503.0,2333523.0,130.0,1458.0,189566.0,1.0,9.0,9568766,9568766,78661.0,40630.0,4.0,14.0,42650.0,65000,2025,2024-25,https://ope.ed.gov/athletics/#/datafile/list,147980.0,17950.176923076924,2143957.0,883464.0
207351,Oklahoma Panhandle State University,OK,NAIA Division I ,"Public, 4-year or above",750328.0,737249.0,113.0,1415.0,159861.0,1.0,5.0,4280737,4252426,39562.0,16050.0,9.0,12.0,49000.0,95000,2025,2024-25,https://ope.ed.gov/athletics/#/datafile/list,13079.0,6524.327433628318,577388.0,548658.0
207388,Oklahoma State University-Main Campus,OK,NCAA Division I-FBS,"Public, 4-year or above",56992244.0,32830617.0,136.0,37076.0,5042376.0,1.0,11.0,153679234,153679234,1772953.0,263826.0,7.0,34.0,1869738.0,2453087,2025,2024-25,https://ope.ed.gov/athletics/#/datafile/list,24161627.0,241401.5955882353,27788241.0,21380755.0
232982,Old Dominion University,VA,NCAA Division I-FBS,"Public, 4-year or above",14787371.0,14787371.0,116.0,30610.0,3550798.0,1.0,14.0,53232824,53232824,260141.0,106525.0,8.0,28.0,689496.0,986841,2025,2024-25,https://ope.ed.gov/athletics/#/datafile/list,0.0,127477.33620689657,11236573.0,5063828.0
147828,Olivet Nazarene University,IL,NAIA Division I ,"Private nonprofit, 4-year or above",1761388.0,1924560.0,139.0,225.0,31254.0,1.0,10.0,9463858,8882069,44191.0,23802.0,9.0,22.0,22330.0,36936,2025,2024-25,https://ope.ed.gov/athletics/#/datafile/list,-163172.0,13845.755395683453,1893306.0,921363.0
120342,Orange Coast College,CA,CCCAA,"Public, 2-year",227199.0,227199.0,75.0,610.0,45735.0,1.0,8.0,4633221,4633221,63494.0,10140.0,12.0,35.0,0.0,0,2025,2024-25,https://ope.ed.gov/athletics/#/datafile/list,0.0,3029.32,181464.0,1116828.0
209542,Oregon State University,OR,NCAA Division I-FBS,"Public, 4-year or above",32621301.0,23847865.0,116.0,48420.0,5616727.0,1.0,10.0,104767703,100306447,918231.0,238297.0,7.0,23.0,1252955.0,1789710,2025,2024-25,https://ope.ed.gov/athletics/#/datafile/list,8773436.0,205585.0431034483,18231138.0,11908448.0
155627,Ottawa University-Ottawa,KS,NAIA Division I ,"Private nonprofit, 4-year or above",2542321.0,1828037.0,134.0,676.0,90636.0,1.0,8.0,13815466,13803838,36063.0,12964.0,14.0,37.0,29472.0,53585,2025,2024-25,https://ope.ed.gov/athletics/#/datafile/list,714284.0,13642.067164179103,1737401.0,984550.0
464226,Ottawa University-Surprise,AZ,NAIA Division I ,"Private nonprofit, 4-year or above",3764716.0,2219512.0,180.0,1959.0,352641.0,1.0,13.0,15628328,15628328,68718.0,19555.0,16.0,28.0,34000.0,68000,2025,2024-25,https://ope.ed.gov/athletics/#/datafile/list,1545204.0,12330.622222222222,1866871.0,1647028.0
204936,Otterbein University,OH,NCAA Division III with football,"Private nonprofit, 4-year or above",449247.0,407942.0,87.0,1075.0,93503.0,1.0,11.0,4615382,3741516,45664.0,10909.0,10.0,29.0,30754.0,46617,2025,2024-25,https://ope.ed.gov/athletics/#/datafile/list,41305.0,4688.9885057471265,314439.0,773001.0
107512,Ouachita Baptist University,AR,NCAA Division II with football,"Private nonprofit, 4-year or above",2731413.0,2733903.0,125.0,3145.0,393088.0,1.0,9.0,9801029,9652564,66973.0,42011.0,9.0,17.0,74967.0,105293,2025,2024-25,https://ope.ed.gov/athletics/#/datafile/list,-2490.0,21871.224,2340815.0,1316944.0
194310,Pace University,NY,NCAA Division II with football,"Private nonprofit, 4-year or above",1686804.0,1699695.0,112.0,2989.0,334811.0,1.0,12.0,9368170,8825400,76216.0,22718.0,6.0,17.0,32505.0,62625,2025,2024-25,https://ope.ed.gov/athletics/#/datafile/list,-12891.0,15175.848214285714,1364884.0,843502.0
236230,Pacific Lutheran University,WA,NCAA Division III with football,"Private nonprofit, 4-year or above",1317604.0,949986.0,103.0,2620.0,269843.0,1.0,14.0,5771133,5323514,45276.0,8737.0,8.0,33.0,14923.0,33847,2025,2024-25,https://ope.ed.gov/athletics/#/datafile/list,367618.0,9223.16504854369,680143.0,650529.0
495147,Pacific Northwest Christian College,WA,NJCAA Division I ,"Private nonprofit, 2-year",276726.0,276726.0,72.0,2495.0,179606.0,1.0,9.0,467607,467607,10675.0,7175.0,2.0,10.0,2680.0,7741,2025,2024-25,https://ope.ed.gov/athletics/#/datafile/list,0.0,3843.4166666666665,97120.0,93100.0
209612,Pacific University,OR,NCAA Division III with football,"Private nonprofit, 4-year or above",777536.0,777536.0,133.0,1350.0,179495.0,1.0,12.0,5202679,5202679,44840.0,10630.0,11.0,44.0,57070.0,86285,2025,2024-25,https://ope.ed.gov/athletics/#/datafile/list,0.0,5846.1353383458645,598041.0,960960.0
120971,Palomar College,CA,CCCAA,"Public, 2-year",211059.0,211059.0,100.0,1116.0,111629.0,1.0,9.0,1843062,1843062,14325.0,8688.0,8.0,20.0,0.0,0,2025,2024-25,https://ope.ed.gov/athletics/#/datafile/list,0.0,2110.59,99430.0,288360.0
121044,Pasadena City College,CA,CCCAA,"Public, 2-year",615799.0,568887.0,94.0,1090.0,102486.0,1.0,11.0,3619294,3500809,91424.0,23010.0,7.0,20.0,0.0,0,2025,2024-25,https://ope.ed.gov/athletics/#/datafile/list,46912.0,6051.989361702128,466401.0,1100168.0
176239,Pearl River Community College,MS,NJCAA Division I ,"Public, 2-year",811794.0,811794.0,64.0,2194.0,140425.0,1.0,5.0,3853011,3853011,59916.0,22631.0,6.0,11.0,10671.0,20870,2025,2024-25,https://ope.ed.gov/athletics/#/datafile/list,0.0,12684.28125,671369.0,608437.0
214777,Pennsylvania State University-Main Campus,PA,NCAA Division I-FBS,"Public, 4-year or above",150314572.0,77386097.0,130.0,179997.0,23399612.0,1.0,10.0,254397122,231709762,1188906.0,376066.0,14.0,48.0,3707691.0,4565668,2025,2024-25,https://ope.ed.gov/athletics/#/datafile/list,72928475.0,595277.6692307693,53986485.0,34695852.0
498571,Pennsylvania Western University,PA,NCAA Division II with football,"Public, 4-year or above",4217616.0,3887206.0,316.0,1620.0,511762.0,3.0,25.0,23849136,21873579,72117.0,38676.0,19.0,34.0,104385.0,165519,2025,2024-25,https://ope.ed.gov/athletics/#/datafile/list,330410.0,12301.284810126584,3375444.0,2685207.0
181534,Peru State College,NE,NAIA Division II ,"Public, 4-year or above",452481.0,247449.0,134.0,7.0,1000.0,1.0,4.0,2449569,2060243,64730.0,28803.0,4.0,8.0,34920.0,58170,2025,2024-25,https://ope.ed.gov/athletics/#/datafile/list,205032.0,1846.634328358209,246449.0,489344.0
155681,Pittsburg State University,KS,NCAA Division II with football,"Public, 4-year or above",3330171.0,3330171.0,134.0,7355.0,985636.0,1.0,11.0,12374589,12374589,155318.0,57030.0,5.0,19.0,111324.0,169649,2025,2024-25,https://ope.ed.gov/athletics/#/datafile/list,0.0,24852.0223880597,2344535.0,1860160.0
121257,Pitzer College,CA,NCAA Division III with football,"Private nonprofit, 4-year or above",626110.0,651607.0,97.0,1527.0,148160.0,1.0,11.0,7261780,7223907,69018.0,10149.0,10.0,43.0,36651.0,76947,2025,2024-25,https://ope.ed.gov/athletics/#/datafile/list,-25497.0,6717.59793814433,503447.0,1126587.0
183080,Plymouth State University,NH,NCAA Division III with football,"Public, 4-year or above",431746.0,375930.0,108.0,483.0,52143.0,1.0,7.0,3592686,3592685,26289.0,7666.0,12.0,21.0,17238.0,31388,2025,2024-25,https://ope.ed.gov/athletics/#/datafile/list,55816.0,3480.8333333333335,323787.0,476454.0
138868,Point University,GA,NAIA Division II ,"Private nonprofit, 4-year or above",1575198.0,1575198.0,121.0,2781.0,336524.0,1.0,6.0,6853237,6853237,47109.0,26406.0,6.0,15.0,19668.0,19668,2025,2024-25,https://ope.ed.gov/athletics/#/datafile/list,0.0,13018.165289256198,1238674.0,678744.0
121345,Pomona College,CA,NCAA Division III with football,"Private nonprofit, 4-year or above",626110.0,651607.0,97.0,1527.0,148160.0,1.0,11.0,7261780,7223907,69018.0,10149.0,10.0,43.0,36651.0,76947,2025,2024-25,https://ope.ed.gov/athletics/#/datafile/list,-25497.0,6717.59793814433,503447.0,1126587.0
209807,Portland State University,OR,NCAA Division I-FCS,"Public, 4-year or above",5448584.0,5448584.0,118.0,10246.0,1208997.0,1.0,10.0,19186971,19186971,78892.0,43138.0,6.0,21.0,173920.0,268498,2025,2024-25,https://ope.ed.gov/athletics/#/datafile/list,0.0,46174.4406779661,4239587.0,1379250.0
130183,Post University,CT,NCAA Division II with football,"Private for-profit, 4-year or above",1276527.0,1276527.0,101.0,2413.0,243687.0,1.0,12.0,9776548,9588953,74922.0,14036.0,8.0,30.0,61735.0,89363,2025,2024-25,https://ope.ed.gov/athletics/#/datafile/list,0.0,12638.881188118812,1032840.0,1020456.0
227526,Prairie View A & M University,TX,NCAA Division I-FCS,"Public, 4-year or above",3609079.0,3609079.0,101.0,9447.0,954158.0,1.0,9.0,15374541,15374541,97658.0,39320.0,8.0,18.0,34742.0,74522,2025,2024-25,https://ope.ed.gov/athletics/#/datafile/list,0.0,35733.455445544554,2654921.0,1489024.0
218539,Presbyterian College,SC,Other ,"Private nonprofit, 4-year or above",1815834.0,1815834.0,138.0,6572.0,906911.0,1.0,12.0,14157255,14157255,77136.0,37018.0,8.0,18.0,181983.0,266922,2025,2024-25,https://ope.ed.gov/athletics/#/datafile/list,0.0,13158.217391304348,908923.0,1283412.0
186131,Princeton University,NJ,NCAA Division I-FCS,"Private nonprofit, 4-year or above",5068991.0,5068991.0,122.0,7303.0,890971.0,1.0,9.0,50386480,50386480,227286.0,70638.0,17.0,52.0,1333234.0,1918867,2025,2024-25,https://ope.ed.gov/athletics/#/datafile/list,0.0,41549.10655737705,4178020.0,7537038.0
243780,Purdue University-Main Campus,IN,NCAA Division I-FBS,"Public, 4-year or above",83144029.0,37193229.0,126.0,61685.0,7772335.0,1.0,10.0,150536320,135140397,1510900.0,329742.0,8.0,32.0,2330766.0,2924097,2025,2024-25,https://ope.ed.gov/athletics/#/datafile/list,45950800.0,295184.35714285716,29420894.0,22638944.0
148131,Quincy University,IL,NCAA Division II with football,"Private nonprofit, 4-year or above",1770122.0,1734025.0,130.0,1682.0,218606.0,1.0,7.0,12541494,12528937,52033.0,33733.0,14.0,23.0,51761.0,97362,2025,2024-25,https://ope.ed.gov/athletics/#/datafile/list,36097.0,13338.653846153846,1515419.0,1504321.0
233295,Randolph-Macon College,VA,NCAA Division III with football,"Private nonprofit, 4-year or above",861643.0,814163.0,142.0,1228.0,174427.0,1.0,8.0,5008212,4481232,65330.0,30564.0,9.0,17.0,31457.0,50974,2025,2024-25,https://ope.ed.gov/athletics/#/datafile/list,47480.0,5733.542253521126,639736.0,1107558.0
117052,Reedley College,CA,CCCAA,"Public, 2-year",439039.0,433002.0,99.0,1410.0,139568.0,1.0,9.0,2738940,2713856,61836.0,12374.0,5.0,17.0,14150.0,33960,2025,2024-25,https://ope.ed.gov/athletics/#/datafile/list,6037.0,4373.757575757576,293434.0,519538.0
140872,Reinhardt University,GA,NAIA Division I ,"Private nonprofit, 4-year or above",2496000.0,2477654.0,156.0,1510.0,235615.0,1.0,7.0,12221500,12018584,38000.0,22647.0,11.0,17.0,13000.0,17500,2025,2024-25,https://ope.ed.gov/athletics/#/datafile/list,18346.0,15882.397435897436,2242039.0,802999.0
194824,Rensselaer Polytechnic Institute,NY,NCAA Division III with football,"Private nonprofit, 4-year or above",808183.0,790941.0,114.0,899.0,102438.0,1.0,10.0,13586707,13586707,81066.0,24972.0,12.0,31.0,116654.0,178956,2025,2024-25,https://ope.ed.gov/athletics/#/datafile/list,17242.0,6938.078947368421,688503.0,1746924.0
221351,Rhodes College,TN,NCAA Division III with football,"Private nonprofit, 4-year or above",850398.0,850398.0,84.0,3689.0,309835.0,1.0,7.0,6718887,6718887,61088.0,21742.0,9.0,25.0,61613.0,93945,2025,2024-25,https://ope.ed.gov/athletics/#/datafile/list,0.0,10123.785714285714,540563.0,1093342.0
227757,Rice University,TX,NCAA Division I-FBS,"Private nonprofit, 4-year or above",19591289.0,19591289.0,123.0,29721.0,3655646.0,1.0,10.0,70408131,70408131,369624.0,152733.0,6.0,23.0,638678.0,1005259,2025,2024-25,https://ope.ed.gov/athletics/#/datafile/list,0.0,159278.7723577236,15935643.0,5730603.0
239628,Ripon College,WI,NCAA Division III with football,"Private nonprofit, 4-year or above",451252.0,445752.0,87.0,1710.0,148776.0,1.0,9.0,3214923,3028312,35503.0,6003.0,9.0,36.0,26450.0,43591,2025,2024-25,https://ope.ed.gov/athletics/#/datafile/list,5500.0,5123.586206896552,296976.0,535635.0
121901,Riverside City College,CA,CCCAA,"Public, 2-year",724140.0,724140.0,107.0,374.0,39970.0,1.0,9.0,9604739,9604739,140895.0,28712.0,9.0,27.0,0.0,0,2025,2024-25,https://ope.ed.gov/athletics/#/datafile/list,0.0,6767.663551401869,684170.0,2043279.0
215655,Robert Morris University,PA,NCAA Division I-FCS,"Private nonprofit, 4-year or above",3760579.0,3760579.0,139.0,2994.0,416197.0,1.0,9.0,21223070,21223070,171452.0,57995.0,7.0,18.0,209514.0,338508,2025,2024-25,https://ope.ed.gov/athletics/#/datafile/list,0.0,27054.525179856115,3344382.0,2244074.0
174738,Rochester Community and Technical College,MN,NJCAA Division III ,"Public, 2-year",142294.0,120740.0,76.0,662.0,50279.0,1.0,8.0,1232530,1053096,28653.0,3548.0,4.0,14.0,0.0,0,2025,2024-25,https://ope.ed.gov/athletics/#/datafile/list,21554.0,1588.6842105263158,70461.0,164284.0
148405,Rockford University,IL,NCAA Division III with football,"Private nonprofit, 4-year or above",425557.0,425557.0,101.0,769.0,77690.0,1.0,6.0,2453481,2453481,48618.0,14780.0,6.0,16.0,14347.0,22265,2025,2024-25,https://ope.ed.gov/athletics/#/datafile/list,0.0,4213.435643564357,347867.0,528188.0
180595,Rocky Mountain College,MT,NAIA Division I ,"Private nonprofit, 4-year or above",2928242.0,2928242.0,135.0,3021.0,407835.0,1.0,9.0,8699625,8699625,52679.0,23793.0,7.0,15.0,90236.0,110309,2025,2024-25,https://ope.ed.gov/athletics/#/datafile/list,0.0,21690.68148148148,2520407.0,725648.0
148487,Roosevelt University,IL,NCAA Division II with football,"Private nonprofit, 4-year or above",2863865.0,2863865.0,126.0,2212.0,278750.0,1.0,5.0,11506120,11506120,55190.0,25484.0,8.0,17.0,10630.0,24883,2025,2024-25,https://ope.ed.gov/athletics/#/datafile/list,0.0,22729.0873015873,2585115.0,874748.0
152318,Rose-Hulman Institute of Technology,IN,NCAA Division III with football,"Private nonprofit, 4-year or above",569693.0,506540.0,105.0,1387.0,145636.0,1.0,7.0,4084774,4084774,46067.0,19536.0,10.0,18.0,24090.0,43373,2025,2024-25,https://ope.ed.gov/athletics/#/datafile/list,63153.0,4824.190476190476,360904.0,812318.0
184782,Rowan University,NJ,NCAA Division III with football,"Public, 4-year or above",727834.0,681070.0,98.0,1785.0,174919.0,1.0,11.0,7493851,6649658,100814.0,12812.0,6.0,29.0,23501.0,46548,2025,2024-25,https://ope.ed.gov/athletics/#/datafile/list,46764.0,6949.693877551021,506151.0,976432.0
186380,Rutgers University-New Brunswick,NJ,NCAA Division I-FBS,"Public, 4-year or above",75922954.0,75922954.0,137.0,105469.0,14449212.0,1.0,10.0,171679918,171679918,1334237.0,293772.0,9.0,33.0,2038136.0,2958026,2025,2024-25,https://ope.ed.gov/athletics/#/datafile/list,0.0,554182.1459854015,61473742.0,21702609.0
196121,SUNY Brockport,NY,NCAA Division III with football,"Public, 4-year or above",802620.0,802620.0,107.0,1705.0,182477.0,1.0,7.0,5777798,5777798,51489.0,15215.0,11.0,27.0,68316.0,99598,2025,2024-25,https://ope.ed.gov/athletics/#/datafile/list,0.0,7501.121495327103,620143.0,977184.0
196130,SUNY Buffalo State University,NY,NCAA Division III with football,"Public, 4-year or above",705440.0,705440.0,120.0,1534.0,184086.0,1.0,7.0,5657608,5657608,69487.0,26709.0,6.0,17.0,31287.0,41845,2025,2024-25,https://ope.ed.gov/athletics/#/datafile/list,0.0,5878.666666666667,521354.0,870975.0
196006,SUNY College of Technology at Alfred,NY,NCAA Division III with football,"Public, 4-year or above",665815.0,618623.0,110.0,1785.0,196328.0,1.0,10.0,4135010,4069922,54925.0,9710.0,8.0,21.0,14691.0,21965,2025,2024-25,https://ope.ed.gov/athletics/#/datafile/list,47192.0,5623.845454545454,422295.0,643310.0
196291,SUNY Maritime College,NY,NCAA Division III with football,"Public, 4-year or above",270761.0,230146.0,104.0,591.0,61417.0,1.0,9.0,1145274,998055,38402.0,11293.0,7.0,15.0,0.0,0,2025,2024-25,https://ope.ed.gov/athletics/#/datafile/list,40615.0,2212.9423076923076,168729.0,438209.0
196051,SUNY Morrisville,NY,NCAA Division III with football,"Public, 4-year or above",351212.0,349562.0,130.0,1042.0,135497.0,1.0,7.0,2541535,2527404,41940.0,12569.0,8.0,16.0,13200.0,22200,2025,2024-25,https://ope.ed.gov/athletics/#/datafile/list,1650.0,2688.9384615384615,214065.0,536624.0
122180,Sacramento City College,CA,CCCAA,"Public, 2-year",358722.0,358722.0,72.0,943.0,67901.0,1.0,11.0,3209575,3209575,51201.0,9548.0,7.0,21.0,0.0,0,2025,2024-25,https://ope.ed.gov/athletics/#/datafile/list,0.0,4982.25,290821.0,558915.0
130253,Sacred Heart University,CT,NCAA Division I-FCS,"Private nonprofit, 4-year or above",5413486.0,5413486.0,154.0,5355.0,824704.0,1.0,12.0,43901462,43901462,96456.0,51501.0,12.0,34.0,215226.0,356798,2025,2024-25,https://ope.ed.gov/athletics/#/datafile/list,0.0,35152.506493506495,4588782.0,2908506.0
122205,Saddleback College,CA,CCCAA,"Public, 2-year",556888.0,544408.0,91.0,1638.0,149074.0,1.0,14.0,2660855,2535989,60093.0,10577.0,9.0,37.0,0.0,0,2025,2024-25,https://ope.ed.gov/athletics/#/datafile/list,12480.0,5982.505494505494,395334.0,932186.0
172051,Saginaw Valley State University,MI,NCAA Division II with football,"Public, 4-year or above",2125434.0,2125434.0,147.0,2410.0,354229.0,1.0,19.0,11841267,11791933,54334.0,29972.0,8.0,18.0,61593.0,84942,2025,2024-25,https://ope.ed.gov/athletics/#/datafile/list,0.0,14458.734693877552,1771205.0,974168.0
154235,Saint Ambrose University,IA,NAIA Division II ,"Private nonprofit, 4-year or above",1656970.0,1564275.0,144.0,1543.0,222204.0,1.0,10.0,10640409,10369041,38302.0,7349.0,14.0,49.0,80463.0,156654,2025,2024-25,https://ope.ed.gov/athletics/#/datafile/list,92695.0,10863.020833333334,1342071.0,896329.0
183239,Saint Anselm College,NH,NCAA Division II with football,"Private nonprofit, 4-year or above",1697443.0,1625829.0,132.0,988.0,130451.0,1.0,8.0,11391336,10651327,53596.0,17286.0,9.0,19.0,85917.0,117608,2025,2024-25,https://ope.ed.gov/athletics/#/datafile/list,71614.0,12316.886363636364,1495378.0,810798.0
215743,Saint Francis University,PA,NCAA Division I-FCS,"Private nonprofit, 4-year or above",3647517.0,3647517.0,126.0,3431.0,432262.0,1.0,11.0,17184918,17184918,82399.0,25385.0,9.0,31.0,91443.0,182654,2025,2024-25,https://ope.ed.gov/athletics/#/datafile/list,0.0,28948.54761904762,3215255.0,1528526.0
152381,Saint Mary-of-the-Woods College,IN,NAIA Division I ,"Private nonprofit, 4-year or above",708754.0,688702.0,71.0,1181.0,83872.0,1.0,7.0,3996224,3860863,25116.0,6586.0,8.0,25.0,3547.0,4746,2025,2024-25,https://ope.ed.gov/athletics/#/datafile/list,20052.0,9700.028169014084,604830.0,365578.0
239716,Saint Norbert College,WI,NCAA Division III with football,"Private nonprofit, 4-year or above",671730.0,671730.0,131.0,1053.0,138000.0,1.0,16.0,5086425,5086425,47337.0,10323.0,11.0,45.0,54118.0,92979,2025,2024-25,https://ope.ed.gov/athletics/#/datafile/list,0.0,5127.7099236641225,533730.0,985242.0
215798,Saint Vincent College,PA,NCAA Division III with football,"Private nonprofit, 4-year or above",675685.0,675685.0,107.0,2027.0,216928.0,1.0,10.0,4887627,4887627,35892.0,15451.0,13.0,22.0,34908.0,46396,2025,2024-25,https://ope.ed.gov/athletics/#/datafile/list,0.0,6314.813084112149,458757.0,806518.0
148627,Saint Xavier University,IL,NAIA Division II ,"Private nonprofit, 4-year or above",1381871.0,1381871.0,98.0,1428.0,139919.0,1.0,8.0,7227807,7227807,40791.0,11282.0,10.0,26.0,9171.0,13431,2025,2024-25,https://ope.ed.gov/athletics/#/datafile/list,0.0,14100.72448979592,1241952.0,701242.0
163851,Salisbury University,MD,NCAA Division III with football,"Public, 4-year or above",668115.0,668115.0,138.0,1028.0,141845.0,1.0,4.0,4670907,4670902,92561.0,38158.0,9.0,15.0,9972.0,21431,2025,2024-25,https://ope.ed.gov/athletics/#/datafile/list,0.0,4841.413043478261,526270.0,1405419.0
217536,Salve Regina University,RI,NCAA Division III with football,"Private nonprofit, 4-year or above",595785.0,518074.0,150.0,1271.0,190648.0,1.0,4.0,5709194,5378085,55115.0,26433.0,8.0,9.0,31828.0,52668,2025,2024-25,https://ope.ed.gov/athletics/#/datafile/list,77711.0,3453.826666666667,327426.0,678817.0
227881,Sam Houston State University,TX,NCAA Division I-FBS,"Public, 4-year or above",9740021.0,9740021.0,127.0,18609.0,2363291.0,1.0,14.0,31968068,31955712,286512.0,70169.0,5.0,23.0,146374.0,251724,2025,2024-25,https://ope.ed.gov/athletics/#/datafile/list,0.0,76693.07874015748,7376730.0,3046447.0
102049,Samford University,AL,NCAA Division I-FCS,"Private nonprofit, 4-year or above",6730393.0,6096558.0,112.0,6208.0,695250.0,1.0,12.0,27116621,23874973,190966.0,72741.0,7.0,20.0,184498.0,255128,2025,2024-25,https://ope.ed.gov/athletics/#/datafile/list,633835.0,54433.55357142857,5401308.0,2791582.0
123527,San Bernardino Valley College,CA,CCCAA,"Public, 2-year",130314.0,130314.0,51.0,225.0,11465.0,1.0,4.0,1477924,1477924,14514.0,5000.0,6.0,14.0,0.0,0,2025,2024-25,https://ope.ed.gov/athletics/#/datafile/list,0.0,2555.176470588235,118849.0,157084.0
122375,San Diego Mesa College,CA,CCCAA,"Public, 2-year",347574.0,347574.0,103.0,561.0,57761.0,1.0,8.0,3283855,3283855,37687.0,10707.0,9.0,28.0,0.0,0,2025,2024-25,https://ope.ed.gov/athletics/#/datafile/list,0.0,3374.504854368932,289813.0,638979.0
122409,San Diego State University,CA,NCAA Division I-FBS,"Public, 4-year or above",24485873.0,22274021.0,116.0,83248.0,9656794.0,1.0,10.0,89827012,89827012,974230.0,332821.0,6.0,19.0,1246206.0,1510132,2025,2024-25,https://ope.ed.gov/athletics/#/datafile/list,2211852.0,192017.4224137931,12617227.0,12168979.0
122658,San Joaquin Delta College,CA,CCCAA,"Public, 2-year",252589.0,279836.0,57.0,1039.0,59205.0,1.0,9.0,3555862,3555862,41933.0,8554.0,10.0,30.0,0.0,0,2025,2024-25,https://ope.ed.gov/athletics/#/datafile/list,-27247.0,4909.403508771929,220631.0,675950.0
122746,San Jose City College,CA,CCCAA,"Public, 2-year",271911.0,271911.0,68.0,1546.0,105095.0,1.0,11.0,1735715,1735715,41259.0,3809.0,5.0,20.0,0.0,0,2025,2024-25,https://ope.ed.gov/athletics/#/datafile/list,0.0,3998.691176470588,166816.0,282475.0
122755,San Jose State University,CA,NCAA Division I-FBS,"Public, 4-year or above",11937986.0,11937986.0,103.0,21562.0,2220879.0,1.0,14.0,42944067,42944067,213056.0,124344.0,7.0,27.0,359403.0,509471,2025,2024-25,https://ope.ed.gov/athletics/#/datafile/list,0.0,115902.77669902911,9717107.0,4848680.0
121619,Santa Ana College,CA,CCCAA,"Public, 2-year",289120.0,289120.0,89.0,1190.0,105869.0,1.0,6.0,2467398,2467398,37642.0,12112.0,6.0,19.0,0.0,0,2025,2024-25,https://ope.ed.gov/athletics/#/datafile/list,0.0,3248.5393258426966,183251.0,455980.0
122889,Santa Barbara City College,CA,CCCAA,"Public, 2-year",278397.0,278397.0,75.0,1327.0,99554.0,1.0,7.0,3066541,3066541,30721.0,10876.0,8.0,16.0,0.0,0,2025,2024-25,https://ope.ed.gov/athletics/#/datafile/list,0.0,3711.96,178843.0,419784.0
122977,Santa Monica College,CA,CCCAA,"Public, 2-year",259474.0,259474.0,96.0,451.0,43296.0,1.0,9.0,2316786,2316786,8492.0,9800.0,8.0,19.0,0.0,0,2025,2024-25,https://ope.ed.gov/athletics/#/datafile/list,0.0,2702.8541666666665,216178.0,254136.0
123013,Santa Rosa Junior College,CA,CCCAA,"Public, 2-year",411749.0,379589.0,77.0,1304.0,100408.0,1.0,14.0,3102367,2907693,50309.0,2565.0,9.0,26.0,0.0,0,2025,2024-25,https://ope.ed.gov/athletics/#/datafile/list,32160.0,4929.727272727273,279181.0,519471.0
140960,Savannah State University,GA,NCAA Division II with football,"Public, 4-year or above",549887.0,549887.0,129.0,338.0,43544.0,1.0,8.0,3377772,3377772,56500.0,28200.0,5.0,5.0,3837.0,7635,2025,2024-25,https://ope.ed.gov/athletics/#/datafile/list,0.0,4262.68992248062,506343.0,423500.0
215947,Seton Hill University,PA,NCAA Division II with football,"Private nonprofit, 4-year or above",1703457.0,1703457.0,122.0,1473.0,179683.0,1.0,8.0,8879243,8879243,67022.0,30193.0,7.0,20.0,44567.0,107879,2025,2024-25,https://ope.ed.gov/athletics/#/datafile/list,0.0,13962.762295081968,1523774.0,1073014.0
123299,Shasta College,CA,CCCAA,"Public, 2-year",165676.0,165676.0,88.0,590.0,51885.0,1.0,12.0,1170148,1170148,14710.0,5719.0,9.0,22.0,825.0,974,2025,2024-25,https://ope.ed.gov/athletics/#/datafile/list,0.0,1882.6818181818185,113791.0,258208.0
199643,Shaw University,NC,NCAA Division II with football,"Private nonprofit, 4-year or above",1304306.0,1304306.0,111.0,1593.0,176785.0,1.0,7.0,5502050,5502050,50757.0,27429.0,5.0,12.0,49700.0,78700,2025,2024-25,https://ope.ed.gov/athletics/#/datafile/list,0.0,11750.504504504504,1127521.0,582933.0
233541,Shenandoah University,VA,NCAA Division III with football,"Private nonprofit, 4-year or above",555929.0,555929.0,141.0,844.0,119007.0,1.0,11.0,4530069,4530069,54652.0,20285.0,9.0,20.0,43284.0,66523,2025,2024-25,https://ope.ed.gov/athletics/#/datafile/list,0.0,3942.758865248227,436922.0,897568.0
237792,Shepherd University,WV,NCAA Division II with football,"Public, 4-year or above",1600213.0,1600213.0,113.0,1396.0,157700.0,1.0,13.0,5189910,5189910,51771.0,38735.0,7.0,16.0,210335.0,351034,2025,2024-25,https://ope.ed.gov/athletics/#/datafile/list,0.0,14161.176991150442,1442513.0,982157.0
216010,Shippensburg University of Pennsylvania,PA,NCAA Division II with football,"Public, 4-year or above",1067116.0,1189904.0,95.0,2488.0,236367.0,1.0,10.0,11793935,11343880,66539.0,29925.0,8.0,16.0,19902.0,39322,2025,2024-25,https://ope.ed.gov/athletics/#/datafile/list,-122788.0,12525.305263157894,953537.0,1011112.0
140988,Shorter University,GA,NCAA Division II with football,"Private nonprofit, 4-year or above",1573019.0,1573019.0,151.0,1391.0,210009.0,1.0,5.0,7067325,7067325,43216.0,27065.0,9.0,9.0,61611.0,70750,2025,2024-25,https://ope.ed.gov/athletics/#/datafile/list,0.0,10417.344370860928,1363010.0,632529.0
172264,Siena Heights University,MI,NAIA Division II ,"Private nonprofit, 4-year or above",1821982.0,1821982.0,132.0,1464.0,193252.0,1.0,9.0,11102802,10576388,32643.0,10390.0,10.0,24.0,0.0,0,2025,2024-25,https://ope.ed.gov/athletics/#/datafile/list,0.0,13802.89393939394,1628730.0,575790.0
123341,Sierra College,CA,CCCAA,"Public, 2-year",418083.0,410205.0,139.0,1262.0,175398.0,1.0,12.0,3919713,3691357,42698.0,12886.0,7.0,14.0,0.0,0,2025,2024-25,https://ope.ed.gov/athletics/#/datafile/list,7878.0,2951.115107913669,234807.0,479290.0
154350,Simpson College,IA,NCAA Division III with football,"Private nonprofit, 4-year or above",656631.0,573130.0,115.0,1469.0,168935.0,1.0,7.0,4784796,4720405,38907.0,12035.0,12.0,30.0,50522.0,76750,2025,2024-25,https://ope.ed.gov/athletics/#/datafile/list,83501.0,4983.739130434783,404195.0,827934.0
123457,Simpson University,CA,NAIA Division II ,"Private nonprofit, 4-year or above",3250960.0,3250960.0,108.0,2917.0,315000.0,1.0,4.0,15043952,15043952,52792.0,41272.0,10.0,11.0,31152.0,53637,2025,2024-25,https://ope.ed.gov/athletics/#/datafile/list,0.0,30101.48148148148,2935960.0,981912.0
216038,Slippery Rock University of Pennsylvania,PA,NCAA Division II with football,"Public, 4-year or above",1364952.0,1349996.0,105.0,2247.0,235921.0,1.0,9.0,8558312,8558265,110489.0,66324.0,5.0,7.0,14970.0,29987,2025,2024-25,https://ope.ed.gov/athletics/#/datafile/list,14956.0,12857.104761904762,1114075.0,1016713.0
230597,Snow College,UT,NJCAA Division I ,"Public, 4-year or above",1555022.0,1555022.0,82.0,9133.0,748918.0,1.0,8.0,5132310,5132310,49634.0,17271.0,6.0,11.0,9151.0,16073,2025,2024-25,https://ope.ed.gov/athletics/#/datafile/list,0.0,18963.682926829268,806104.0,487785.0
218733,South Carolina State University,SC,NCAA Division I-FCS,"Public, 4-year or above",4260476.0,4260476.0,126.0,8354.0,1052554.0,1.0,11.0,13880289,13880289,154681.0,48816.0,4.0,15.0,118375.0,154166,2025,2024-25,https://ope.ed.gov/athletics/#/datafile/list,0.0,33813.30158730159,3207922.0,1350964.0
219347,South Dakota School of Mines and Technology,SD,NCAA Division II with football,"Public, 4-year or above",1710720.0,1710720.0,119.0,1556.0,185114.0,1.0,8.0,5116047,5116047,76368.0,33948.0,5.0,12.0,39684.0,59044,2025,2024-25,https://ope.ed.gov/athletics/#/datafile/list,0.0,14375.79831932773,1525606.0,789216.0
219356,South Dakota State University,SD,NCAA Division I-FCS,"Public, 4-year or above",5920753.0,5920753.0,114.0,10294.0,1173542.0,1.0,12.0,28715906,28715906,190316.0,60411.0,7.0,30.0,235864.0,355094,2025,2024-25,https://ope.ed.gov/athletics/#/datafile/list,0.0,51936.429824561405,4747211.0,3144542.0
179557,Southeast Missouri State University,MO,NCAA Division I-FCS,"Public, 4-year or above",3681354.0,3681354.0,104.0,8550.0,889187.0,1.0,12.0,16185749,16185749,187866.0,51007.0,4.0,21.0,138326.0,209175,2025,2024-25,https://ope.ed.gov/athletics/#/datafile/list,0.0,35397.63461538462,2792167.0,1822611.0
160612,Southeastern Louisiana University,LA,NCAA Division I-FCS,"Public, 4-year or above",4347683.0,4347683.0,130.0,4940.0,642155.0,1.0,10.0,19286332,19286332,166003.0,60545.0,5.0,19.0,45481.0,126866,2025,2024-25,https://ope.ed.gov/athletics/#/datafile/list,0.0,33443.71538461538,3705528.0,1980370.0
207847,Southeastern Oklahoma State University,OK,NCAA Division II with football,"Public, 4-year or above",1455504.0,1455504.0,126.0,1946.0,245240.0,1.0,9.0,6753796,6753796,51757.0,21883.0,6.0,18.0,13778.0,25557,2025,2024-25,https://ope.ed.gov/athletics/#/datafile/list,0.0,11551.619047619048,1210264.0,704436.0
137564,Southeastern University,FL,NAIA Division I ,"Private nonprofit, 4-year or above",1939933.0,1928184.0,133.0,1083.0,144038.0,1.0,10.0,11003502,10639863,56350.0,30227.0,10.0,16.0,38177.0,52448,2025,2024-25,https://ope.ed.gov/athletics/#/datafile/list,11749.0,14497.624060150376,1784146.0,1047132.0
107983,Southern Arkansas University Main Campus,AR,NCAA Division II with football,"Public, 4-year or above",1278907.0,1278907.0,149.0,774.0,115265.0,1.0,5.0,6665233,6665233,54142.0,29465.0,7.0,13.0,12027.0,22232,2025,2024-25,https://ope.ed.gov/athletics/#/datafile/list,0.0,8583.26845637584,1163642.0,762039.0
130493,Southern Connecticut State University,CT,NCAA Division II with football,"Public, 4-year or above",1253229.0,1253229.0,107.0,773.0,82718.0,1.0,9.0,10324519,10324519,130263.0,21895.0,6.0,25.0,10311.0,34262,2025,2024-25,https://ope.ed.gov/athletics/#/datafile/list,0.0,11712.420560747663,1170511.0,1328953.0
149222,Southern Illinois University-Carbondale,IL,NCAA Division I-FCS,"Public, 4-year or above",5049671.0,5049671.0,105.0,12168.0,1277683.0,1.0,12.0,27439369,27439369,223161.0,59647.0,6.0,29.0,315254.0,490389,2025,2024-25,https://ope.ed.gov/athletics/#/datafile/list,0.0,48092.10476190476,3771988.0,3068729.0
228246,Southern Methodist University,TX,NCAA Division I-FBS,"Private nonprofit, 4-year or above",45315587.0,45315587.0,122.0,50747.0,6191113.0,1.0,10.0,150225313,150225313,1760723.0,324733.0,7.0,24.0,2392459.0,3058270,2025,2024-25,https://ope.ed.gov/athletics/#/datafile/list,0.0,371439.237704918,39124474.0,20118653.0
206862,Southern Nazarene University,OK,NCAA Division II with football,"Private nonprofit, 4-year or above",1701062.0,1730397.0,167.0,1144.0,191022.0,1.0,9.0,11179569,10461244,49447.0,17470.0,10.0,19.0,37752.0,69441,2025,2024-25,https://ope.ed.gov/athletics/#/datafile/list,-29335.0,10361.65868263473,1539375.0,826400.0
210146,Southern Oregon University,OR,NAIA Division II ,"Public, 4-year or above",1461785.0,1461785.0,118.0,3954.0,466603.0,1.0,15.0,7254974,7254974,47145.0,28894.0,8.0,24.0,37289.0,58173,2025,2024-25,https://ope.ed.gov/athletics/#/datafile/list,0.0,12388.00847457627,995182.0,1070616.0
160621,Southern University and A & M College,LA,NCAA Division I-FCS,"Public, 4-year or above",3546837.0,3201863.0,122.0,6239.0,761156.0,1.0,10.0,13063612,13063612,114274.0,67080.0,6.0,20.0,14794.0,19521,2025,2024-25,https://ope.ed.gov/athletics/#/datafile/list,344974.0,26244.77868852459,2440707.0,2027244.0
230603,Southern Utah University,UT,NCAA Division I-FCS,"Public, 4-year or above",5192172.0,4298109.0,110.0,10377.0,1141457.0,1.0,15.0,19562340,19562340,158854.0,36014.0,4.0,26.0,141345.0,254497,2025,2024-25,https://ope.ed.gov/athletics/#/datafile/list,894063.0,39073.718181818185,3156652.0,1571780.0
233611,Southern Virginia University,VA,NCAA Division III with football,"Private nonprofit, 4-year or above",781838.0,781838.0,115.0,2191.0,252015.0,1.0,7.0,5990874,5990874,58271.0,16917.0,12.0,30.0,33592.0,52095,2025,2024-25,https://ope.ed.gov/athletics/#/datafile/list,0.0,6798.591304347826,529823.0,1206762.0
179326,Southwest Baptist University,MO,NCAA Division II with football,"Private nonprofit, 4-year or above",1741181.0,1741181.0,113.0,1995.0,225460.0,1.0,7.0,9607116,9607116,38177.0,16188.0,8.0,20.0,27205.0,41183,2025,2024-25,https://ope.ed.gov/athletics/#/datafile/list,0.0,15408.681415929204,1515721.0,629176.0
175078,Southwest Minnesota State University,MN,NCAA Division II with football,"Public, 4-year or above",1337500.0,1337500.0,108.0,1893.0,204441.0,1.0,6.0,7225114,7225114,76530.0,30171.0,5.0,13.0,37473.0,44376,2025,2024-25,https://ope.ed.gov/athletics/#/datafile/list,0.0,12384.25925925926,1133059.0,774873.0
176354,Southwest Mississippi Community College,MS,NJCAA Division I ,"Public, 2-year",981597.0,981597.0,70.0,1920.0,134386.0,1.0,7.0,3523836,3523836,60211.0,49024.0,6.0,8.0,79211.0,121578,2025,2024-25,https://ope.ed.gov/athletics/#/datafile/list,0.0,14022.814285714288,847211.0,753458.0
155900,Southwestern College,KS,NAIA Division II ,"Private nonprofit, 4-year or above",2189432.0,2137410.0,136.0,741.0,100741.0,1.0,9.0,7349178,7149178,84550.0,13693.0,8.0,24.0,26631.0,35868,2025,2024-25,https://ope.ed.gov/athletics/#/datafile/list,52022.0,15716.25,2036669.0,1005032.0
123800,Southwestern College,CA,CCCAA,"Public, 2-year",182444.0,180638.0,98.0,362.0,35476.0,1.0,6.0,1138008,1136101,25269.0,7122.0,8.0,13.0,0.0,0,2025,2024-25,https://ope.ed.gov/athletics/#/datafile/list,1806.0,1843.2448979591836,145162.0,294738.0
207865,Southwestern Oklahoma State University,OK,NCAA Division II with football,"Public, 4-year or above",1545755.0,1545755.0,132.0,1525.0,201365.0,1.0,10.0,6206241,6206241,61654.0,27251.0,5.0,15.0,62876.0,106913,2025,2024-25,https://ope.ed.gov/athletics/#/datafile/list,0.0,11710.265151515152,1344390.0,717035.0
228343,Southwestern University,TX,NCAA Division III with football,"Private nonprofit, 4-year or above",973560.0,892435.0,95.0,3883.0,368908.0,1.0,11.0,6592934,6206253,46295.0,20706.0,10.0,22.0,71253.0,102527,2025,2024-25,https://ope.ed.gov/athletics/#/datafile/list,81125.0,9394.052631578948,523527.0,918482.0
167899,Springfield College,MA,NCAA Division III with football,"Private nonprofit, 4-year or above",1184292.0,1184292.0,134.0,2427.0,325276.0,1.0,12.0,6665588,6665588,51694.0,26056.0,14.0,7.0,187802.0,239041,2025,2024-25,https://ope.ed.gov/athletics/#/datafile/list,0.0,8838.0,859016.0,906108.0
195216,St Lawrence University,NY,NCAA Division III with football,"Private nonprofit, 4-year or above",687372.0,687372.0,97.0,1341.0,130109.0,1.0,7.0,12864840,12864840,55439.0,21289.0,15.0,30.0,141339.0,269863,2025,2024-25,https://ope.ed.gov/athletics/#/datafile/list,0.0,7086.309278350515,557263.0,1470255.0
174844,St Olaf College,MN,NCAA Division III with football,"Private nonprofit, 4-year or above",633617.0,626501.0,100.0,1450.0,145022.0,1.0,9.0,5837515,5764191,49724.0,10632.0,13.0,44.0,35793.0,59440,2025,2024-25,https://ope.ed.gov/athletics/#/datafile/list,7116.0,6265.01,481479.0,1114220.0
195720,St. John Fisher University,NY,NCAA Division III with football,"Private nonprofit, 4-year or above",803072.0,730011.0,148.0,1435.0,212446.0,1.0,9.0,6940800,6458144,55167.0,10266.0,12.0,42.0,126258.0,188409,2025,2024-25,https://ope.ed.gov/athletics/#/datafile/list,73061.0,4932.506756756757,517565.0,1093176.0
137476,St. Thomas University,FL,NAIA Division I ,"Private nonprofit, 4-year or above",2460498.0,2460498.0,107.0,5682.0,608010.0,1.0,18.0,12346319,12346319,49169.0,41870.0,11.0,17.0,82236.0,117151,2025,2024-25,https://ope.ed.gov/athletics/#/datafile/list,0.0,22995.30841121495,1852488.0,1252649.0
243744,Stanford University,CA,NCAA Division I-FBS,"Private nonprofit, 4-year or above",35992019.0,35992019.0,110.0,88970.0,9786726.0,1.0,10.0,192802320,192802320,500525.0,159558.0,17.0,56.0,1703976.0,2749246,2025,2024-25,https://ope.ed.gov/athletics/#/datafile/list,0.0,327200.17272727273,26205293.0,17444173.0
196149,State University of New York at Cortland,NY,NCAA Division III with football,"Public, 4-year or above",787291.0,787291.0,127.0,1464.0,185898.0,1.0,27.0,7123595,6929116,58139.0,13291.0,11.0,43.0,57386.0,104293,2025,2024-25,https://ope.ed.gov/athletics/#/datafile/list,0.0,6199.141732283465,601393.0,1211042.0
228431,Stephen F Austin State University,TX,NCAA Division I-FCS,"Public, 4-year or above",5514651.0,5514651.0,140.0,4724.0,661327.0,1.0,10.0,22450088,22450088,206865.0,91104.0,5.0,19.0,289929.0,444639,2025,2024-25,https://ope.ed.gov/athletics/#/datafile/list,0.0,39390.36428571429,4853324.0,2765301.0
155937,Sterling College,KS,NAIA Division II ,"Private nonprofit, 4-year or above",1202698.0,1175165.0,98.0,681.0,66770.0,1.0,11.0,7399774,7155562,30076.0,9036.0,8.0,20.0,6783.0,10671,2025,2024-25,https://ope.ed.gov/athletics/#/datafile/list,27533.0,11991.479591836734,1108395.0,421328.0
137546,Stetson University,FL,NCAA Division I-FCS,"Private nonprofit, 4-year or above",2271947.0,2271947.0,132.0,8023.0,1059033.0,1.0,8.0,25375464,25375464,128245.0,44881.0,8.0,20.0,136986.0,280139,2025,2024-25,https://ope.ed.gov/athletics/#/datafile/list,0.0,17211.719696969696,1212914.0,1923580.0
164173,Stevenson University,MD,NCAA Division III with football,"Private nonprofit, 4-year or above",623232.0,622903.0,137.0,1804.0,247155.0,1.0,6.0,6846144,6535709,45704.0,14711.0,14.0,25.0,81931.0,137940,2025,2024-25,https://ope.ed.gov/athletics/#/datafile/list,329.0,4546.737226277372,375748.0,1007631.0
167996,Stonehill College,MA,NCAA Division I-FCS,"Private nonprofit, 4-year or above",3522909.0,3522909.0,125.0,1969.0,246124.0,1.0,10.0,20977828,20977828,96062.0,34551.0,8.0,22.0,100713.0,186040,2025,2024-25,https://ope.ed.gov/athletics/#/datafile/list,0.0,28183.272,3276785.0,1528618.0
196097,Stony Brook University,NY,NCAA Division I-FCS,"Public, 4-year or above",8212551.0,8212551.0,116.0,10611.0,1230876.0,1.0,11.0,42532759,42532759,278527.0,88381.0,6.0,21.0,298909.0,468154,2025,2024-25,https://ope.ed.gov/athletics/#/datafile/list,0.0,70797.85344827586,6981675.0,3527163.0
228501,Sul Ross State University,TX,NCAA Division II with football,"Public, 4-year or above",712302.0,731290.0,126.0,1327.0,167241.0,1.0,6.0,2926471,2728059,40660.0,38390.0,6.0,8.0,45442.0,62474,2025,2024-25,https://ope.ed.gov/athletics/#/datafile/list,-18988.0,5803.888888888889,564049.0,551080.0
216278,Susquehanna University,PA,NCAA Division III with football,"Private nonprofit, 4-year or above",694760.0,694760.0,128.0,1945.0,248960.0,1.0,8.0,4480309,4480309,61195.0,16077.0,9.0,23.0,41574.0,75207,2025,2024-25,https://ope.ed.gov/athletics/#/datafile/list,0.0,5427.8125,445800.0,920526.0
247603,Sussex County Community College,NJ,NJCAA Division III ,"Public, 2-year",265358.0,265358.0,115.0,1438.0,165401.0,1.0,11.0,922461,922461,8070.0,4440.0,6.0,17.0,1774.0,1774,2025,2024-25,https://ope.ed.gov/athletics/#/datafile/list,0.0,2307.4608695652173,99957.0,123900.0
196413,Syracuse University,NY,NCAA Division I-FBS,"Private nonprofit, 4-year or above",64585287.0,42090055.0,124.0,50504.0,6262473.0,1.0,10.0,120839134,108994576,1326844.0,288540.0,6.0,24.0,1659723.0,2085676,2025,2024-25,https://ope.ed.gov/athletics/#/datafile/list,22495232.0,339435.92741935485,35827582.0,14886024.0
155973,Tabor College,KS,NAIA Division I ,"Private nonprofit, 4-year or above",1636439.0,1588214.0,107.0,708.0,75776.0,1.0,6.0,6120571,5851290,32876.0,9220.0,9.0,15.0,48538.0,86875,2025,2024-25,https://ope.ed.gov/athletics/#/datafile/list,48225.0,14843.121495327105,1512438.0,434184.0
228529,Tarleton State University,TX,NCAA Division I-FCS,"Public, 4-year or above",8832292.0,8832292.0,128.0,19208.0,2458595.0,1.0,12.0,34277745,34277745,162875.0,81555.0,5.0,22.0,373436.0,652225,2025,2024-25,https://ope.ed.gov/athletics/#/datafile/list,0.0,69002.28125,6373697.0,2608585.0
152530,Taylor University,IN,NAIA Division I ,"Private nonprofit, 4-year or above",1541437.0,1512614.0,103.0,1975.0,203404.0,1.0,6.0,7875922,7004609,36026.0,14432.0,8.0,17.0,38415.0,63919,2025,2024-25,https://ope.ed.gov/athletics/#/datafile/list,28823.0,14685.57281553398,1309210.0,533552.0
216339,Temple University,PA,NCAA Division I-FBS,"Public, 4-year or above",26295531.0,26295531.0,115.0,34396.0,3955577.0,1.0,10.0,71198560,71198560,445931.0,167708.0,7.0,22.0,620782.0,810303,2025,2024-25,https://ope.ed.gov/athletics/#/datafile/list,0.0,228656.79130434783,22339954.0,6811093.0
221838,Tennessee State University,TN,NCAA Division I-FCS,"Public, 4-year or above",6913955.0,6913955.0,109.0,14393.0,1568835.0,1.0,11.0,18708180,18622127,172149.0,71563.0,5.0,18.0,56167.0,116255,2025,2024-25,https://ope.ed.gov/athletics/#/datafile/list,0.0,63430.779816513765,5345120.0,2148879.0
221847,Tennessee Technological University,TN,NCAA Division I-FCS,"Public, 4-year or above",5746678.0,5746678.0,111.0,10335.0,1147143.0,1.0,12.0,20355959,20355959,164381.0,74641.0,6.0,20.0,189933.0,260300,2025,2024-25,https://ope.ed.gov/athletics/#/datafile/list,0.0,51771.87387387387,4599535.0,2479106.0
228723,Texas A&M University-College Station,TX,NCAA Division I-FBS,"Public, 4-year or above",108474281.0,60230146.0,146.0,77105.0,11257278.0,1.0,10.0,235498020,228301283,1912128.0,369145.0,7.0,33.0,3940030.0,4898792,2025,2024-25,https://ope.ed.gov/athletics/#/datafile/list,48244135.0,412535.2465753425,48972868.0,25566681.0
228705,Texas A&M University-Kingsville,TX,NCAA Division II with football,"Public, 4-year or above",3018652.0,2427631.0,158.0,5055.0,798615.0,1.0,13.0,8720343,8720343,100608.0,33046.0,4.0,11.0,86720.0,143518,2025,2024-25,https://ope.ed.gov/athletics/#/datafile/list,591021.0,15364.753164556962,1629016.0,765938.0
228875,Texas Christian University,TX,NCAA Division I-FBS,"Private nonprofit, 4-year or above",59568339.0,59568339.0,130.0,79322.0,10311920.0,1.0,26.0,155989500,155989500,1811739.0,214254.0,7.0,50.0,1639673.0,2358075,2025,2024-25,https://ope.ed.gov/athletics/#/datafile/list,0.0,458217.9923076923,49256419.0,23394873.0
228884,Texas College,TX,NAIA Division I ,"Private nonprofit, 4-year or above",698530.0,698530.0,77.0,3077.0,236933.0,1.0,4.0,2820429,2820429,22000.0,9167.0,5.0,5.0,0.0,0,2025,2024-25,https://ope.ed.gov/athletics/#/datafile/list,0.0,9071.818181818182,461597.0,155835.0
228981,Texas Lutheran University,TX,NCAA Division III with football,"Private nonprofit, 4-year or above",815587.0,798435.0,169.0,1324.0,223681.0,1.0,7.0,4131827,4118757,59439.0,32506.0,8.0,14.0,9426.0,11680,2025,2024-25,https://ope.ed.gov/athletics/#/datafile/list,17152.0,4724.467455621302,574754.0,930596.0
229063,Texas Southern University,TX,NCAA Division I-FCS,"Public, 4-year or above",2750637.0,2750637.0,120.0,509.0,61085.0,1.0,13.0,12453738,12453738,196426.0,76549.0,5.0,20.0,75645.0,91845,2025,2024-25,https://ope.ed.gov/athletics/#/datafile/list,0.0,22921.975,2689552.0,2513110.0
228459,Texas State University,TX,NCAA Division I-FBS,"Public, 4-year or above",21622408.0,21622408.0,120.0,37716.0,4525910.0,1.0,10.0,52238898,52238898,476981.0,131221.0,5.0,20.0,854093.0,1017674,2025,2024-25,https://ope.ed.gov/athletics/#/datafile/list,0.0,180186.73333333337,17096498.0,5009325.0
229115,Texas Tech University,TX,NCAA Division I-FBS,"Public, 4-year or above",69872378.0,39745662.0,123.0,83371.0,10254583.0,1.0,18.0,128777718,127895343,1927922.0,291503.0,6.0,33.0,2109685.0,2950060,2025,2024-25,https://ope.ed.gov/athletics/#/datafile/list,30126716.0,323135.46341463417,29491079.0,21187131.0
229160,Texas Wesleyan University,TX,NAIA Division I ,"Private nonprofit, 4-year or above",1674832.0,1584875.0,115.0,2888.0,332117.0,1.0,7.0,8469816,7976544,47615.0,30891.0,8.0,14.0,18292.0,23948,2025,2024-25,https://ope.ed.gov/athletics/#/datafile/list,89957.0,13781.521739130434,1252758.0,813394.0
216296,Thaddeus Stevens College of Technology,PA,NJCAA Division III ,"Public, 2-year",143583.0,140838.0,91.0,1048.0,95370.0,1.0,9.0,341832,338347,6064.0,5665.0,5.0,8.0,0.0,0,2025,2024-25,https://ope.ed.gov/athletics/#/datafile/list,2745.0,1547.6703296703297,45468.0,75640.0
131283,The Catholic University of America,DC,NCAA Division III with football,"Private nonprofit, 4-year or above",670988.0,575397.0,105.0,2679.0,281340.0,1.0,11.0,6134935,6105642,55826.0,13123.0,10.0,24.0,42242.0,79463,2025,2024-25,https://ope.ed.gov/athletics/#/datafile/list,95591.0,5479.971428571429,294057.0,873212.0
142294,The College of Idaho,ID,NAIA Division II ,"Private nonprofit, 4-year or above",2066362.0,2066362.0,131.0,2149.0,281561.0,1.0,13.0,7306674,7306674,39687.0,13640.0,9.0,24.0,40756.0,48411,2025,2024-25,https://ope.ed.gov/athletics/#/datafile/list,0.0,15773.75572519084,1784801.0,684543.0
187134,The College of New Jersey,NJ,NCAA Division III with football,"Public, 4-year or above",510897.0,510897.0,100.0,1111.0,111118.0,1.0,7.0,4918463,4918463,94185.0,13431.0,8.0,28.0,23025.0,43150,2025,2024-25,https://ope.ed.gov/athletics/#/datafile/list,0.0,5108.97,399779.0,1129548.0
174899,The College of Saint Scholastica,MN,NCAA Division III with football,"Private nonprofit, 4-year or above",590098.0,540633.0,67.0,1037.0,69498.0,1.0,8.0,5105306,4320998,39836.0,10069.0,11.0,29.0,17625.0,22425,2025,2024-25,https://ope.ed.gov/athletics/#/datafile/list,49465.0,8069.149253731343,471135.0,730197.0
206589,The College of Wooster,OH,NCAA Division III with football,"Private nonprofit, 4-year or above",542181.0,506014.0,72.0,1094.0,78733.0,1.0,7.0,5893370,5002139,51398.0,18131.0,9.0,15.0,44025.0,69056,2025,2024-25,https://ope.ed.gov/athletics/#/datafile/list,36167.0,7027.972222222223,427281.0,734547.0
100751,The University of Alabama,AL,NCAA Division I-FBS,"Public, 4-year or above",146325227.0,81502191.0,132.0,102040.0,13469329.0,1.0,10.0,244551544,229908712,1371013.0,521039.0,7.0,29.0,5296404.0,6162081,2025,2024-25,https://ope.ed.gov/athletics/#/datafile/list,64823036.0,617440.8409090909,68032862.0,24707222.0
202763,The University of Findlay,OH,NCAA Division II with football,"Private nonprofit, 4-year or above",2609157.0,2541664.0,130.0,1082.0,140644.0,1.0,9.0,15301713,13764356,60083.0,28566.0,9.0,20.0,26195.0,43369,2025,2024-25,https://ope.ed.gov/athletics/#/datafile/list,67493.0,19551.26153846154,2401020.0,1112067.0
180489,The University of Montana,MT,NCAA Division I-FCS,"Public, 4-year or above",11316096.0,8889920.0,134.0,3896.0,522069.0,1.0,9.0,30414535,30414535,318373.0,107612.0,4.0,17.0,341441.0,546902,2025,2024-25,https://ope.ed.gov/athletics/#/datafile/list,2426176.0,66342.68656716419,8367851.0,3102896.0
180692,The University of Montana-Western,MT,NAIA Division I ,"Public, 4-year or above",1292370.0,1053984.0,125.0,2571.0,321410.0,1.0,5.0,3263329,2902127,53255.0,27775.0,4.0,6.0,48687.0,87407,2025,2024-25,https://ope.ed.gov/athletics/#/datafile/list,238386.0,8431.872,732574.0,379670.0
171599,The University of Olivet,MI,NCAA Division III with football,"Private nonprofit, 4-year or above",596027.0,596027.0,139.0,1293.0,179742.0,1.0,8.0,2881427,2881427,34042.0,13914.0,13.0,32.0,11217.0,16467,2025,2024-25,https://ope.ed.gov/athletics/#/datafile/list,0.0,4287.964028776978,416285.0,887794.0
221740,The University of Tennessee-Chattanooga,TN,NCAA Division I-FCS,"Public, 4-year or above",6543957.0,6543957.0,117.0,6654.0,778492.0,1.0,10.0,26447806,26447806,176029.0,86134.0,6.0,17.0,459226.0,698294,2025,2024-25,https://ope.ed.gov/athletics/#/datafile/list,0.0,55931.256410256414,5765465.0,2520452.0
221759,The University of Tennessee-Knoxville,TN,NCAA Division I-FBS,"Public, 4-year or above",162539638.0,61240437.0,123.0,57236.0,7040028.0,1.0,10.0,285364027,285364027,2988550.0,328274.0,7.0,37.0,3734226.0,5125917,2025,2024-25,https://ope.ed.gov/athletics/#/datafile/list,101299201.0,497889.73170731706,54200409.0,33065988.0
221768,The University of Tennessee-Martin,TN,NCAA Division I-FCS,"Public, 4-year or above",3935880.0,3981711.0,116.0,6691.0,776155.0,1.0,8.0,15610419,15610419,103043.0,41314.0,6.0,19.0,140499.0,172021,2025,2024-25,https://ope.ed.gov/athletics/#/datafile/list,-45831.0,34325.09482758621,3205556.0,1403224.0
229018,The University of Texas Permian Basin,TX,NCAA Division II with football,"Public, 4-year or above",1700260.0,3173171.0,156.0,2498.0,389610.0,1.0,12.0,9464922,9464922,94333.0,36034.0,6.0,18.0,45666.0,67998,2025,2024-25,https://ope.ed.gov/athletics/#/datafile/list,-1472911.0,20340.839743589742,2783561.0,1214610.0
228778,The University of Texas at Austin,TX,NCAA Division I-FBS,"Public, 4-year or above",171892714.0,70405628.0,118.0,50851.0,6000446.0,1.0,17.0,343106827,277413781,2619784.0,388714.0,7.0,33.0,4607960.0,5755764,2025,2024-25,https://ope.ed.gov/athletics/#/datafile/list,101487086.0,596657.8644067796,64405182.0,31166050.0
228796,The University of Texas at El Paso,TX,NCAA Division I-FBS,"Public, 4-year or above",13123683.0,11062136.0,114.0,20738.0,2364138.0,1.0,16.0,32413794,32413794,431712.0,92150.0,4.0,21.0,547446.0,773900,2025,2024-25,https://ope.ed.gov/athletics/#/datafile/list,2061547.0,97036.28070175438,8697998.0,3661998.0
229027,The University of Texas at San Antonio,TX,NCAA Division I-FBS,"Public, 4-year or above",17853035.0,17853035.0,118.0,31293.0,3692629.0,1.0,14.0,54436434,49898232,670430.0,199045.0,6.0,23.0,595857.0,802446,2025,2024-25,https://ope.ed.gov/athletics/#/datafile/list,0.0,151296.90677966102,14160406.0,8600615.0
221519,The University of the South,TN,NCAA Division III with football,"Private nonprofit, 4-year or above",881081.0,881081.0,90.0,3455.0,310938.0,1.0,5.0,5812663,5812663,71221.0,40038.0,11.0,13.0,77086.0,121687,2025,2024-25,https://ope.ed.gov/athletics/#/datafile/list,0.0,9789.788888888888,570143.0,1303925.0
216357,Thiel College,PA,NCAA Division III with football,"Private nonprofit, 4-year or above",417345.0,417345.0,106.0,731.0,77516.0,1.0,8.0,2877766,2877766,42498.0,23156.0,10.0,17.0,22802.0,36079,2025,2024-25,https://ope.ed.gov/athletics/#/datafile/list,0.0,3937.216981132075,339829.0,818632.0
157809,Thomas More University,KY,NCAA Division II with football,"Private nonprofit, 4-year or above",1624190.0,1550812.0,137.0,835.0,114410.0,1.0,17.0,7532308,6374067,30158.0,10793.0,13.0,32.0,30017.0,46101,2025,2024-25,https://ope.ed.gov/athletics/#/datafile/list,73378.0,11319.795620437955,1436402.0,737430.0
141167,Thomas University,GA,NAIA Division I ,"Private nonprofit, 4-year or above",928569.0,600234.0,75.0,2418.0,181313.0,1.0,7.0,4167654,4167654,54039.0,36022.0,6.0,10.0,4541.0,8026,2025,2024-25,https://ope.ed.gov/athletics/#/datafile/list,328335.0,8003.12,418921.0,684454.0
206048,Tiffin University,OH,NCAA Division II with football,"Private nonprofit, 4-year or above",2056060.0,2056060.0,154.0,1403.0,216118.0,1.0,9.0,11585502,11585502,54594.0,30617.0,9.0,20.0,61505.0,91662,2025,2024-25,https://ope.ed.gov/athletics/#/datafile/list,0.0,13351.03896103896,1839942.0,1103686.0
164076,Towson University,MD,NCAA Division I-FCS,"Public, 4-year or above",5646644.0,5646644.0,106.0,8217.0,870971.0,1.0,10.0,29350327,29350327,256345.0,90794.0,6.0,22.0,220652.0,392389,2025,2024-25,https://ope.ed.gov/athletics/#/datafile/list,0.0,53270.22641509434,4775673.0,3535538.0
152567,Trine University,IN,NCAA Division III with football,"Private nonprofit, 4-year or above",832535.0,811874.0,232.0,889.0,206335.0,1.0,11.0,6233312,6005129,47462.0,17442.0,13.0,34.0,74210.0,113074,2025,2024-25,https://ope.ed.gov/athletics/#/datafile/list,20661.0,3499.456896551724,605539.0,1210034.0
130590,Trinity College,CT,NCAA Division III with football,"Private nonprofit, 4-year or above",1217292.0,1217292.0,104.0,2020.0,210070.0,1.0,10.0,11194481,11194481,75716.0,27850.0,13.0,32.0,67362.0,106038,2025,2024-25,https://ope.ed.gov/athletics/#/datafile/list,0.0,11704.73076923077,1007222.0,1875508.0
229267,Trinity University,TX,NCAA Division III with football,"Private nonprofit, 4-year or above",1541150.0,1535345.0,124.0,5497.0,681604.0,1.0,12.0,8468541,8375292,91709.0,30393.0,10.0,30.0,0.0,0,2025,2024-25,https://ope.ed.gov/athletics/#/datafile/list,5805.0,12381.814516129032,853741.0,1828880.0
225308,Trinity Valley Community College,TX,NJCAA Division I ,"Public, 2-year",1132808.0,1132808.0,91.0,2131.0,193941.0,1.0,7.0,5800609,5800609,54051.0,44294.0,2.0,9.0,36458.0,83222,2025,2024-25,https://ope.ed.gov/athletics/#/datafile/list,0.0,12448.43956043956,938867.0,506748.0
102368,Troy University,AL,NCAA Division I-FBS,"Public, 4-year or above",12597439.0,10281345.0,129.0,9868.0,1273008.0,1.0,14.0,39742013,39742013,385149.0,194502.0,6.0,26.0,371608.0,533038,2025,2024-25,https://ope.ed.gov/athletics/#/datafile/list,2316094.0,79700.3488372093,9008337.0,7367946.0
178615,Truman State University,MO,NCAA Division II with football,"Public, 4-year or above",1409012.0,1409012.0,94.0,1957.0,183974.0,1.0,6.0,6325891,6325891,53067.0,36460.0,7.0,10.0,40389.0,62249,2025,2024-25,https://ope.ed.gov/athletics/#/datafile/list,0.0,14989.489361702128,1225038.0,736069.0
168148,Tufts University,MA,NCAA Division III with football,"Private nonprofit, 4-year or above",1252454.0,1134109.0,93.0,2457.0,228471.0,1.0,12.0,12733718,12733718,82745.0,23139.0,12.0,43.0,94184.0,139023,2025,2024-25,https://ope.ed.gov/athletics/#/datafile/list,118345.0,12194.720430107527,905638.0,1987917.0
160755,Tulane University of Louisiana,LA,NCAA Division I-FBS,"Private nonprofit, 4-year or above",23998569.0,22676121.0,125.0,12533.0,1566610.0,1.0,17.0,66211945,66211945,955778.0,170726.0,5.0,28.0,1081320.0,1445062,2025,2024-25,https://ope.ed.gov/athletics/#/datafile/list,1322448.0,181408.968,21109511.0,9559218.0
221953,Tusculum University,TN,NCAA Division II with football,"Private nonprofit, 4-year or above",1697735.0,1696350.0,149.0,1296.0,193040.0,1.0,8.0,9253141,9253141,39867.0,28639.0,11.0,16.0,59337.0,80449,2025,2024-25,https://ope.ed.gov/athletics/#/datafile/list,1385.0,11384.89932885906,1503310.0,896761.0
102377,Tuskegee University,AL,NCAA Division II with football,"Private nonprofit, 4-year or above",2495545.0,2495545.0,143.0,1494.0,213620.0,1.0,9.0,5773045,5773045,110004.0,98455.0,7.0,11.0,79557.0,89812,2025,2024-25,https://ope.ed.gov/athletics/#/datafile/list,0.0,17451.363636363636,2281925.0,1853033.0
229355,Tyler Junior College,TX,NJCAA Division I ,"Public, 2-year",1009556.0,1009556.0,94.0,1016.0,95529.0,1.0,5.0,5708535,5708535,74823.0,31565.0,6.0,9.0,11863.0,28929,2025,2024-25,https://ope.ed.gov/athletics/#/datafile/list,0.0,10739.95744680851,914027.0,733023.0
196866,Union College,NY,NCAA Division III with football,"Private nonprofit, 4-year or above",860100.0,797104.0,100.0,1213.0,121260.0,1.0,10.0,10380250,10278068,76972.0,19397.0,10.0,24.0,87569.0,154110,2025,2024-25,https://ope.ed.gov/athletics/#/datafile/list,62996.0,7971.04,675844.0,1235248.0
157863,Union Commonwealth University,KY,NAIA Division I ,"Private nonprofit, 4-year or above",3387876.0,3383778.0,164.0,1189.0,195007.0,1.0,5.0,13076134,12960795,31758.0,28302.0,10.0,8.0,5658.0,6752,2025,2024-25,https://ope.ed.gov/athletics/#/datafile/list,4098.0,20632.79268292683,3188771.0,543996.0
197027,United States Merchant Marine Academy,NY,NCAA Division III with football,"Public, 4-year or above",534987.0,523324.0,100.0,1441.0,144060.0,1.0,7.0,5696055,4772963,44054.0,31412.0,11.0,15.0,32547.0,46921,2025,2024-25,https://ope.ed.gov/athletics/#/datafile/list,11663.0,5233.24,379264.0,955774.0
196060,University at Albany,NY,NCAA Division I-FCS,"Public, 4-year or above",5650342.0,4949388.0,100.0,9939.0,993921.0,1.0,12.0,24549745,24549745,163398.0,49920.0,8.0,31.0,230429.0,370107,2025,2024-25,https://ope.ed.gov/athletics/#/datafile/list,700954.0,49493.88,3955467.0,2854704.0
196088,University at Buffalo,NY,NCAA Division I-FBS,"Public, 4-year or above",14098031.0,14098031.0,118.0,20292.0,2394433.0,1.0,14.0,49986844,49986844,222405.0,87372.0,5.0,27.0,503371.0,704266,2025,2024-25,https://ope.ed.gov/athletics/#/datafile/list,0.0,119474.83898305084,11703598.0,3471069.0
200800,University of Akron Main Campus,OH,NCAA Division I-FBS,"Public, 4-year or above",7630898.0,7630898.0,110.0,18997.0,2089687.0,1.0,19.0,33581790,33581788,233555.0,68253.0,5.0,37.0,240369.0,368419,2025,2024-25,https://ope.ed.gov/athletics/#/datafile/list,0.0,69371.8,5541211.0,3693136.0
100663,University of Alabama at Birmingham,AL,NCAA Division I-FBS,"Public, 4-year or above",14442335.0,13162064.0,120.0,17747.0,2129605.0,1.0,10.0,43889337,40789883,510534.0,110441.0,6.0,23.0,515346.0,783382,2025,2024-25,https://ope.ed.gov/athletics/#/datafile/list,1280271.0,109683.86666666668,11032459.0,5603347.0
104179,University of Arizona,AZ,NCAA Division I-FBS,"Public, 4-year or above",37795880.0,37795880.0,113.0,56827.0,6421443.0,1.0,14.0,132661899,132661899,979367.0,253284.0,9.0,37.0,2597121.0,3399513,2025,2024-25,https://ope.ed.gov/athletics/#/datafile/list,0.0,334476.81415929203,31374437.0,18185811.0
106397,University of Arkansas,AR,NCAA Division I-FBS,"Public, 4-year or above",90791403.0,57370871.0,127.0,64621.0,8206839.0,1.0,14.0,195879594,188988863,3332039.0,471042.0,6.0,26.0,2544123.0,3366515,2025,2024-25,https://ope.ed.gov/athletics/#/datafile/list,33420532.0,451739.14173228346,49164032.0,32239326.0
106485,University of Arkansas at Monticello,AR,NCAA Division II with football,"Public, 4-year or above",1569629.0,1569629.0,135.0,2266.0,305968.0,1.0,5.0,5218849,5218849,62058.0,38840.0,4.0,7.0,45647.0,69228,2025,2024-25,https://ope.ed.gov/athletics/#/datafile/list,0.0,11626.88148148148,1263661.0,520112.0
106412,University of Arkansas at Pine Bluff,AR,NCAA Division I-FCS,"Public, 4-year or above",2111782.0,2111782.0,110.0,1177.0,129466.0,1.0,8.0,9302196,9302196,135753.0,44151.0,5.0,14.0,3787.0,10819,2025,2024-25,https://ope.ed.gov/athletics/#/datafile/list,0.0,19198.01818181818,1982316.0,1296879.0
110635,University of California-Berkeley,CA,NCAA Division I-FBS,"Public, 4-year or above",63954618.0,46721911.0,120.0,90136.0,10816270.0,1.0,10.0,173116318,173116318,788336.0,231773.0,12.0,39.0,2681244.0,3866291,2025,2024-25,https://ope.ed.gov/athletics/#/datafile/list,17232707.0,389349.25833333336,35905641.0,18499179.0
110644,University of California-Davis,CA,NCAA Division I-FCS,"Public, 4-year or above",7800036.0,7800036.0,116.0,12565.0,1457515.0,1.0,12.0,46854471,46854471,171555.0,60118.0,9.0,27.0,316782.0,539135,2025,2024-25,https://ope.ed.gov/athletics/#/datafile/list,0.0,67241.68965517242,6342521.0,3167181.0
110662,University of California-Los Angeles,CA,NCAA Division I-FBS,"Public, 4-year or above",55205071.0,55205071.0,121.0,69760.0,8440938.0,1.0,10.0,173429394,173429394,1293740.0,256592.0,9.0,36.0,2762235.0,3500798,2025,2024-25,https://ope.ed.gov/athletics/#/datafile/list,0.0,456240.2561983471,46764133.0,20880972.0
106704,University of Central Arkansas,AR,NCAA Division I-FCS,"Public, 4-year or above",4370247.0,4370247.0,165.0,5367.0,885495.0,1.0,12.0,17748955,17748955,107357.0,37921.0,6.0,27.0,180781.0,308749,2025,2024-25,https://ope.ed.gov/athletics/#/datafile/list,0.0,26486.345454545455,3484752.0,1668009.0
132903,University of Central Florida,FL,NCAA Division I-FBS,"Public, 4-year or above",30085713.0,38695138.0,120.0,64652.0,7758277.0,1.0,10.0,108885086,103615446,1226225.0,312036.0,6.0,23.0,1693043.0,2226660,2025,2024-25,https://ope.ed.gov/athletics/#/datafile/list,-8609425.0,322459.48333333334,30936861.0,14534178.0
176965,University of Central Missouri,MO,NCAA Division II with football,"Public, 4-year or above",2957122.0,2957122.0,160.0,3284.0,525483.0,1.0,11.0,14527254,14527254,84672.0,22399.0,7.0,34.0,62496.0,102366,2025,2024-25,https://ope.ed.gov/athletics/#/datafile/list,0.0,18482.0125,2431639.0,1354270.0
206941,University of Central Oklahoma,OK,NCAA Division II with football,"Public, 4-year or above",2189319.0,2067924.0,143.0,2114.0,302274.0,1.0,9.0,11234761,10794478,96873.0,51624.0,5.0,9.0,22120.0,32140,2025,2024-25,https://ope.ed.gov/athletics/#/datafile/list,121395.0,14461.006993006991,1765650.0,948981.0
237312,University of Charleston,WV,NCAA Division II with football,"Private nonprofit, 4-year or above",2158924.0,2137871.0,133.0,1647.0,219106.0,1.0,9.0,10284411,9494786,49779.0,13897.0,8.0,24.0,53737.0,78709,2025,2024-25,https://ope.ed.gov/athletics/#/datafile/list,21053.0,16074.218045112782,1918765.0,731760.0
144050,University of Chicago,IL,NCAA Division III with football,"Private nonprofit, 4-year or above",767000.0,767000.0,92.0,3001.0,276086.0,1.0,6.0,8401119,8401119,91933.0,22397.0,8.0,25.0,52190.0,87735,2025,2024-25,https://ope.ed.gov/athletics/#/datafile/list,0.0,8336.95652173913,490914.0,1295389.0
201885,University of Cincinnati-Main Campus,OH,NCAA Division I-FBS,"Public, 4-year or above",30429185.0,30429185.0,120.0,54685.0,6562255.0,1.0,14.0,119327103,119327103,172518.0,192682.0,6.0,33.0,1549379.0,1999976,2025,2024-25,https://ope.ed.gov/athletics/#/datafile/list,0.0,253576.54166666663,23866930.0,7393614.0
126614,University of Colorado Boulder,CO,NCAA Division I-FBS,"Public, 4-year or above",69306235.0,42805019.0,118.0,86145.0,10165130.0,1.0,13.0,161671803,161512069,2636483.0,335353.0,5.0,24.0,1380307.0,1872538,2025,2024-25,https://ope.ed.gov/athletics/#/datafile/list,26501216.0,362754.39830508473,32639889.0,21230887.0
129020,University of Connecticut,CT,NCAA Division I-FBS,"Public, 4-year or above",20479873.0,20479873.0,113.0,38087.0,4303812.0,1.0,10.0,97050998,97050998,1175967.0,235537.0,7.0,26.0,1405652.0,2024354,2025,2024-25,https://ope.ed.gov/athletics/#/datafile/list,0.0,181237.81415929203,16176061.0,14355731.0
202480,University of Dayton,OH,NCAA Division I-FCS,"Private nonprofit, 4-year or above",524006.0,2219396.0,119.0,7771.0,924700.0,1.0,12.0,43653540,43653540,481626.0,70877.0,7.0,24.0,284118.0,501612,2025,2024-25,https://ope.ed.gov/athletics/#/datafile/list,-1695390.0,18650.386554621848,1294696.0,5072430.0
130943,University of Delaware,DE,NCAA Division I-FCS,"Public, 4-year or above",10126804.0,10126804.0,110.0,9661.0,1062666.0,1.0,10.0,65523927,65523927,266735.0,81659.0,8.0,27.0,421878.0,678147,2025,2024-25,https://ope.ed.gov/athletics/#/datafile/list,0.0,92061.85454545454,9064138.0,4338673.0
153278,University of Dubuque,IA,NCAA Division III with football,"Private nonprofit, 4-year or above",710224.0,709070.0,123.0,1155.0,142092.0,1.0,11.0,5709926,5430500,66843.0,39969.0,12.0,15.0,68874.0,96322,2025,2024-25,https://ope.ed.gov/athletics/#/datafile/list,1154.0,5764.79674796748,566978.0,1401651.0
134130,University of Florida,FL,NCAA Division I-FBS,"Public, 4-year or above",113351580.0,51766013.0,131.0,85593.0,11212645.0,1.0,10.0,199237539,199237539,2103699.0,327397.0,7.0,34.0,3380567.0,4400799,2025,2024-25,https://ope.ed.gov/athletics/#/datafile/list,61585567.0,395160.40458015265,40553368.0,25857391.0
457402,University of Fort Lauderdale,FL,NCCAA Division I ,"Private nonprofit, 4-year or above",332131.0,332131.0,50.0,3006.0,150318.0,1.0,7.0,1954698,1954698,42833.0,9055.0,4.0,15.0,0.0,0,2025,2024-25,https://ope.ed.gov/athletics/#/datafile/list,0.0,6642.62,181813.0,307157.0
139959,University of Georgia,GA,NCAA Division I-FBS,"Public, 4-year or above",149285887.0,71107704.0,135.0,93222.0,12584933.0,1.0,10.0,233526965,226736834,2800198.0,502562.0,7.0,31.0,3856269.0,4979750,2025,2024-25,https://ope.ed.gov/athletics/#/datafile/list,78178183.0,526723.7333333333,58522771.0,35180808.0
141574,University of Hawaii at Manoa,HI,NCAA Division I-FBS,"Public, 4-year or above",12129152.0,13857022.0,114.0,29838.0,3401533.0,1.0,10.0,53793049,53793049,245595.0,100409.0,7.0,24.0,535355.0,831953,2025,2024-25,https://ope.ed.gov/athletics/#/datafile/list,-1727870.0,121552.82456140353,10455489.0,4128981.0
225511,University of Houston,TX,NCAA Division I-FBS,"Public, 4-year or above",23271364.0,23271364.0,119.0,27349.0,3254511.0,1.0,10.0,100162965,100162965,2156611.0,263848.0,5.0,22.0,1169803.0,1500405,2025,2024-25,https://ope.ed.gov/athletics/#/datafile/list,0.0,195557.6806722689,20016853.0,16587711.0
142285,University of Idaho,ID,NCAA Division I-FCS,"Public, 4-year or above",6592383.0,6592383.0,116.0,15455.0,1792729.0,1.0,15.0,23432394,23432394,90910.0,71828.0,5.0,16.0,286271.0,472156,2025,2024-25,https://ope.ed.gov/athletics/#/datafile/list,0.0,56830.887931034486,4799654.0,1603798.0
145637,University of Illinois Urbana-Champaign,IL,NCAA Division I-FBS,"Public, 4-year or above",87939659.0,48001399.0,119.0,73757.0,8777025.0,1.0,10.0,174612181,174612181,1810900.0,325452.0,8.0,38.0,2800759.0,3563850,2025,2024-25,https://ope.ed.gov/athletics/#/datafile/list,39938260.0,403373.1008403361,39224374.0,26854376.0
151263,University of Indianapolis,IN,NCAA Division II with football,"Private nonprofit, 4-year or above",2441385.0,2441385.0,120.0,1272.0,152643.0,1.0,9.0,16769268,16769268,63981.0,20161.0,10.0,36.0,72213.0,111379,2025,2024-25,https://ope.ed.gov/athletics/#/datafile/list,0.0,20344.875,2288742.0,1365606.0
153658,University of Iowa,IA,NCAA Division I-FBS,"Public, 4-year or above",105190203.0,50894414.0,131.0,49726.0,6514116.0,1.0,15.0,179990052,150892055,1898900.0,438153.0,6.0,26.0,1549180.0,2304738,2025,2024-25,https://ope.ed.gov/athletics/#/datafile/list,54295789.0,388506.9770992366,44380298.0,22785378.0
200156,University of Jamestown,ND,NCAA Division II with football,"Private nonprofit, 4-year or above",1812051.0,1812051.0,168.0,1027.0,172479.0,1.0,10.0,8776815,8776815,51901.0,28146.0,8.0,14.0,105689.0,171400,2025,2024-25,https://ope.ed.gov/athletics/#/datafile/list,0.0,10786.017857142857,1639572.0,809252.0
155317,University of Kansas,KS,NCAA Division I-FBS,"Public, 4-year or above",37107691.0,34516494.0,122.0,67880.0,8281389.0,1.0,10.0,173669277,159866627,1176779.0,334584.0,5.0,26.0,1778686.0,2440088,2025,2024-25,https://ope.ed.gov/athletics/#/datafile/list,2591197.0,282922.08196721313,26235105.0,14583079.0
157085,University of Kentucky,KY,NCAA Division I-FBS,"Public, 4-year or above",43281917.0,43281917.0,122.0,35832.0,4371474.0,1.0,14.0,186609679,186609679,2084324.0,325765.0,8.0,36.0,2982179.0,4008183,2025,2024-25,https://ope.ed.gov/athletics/#/datafile/list,0.0,354769.81147540984,38910443.0,28402132.0
117140,University of La Verne,CA,NCAA Division III with football,"Private nonprofit, 4-year or above",730459.0,658313.0,114.0,736.0,83868.0,1.0,12.0,4774971,4435141,68877.0,12085.0,9.0,29.0,0.0,0,2025,2024-25,https://ope.ed.gov/athletics/#/datafile/list,72146.0,5774.675438596491,574445.0,970358.0
160658,University of Louisiana at Lafayette,LA,NCAA Division I-FBS,"Public, 4-year or above",14846554.0,14846554.0,142.0,21786.0,3093613.0,1.0,10.0,42959075,42959075,350334.0,142000.0,6.0,22.0,501208.0,779141,2025,2024-25,https://ope.ed.gov/athletics/#/datafile/list,0.0,104553.1971830986,11752941.0,5226004.0
159993,University of Louisiana at Monroe,LA,NCAA Division I-FBS,"Public, 4-year or above",7772886.0,7772886.0,117.0,13029.0,1524451.0,1.0,10.0,20557764,20557764,229122.0,89501.0,5.0,18.0,215545.0,319422,2025,2024-25,https://ope.ed.gov/athletics/#/datafile/list,0.0,66434.92307692308,6248435.0,2756628.0
157289,University of Louisville,KY,NCAA Division I-FBS,"Public, 4-year or above",33090886.0,30745125.0,120.0,26642.0,3197094.0,1.0,15.0,155903308,154819604,1346875.0,180804.0,8.0,35.0,1579219.0,2381433,2025,2024-25,https://ope.ed.gov/athletics/#/datafile/list,2345761.0,256209.375,27548031.0,17103140.0
161253,University of Maine,ME,NCAA Division I-FCS,"Public, 4-year or above",5815078.0,5815078.0,110.0,11317.0,1244902.0,1.0,10.0,22438557,22438557,186487.0,65047.0,6.0,20.0,306062.0,435373,2025,2024-25,https://ope.ed.gov/athletics/#/datafile/list,0.0,52864.34545454545,4570176.0,2419862.0
200217,University of Mary,ND,NCAA Division II with football,"Private nonprofit, 4-year or above",1712584.0,1712584.0,90.0,2504.0,225329.0,1.0,6.0,8180386,8180386,55510.0,23147.0,6.0,11.0,73449.0,117874,2025,2024-25,https://ope.ed.gov/athletics/#/datafile/list,0.0,19028.71111111111,1487255.0,587677.0
226471,University of Mary Hardin-Baylor,TX,NCAA Division III with football,"Private nonprofit, 4-year or above",1481071.0,1481071.0,167.0,1940.0,324010.0,1.0,11.0,6632764,6632764,72628.0,34207.0,7.0,17.0,70148.0,87751,2025,2024-25,https://ope.ed.gov/athletics/#/datafile/list,0.0,8868.688622754491,1157061.0,1089915.0
163286,University of Maryland-College Park,MD,NCAA Division I-FBS,"Public, 4-year or above",63070858.0,35502618.0,120.0,49673.0,5960732.0,1.0,10.0,128662116,128662116,1568408.0,220072.0,8.0,36.0,2126655.0,2722746,2025,2024-25,https://ope.ed.gov/athletics/#/datafile/list,27568240.0,295855.15,29541886.0,20469856.0
166629,University of Massachusetts-Amherst,MA,NCAA Division I-FBS,"Public, 4-year or above",13419026.0,13419026.0,111.0,17377.0,1928875.0,1.0,14.0,57654295,57654295,570256.0,100061.0,9.0,35.0,909462.0,1211392,2025,2024-25,https://ope.ed.gov/athletics/#/datafile/list,0.0,120892.12612612612,11490151.0,8634439.0
167987,University of Massachusetts-Dartmouth,MA,NCAA Division III with football,"Public, 4-year or above",327868.0,310502.0,114.0,1081.0,123234.0,1.0,9.0,5967961,5392123,26366.0,4939.0,8.0,25.0,21082.0,46963,2025,2024-25,https://ope.ed.gov/athletics/#/datafile/list,17366.0,2723.7017543859647,187268.0,334403.0
220862,University of Memphis,TN,NCAA Division I-FBS,"Public, 4-year or above",22026675.0,22026675.0,165.0,14171.0,2338239.0,1.0,12.0,65857423,65857423,822759.0,154900.0,7.0,25.0,945475.0,1330875,2025,2024-25,https://ope.ed.gov/athletics/#/datafile/list,0.0,133495.0,19688436.0,9631813.0
135726,University of Miami,FL,NCAA Division I-FBS,"Private nonprofit, 4-year or above",99864288.0,88117956.0,127.0,58090.0,7377416.0,1.0,10.0,230484608,230484608,2047089.0,422491.0,6.0,25.0,5481010.0,6478885,2025,2024-25,https://ope.ed.gov/athletics/#/datafile/list,11746332.0,693842.1732283465,80740540.0,22844809.0
170976,University of Michigan-Ann Arbor,MI,NCAA Division I-FBS,"Public, 4-year or above",175299592.0,61663186.0,139.0,63794.0,8867426.0,1.0,13.0,236376759,222088909,1002368.0,273456.0,14.0,53.0,4902622.0,6057451,2025,2024-25,https://ope.ed.gov/athletics/#/datafile/list,113636406.0,443620.0431654676,52795760.0,28526320.0
174233,University of Minnesota-Duluth,MN,NCAA Division II with football,"Public, 4-year or above",2378695.0,2378695.0,101.0,3299.0,333184.0,1.0,11.0,15316934,15316934,251800.0,54582.0,5.0,23.0,128002.0,198761,2025,2024-25,https://ope.ed.gov/athletics/#/datafile/list,0.0,23551.435643564357,2045511.0,2514386.0
174251,University of Minnesota-Morris,MN,NCAA Division III with football,"Public, 4-year or above",307419.0,291451.0,71.0,1309.0,92937.0,1.0,5.0,1853982,1835740,26072.0,9493.0,8.0,16.0,13322.0,32735,2025,2024-25,https://ope.ed.gov/athletics/#/datafile/list,15968.0,4104.943661971831,198514.0,360464.0
174066,University of Minnesota-Twin Cities,MN,NCAA Division I-FBS,"Public, 4-year or above",101726085.0,45452693.0,117.0,63295.0,7405502.0,1.0,10.0,156773938,146804169,1141273.0,236856.0,9.0,34.0,2540224.0,3287808,2025,2024-25,https://ope.ed.gov/athletics/#/datafile/list,56273392.0,388484.5555555555,38047191.0,18324561.0
176017,University of Mississippi,MS,NCAA Division I-FBS,"Public, 4-year or above",90702621.0,61846036.0,126.0,76420.0,9628935.0,1.0,13.0,171119339,171119339,2969029.0,441603.0,6.0,28.0,2609171.0,3295396,2025,2024-25,https://ope.ed.gov/athletics/#/datafile/list,28856585.0,490841.5555555555,52217101.0,30179058.0
178396,University of Missouri-Columbia,MO,NCAA Division I-FBS,"Public, 4-year or above",53301146.0,49316139.0,122.0,59839.0,7300308.0,1.0,10.0,181114849,181114849,2140163.0,267477.0,7.0,37.0,2468280.0,3077285,2025,2024-25,https://ope.ed.gov/athletics/#/datafile/list,3985007.0,404230.6475409836,42015831.0,24877790.0
204185,University of Mount Union,OH,NCAA Division III with football,"Private nonprofit, 4-year or above",1024071.0,1024071.0,200.0,1126.0,225123.0,1.0,11.0,5765272,5765272,48229.0,18356.0,11.0,39.0,80451.0,102646,2025,2024-25,https://ope.ed.gov/athletics/#/datafile/list,0.0,5120.355,798948.0,1246403.0
181215,University of Nebraska at Kearney,NE,NCAA Division II with football,"Public, 4-year or above",2453138.0,2453138.0,133.0,2846.0,378560.0,1.0,6.0,10596788,10536901,91111.0,52887.0,5.0,12.0,31400.0,59070,2025,2024-25,https://ope.ed.gov/athletics/#/datafile/list,0.0,18444.646616541355,2074578.0,1090199.0
181464,University of Nebraska-Lincoln,NE,NCAA Division I-FBS,"Public, 4-year or above",122283973.0,70574668.0,155.0,65112.0,10092299.0,1.0,23.0,205807522,198462402,1742862.0,294978.0,8.0,43.0,2399346.0,3172140,2025,2024-25,https://ope.ed.gov/athletics/#/datafile/list,51709305.0,455320.43870967743,60482369.0,26626950.0
182281,University of Nevada-Las Vegas,NV,NCAA Division I-FBS,"Public, 4-year or above",24707431.0,20854643.0,113.0,45978.0,5195487.0,1.0,10.0,77272658,74767674,186964.0,121649.0,7.0,27.0,1516473.0,1941096,2025,2024-25,https://ope.ed.gov/athletics/#/datafile/list,3852788.0,184554.3628318584,15659156.0,4593271.0
182290,University of Nevada-Reno,NV,NCAA Division I-FBS,"Public, 4-year or above",13624871.0,12983551.0,117.0,31762.0,3716127.0,1.0,10.0,53153531,53153531,449448.0,185238.0,7.0,18.0,725272.0,988595,2025,2024-25,https://ope.ed.gov/athletics/#/datafile/list,641320.0,110970.52136752136,9267424.0,6480420.0
161457,University of New England,ME,NCAA Division III with football,"Private nonprofit, 4-year or above",761340.0,777433.0,106.0,1104.0,117009.0,1.0,10.0,4825959,4330420,60816.0,15143.0,7.0,20.0,44799.0,75732,2025,2024-25,https://ope.ed.gov/athletics/#/datafile/list,-16093.0,7334.273584905661,660424.0,728572.0
183044,University of New Hampshire-Main Campus,NH,NCAA Division I-FCS,"Public, 4-year or above",6707517.0,6707517.0,105.0,12854.0,1349721.0,1.0,12.0,44558664,44558664,215708.0,49510.0,6.0,31.0,209250.0,326864,2025,2024-25,https://ope.ed.gov/athletics/#/datafile/list,0.0,63881.11428571429,5357796.0,2829058.0
129941,University of New Haven,CT,NCAA Division II with football,"Private nonprofit, 4-year or above",3018239.0,3018239.0,151.0,2270.0,342756.0,1.0,18.0,13127971,12782981,81033.0,16901.0,7.0,31.0,55244.0,97965,2025,2024-25,https://ope.ed.gov/athletics/#/datafile/list,0.0,19988.33774834437,2675483.0,1091162.0
187985,University of New Mexico-Main Campus,NM,NCAA Division I-FBS,"Public, 4-year or above",15266440.0,14730964.0,117.0,29552.0,3457612.0,1.0,11.0,61160745,56544018,368316.0,105496.0,8.0,30.0,1108203.0,1381534,2025,2024-25,https://ope.ed.gov/athletics/#/datafile/list,535476.0,125905.67521367522,11273352.0,6111408.0
101879,University of North Alabama,AL,NCAA Division I-FCS,"Public, 4-year or above",3865496.0,3865496.0,126.0,6450.0,812741.0,1.0,10.0,16041806,16041806,114187.0,55389.0,6.0,17.0,115969.0,184423,2025,2024-25,https://ope.ed.gov/athletics/#/datafile/list,0.0,30678.53968253968,3052755.0,1626735.0
199120,University of North Carolina at Chapel Hill,NC,NCAA Division I-FBS,"Public, 4-year or above",63337093.0,49145749.0,123.0,72044.0,8861353.0,1.0,10.0,180835031,180835031,1184648.0,278468.0,11.0,42.0,3228757.0,4192937,2025,2024-25,https://ope.ed.gov/athletics/#/datafile/list,14191344.0,399558.9349593496,40284396.0,24726784.0
199139,University of North Carolina at Charlotte,NC,NCAA Division I-FBS,"Public, 4-year or above",11946167.0,15571390.0,122.0,33594.0,4098445.0,1.0,12.0,54956032,54956032,166671.0,67941.0,7.0,28.0,915585.0,1175771,2025,2024-25,https://ope.ed.gov/athletics/#/datafile/list,-3625223.0,127634.34426229508,11472945.0,3069045.0
199281,University of North Carolina at Pembroke,NC,NCAA Division II with football,"Public, 4-year or above",1080776.0,1072818.0,113.0,1661.0,187637.0,1.0,9.0,5284400,4587367,50133.0,16560.0,5.0,20.0,32728.0,47522,2025,2024-25,https://ope.ed.gov/athletics/#/datafile/list,7958.0,9493.964601769912,885181.0,581865.0
200280,University of North Dakota,ND,NCAA Division I-FCS,"Public, 4-year or above",6918220.0,6918220.0,107.0,10287.0,1100662.0,1.0,12.0,35076412,35076412,193191.0,82119.0,6.0,21.0,440575.0,662732,2025,2024-25,https://ope.ed.gov/athletics/#/datafile/list,0.0,64656.26168224299,5817558.0,2883645.0
227216,University of North Texas,TX,NCAA Division I-FBS,"Public, 4-year or above",15382425.0,15382425.0,165.0,28795.0,4751100.0,1.0,11.0,58119360,58119360,676527.0,163614.0,4.0,23.0,682731.0,984809,2025,2024-25,https://ope.ed.gov/athletics/#/datafile/list,0.0,93226.81818181818,10631325.0,6469230.0
127741,University of Northern Colorado,CO,NCAA Division I-FCS,"Public, 4-year or above",5701876.0,5701876.0,120.0,11614.0,1393669.0,1.0,11.0,23188137,23188137,131235.0,55259.0,6.0,24.0,128208.0,253341,2025,2024-25,https://ope.ed.gov/athletics/#/datafile/list,0.0,47515.63333333333,4308207.0,2113626.0
154095,University of Northern Iowa,IA,NCAA Division I-FCS,"Public, 4-year or above",4676780.0,4676780.0,105.0,9788.0,1027760.0,1.0,12.0,19617597,19617597,229956.0,81580.0,6.0,19.0,156097.0,243339,2025,2024-25,https://ope.ed.gov/athletics/#/datafile/list,0.0,44540.76190476191,3649020.0,2929756.0
174491,University of Northwestern-St Paul,MN,NCAA Division III with football,"Private nonprofit, 4-year or above",439399.0,430899.0,77.0,1943.0,149620.0,1.0,11.0,2594271,2579771,24923.0,6564.0,9.0,30.0,23567.0,42556,2025,2024-25,https://ope.ed.gov/athletics/#/datafile/list,8500.0,5596.090909090909,281279.0,421227.0
152080,University of Notre Dame,IN,NCAA Division I-FBS,"Private nonprofit, 4-year or above",195723436.0,93255797.0,124.0,315792.0,39158153.0,1.0,17.0,289616198,244698449,1078535.0,388883.0,12.0,34.0,2848525.0,3726108,2025,2024-25,https://ope.ed.gov/athletics/#/datafile/list,102467639.0,752062.8790322581,54097644.0,26164442.0
207500,University of Oklahoma-Norman Campus,OK,NCAA Division I-FBS,"Public, 4-year or above",126247146.0,71184826.0,128.0,54495.0,6975401.0,1.0,14.0,234426470,234426470,1481027.0,318098.0,8.0,38.0,5072037.0,6387881,2025,2024-25,https://ope.ed.gov/athletics/#/datafile/list,55062320.0,556131.453125,64209425.0,23935940.0
209551,University of Oregon,OR,NCAA Division I-FBS,"Public, 4-year or above",119584907.0,60847472.0,126.0,85268.0,10743801.0,1.0,14.0,167129024,164742082,2494343.0,479753.0,6.0,26.0,2857116.0,3482608,2025,2024-25,https://ope.ed.gov/athletics/#/datafile/list,58737435.0,482916.4444444445,50103671.0,27439636.0
215062,University of Pennsylvania,PA,NCAA Division I-FCS,"Private nonprofit, 4-year or above",3467861.0,3467861.0,108.0,7023.0,758524.0,1.0,9.0,59309407,59309407,208470.0,61386.0,15.0,45.0,798317.0,1134329,2025,2024-25,https://ope.ed.gov/athletics/#/datafile/list,0.0,32109.824074074073,2709337.0,5889420.0
157535,University of Pikeville,KY,NAIA Division I ,"Private nonprofit, 4-year or above",2259144.0,2259144.0,142.0,4643.0,659335.0,1.0,9.0,10885178,10885178,48071.0,37075.0,12.0,13.0,62480.0,91116,2025,2024-25,https://ope.ed.gov/athletics/#/datafile/list,0.0,15909.464788732394,1599809.0,1058827.0
215293,University of Pittsburgh-Pittsburgh Campus,PA,NCAA Division I-FBS,"Public, 4-year or above",57222645.0,47141722.0,118.0,80434.0,9491212.0,1.0,14.0,151337808,151337808,2293482.0,324154.0,7.0,38.0,1381007.0,2154527,2025,2024-25,https://ope.ed.gov/athletics/#/datafile/list,10080923.0,399506.1186440678,37650510.0,28372226.0
236328,University of Puget Sound,WA,NCAA Division III with football,"Private nonprofit, 4-year or above",512913.0,512913.0,93.0,2179.0,202603.0,1.0,13.0,2765326,2765326,49647.0,7580.0,9.0,34.0,30645.0,43572,2025,2024-25,https://ope.ed.gov/athletics/#/datafile/list,0.0,5515.193548387097,310310.0,704543.0
121691,University of Redlands,CA,NCAA Division III with football,"Private nonprofit, 4-year or above",795546.0,756309.0,141.0,1133.0,159748.0,1.0,10.0,7418470,7232874,60611.0,22833.0,10.0,34.0,57116.0,95346,2025,2024-25,https://ope.ed.gov/athletics/#/datafile/list,39237.0,5363.893617021276,596561.0,1382432.0
217484,University of Rhode Island,RI,NCAA Division I-FCS,"Public, 4-year or above",6882246.0,6882246.0,100.0,16062.0,1606230.0,1.0,15.0,41765283,41724734,537565.0,61692.0,6.0,26.0,378145.0,595833,2025,2024-25,https://ope.ed.gov/athletics/#/datafile/list,0.0,68822.46,5276016.0,4829382.0
233374,University of Richmond,VA,NCAA Division I-FCS,"Private nonprofit, 4-year or above",8556304.0,8556304.0,89.0,12058.0,1073173.0,1.0,10.0,50598031,50598031,397717.0,102389.0,7.0,18.0,418768.0,639124,2025,2024-25,https://ope.ed.gov/athletics/#/datafile/list,0.0,96138.24719101124,7483131.0,4627021.0
195030,University of Rochester,NY,NCAA Division III with football,"Private nonprofit, 4-year or above",582640.0,567507.0,113.0,1443.0,163061.0,1.0,9.0,8283075,8283075,60341.0,30048.0,9.0,19.0,79712.0,117491,2025,2024-25,https://ope.ed.gov/athletics/#/datafile/list,15133.0,5022.185840707964,404446.0,1113981.0
152336,University of Saint Francis-Fort Wayne,IN,NAIA Division I ,"Private nonprofit, 4-year or above",2175000.0,2161724.0,160.0,1577.0,252304.0,1.0,6.0,8256126,7804926,51225.0,29882.0,7.0,8.0,48750.0,72200,2025,2024-25,https://ope.ed.gov/athletics/#/datafile/list,13276.0,13510.775,1909420.0,597631.0
155812,University of Saint Mary,KS,NAIA Division II ,"Private nonprofit, 4-year or above",744976.0,744976.0,108.0,810.0,87477.0,1.0,7.0,6861345,6861345,33351.0,17947.0,9.0,29.0,18390.0,50329,2025,2024-25,https://ope.ed.gov/athletics/#/datafile/list,0.0,6897.925925925926,657499.0,820622.0
122436,University of San Diego,CA,NCAA Division I-FCS,"Private nonprofit, 4-year or above",2381199.0,2381199.0,99.0,8248.0,816506.0,1.0,11.0,37050500,37050500,254467.0,61429.0,8.0,26.0,263427.0,485902,2025,2024-25,https://ope.ed.gov/athletics/#/datafile/list,0.0,24052.515151515152,1564693.0,3632890.0
219383,University of Sioux Falls,SD,NCAA Division II with football,"Private nonprofit, 4-year or above",1951936.0,1905525.0,118.0,2431.0,286834.0,1.0,11.0,8479992,8276889,62489.0,25337.0,6.0,19.0,60395.0,84470,2025,2024-25,https://ope.ed.gov/athletics/#/datafile/list,46411.0,16148.516949152545,1618691.0,856337.0
102094,University of South Alabama,AL,NCAA Division I-FBS,"Public, 4-year or above",13486171.0,13932976.0,122.0,16434.0,2005002.0,1.0,13.0,32559740,32559740,249783.0,69345.0,8.0,35.0,582805.0,821007,2025,2024-25,https://ope.ed.gov/athletics/#/datafile/list,-446805.0,114204.7213114754,11927974.0,4425339.0
218663,University of South Carolina-Columbia,SC,NCAA Division I-FBS,"Public, 4-year or above",76513171.0,55859501.0,119.0,36798.0,4378958.0,1.0,10.0,204566524,203259302,700072.0,320381.0,8.0,35.0,2515877.0,3400822,2025,2024-25,https://ope.ed.gov/athletics/#/datafile/list,20653670.0,469407.5714285714,51480543.0,16813911.0
219471,University of South Dakota,SD,NCAA Division I-FCS,"Public, 4-year or above",5990030.0,5990030.0,122.0,5083.0,620112.0,1.0,14.0,23720055,23720055,180755.0,49515.0,6.0,28.0,305621.0,479666,2025,2024-25,https://ope.ed.gov/athletics/#/datafile/list,0.0,49098.60655737705,5369918.0,2470950.0
137351,University of South Florida,FL,NCAA Division I-FBS,"Public, 4-year or above",33352743.0,33352743.0,130.0,69016.0,8972078.0,1.0,11.0,122093386,122093386,613580.0,170370.0,7.0,27.0,2413138.0,2987134,2025,2024-25,https://ope.ed.gov/athletics/#/datafile/list,0.0,256559.5615384615,24380665.0,8895050.0
123961,University of Southern California,CA,NCAA Division I-FBS,"Private nonprofit, 4-year or above",74014972.0,74014972.0,116.0,49717.0,5767186.0,1.0,10.0,234029848,234029848,1935002.0,342296.0,9.0,40.0,5926680.0,6783390,2025,2024-25,https://ope.ed.gov/athletics/#/datafile/list,0.0,638060.1034482758,68247786.0,31106858.0
176372,University of Southern Mississippi,MS,NCAA Division I-FBS,"Public, 4-year or above",11033253.0,11033253.0,113.0,17484.0,1975712.0,1.0,26.0,31875542,31875542,253123.0,101833.0,7.0,26.0,551644.0,781566,2025,2024-25,https://ope.ed.gov/athletics/#/datafile/list,0.0,97639.407079646,9057541.0,4419519.0
148584,University of St Francis,IL,NAIA Division I ,"Private nonprofit, 4-year or above",1529771.0,1423315.0,86.0,2013.0,173076.0,1.0,10.0,7797529,7403293,41561.0,7953.0,9.0,25.0,7127.0,10453,2025,2024-25,https://ope.ed.gov/athletics/#/datafile/list,106456.0,16550.174418604653,1250239.0,572874.0
174914,University of St Thomas,MN,NCAA Division I-FCS,"Private nonprofit, 4-year or above",2287073.0,2287073.0,110.0,6239.0,686235.0,1.0,12.0,28936150,28936150,195184.0,34695.0,8.0,31.0,157873.0,287617,2025,2024-25,https://ope.ed.gov/athletics/#/datafile/list,0.0,20791.572727272727,1600838.0,2637017.0
206084,University of Toledo,OH,NCAA Division I-FBS,"Public, 4-year or above",12624282.0,12624282.0,122.0,13530.0,1650705.0,1.0,10.0,39498134,39498134,333283.0,93752.0,6.0,18.0,582785.0,778991,2025,2024-25,https://ope.ed.gov/athletics/#/datafile/list,0.0,103477.7213114754,10973577.0,3687234.0
207971,University of Tulsa,OK,NCAA Division I-FBS,"Private nonprofit, 4-year or above",20723869.0,20723869.0,129.0,19238.0,2481679.0,1.0,10.0,59760481,59760481,332523.0,106444.0,7.0,32.0,588112.0,862045,2025,2024-25,https://ope.ed.gov/athletics/#/datafile/list,0.0,160650.1472868217,18242190.0,5733869.0
230764,University of Utah,UT,NCAA Division I-FBS,"Public, 4-year or above",95930953.0,41410554.0,126.0,53547.0,6746923.0,1.0,10.0,125167576,118667209,1118270.0,375160.0,9.0,28.0,1747609.0,2376960,2025,2024-25,https://ope.ed.gov/athletics/#/datafile/list,54520399.0,328655.1904761905,34663631.0,20568910.0
233897,University of Virginia's College at Wise,VA,NCAA Division II with football,"Public, 4-year or above",1291918.0,1291918.0,88.0,2436.0,214380.0,1.0,14.0,5570403,5570403,36823.0,16533.0,8.0,22.0,33763.0,49588,2025,2024-25,https://ope.ed.gov/athletics/#/datafile/list,0.0,14680.886363636364,1077538.0,658310.0
234076,University of Virginia-Main Campus,VA,NCAA Division I-FBS,"Public, 4-year or above",51441991.0,33611796.0,127.0,47552.0,6039075.0,1.0,10.0,150622194,150622194,1022347.0,206891.0,11.0,42.0,2287698.0,2910628,2025,2024-25,https://ope.ed.gov/athletics/#/datafile/list,17830195.0,264659.81102362205,27572721.0,19935239.0
236948,University of Washington-Seattle Campus,WA,NCAA Division I-FBS,"Public, 4-year or above",121018946.0,68921774.0,114.0,180229.0,20546056.0,1.0,10.0,178415083,174834634,1588019.0,294253.0,8.0,36.0,2632449.0,3345720,2025,2024-25,https://ope.ed.gov/athletics/#/datafile/list,52097172.0,604576.9649122807,48375718.0,23297260.0
101587,University of West Alabama,AL,NCAA Division II with football,"Public, 4-year or above",2564085.0,2503263.0,116.0,2997.0,347674.0,1.0,14.0,10816086,10281896,66632.0,28143.0,7.0,27.0,72930.0,112272,2025,2024-25,https://ope.ed.gov/athletics/#/datafile/list,60822.0,21579.853448275862,2155589.0,1226285.0
138354,University of West Florida,FL,NCAA Division II with football,"Public, 4-year or above",2598757.0,2272720.0,124.0,3285.0,407315.0,1.0,10.0,16531815,16010052,77614.0,31928.0,7.0,20.0,46820.0,84064,2025,2024-25,https://ope.ed.gov/athletics/#/datafile/list,326037.0,18328.387096774193,1865405.0,1181858.0
141334,University of West Georgia,GA,NCAA Division I-FCS,"Public, 4-year or above",3546805.0,3546805.0,156.0,5912.0,922248.0,1.0,16.0,13230120,13230120,127100.0,34743.0,5.0,25.0,101764.0,163532,2025,2024-25,https://ope.ed.gov/athletics/#/datafile/list,0.0,22735.92948717949,2624557.0,1504075.0
240268,University of Wisconsin-Eau Claire,WI,NCAA Division III with football,"Public, 4-year or above",971643.0,958002.0,124.0,1761.0,218304.0,1.0,8.0,6752532,6752532,44170.0,9097.0,12.0,53.0,68151.0,91441,2025,2024-25,https://ope.ed.gov/athletics/#/datafile/list,13641.0,7725.822580645161,739698.0,1012181.0
240329,University of Wisconsin-La Crosse,WI,NCAA Division III with football,"Public, 4-year or above",878256.0,751785.0,115.0,2008.0,230892.0,1.0,31.0,7968138,7405198,50409.0,11870.0,9.0,46.0,28781.0,48979,2025,2024-25,https://ope.ed.gov/athletics/#/datafile/list,126471.0,6537.260869565217,520893.0,999701.0
240444,University of Wisconsin-Madison,WI,NCAA Division I-FBS,"Public, 4-year or above",112319593.0,40903448.0,122.0,54431.0,6640545.0,1.0,15.0,190503289,180525755,1567756.0,237002.0,10.0,42.0,1725093.0,2366445,2025,2024-25,https://ope.ed.gov/athletics/#/datafile/list,71416145.0,335274.1639344262,34262903.0,25631644.0
240365,University of Wisconsin-Oshkosh,WI,NCAA Division III with football,"Public, 4-year or above",927655.0,756031.0,131.0,1896.0,248391.0,1.0,13.0,5807707,5118660,55347.0,32283.0,7.0,8.0,17131.0,29367,2025,2024-25,https://ope.ed.gov/athletics/#/datafile/list,171624.0,5771.229007633588,507640.0,645693.0
240462,University of Wisconsin-Platteville,WI,NCAA Division III with football,"Public, 4-year or above",1079510.0,1048139.0,115.0,1359.0,156278.0,1.0,13.0,5583445,5120460,53130.0,19718.0,7.0,27.0,35956.0,60058,2025,2024-25,https://ope.ed.gov/athletics/#/datafile/list,31371.0,9114.252173913044,891861.0,904296.0
240471,University of Wisconsin-River Falls,WI,NCAA Division III with football,"Public, 4-year or above",617693.0,617693.0,121.0,1180.0,142819.0,1.0,10.0,4872041,4872041,53181.0,8340.0,7.0,27.0,21859.0,38069,2025,2024-25,https://ope.ed.gov/athletics/#/datafile/list,0.0,5104.900826446281,474874.0,597447.0
240480,University of Wisconsin-Stevens Point,WI,NCAA Division III with football,"Public, 4-year or above",615505.0,603847.0,123.0,636.0,78270.0,1.0,15.0,5449371,5449371,42360.0,11346.0,13.0,45.0,51427.0,94190,2025,2024-25,https://ope.ed.gov/athletics/#/datafile/list,11658.0,4909.325203252032,525577.0,1061250.0
240417,University of Wisconsin-Stout,WI,NCCAA Division II ,"Public, 4-year or above",664638.0,664638.0,140.0,1548.0,216682.0,1.0,8.0,5144978,4771617,41017.0,13020.0,9.0,28.0,21072.0,38312,2025,2024-25,https://ope.ed.gov/athletics/#/datafile/list,0.0,4747.414285714286,447956.0,733713.0
240189,University of Wisconsin-Whitewater,WI,NCAA Division III with football,"Public, 4-year or above",719157.0,687482.0,112.0,1194.0,133675.0,1.0,10.0,5379325,5252413,33614.0,10972.0,10.0,28.0,1271.0,3893,2025,2024-25,https://ope.ed.gov/athletics/#/datafile/list,31675.0,6138.232142857143,553807.0,643356.0
240727,University of Wyoming,WY,NCAA Division I-FBS,"Public, 4-year or above",16630620.0,13091901.0,117.0,13073.0,1529517.0,1.0,14.0,50399891,50399891,365245.0,95776.0,6.0,33.0,968761.0,1236260,2025,2024-25,https://ope.ed.gov/athletics/#/datafile/list,3538719.0,111896.58974358976,11562384.0,5352078.0
156541,University of the Cumberlands,KY,NAIA Division I ,"Private nonprofit, 4-year or above",1401559.0,1401559.0,75.0,4191.0,314322.0,1.0,9.0,12430351,12430351,59017.0,48879.0,11.0,17.0,123184.0,184267,2025,2024-25,https://ope.ed.gov/athletics/#/datafile/list,0.0,18687.453333333335,1087237.0,1480130.0
225627,University of the Incarnate Word,TX,NCAA Division I-FCS,"Private nonprofit, 4-year or above",6855355.0,6855355.0,151.0,7338.0,1108098.0,1.0,11.0,25756198,25756198,102047.0,47286.0,9.0,24.0,143036.0,211778,2025,2024-25,https://ope.ed.gov/athletics/#/datafile/list,0.0,45399.70198675497,5747257.0,2053287.0
154493,Upper Iowa University,IA,NCAA Division II with football,"Private nonprofit, 4-year or above",1447955.0,1415825.0,106.0,1484.0,157306.0,1.0,6.0,7152889,6954946,64512.0,23987.0,6.0,15.0,32253.0,46811,2025,2024-25,https://ope.ed.gov/athletics/#/datafile/list,32130.0,13356.83962264151,1258519.0,746877.0
216524,Ursinus College,PA,NCAA Division III with football,"Private nonprofit, 4-year or above",650877.0,650877.0,161.0,852.0,137133.0,1.0,8.0,5236810,5236810,52241.0,10366.0,10.0,31.0,31275.0,60361,2025,2024-25,https://ope.ed.gov/athletics/#/datafile/list,0.0,4042.714285714286,513744.0,843756.0
230728,Utah State University,UT,NCAA Division I-FBS,"Public, 4-year or above",17310081.0,17310081.0,110.0,20551.0,2260580.0,1.0,10.0,48349839,48349839,650020.0,156552.0,5.0,22.0,624640.0,974401,2025,2024-25,https://ope.ed.gov/athletics/#/datafile/list,0.0,157364.37272727274,15049501.0,6694244.0
230171,Utah Tech University,UT,NCAA Division I-FCS,"Public, 4-year or above",4730346.0,4730346.0,109.0,9920.0,1081234.0,1.0,19.0,23448672,18870761,125183.0,45302.0,6.0,30.0,180764.0,284457,2025,2024-25,https://ope.ed.gov/athletics/#/datafile/list,0.0,43397.66972477064,3649112.0,2110158.0
197045,Utica University,NY,NCAA Division III with football,"Private nonprofit, 4-year or above",810703.0,712460.0,170.0,1160.0,197229.0,1.0,14.0,6497855,5519683,48849.0,11874.0,11.0,28.0,46447.0,71283,2025,2024-25,https://ope.ed.gov/athletics/#/datafile/list,98243.0,4190.941176470588,515231.0,869811.0
141264,Valdosta State University,GA,NCAA Division II with football,"Public, 4-year or above",2179318.0,2179318.0,143.0,2718.0,388692.0,1.0,6.0,9729185,8615059,67933.0,32734.0,6.0,9.0,82701.0,102557,2025,2024-25,https://ope.ed.gov/athletics/#/datafile/list,0.0,15239.986013986014,1790626.0,702204.0
200572,Valley City State University,ND,NAIA Division II ,"Public, 4-year or above",802502.0,773915.0,110.0,1452.0,159700.0,1.0,6.0,3780766,3541123,43285.0,21152.0,5.0,13.0,37652.0,48534,2025,2024-25,https://ope.ed.gov/athletics/#/datafile/list,28587.0,7035.590909090909,614215.0,491401.0
152600,Valparaiso University,IN,NCAA Division I-FCS,"Private nonprofit, 4-year or above",1554610.0,1559690.0,132.0,3148.0,415538.0,1.0,8.0,17319931,16432801,151481.0,50759.0,6.0,16.0,144395.0,216853,2025,2024-25,https://ope.ed.gov/athletics/#/datafile/list,-5080.0,11815.833333333334,1144152.0,1721030.0
221999,Vanderbilt University,TN,NCAA Division I-FBS,"Private nonprofit, 4-year or above",44124525.0,44124525.0,116.0,48871.0,5669062.0,1.0,10.0,146388389,146388389,2191976.0,410233.0,6.0,24.0,2075726.0,2866689,2025,2024-25,https://ope.ed.gov/athletics/#/datafile/list,0.0,380383.8362068966,38455463.0,22997448.0
125028,Ventura College,CA,CCCAA,"Public, 2-year",301666.0,301666.0,114.0,893.0,101845.0,1.0,16.0,3093991,3023219,32875.0,12050.0,9.0,33.0,0.0,0,2025,2024-25,https://ope.ed.gov/athletics/#/datafile/list,0.0,2646.1929824561403,199821.0,693525.0
231165,Vermont State University,VT,Other ,"Public, 4-year or above",431621.0,371121.0,102.0,1282.0,130757.0,1.0,11.0,7068373,6221713,18254.0,8154.0,30.0,46.0,37332.0,63532,2025,2024-25,https://ope.ed.gov/athletics/#/datafile/list,60500.0,3638.441176470588,240364.0,922704.0
125091,Victor Valley College,CA,CCCAA,"Public, 2-year",169815.0,166104.0,74.0,829.0,61344.0,1.0,8.0,1664081,1629168,16000.0,7330.0,7.0,18.0,0.0,0,2025,2024-25,https://ope.ed.gov/athletics/#/datafile/list,3711.0,2244.6486486486488,104760.0,243940.0
216597,Villanova University,PA,NCAA Division I-FCS,"Private nonprofit, 4-year or above",8800183.0,8800183.0,96.0,10769.0,1033777.0,1.0,14.0,68488700,68488700,443198.0,109229.0,9.0,29.0,385115.0,623409,2025,2024-25,https://ope.ed.gov/athletics/#/datafile/list,0.0,91668.57291666669,7766406.0,7156423.0
234085,Virginia Military Institute,VA,NCAA Division I-FCS,"Public, 4-year or above",5394538.0,5394538.0,105.0,5649.0,593193.0,1.0,11.0,20033879,20033879,103010.0,50543.0,9.0,26.0,122048.0,140541,2025,2024-25,https://ope.ed.gov/athletics/#/datafile/list,0.0,51376.55238095238,4801345.0,2241208.0
233921,Virginia Polytechnic Institute and State University,VA,NCAA Division I-FBS,"Public, 4-year or above",79735756.0,37803976.0,124.0,85067.0,10548247.0,1.0,10.0,151623889,148984818,1035137.0,199278.0,9.0,39.0,2703456.0,3381526,2025,2024-25,https://ope.ed.gov/athletics/#/datafile/list,41931780.0,304870.77419354836,27255729.0,17088075.0
234155,Virginia State University,VA,NCAA Division II with football,"Public, 4-year or above",1827489.0,1827489.0,132.0,2731.0,360513.0,1.0,9.0,9315469,9315469,84958.0,35332.0,8.0,14.0,13463.0,15344,2025,2024-25,https://ope.ed.gov/athletics/#/datafile/list,0.0,13844.613636363636,1466976.0,1174312.0
234164,Virginia Union University,VA,NCAA Division II with football,"Private nonprofit, 4-year or above",1837833.0,1617306.0,113.0,3622.0,409323.0,1.0,12.0,4760591,4046046,38917.0,30308.0,6.0,13.0,26969.0,30046,2025,2024-25,https://ope.ed.gov/athletics/#/datafile/list,220527.0,14312.442477876106,1207983.0,627506.0
234137,Virginia University of Lynchburg,VA,NCCAA Division I ,"Private nonprofit, 4-year or above",598500.0,517894.0,110.0,1574.0,173123.0,1.0,9.0,762859,622626,42000.0,5370.0,3.0,10.0,3200.0,6400,2025,2024-25,https://ope.ed.gov/athletics/#/datafile/list,80606.0,4708.127272727273,344771.0,179700.0
197197,Wagner College,NY,NCAA Division I-FCS,"Private nonprofit, 4-year or above",4489660.0,4489660.0,167.0,989.0,165138.0,1.0,13.0,21416316,21416316,70545.0,25172.0,10.0,34.0,133420.0,163497,2025,2024-25,https://ope.ed.gov/athletics/#/datafile/list,0.0,26884.191616766468,4324522.0,1561298.0
199847,Wake Forest University,NC,NCAA Division I-FBS,"Private nonprofit, 4-year or above",39399925.0,39399925.0,130.0,26712.0,3472586.0,1.0,10.0,114628069,114628069,1180595.0,288593.0,7.0,29.0,1453094.0,1943890,2025,2024-25,https://ope.ed.gov/athletics/#/datafile/list,0.0,303076.3461538461,35927339.0,16633362.0
154518,Waldorf University,IA,NAIA Division I ,"Private for-profit, 4-year or above",1375189.0,1375189.0,102.0,879.0,89652.0,1.0,9.0,6581696,6581696,36202.0,18904.0,9.0,23.0,42234.0,72374,2025,2024-25,https://ope.ed.gov/athletics/#/datafile/list,0.0,13482.245098039217,1285537.0,760610.0
206437,Walsh University,OH,NCAA Division II with football,"Private nonprofit, 4-year or above",1809280.0,1717584.0,128.0,1601.0,204990.0,1.0,9.0,10717335,9727666,53208.0,15759.0,8.0,26.0,39617.0,55663,2025,2024-25,https://ope.ed.gov/athletics/#/datafile/list,91696.0,13418.625,1512594.0,835398.0
138275,Warner University,FL,NAIA Division I ,"Private nonprofit, 4-year or above",993727.0,632946.0,142.0,1735.0,246322.0,1.0,5.0,4602497,2982291,45220.0,34050.0,9.0,10.0,6888.0,16173,2025,2024-25,https://ope.ed.gov/athletics/#/datafile/list,360781.0,4457.366197183099,386624.0,747480.0
154527,Wartburg College,IA,NCAA Division III with football,"Private nonprofit, 4-year or above",557787.0,557787.0,184.0,967.0,177871.0,1.0,11.0,5506449,5506449,38256.0,10449.0,11.0,43.0,103351.0,169293,2025,2024-25,https://ope.ed.gov/athletics/#/datafile/list,0.0,3031.4510869565215,379916.0,870123.0
156082,Washburn University,KS,NCAA Division II with football,"Public, 4-year or above",2802770.0,2802770.0,135.0,3531.0,476735.0,1.0,12.0,11756885,11756885,88442.0,31858.0,6.0,25.0,85606.0,116976,2025,2024-25,https://ope.ed.gov/athletics/#/datafile/list,0.0,20761.25925925926,2326035.0,1327102.0
216667,Washington & Jefferson College,PA,NCAA Division III with football,"Private nonprofit, 4-year or above",616211.0,610213.0,162.0,808.0,130922.0,1.0,12.0,4254826,4181898,45617.0,12621.0,11.0,18.0,36123.0,60231,2025,2024-25,https://ope.ed.gov/athletics/#/datafile/list,5998.0,3766.746913580247,479291.0,728965.0
236939,Washington State University,WA,NCAA Division I-FBS,"Public, 4-year or above",38831529.0,22896016.0,124.0,34497.0,4277675.0,1.0,14.0,82229485,68573910,769828.0,204030.0,5.0,26.0,1235204.0,1655562,2025,2024-25,https://ope.ed.gov/athletics/#/datafile/list,15935513.0,184645.29032258064,18618341.0,9153920.0
179867,Washington University in St Louis,MO,NCAA Division III with football,"Private nonprofit, 4-year or above",875938.0,849419.0,106.0,1669.0,176909.0,1.0,10.0,11187332,10669904,91334.0,17487.0,7.0,32.0,59966.0,112333,2025,2024-25,https://ope.ed.gov/athletics/#/datafile/list,26519.0,8013.38679245283,672510.0,1198922.0
234207,Washington and Lee University,VA,NCAA Division III with football,"Private nonprofit, 4-year or above",667954.0,654373.0,85.0,2497.0,212203.0,1.0,8.0,7951306,7712360,62848.0,25345.0,12.0,25.0,28182.0,37454,2025,2024-25,https://ope.ed.gov/athletics/#/datafile/list,13581.0,7698.505882352942,442170.0,1387801.0
229780,Wayland Baptist University,TX,NAIA Division I ,"Private nonprofit, 4-year or above",1313895.0,1280795.0,142.0,1809.0,256878.0,1.0,6.0,8183170,7881467,45410.0,20459.0,7.0,23.0,25375.0,47423,2025,2024-25,https://ope.ed.gov/athletics/#/datafile/list,33100.0,9019.68309859155,1023917.0,788427.0
181783,Wayne State College,NE,NCAA Division II with football,"Public, 4-year or above",1446909.0,1446909.0,95.0,2165.0,205701.0,1.0,9.0,7073005,7073005,87088.0,34829.0,4.0,15.0,37486.0,73931,2025,2024-25,https://ope.ed.gov/athletics/#/datafile/list,0.0,15230.62105263158,1241208.0,870787.0
172644,Wayne State University,MI,NCAA Division II with football,"Public, 4-year or above",2520396.0,2520396.0,118.0,2831.0,334112.0,1.0,16.0,16085437,16085437,100770.0,37683.0,8.0,19.0,55770.0,70194,2025,2024-25,https://ope.ed.gov/athletics/#/datafile/list,0.0,21359.28813559322,2186284.0,1522137.0
216694,Waynesburg University,PA,NCCAA Division II ,"Private nonprofit, 4-year or above",460562.0,460562.0,101.0,628.0,63402.0,1.0,10.0,2099809,2099809,25561.0,9166.0,10.0,25.0,31991.0,52086,2025,2024-25,https://ope.ed.gov/athletics/#/datafile/list,0.0,4560.019801980198,397160.0,484760.0
138293,Webber International University,FL,NAIA Division I ,"Private nonprofit, 4-year or above",1941270.0,1931048.0,63.0,2758.0,173765.0,1.0,14.0,10697075,10544697,30931.0,12706.0,13.0,30.0,26268.0,33768,2025,2024-25,https://ope.ed.gov/athletics/#/datafile/list,10222.0,30651.555555555555,1757283.0,783283.0
230782,Weber State University,UT,NCAA Division I-FCS,"Public, 4-year or above",5385486.0,5385486.0,109.0,12386.0,1350088.0,1.0,10.0,19668633,19668633,116871.0,61345.0,5.0,18.0,235997.0,359767,2025,2024-25,https://ope.ed.gov/athletics/#/datafile/list,0.0,49408.12844036697,4035398.0,1688565.0
130697,Wesleyan University,CT,NCAA Division III with football,"Private nonprofit, 4-year or above",1212324.0,985010.0,108.0,1217.0,131443.0,1.0,9.0,15509027,10995246,102097.0,16368.0,14.0,41.0,58709.0,119005,2025,2024-25,https://ope.ed.gov/athletics/#/datafile/list,227314.0,9120.462962962964,853567.0,2100446.0
216764,West Chester University of Pennsylvania,PA,NCAA Division II with football,"Public, 4-year or above",1328427.0,1175044.0,122.0,1267.0,154540.0,1.0,13.0,10958674,9740305,65839.0,26083.0,8.0,18.0,16990.0,29217,2025,2024-25,https://ope.ed.gov/athletics/#/datafile/list,153383.0,9631.508196721312,1020504.0,996206.0
237932,West Liberty University,WV,NCAA Division II with football,"Public, 4-year or above",1590971.0,1590971.0,97.0,1223.0,118614.0,1.0,8.0,6789676,6789676,52688.0,29202.0,8.0,25.0,10225.0,23208,2025,2024-25,https://ope.ed.gov/athletics/#/datafile/list,0.0,16401.76288659794,1472357.0,1151554.0
125471,West Los Angeles College,CA,CCCAA,"Public, 2-year",128861.0,126233.0,48.0,805.0,38644.0,1.0,7.0,884995,884995,17900.0,13820.0,5.0,13.0,0.0,0,2025,2024-25,https://ope.ed.gov/athletics/#/datafile/list,2628.0,2629.8541666666665,87589.0,269160.0
229814,West Texas A & M University,TX,NCAA Division II with football,"Public, 4-year or above",2162920.0,2162920.0,138.0,3418.0,471622.0,1.0,10.0,12359282,12359282,91900.0,41153.0,7.0,17.0,135980.0,205692,2025,2024-25,https://ope.ed.gov/athletics/#/datafile/list,0.0,15673.333333333334,1691298.0,1342901.0
237899,West Virginia State University,WV,NCAA Division II with football,"Public, 4-year or above",1575870.0,1550825.0,129.0,1952.0,251847.0,1.0,10.0,6582213,6582213,56186.0,21972.0,6.0,20.0,29504.0,40141,2025,2024-25,https://ope.ed.gov/athletics/#/datafile/list,25045.0,12021.899224806202,1298978.0,776556.0
238032,West Virginia University,WV,NCAA Division I-FBS,"Public, 4-year or above",47642113.0,35250569.0,127.0,32151.0,4083125.0,1.0,18.0,117413366,117413366,239357.0,149893.0,7.0,38.0,1774645.0,2412091,2025,2024-25,https://ope.ed.gov/athletics/#/datafile/list,12391544.0,277563.53543307085,31167444.0,7371433.0
237969,West Virginia Wesleyan College,WV,NCAA Division II with football,"Private nonprofit, 4-year or above",1117905.0,1117905.0,127.0,1654.0,210040.0,1.0,7.0,5370136,5370136,33156.0,15459.0,8.0,16.0,35949.0,54407,2025,2024-25,https://ope.ed.gov/athletics/#/datafile/list,0.0,8802.401574803149,907865.0,512592.0
200004,Western Carolina University,NC,NCAA Division I-FCS,"Public, 4-year or above",3907722.0,3907722.0,120.0,7273.0,872749.0,1.0,12.0,16279007,16279007,169926.0,57809.0,5.0,20.0,118658.0,224942,2025,2024-25,https://ope.ed.gov/athletics/#/datafile/list,0.0,32564.35,3034973.0,2005810.0
128391,Western Colorado University,CO,NCAA Division II with football,"Public, 4-year or above",2121742.0,2121742.0,147.0,1651.0,242634.0,1.0,9.0,8432797,8432797,65635.0,24754.0,5.0,14.0,64622.0,108799,2025,2024-25,https://ope.ed.gov/athletics/#/datafile/list,0.0,14433.619047619048,1879108.0,674731.0
130776,Western Connecticut State University,CT,NCAA Division III with football,"Public, 4-year or above",592737.0,592737.0,142.0,1189.0,168881.0,1.0,7.0,4733378,4733378,70245.0,16572.0,10.0,24.0,5475.0,8604,2025,2024-25,https://ope.ed.gov/athletics/#/datafile/list,0.0,4174.204225352113,423856.0,1100178.0
149772,Western Illinois University,IL,NCAA Division I-FCS,"Public, 4-year or above",3514501.0,3514501.0,114.0,843.0,96073.0,1.0,14.0,14762669,14762669,103967.0,34227.0,6.0,15.0,31769.0,78068,2025,2024-25,https://ope.ed.gov/athletics/#/datafile/list,0.0,30828.95614035088,3418428.0,1137207.0
157951,Western Kentucky University,KY,NCAA Division I-FBS,"Public, 4-year or above",11040244.0,11040244.0,112.0,30173.0,3379407.0,1.0,14.0,31319105,31319105,395923.0,69996.0,5.0,24.0,715751.0,834088,2025,2024-25,https://ope.ed.gov/athletics/#/datafile/list,0.0,98573.60714285714,7660837.0,3659519.0
172699,Western Michigan University,MI,NCAA Division I-FBS,"Public, 4-year or above",11409469.0,11409469.0,113.0,22108.0,2498192.0,1.0,15.0,43722663,43722663,366042.0,78633.0,6.0,29.0,733315.0,880602,2025,2024-25,https://ope.ed.gov/athletics/#/datafile/list,0.0,100968.7522123894,8911277.0,4476609.0
168254,Western New England University,MA,NCAA Division III with football,"Private nonprofit, 4-year or above",602881.0,561437.0,120.0,1250.0,149997.0,1.0,9.0,5897076,5303775,46959.0,7332.0,11.0,29.0,14850.0,30346,2025,2024-25,https://ope.ed.gov/athletics/#/datafile/list,41444.0,4678.641666666666,411440.0,729177.0
188304,Western New Mexico University,NM,NCAA Division II with football,"Public, 4-year or above",1966578.0,1964609.0,114.0,2608.0,297285.0,1.0,10.0,6119598,6059868,50818.0,47006.0,6.0,7.0,47576.0,84957,2025,2024-25,https://ope.ed.gov/athletics/#/datafile/list,1969.0,17233.412280701756,1667324.0,633950.0
210429,Western Oregon University,OR,NCAA Division II with football,"Public, 4-year or above",2006095.0,2006095.0,128.0,5358.0,685859.0,1.0,8.0,9004815,9004815,64087.0,25758.0,7.0,17.0,41793.0,79820,2025,2024-25,https://ope.ed.gov/athletics/#/datafile/list,0.0,15672.6171875,1320236.0,886495.0
168263,Westfield State University,MA,NCAA Division III with football,"Public, 4-year or above",210273.0,207727.0,81.0,1290.0,104506.0,1.0,8.0,4074361,4011161,29697.0,3264.0,8.0,18.0,16688.0,23526,2025,2024-25,https://ope.ed.gov/athletics/#/datafile/list,2546.0,2564.5308641975307,103221.0,296328.0
216807,Westminster College,PA,NCAA Division III with football,"Private nonprofit, 4-year or above",608238.0,608238.0,140.0,1653.0,231375.0,1.0,11.0,3251272,3251272,31886.0,5989.0,11.0,28.0,50474.0,74690,2025,2024-25,https://ope.ed.gov/athletics/#/datafile/list,0.0,4344.557142857143,376863.0,518438.0
179946,Westminster College,MO,NCAA Division III with football,"Private nonprofit, 4-year or above",459305.0,459305.0,85.0,1206.0,102534.0,1.0,5.0,2809428,2809428,32720.0,19528.0,11.0,15.0,13952.0,22733,2025,2024-25,https://ope.ed.gov/athletics/#/datafile/list,0.0,5403.588235294118,356771.0,652840.0
149781,Wheaton College,IL,NCAA Division III with football,"Private nonprofit, 4-year or above",1339822.0,1339822.0,127.0,5031.0,638926.0,1.0,13.0,5999890,5999890,60137.0,18790.0,9.0,24.0,110058.0,144671,2025,2024-25,https://ope.ed.gov/athletics/#/datafile/list,0.0,10549.779527559054,700896.0,992193.0
238078,Wheeling University,WV,NCAA Division II with football,"Private nonprofit, 4-year or above",2505944.0,2395945.0,130.0,2530.0,328858.0,1.0,6.0,9276743,8820374,52950.0,51535.0,9.0,8.0,57734.0,79755,2025,2024-25,https://ope.ed.gov/athletics/#/datafile/list,109999.0,18430.346153846152,2067087.0,888830.0
237066,Whitworth University,WA,NCAA Division III with football,"Private nonprofit, 4-year or above",986887.0,974129.0,128.0,2206.0,282386.0,1.0,18.0,5809833,5520299,51837.0,6185.0,10.0,51.0,44779.0,56086,2025,2024-25,https://ope.ed.gov/athletics/#/datafile/list,12758.0,7610.3828125,691743.0,833805.0
216852,Widener University,PA,NCAA Division III with football,"Private nonprofit, 4-year or above",598387.0,527052.0,107.0,348.0,37234.0,1.0,6.0,5356815,5028005,50843.0,6230.0,10.0,54.0,20490.0,33157,2025,2024-25,https://ope.ed.gov/athletics/#/datafile/list,71335.0,4925.719626168225,489818.0,844850.0
216931,Wilkes University,PA,NCAA Division III with football,"Private nonprofit, 4-year or above",806512.0,806512.0,117.0,1984.0,232150.0,1.0,11.0,5260015,5260015,39396.0,15858.0,12.0,28.0,62175.0,93918,2025,2024-25,https://ope.ed.gov/athletics/#/datafile/list,0.0,6893.264957264957,574362.0,916776.0
210401,Willamette University,OR,NCAA Division III with football,"Private nonprofit, 4-year or above",524638.0,524638.0,77.0,1574.0,121184.0,1.0,8.0,4237846,4237846,39475.0,9959.0,10.0,33.0,26884.0,60694,2025,2024-25,https://ope.ed.gov/athletics/#/datafile/list,0.0,6813.480519480519,403454.0,723397.0
231624,William & Mary,VA,NCAA Division I-FCS,"Public, 4-year or above",5465674.0,8965485.0,105.0,15317.0,1608238.0,1.0,10.0,38243456,37493446,136579.0,71819.0,10.0,24.0,184792.0,322693,2025,2024-25,https://ope.ed.gov/athletics/#/datafile/list,-3499811.0,85385.57142857143,7357247.0,3089446.0
179955,William Jewell College,MO,NCAA Division II with football,"Private nonprofit, 4-year or above",1949859.0,1939046.0,111.0,2326.0,258210.0,1.0,11.0,8576602,8562849,44313.0,34174.0,10.0,12.0,6603.0,12326,2025,2024-25,https://ope.ed.gov/athletics/#/datafile/list,10813.0,17468.882882882885,1680836.0,853218.0
187444,William Paterson University of New Jersey,NJ,NCAA Division III with football,"Public, 4-year or above",396367.0,394867.0,91.0,912.0,83030.0,1.0,9.0,3703066,3639694,57340.0,8324.0,6.0,24.0,6962.0,20278,2025,2024-25,https://ope.ed.gov/athletics/#/datafile/list,1500.0,4339.197802197802,311837.0,543816.0
154590,William Penn University,IA,NAIA Division I ,"Private nonprofit, 4-year or above",2699754.0,2689936.0,139.0,728.0,101260.0,1.0,8.0,17652155,17441594,50937.0,11659.0,13.0,32.0,91218.0,112246,2025,2024-25,https://ope.ed.gov/athletics/#/datafile/list,9818.0,19352.05755395683,2588676.0,1035269.0
179964,William Woods University,MO,NAIA Division I ,"Private nonprofit, 4-year or above",2017360.0,1993262.0,76.0,4363.0,331599.0,1.0,7.0,18929088,18361259,43074.0,26339.0,10.0,10.0,35234.0,57042,2025,2024-25,https://ope.ed.gov/athletics/#/datafile/list,24098.0,26227.13157894737,1661663.0,694130.0
168342,Williams College,MA,NCAA Division III with football,"Private nonprofit, 4-year or above",703828.0,703828.0,87.0,1102.0,95894.0,1.0,9.0,12392262,12392262,67221.0,24989.0,16.0,30.0,78405.0,142816,2025,2024-25,https://ope.ed.gov/athletics/#/datafile/list,0.0,8089.977011494253,607934.0,1825206.0
206507,Wilmington College,OH,NCAA Division III with football,"Private nonprofit, 4-year or above",405568.0,410525.0,84.0,1488.0,124957.0,1.0,6.0,2756472,2615006,40364.0,11520.0,10.0,26.0,33656.0,55390,2025,2024-25,https://ope.ed.gov/athletics/#/datafile/list,-4957.0,4887.202380952381,285568.0,703160.0
199962,Wingate University,NC,NCAA Division II with football,"Private nonprofit, 4-year or above",2203347.0,2143442.0,200.0,976.0,195262.0,1.0,8.0,16887041,16171927,66588.0,28114.0,10.0,24.0,35339.0,60332,2025,2024-25,https://ope.ed.gov/athletics/#/datafile/list,59905.0,10717.21,1948180.0,1340616.0
175272,Winona State University,MN,NCAA Division II with football,"Public, 4-year or above",1766206.0,1766206.0,120.0,1768.0,212164.0,1.0,9.0,7208529,7208529,69722.0,32779.0,5.0,14.0,40907.0,62601,2025,2024-25,https://ope.ed.gov/athletics/#/datafile/list,0.0,14718.383333333331,1554042.0,807516.0
199999,Winston-Salem State University,NC,NCAA Division II with football,"Public, 4-year or above",2145957.0,2145957.0,116.0,1997.0,231619.0,1.0,13.0,6793984,6733477,68129.0,28596.0,4.0,16.0,12939.0,19896,2025,2024-25,https://ope.ed.gov/athletics/#/datafile/list,0.0,18499.629310344822,1914338.0,730052.0
240338,Wisconsin Lutheran College,WI,NCAA Division III with football,"Private nonprofit, 4-year or above",437716.0,437716.0,90.0,1934.0,174045.0,1.0,12.0,3688971,3542422,31202.0,8053.0,10.0,43.0,36747.0,64614,2025,2024-25,https://ope.ed.gov/athletics/#/datafile/list,0.0,4863.511111111111,263671.0,658299.0
206525,Wittenberg University,OH,NCAA Division III with football,"Private nonprofit, 4-year or above",740616.0,740616.0,186.0,639.0,118816.0,1.0,8.0,4384615,4384615,52484.0,24498.0,10.0,23.0,41513.0,64149,2025,2024-25,https://ope.ed.gov/athletics/#/datafile/list,0.0,3981.8064516129034,621800.0,1088294.0
218973,Wofford College,SC,NCAA Division I-FCS,"Private nonprofit, 4-year or above",7018564.0,7018564.0,118.0,5172.0,610289.0,1.0,10.0,32651311,32651311,127278.0,69891.0,7.0,17.0,161426.0,224925,2025,2024-25,https://ope.ed.gov/athletics/#/datafile/list,0.0,59479.35593220339,6408275.0,2079093.0
168421,Worcester Polytechnic Institute,MA,NCAA Division III with football,"Private nonprofit, 4-year or above",566370.0,566370.0,106.0,879.0,93168.0,1.0,10.0,5940210,5940210,74241.0,9905.0,9.0,31.0,42545.0,66509,2025,2024-25,https://ope.ed.gov/athletics/#/datafile/list,0.0,5343.11320754717,473202.0,975224.0
168430,Worcester State University,MA,NCAA Division III with football,"Public, 4-year or above",196228.0,181499.0,93.0,538.0,50078.0,1.0,6.0,2810625,2713610,12788.0,2967.0,9.0,24.0,3455.0,7392,2025,2024-25,https://ope.ed.gov/athletics/#/datafile/list,14729.0,1951.6021505376343,131421.0,186300.0
130794,Yale University,CT,NCAA Division I-FCS,"Private nonprofit, 4-year or above",7810316.0,7810316.0,121.0,10342.0,1251415.0,1.0,9.0,79522668,77961312,182223.0,60015.0,17.0,43.0,961593.0,1390704,2025,2024-25,https://ope.ed.gov/athletics/#/datafile/list,0.0,64548.06611570248,6558901.0,5678436.0
206695,Youngstown State University,OH,NCAA Division I-FCS,"Public, 4-year or above",5024652.0,5024652.0,123.0,8100.0,996342.0,1.0,12.0,23268696,23268696,148982.0,35378.0,7.0,32.0,262117.0,390970,2025,2024-25,https://ope.ed.gov/athletics/#/datafile/list,0.0,40850.82926829269,4028310.0,2174970.0
126119,Yuba College,CA,CCCAA,"Public, 2-year",82384.0,82384.0,68.0,399.0,27145.0,1.0,8.0,1065338,1065338,35101.0,2712.0,5.0,14.0,0.0,0,2025,2024-25,https://ope.ed.gov/athletics/#/datafile/list,0.0,1211.529411764706,55239.0,213473.0
222178,Abilene Christian University,TX,NCAA Division I-FCS,"Private nonprofit, 4-year or above",7722606.0,6769261.0,94.0,12433.0,1168673.0,1.0,10.0,25509417,25509417,181049.0,54691.0,6.0,23.0,225680.0,340125,2024,2023-24,https://ope.ed.gov/athletics/#/datafile/list,953345.0,72013.41489361702,5600588.0,2344187.0
126182,Adams State University,CO,NCAA Division II with football,"Public, 4-year or above",1311563.0,1311563.0,120.0,1139.0,136646.0,1.0,6.0,7289037,7289037,56060.0,13020.0,10.0,24.0,46903.0,76195,2024,2023-24,https://ope.ed.gov/athletics/#/datafile/list,0.0,10929.691666666668,1174917.0,873080.0
168528,Adrian College,MI,NCAA Division III with football,"Private nonprofit, 4-year or above",440456.0,440456.0,136.0,907.0,123340.0,1.0,11.0,4879111,4879111,40572.0,16739.0,14.0,18.0,35629.0,82430,2024,2023-24,https://ope.ed.gov/athletics/#/datafile/list,0.0,3238.6470588235293,317116.0,869310.0
100654,Alabama A & M University,AL,NCAA Division I-FCS,"Public, 4-year or above",4955148.0,4210963.0,135.0,10078.0,1360495.0,1.0,13.0,12639752,12639752,90232.0,50620.0,6.0,15.0,62747.0,114085,2024,2023-24,https://ope.ed.gov/athletics/#/datafile/list,744185.0,31192.31851851852,2850468.0,1300692.0
100724,Alabama State University,AL,NCAA Division I-FCS,"Public, 4-year or above",4376977.0,4376977.0,123.0,7736.0,951552.0,1.0,10.0,14050365,14050365,109539.0,60116.0,6.0,19.0,134313.0,214415,2024,2023-24,https://ope.ed.gov/athletics/#/datafile/list,0.0,35585.17886178862,3425425.0,1799438.0
138716,Albany State University,GA,NCAA Division II with football,"Public, 4-year or above",1266800.0,1542232.0,110.0,235.0,25880.0,1.0,9.0,3146021,3146021,84415.0,19755.0,4.0,15.0,3225.0,4225,2024,2023-24,https://ope.ed.gov/athletics/#/datafile/list,-275432.0,14020.290909090909,1516352.0,633985.0
168546,Albion College,MI,NCAA Division III with football,"Private nonprofit, 4-year or above",657061.0,628836.0,108.0,1704.0,184079.0,1.0,7.0,6051794,5820995,44079.0,16785.0,10.0,19.0,30548.0,58323,2024,2023-24,https://ope.ed.gov/athletics/#/datafile/list,28225.0,5822.555555555556,444757.0,759705.0
210571,Albright College,PA,NCAA Division III with football,"Private nonprofit, 4-year or above",520306.0,520306.0,125.0,1023.0,127835.0,1.0,10.0,2738205,2738205,31000.0,12273.0,11.0,23.0,26417.0,32866,2024,2023-24,https://ope.ed.gov/athletics/#/datafile/list,0.0,4162.448,392471.0,623279.0
175342,Alcorn State University,MS,NCAA Division I-FCS,"Public, 4-year or above",2956797.0,2956797.0,120.0,4281.0,513728.0,1.0,10.0,7695116,7695116,92800.0,55411.0,5.0,17.0,60250.0,80750,2024,2023-24,https://ope.ed.gov/athletics/#/datafile/list,0.0,24639.975,2443069.0,1405987.0
188641,Alfred University,NY,NCAA Division III with football,"Private nonprofit, 4-year or above",549524.0,549524.0,124.0,1517.0,188086.0,1.0,10.0,4017091,4017091,42412.0,13304.0,11.0,16.0,94935.0,120103,2024,2023-24,https://ope.ed.gov/athletics/#/datafile/list,0.0,4431.645161290323,361438.0,679396.0
108807,Allan Hancock College,CA,CCCAA,"Public, 2-year",244109.0,276447.0,85.0,923.0,78447.0,1.0,8.0,2992726,2858501,29938.0,11342.0,8.0,19.0,0.0,0,2024,2023-24,https://ope.ed.gov/athletics/#/datafile/list,-32338.0,3252.3176470588237,198000.0,455002.0
210669,Allegheny College,PA,NCAA Division III with football,"Private nonprofit, 4-year or above",707734.0,707734.0,84.0,3033.0,254783.0,1.0,7.0,4306746,4306746,48970.0,29788.0,9.0,19.0,131711.0,213923,2024,2023-24,https://ope.ed.gov/athletics/#/datafile/list,0.0,8425.404761904761,452951.0,1006702.0
217624,Allen University,SC,NCAA Division II with football,"Private nonprofit, 4-year or above",973726.0,973726.0,109.0,1209.0,131781.0,1.0,10.0,3503367,3503367,43580.0,32083.0,4.0,9.0,9047.0,26687,2024,2023-24,https://ope.ed.gov/athletics/#/datafile/list,0.0,8933.266055045871,841945.0,463067.0
168591,Alma College,MI,NCAA Division III with football,"Private nonprofit, 4-year or above",792122.0,792122.0,157.0,643.0,100873.0,1.0,13.0,5282679,5282679,50308.0,16157.0,10.0,32.0,27682.0,59421,2024,2023-24,https://ope.ed.gov/athletics/#/datafile/list,0.0,5045.363057324841,691249.0,1020104.0
210775,Alvernia University,PA,NCAA Division III with football,"Private nonprofit, 4-year or above",584629.0,576258.0,95.0,1467.0,139331.0,1.0,7.0,4112905,4025369,48300.0,13529.0,10.0,26.0,85542.0,136898,2024,2023-24,https://ope.ed.gov/athletics/#/datafile/list,8371.0,6065.873684210526,436927.0,834754.0
164447,American International College,MA,NCAA Division II with football,"Private nonprofit, 4-year or above",2207827.0,2207827.0,122.0,1013.0,123627.0,1.0,3.0,12903190,12903190,64444.0,59606.0,11.0,11.0,79523.0,96656,2024,2023-24,https://ope.ed.gov/athletics/#/datafile/list,0.0,18096.94262295082,2084200.0,1364550.0
109208,American River College,CA,CCCAA,"Public, 2-year",584274.0,463255.0,117.0,1330.0,155567.0,1.0,24.0,4207676,3862595,68253.0,8374.0,9.0,19.0,0.0,0,2024,2023-24,https://ope.ed.gov/athletics/#/datafile/list,121019.0,3959.444444444444,307688.0,773383.0
164465,Amherst College,MA,NCAA Division III with football,"Private nonprofit, 4-year or above",954669.0,954669.0,87.0,912.0,79301.0,1.0,7.0,10012764,9982308,84970.0,27263.0,13.0,35.0,112646.0,189675,2024,2023-24,https://ope.ed.gov/athletics/#/datafile/list,0.0,10973.206896551725,875368.0,2058815.0
150066,Anderson University,IN,NCAA Division III with football,"Private nonprofit, 4-year or above",545994.0,510183.0,74.0,1868.0,138238.0,1.0,12.0,3628136,3393510,38156.0,10457.0,10.0,27.0,45437.0,51453,2024,2023-24,https://ope.ed.gov/athletics/#/datafile/list,35811.0,6894.364864864865,371945.0,663899.0
222831,Angelo State University,TX,NCAA Division II with football,"Public, 4-year or above",1901888.0,1828932.0,131.0,3286.0,430434.0,1.0,6.0,8994313,8700652,125017.0,56466.0,4.0,11.0,97463.0,180465,2024,2023-24,https://ope.ed.gov/athletics/#/datafile/list,72956.0,13961.312977099236,1398498.0,1121194.0
164492,Anna Maria College,MA,NCAA Division III with football,"Private nonprofit, 4-year or above",364538.0,364538.0,110.0,1282.0,141015.0,1.0,10.0,2546852,2546852,68997.0,8616.0,6.0,22.0,23888.0,39218,2024,2023-24,https://ope.ed.gov/athletics/#/datafile/list,0.0,3313.981818181818,223523.0,603534.0
109350,Antelope Valley Community College District,CA,CCCAA,"Public, 2-year",189302.0,189302.0,55.0,1456.0,80077.0,1.0,7.0,2338406,2338406,20446.0,9806.0,8.0,16.0,0.0,0,2024,2023-24,https://ope.ed.gov/athletics/#/datafile/list,0.0,3441.8545454545456,109225.0,320464.0
197869,Appalachian State University,NC,NCAA Division I-FBS,"Public, 4-year or above",12186327.0,12186327.0,115.0,23790.0,2735849.0,1.0,10.0,43110256,43110256,346231.0,123844.0,6.0,24.0,609765.0,785050,2024,2023-24,https://ope.ed.gov/athletics/#/datafile/list,0.0,105968.06086956522,9450478.0,5049642.0
105899,Arizona Christian University,AZ,NAIA Division I ,"Private nonprofit, 4-year or above",2853761.0,2853761.0,141.0,2345.0,330636.0,1.0,15.0,13907271,13907271,37455.0,12397.0,11.0,36.0,14555.0,20051,2024,2023-24,https://ope.ed.gov/athletics/#/datafile/list,0.0,20239.439716312056,2523125.0,858297.0
104151,Arizona State University Campus Immersion,AZ,NCAA Division I-FBS,"Public, 4-year or above",40162578.0,40162578.0,125.0,32252.0,4031544.0,1.0,10.0,126892086,126892086,1103912.0,251452.0,9.0,38.0,2305818.0,2936432,2024,2023-24,https://ope.ed.gov/athletics/#/datafile/list,0.0,321300.624,36131034.0,19490384.0
106306,Arkansas Baptist College,AR,NAIA Division I ,"Private nonprofit, 4-year or above",489267.0,489267.0,129.0,853.0,109979.0,1.0,5.0,1176830,1176830,33000.0,19259.0,5.0,7.0,43456.0,50679,2024,2023-24,https://ope.ed.gov/athletics/#/datafile/list,0.0,3792.767441860465,379288.0,299813.0
106458,Arkansas State University,AR,NCAA Division I-FBS,"Public, 4-year or above",10096300.0,10096300.0,147.0,21822.0,3207861.0,1.0,24.0,28162528,28162528,116622.0,62116.0,5.0,24.0,610208.0,777557,2024,2023-24,https://ope.ed.gov/athletics/#/datafile/list,0.0,68682.31292517007,6888439.0,2073894.0
106467,Arkansas Tech University,AR,NCAA Division II with football,"Public, 4-year or above",1450537.0,1450537.0,145.0,475.0,68893.0,1.0,6.0,6927036,6927036,53697.0,45926.0,4.0,8.0,3008.0,15481,2024,2023-24,https://ope.ed.gov/athletics/#/datafile/list,0.0,10003.703448275865,1381644.0,582196.0
201104,Ashland University,OH,NCAA Division II with football,"Private nonprofit, 4-year or above",2517597.0,2517597.0,166.0,2454.0,407436.0,1.0,11.0,11605483,11605483,54234.0,25811.0,9.0,19.0,60566.0,83003,2024,2023-24,https://ope.ed.gov/athletics/#/datafile/list,0.0,15166.246987951808,2110161.0,978515.0
164562,Assumption University,MA,NCAA Division II with football,"Private nonprofit, 4-year or above",1571002.0,1478292.0,121.0,2521.0,305057.0,1.0,8.0,11092819,10779183,48639.0,15868.0,10.0,23.0,58582.0,86917,2024,2023-24,https://ope.ed.gov/athletics/#/datafile/list,92710.0,12217.289256198346,1173235.0,851354.0
485768,Atlantis University,FL,USCAA,"Private for-profit, 4-year or above",192694.0,192694.0,26.0,587.0,15250.0,1.0,1.0,1398260,1398260,40000.0,5000.0,4.0,5.0,11000.0,11000,2024,2023-24,https://ope.ed.gov/athletics/#/datafile/list,0.0,7411.307692307692,177444.0,185000.0
100858,Auburn University,AL,NCAA Division I-FBS,"Public, 4-year or above",120416776.0,60089633.0,120.0,59064.0,7087727.0,1.0,10.0,193417486,182486390,2106323.0,295075.0,7.0,35.0,2104442.0,3049127,2024,2023-24,https://ope.ed.gov/athletics/#/datafile/list,60327143.0,500746.94166666665,53001906.0,25071886.0
173045,Augsburg University,MN,NCAA Division III with football,"Private nonprofit, 4-year or above",517948.0,517948.0,115.0,613.0,70539.0,1.0,16.0,4690787,4690787,49097.0,9438.0,9.0,34.0,29335.0,44133,2024,2023-24,https://ope.ed.gov/athletics/#/datafile/list,0.0,4503.895652173913,447409.0,762765.0
143084,Augustana College,IL,NCAA Division III with football,"Private nonprofit, 4-year or above",694800.0,694800.0,140.0,1630.0,228200.0,1.0,10.0,5276760,5276760,48061.0,11144.0,13.0,40.0,138094.0,189168,2024,2023-24,https://ope.ed.gov/athletics/#/datafile/list,0.0,4962.857142857143,466600.0,1070553.0
219000,Augustana University,SD,NCAA Division II with football,"Private nonprofit, 4-year or above",2752954.0,2752954.0,123.0,2841.0,349436.0,1.0,10.0,16093092,16093092,68839.0,28586.0,9.0,31.0,174823.0,211881,2024,2023-24,https://ope.ed.gov/athletics/#/datafile/list,0.0,22381.739837398374,2403518.0,1505717.0
143118,Aurora University,IL,NCAA Division III with football,"Private nonprofit, 4-year or above",663399.0,663399.0,143.0,961.0,137437.0,1.0,8.0,5690423,5690423,62049.0,11559.0,12.0,40.0,61901.0,95211,2024,2023-24,https://ope.ed.gov/athletics/#/datafile/list,0.0,4639.153846153846,525962.0,1206948.0
222983,Austin College,TX,NCAA Division III with football,"Private nonprofit, 4-year or above",604036.0,604036.0,89.0,1909.0,169879.0,1.0,6.0,3238918,3238918,48055.0,25288.0,7.0,11.0,28230.0,33861,2024,2023-24,https://ope.ed.gov/athletics/#/datafile/list,0.0,6786.921348314607,434157.0,614553.0
219602,Austin Peay State University,TN,NCAA Division I-FCS,"Public, 4-year or above",5699615.0,5699615.0,116.0,14299.0,1658675.0,1.0,10.0,25678171,25678171,167291.0,54508.0,6.0,20.0,367663.0,506182,2024,2023-24,https://ope.ed.gov/athletics/#/datafile/list,0.0,49134.612068965514,4040940.0,2093906.0
446048,Ave Maria University,FL,NAIA Division II ,"Private nonprofit, 4-year or above",1544836.0,1544836.0,103.0,1748.0,180034.0,1.0,9.0,10213483,10213483,34390.0,18365.0,10.0,24.0,10211.0,23502,2024,2023-24,https://ope.ed.gov/athletics/#/datafile/list,0.0,14998.40776699029,1364802.0,784660.0
231420,Averett University,VA,NCAA Division III with football,"Private nonprofit, 4-year or above",542494.0,542494.0,150.0,920.0,137966.0,1.0,10.0,4128263,4128263,44372.0,13799.0,10.0,27.0,56968.0,75245,2024,2023-24,https://ope.ed.gov/athletics/#/datafile/list,0.0,3616.6266666666666,404528.0,816293.0
176628,Avila University,MO,NAIA Division I ,"Private nonprofit, 4-year or above",2823753.0,2823753.0,100.0,1311.0,131095.0,1.0,7.0,12876860,12876860,49662.0,13209.0,6.0,19.0,9909.0,34392,2024,2023-24,https://ope.ed.gov/athletics/#/datafile/list,0.0,28237.53,2692658.0,548943.0
154688,Baker University,KS,NAIA Division I ,"Private nonprofit, 4-year or above",3405894.0,3317681.0,123.0,2023.0,248823.0,1.0,7.0,16433411,16205311,38096.0,13593.0,10.0,25.0,15973.0,42054,2024,2023-24,https://ope.ed.gov/athletics/#/datafile/list,88213.0,26973.016260162603,3068858.0,720785.0
109819,Bakersfield College,CA,CCCAA,"Public, 2-year",474366.0,487215.0,93.0,1246.0,115900.0,1.0,8.0,4664019,4490493,66884.0,16974.0,10.0,20.0,0.0,0,2024,2023-24,https://ope.ed.gov/athletics/#/datafile/list,-12849.0,5238.870967741936,371315.0,1008320.0
201195,Baldwin Wallace University,OH,NCAA Division III with football,"Private nonprofit, 4-year or above",566133.0,566133.0,142.0,1267.0,179889.0,1.0,15.0,4974893,4974893,43757.0,16553.0,13.0,30.0,95597.0,151451,2024,2023-24,https://ope.ed.gov/athletics/#/datafile/list,0.0,3986.852112676057,386244.0,1065431.0
150136,Ball State University,IN,NCAA Division I-FBS,"Public, 4-year or above",7707586.0,7707586.0,118.0,11400.0,1345209.0,1.0,14.0,29737219,29737219,261234.0,99714.0,7.0,27.0,253023.0,379836,2024,2023-24,https://ope.ed.gov/athletics/#/datafile/list,0.0,65318.52542372881,6362377.0,4520916.0
197911,Barton College,NC,NCAA Division II with football,"Private nonprofit, 4-year or above",1713904.0,1568933.0,145.0,1173.0,170091.0,1.0,9.0,8757645,8259198,50257.0,17046.0,12.0,21.0,16716.0,23349,2024,2023-24,https://ope.ed.gov/athletics/#/datafile/list,144971.0,10820.227586206896,1398842.0,961050.0
160977,Bates College,ME,NCAA Division III with football,"Private nonprofit, 4-year or above",898402.0,867122.0,92.0,785.0,72265.0,1.0,7.0,9969709,9785412,55038.0,27132.0,14.0,25.0,71197.0,111267,2024,2023-24,https://ope.ed.gov/athletics/#/datafile/list,31280.0,9425.239130434782,794857.0,1448832.0
223232,Baylor University,TX,NCAA Division I-FBS,"Private nonprofit, 4-year or above",41527854.0,38996269.0,111.0,63679.0,7068389.0,1.0,10.0,148063513,148063513,1931333.0,320777.0,6.0,30.0,2095807.0,2779336,2024,2023-24,https://ope.ed.gov/athletics/#/datafile/list,2531585.0,351317.73873873876,31927880.0,21211308.0
175421,Belhaven University,MS,NCAA Division III with football,"Private nonprofit, 4-year or above",1190555.0,1119626.0,102.0,6375.0,650285.0,1.0,11.0,4789720,4660933,59280.0,23006.0,7.0,16.0,71420.0,89994,2024,2023-24,https://ope.ed.gov/athletics/#/datafile/list,70929.0,10976.72549019608,469341.0,783056.0
238333,Beloit College,WI,NCAA Division III with football,"Private nonprofit, 4-year or above",376827.0,376827.0,71.0,906.0,64339.0,1.0,7.0,2329371,2329371,33915.0,11136.0,8.0,18.0,52886.0,61304,2024,2023-24,https://ope.ed.gov/athletics/#/datafile/list,0.0,5307.422535211268,312488.0,471768.0
173124,Bemidji State University,MN,NCAA Division II with football,"Public, 4-year or above",1670284.0,1670284.0,118.0,2047.0,241551.0,1.0,11.0,10346770,10346770,149315.0,51657.0,5.0,19.0,102772.0,178304,2024,2023-24,https://ope.ed.gov/athletics/#/datafile/list,0.0,14154.949152542373,1428733.0,1728058.0
217721,Benedict College,SC,NCAA Division II with football,"Private nonprofit, 4-year or above",1926089.0,1623965.0,107.0,2430.0,260014.0,1.0,20.0,5595208,5219233,49785.0,14893.0,8.0,27.0,10233.0,18176,2024,2023-24,https://ope.ed.gov/athletics/#/datafile/list,302124.0,15177.242990654206,1363951.0,800391.0
154712,Benedictine College,KS,NAIA Division I ,"Private nonprofit, 4-year or above",2975648.0,2975648.0,234.0,326.0,76228.0,1.0,9.0,10358706,10358706,67295.0,39659.0,7.0,19.0,37083.0,45095,2024,2023-24,https://ope.ed.gov/athletics/#/datafile/list,0.0,12716.444444444443,2899420.0,1224586.0
145619,Benedictine University,IL,NCAA Division III with football,"Private nonprofit, 4-year or above",591038.0,447625.0,120.0,436.0,52321.0,1.0,7.0,4888535,4617644,45605.0,16955.0,15.0,32.0,13582.0,23742,2024,2023-24,https://ope.ed.gov/athletics/#/datafile/list,143413.0,3730.2083333333335,395304.0,1226635.0
164739,Bentley University,MA,NCAA Division II with football,"Private nonprofit, 4-year or above",1632192.0,1574402.0,93.0,2126.0,197689.0,1.0,8.0,17730910,16519503,82187.0,30200.0,10.0,20.0,109326.0,134054,2024,2023-24,https://ope.ed.gov/athletics/#/datafile/list,57790.0,16929.05376344086,1376713.0,1425870.0
139144,Berry College,GA,NCAA Division III with football,"Private nonprofit, 4-year or above",934325.0,864365.0,118.0,2054.0,242416.0,1.0,10.0,9622212,8869626,50109.0,29281.0,10.0,14.0,44491.0,74072,2024,2023-24,https://ope.ed.gov/athletics/#/datafile/list,69960.0,7325.127118644068,621949.0,911024.0
154721,Bethany College,KS,NAIA Division II ,"Private nonprofit, 4-year or above",1774620.0,1697990.0,110.0,614.0,67591.0,1.0,5.0,9171878,8867229,37388.0,19952.0,8.0,9.0,13476.0,25808,2024,2023-24,https://ope.ed.gov/athletics/#/datafile/list,76630.0,15436.272727272728,1630399.0,478672.0
237181,Bethany College,WV,NCAA Division III with football,"Private nonprofit, 4-year or above",468948.0,462823.0,143.0,458.0,65488.0,1.0,4.0,3814624,3582999,39622.0,5833.0,9.0,12.0,34375.0,48886,2024,2023-24,https://ope.ed.gov/athletics/#/datafile/list,6125.0,3236.5244755244757,397335.0,426594.0
154749,Bethel College-North Newton,KS,NAIA Division II ,"Private nonprofit, 4-year or above",1341392.0,1336908.0,96.0,1223.0,117407.0,1.0,9.0,5121671,5103259,20161.0,10474.0,8.0,15.0,12006.0,35353,2024,2023-24,https://ope.ed.gov/athletics/#/datafile/list,4484.0,13926.125,1219501.0,318398.0
173160,Bethel University,MN,NCAA Division III with football,"Private nonprofit, 4-year or above",575217.0,575217.0,106.0,1719.0,182202.0,1.0,11.0,4100347,4100347,40829.0,5952.0,10.0,45.0,20742.0,27964,2024,2023-24,https://ope.ed.gov/athletics/#/datafile/list,0.0,5426.575471698113,393015.0,676130.0
219718,Bethel University,TN,NAIA Division I ,"Private nonprofit, 4-year or above",2971961.0,2968708.0,97.0,3010.0,291965.0,1.0,7.0,11886069,11369192,35222.0,36237.0,10.0,14.0,7728.0,12013,2024,2023-24,https://ope.ed.gov/athletics/#/datafile/list,3253.0,30605.23711340206,2676743.0,859538.0
132602,Bethune-Cookman University,FL,NCAA Division I-FCS,"Private nonprofit, 4-year or above",4683961.0,4683961.0,127.0,11965.0,1519551.0,1.0,17.0,13657290,13657290,126861.0,33212.0,6.0,42.0,172088.0,250140,2024,2023-24,https://ope.ed.gov/athletics/#/datafile/list,0.0,36881.58267716535,3164410.0,2156070.0
219046,Black Hills State University,SD,NCAA Division II with football,"Public, 4-year or above",1577005.0,1680851.0,123.0,2103.0,258646.0,1.0,9.0,6195391,6195391,57284.0,28410.0,5.0,13.0,92911.0,113522,2024,2023-24,https://ope.ed.gov/athletics/#/datafile/list,-103846.0,13665.455284552843,1422205.0,655750.0
223427,Blinn College District,TX,NJCAA Division I ,"Public, 2-year",1024559.0,1024559.0,139.0,1245.0,173041.0,1.0,6.0,6041204,6002290,77641.0,36729.0,5.0,12.0,24546.0,48560,2024,2023-24,https://ope.ed.gov/athletics/#/datafile/list,0.0,7370.928057553957,851518.0,828953.0
237215,Bluefield State University,WV,NCAA Division II with football,"Public, 4-year or above",1618746.0,1601977.0,97.0,2632.0,255273.0,1.0,8.0,5873757,5739643,34446.0,24325.0,9.0,12.0,13573.0,24270,2024,2023-24,https://ope.ed.gov/athletics/#/datafile/list,16769.0,16515.22680412371,1346704.0,601914.0
231554,Bluefield University,VA,NAIA Division I ,"Private nonprofit, 4-year or above",2204168.0,2204168.0,125.0,1001.0,125126.0,1.0,5.0,8886911,8886911,41180.0,26727.0,9.0,8.0,14508.0,20020,2024,2023-24,https://ope.ed.gov/athletics/#/datafile/list,0.0,17633.344,2079042.0,584436.0
201371,Bluffton University,OH,NCAA Division III with football,"Private nonprofit, 4-year or above",545780.0,501179.0,144.0,1206.0,173722.0,1.0,9.0,2325695,2068661,36301.0,15323.0,8.0,19.0,19880.0,31198,2024,2023-24,https://ope.ed.gov/athletics/#/datafile/list,44601.0,3480.409722222222,327457.0,581545.0
142115,Boise State University,ID,NCAA Division I-FBS,"Public, 4-year or above",26458436.0,20475343.0,114.0,22144.0,2524373.0,1.0,14.0,59885466,59885465,591157.0,175983.0,5.0,28.0,739398.0,1073505,2024,2023-24,https://ope.ed.gov/athletics/#/datafile/list,5983093.0,179608.27192982455,17950970.0,7883309.0
164924,Boston College,MA,NCAA Division I-FBS,"Private nonprofit, 4-year or above",47231996.0,38139875.0,131.0,58821.0,7705509.0,1.0,10.0,136563473,136563473,674124.0,243882.0,12.0,29.0,1681051.0,2109686,2024,2023-24,https://ope.ed.gov/athletics/#/datafile/list,9092121.0,291144.08396946563,30434366.0,15162066.0
161004,Bowdoin College,ME,NCAA Division III with football,"Private nonprofit, 4-year or above",933545.0,864455.0,84.0,2326.0,195419.0,1.0,8.0,13651747,13651747,61462.0,32664.0,13.0,20.0,75863.0,136216,2024,2023-24,https://ope.ed.gov/athletics/#/datafile/list,69090.0,10291.130952380952,669036.0,1452286.0
162007,Bowie State University,MD,NCAA Division II with football,"Public, 4-year or above",1424464.0,1441288.0,138.0,1202.0,165875.0,1.0,11.0,5452774,5422803,88623.0,26695.0,5.0,16.0,45.0,325,2024,2023-24,https://ope.ed.gov/athletics/#/datafile/list,-16824.0,10444.115942028986,1275413.0,870235.0
201441,Bowling Green State University-Main Campus,OH,NCAA Division I-FBS,"Public, 4-year or above",10099082.0,10099082.0,108.0,15198.0,1641401.0,1.0,10.0,32044229,31864946,218282.0,78920.0,7.0,21.0,623303.0,798867,2024,2023-24,https://ope.ed.gov/athletics/#/datafile/list,0.0,93510.01851851853,8457681.0,3185294.0
198066,Brevard College,NC,NCAA Division III with football,"Private nonprofit, 4-year or above",540441.0,540441.0,167.0,1022.0,170608.0,1.0,17.0,3105589,3105589,37743.0,17047.0,8.0,18.0,5286.0,12291,2024,2023-24,https://ope.ed.gov/athletics/#/datafile/list,0.0,3236.1736526946106,369833.0,608790.0
152992,Briar Cliff University,IA,NAIA Division II ,"Private nonprofit, 4-year or above",1569141.0,1567848.0,97.0,1466.0,142155.0,1.0,7.0,8087958,8029813,44435.0,18924.0,8.0,17.0,35336.0,49534,2024,2023-24,https://ope.ed.gov/athletics/#/datafile/list,1293.0,16163.38144329897,1425693.0,677188.0
231581,Bridgewater College,VA,NCAA Division III with football,"Private nonprofit, 4-year or above",601979.0,601979.0,149.0,1263.0,188139.0,1.0,7.0,4587737,4587737,43022.0,25445.0,10.0,18.0,66297.0,108677,2024,2023-24,https://ope.ed.gov/athletics/#/datafile/list,0.0,4040.1275167785234,413840.0,888230.0
165024,Bridgewater State University,MA,NCAA Division III with football,"Public, 4-year or above",175585.0,153719.0,98.0,611.0,59913.0,1.0,10.0,4793865,4405901,20570.0,7978.0,10.0,26.0,3505.0,7412,2024,2023-24,https://ope.ed.gov/athletics/#/datafile/list,21866.0,1568.561224489796,93806.0,413128.0
230038,Brigham Young University,UT,NCAA Division I-FBS,"Private nonprofit, 4-year or above",44481260.0,35188112.0,121.0,56914.0,6886592.0,1.0,10.0,129891998,115666650,894251.0,212740.0,9.0,29.0,1719950.0,2232580,2024,2023-24,https://ope.ed.gov/athletics/#/datafile/list,9293148.0,290810.8429752066,28301520.0,14217719.0
217156,Brown University,RI,NCAA Division I-FCS,"Private nonprofit, 4-year or above",4245452.0,4245452.0,111.0,12691.0,1408672.0,1.0,9.0,42236049,42236049,182666.0,69261.0,12.0,35.0,862627.0,1257596,2024,2023-24,https://ope.ed.gov/athletics/#/datafile/list,0.0,38247.31531531532,2836780.0,4616127.0
217165,Bryant University,RI,NCAA Division I-FCS,"Private nonprofit, 4-year or above",6211192.0,6211192.0,139.0,8006.0,1112850.0,1.0,11.0,27042228,27042228,112585.0,40802.0,9.0,31.0,269480.0,389939,2024,2023-24,https://ope.ed.gov/athletics/#/datafile/list,0.0,44684.8345323741,5098342.0,2278127.0
211291,Bucknell University,PA,NCAA Division I-FCS,"Private nonprofit, 4-year or above",7375009.0,7375009.0,105.0,7489.0,786314.0,1.0,11.0,35248867,35248867,118993.0,43343.0,11.0,31.0,411805.0,638352,2024,2023-24,https://ope.ed.gov/athletics/#/datafile/list,0.0,70238.18095238095,6588695.0,2652556.0
153001,Buena Vista University,IA,NCAA Division III with football,"Private nonprofit, 4-year or above",466863.0,425052.0,64.0,1246.0,79717.0,1.0,7.0,3726109,3693478,48385.0,15846.0,9.0,17.0,67856.0,100275,2024,2023-24,https://ope.ed.gov/athletics/#/datafile/list,41811.0,6641.4375,345335.0,704847.0
154800,Butler Community College,KS,NJCAA Division I ,"Public, 2-year",1528421.0,1567647.0,78.0,1090.0,85013.0,1.0,7.0,5792638,5477097,58831.0,33856.0,4.0,11.0,47088.0,58203,2024,2023-24,https://ope.ed.gov/athletics/#/datafile/list,-39226.0,20098.03846153846,1482634.0,607740.0
150163,Butler University,IN,NCAA Division I-FCS,"Private nonprofit, 4-year or above",1505664.0,1499122.0,114.0,4789.0,545970.0,1.0,10.0,34875980,34050834,452407.0,80237.0,7.0,21.0,288093.0,491150,2024,2023-24,https://ope.ed.gov/athletics/#/datafile/list,6542.0,13150.19298245614,953152.0,4851826.0
110246,Butte College,CA,CCCAA,"Public, 2-year",258082.0,258082.0,82.0,272.0,22300.0,1.0,7.0,1782261,1782261,42497.0,15707.0,6.0,11.0,0.0,0,2024,2023-24,https://ope.ed.gov/athletics/#/datafile/list,0.0,3147.3414634146343,235782.0,427759.0
110334,Cabrillo College,CA,CCCAA,"Public, 2-year",219871.0,228498.0,55.0,468.0,25745.0,1.0,8.0,1923710,1912178,30457.0,4346.0,7.0,13.0,0.0,0,2024,2023-24,https://ope.ed.gov/athletics/#/datafile/list,-8627.0,4154.509090909091,202753.0,269697.0
110413,California Lutheran University,CA,NCAA Division III with football,"Private nonprofit, 4-year or above",616503.0,616503.0,120.0,1370.0,164386.0,1.0,10.0,6069703,6069703,56504.0,11360.0,11.0,33.0,28563.0,72864,2024,2023-24,https://ope.ed.gov/athletics/#/datafile/list,0.0,5137.525,452117.0,996424.0
110422,California Polytechnic State University-San Luis Obispo,CA,NCAA Division I-FCS,"Public, 4-year or above",6940540.0,6940540.0,125.0,10419.0,1302413.0,1.0,13.0,35298634,35298634,191420.0,64802.0,9.0,32.0,408438.0,584105,2024,2023-24,https://ope.ed.gov/athletics/#/datafile/list,0.0,55524.32,5638127.0,3796444.0
110556,California State University-Fresno,CA,NCAA Division I-FBS,"Public, 4-year or above",18792911.0,18792911.0,112.0,27864.0,3120723.0,1.0,15.0,55761420,55761420,557193.0,155519.0,5.0,21.0,593757.0,869183,2024,2023-24,https://ope.ed.gov/athletics/#/datafile/list,0.0,167793.8482142857,15672188.0,6051864.0
110617,California State University-Sacramento,CA,NCAA Division I-FCS,"Public, 4-year or above",7275345.0,7275345.0,111.0,12642.0,1403239.0,1.0,14.0,33323561,33323561,201316.0,81269.0,7.0,28.0,220788.0,363867,2024,2023-24,https://ope.ed.gov/athletics/#/datafile/list,0.0,65543.64864864865,5872106.0,3684744.0
150172,Calumet College of Saint Joseph,IN,NAIA Division II ,"Private nonprofit, 4-year or above",1171852.0,1171852.0,82.0,2411.0,197700.0,1.0,8.0,5035759,5035759,18300.0,6068.0,7.0,22.0,23056.0,36203,2024,2023-24,https://ope.ed.gov/athletics/#/datafile/list,0.0,14290.878048780489,974152.0,261596.0
198136,Campbell University,NC,NCAA Division I-FCS,"Private nonprofit, 4-year or above",5754026.0,5754026.0,109.0,9645.0,1051281.0,1.0,10.0,30779783,30779783,170992.0,64072.0,8.0,22.0,358655.0,535713,2024,2023-24,https://ope.ed.gov/athletics/#/datafile/list,0.0,52789.22935779816,4702745.0,2777520.0
156365,Campbellsville University,KY,NAIA Division I ,"Private nonprofit, 4-year or above",2009906.0,1989467.0,156.0,1551.0,242003.0,1.0,7.0,17147406,16582170,48130.0,43643.0,13.0,18.0,44489.0,78852,2024,2023-24,https://ope.ed.gov/athletics/#/datafile/list,20439.0,12752.99358974359,1747464.0,1411264.0
201548,Capital University,OH,NCAA Division III with football,"Private nonprofit, 4-year or above",478865.0,478860.0,92.0,975.0,89729.0,1.0,9.0,3642573,3642560,52515.0,22902.0,8.0,18.0,48560.0,55154,2024,2023-24,https://ope.ed.gov/athletics/#/datafile/list,5.0,5205.0,389131.0,832356.0
173258,Carleton College,MN,NCAA Division III with football,"Private nonprofit, 4-year or above",475383.0,462766.0,70.0,800.0,55996.0,1.0,7.0,3775861,3426154,51415.0,13881.0,8.0,24.0,57765.0,67045,2024,2023-24,https://ope.ed.gov/athletics/#/datafile/list,12617.0,6610.942857142857,406770.0,744464.0
211440,Carnegie Mellon University,PA,NCAA Division III with football,"Private nonprofit, 4-year or above",751014.0,737889.0,116.0,2346.0,272078.0,1.0,8.0,6838864,6490736,56169.0,15630.0,8.0,20.0,78384.0,136854,2024,2023-24,https://ope.ed.gov/athletics/#/datafile/list,13125.0,6361.112068965517,465811.0,761952.0
180106,Carroll College,MT,NAIA Division I ,"Private nonprofit, 4-year or above",1888403.0,1888403.0,125.0,2188.0,273548.0,1.0,11.0,6966827,6966827,48153.0,15800.0,5.0,18.0,39666.0,58076,2024,2023-24,https://ope.ed.gov/athletics/#/datafile/list,0.0,15107.224,1614855.0,525165.0
238458,Carroll University,WI,NCAA Division III with football,"Private nonprofit, 4-year or above",647198.0,591346.0,117.0,579.0,67789.0,1.0,9.0,3210053,2976086,41782.0,12532.0,9.0,34.0,11072.0,19757,2024,2023-24,https://ope.ed.gov/athletics/#/datafile/list,55852.0,5054.239316239316,523557.0,802126.0
219806,Carson-Newman University,TN,NCAA Division II with football,"Private nonprofit, 4-year or above",2521758.0,1796731.0,175.0,2327.0,407153.0,1.0,8.0,12504239,11383617,44952.0,26723.0,10.0,14.0,0.0,0,2024,2023-24,https://ope.ed.gov/athletics/#/datafile/list,725027.0,10267.034285714286,1389578.0,823642.0
238476,Carthage College,WI,NCAA Division III with football,"Private nonprofit, 4-year or above",687576.0,668210.0,146.0,1638.0,239217.0,1.0,10.0,6063850,5649740,66684.0,15517.0,11.0,31.0,36969.0,60426,2024,2023-24,https://ope.ed.gov/athletics/#/datafile/list,19366.0,4576.780821917808,428993.0,1214551.0
201645,Case Western Reserve University,OH,NCAA Division III with football,"Private nonprofit, 4-year or above",542511.0,527356.0,108.0,654.0,70613.0,1.0,12.0,4796686,4679120,50634.0,9712.0,10.0,30.0,32103.0,47764,2024,2023-24,https://ope.ed.gov/athletics/#/datafile/list,15155.0,4882.925925925926,456743.0,797700.0
198215,Catawba College,NC,NCAA Division II with football,"Private nonprofit, 4-year or above",2493370.0,2051550.0,132.0,1656.0,218557.0,1.0,9.0,13011095,11304080,57670.0,25179.0,9.0,27.0,12611.0,23861,2024,2023-24,https://ope.ed.gov/athletics/#/datafile/list,441820.0,15542.045454545454,1832993.0,1198863.0
158477,Centenary College of Louisiana,LA,NCAA Division III with football,"Private nonprofit, 4-year or above",729099.0,729099.0,68.0,2282.0,155165.0,1.0,3.0,4243523,4243523,54995.0,45259.0,8.0,9.0,71165.0,96540,2024,2023-24,https://ope.ed.gov/athletics/#/datafile/list,0.0,10722.04411764706,573934.0,847291.0
153108,Central College,IA,NCAA Division III with football,"Private nonprofit, 4-year or above",798807.0,798807.0,122.0,1292.0,157594.0,1.0,10.0,4819077,4819077,43390.0,11341.0,10.0,30.0,67927.0,97888,2024,2023-24,https://ope.ed.gov/athletics/#/datafile/list,0.0,6547.598360655737,641213.0,774130.0
128771,Central Connecticut State University,CT,NCAA Division I-FCS,"Public, 4-year or above",2629738.0,2629738.0,100.0,2315.0,231483.0,1.0,11.0,15396494,15396494,130921.0,41782.0,5.0,19.0,40702.0,66611,2024,2023-24,https://ope.ed.gov/athletics/#/datafile/list,0.0,26297.38,2398255.0,1448463.0
173203,Central Lakes College-Brainerd,MN,NJCAA Division III ,"Public, 2-year",135995.0,135995.0,47.0,589.0,27683.0,1.0,2.0,764183,764183,23230.0,6486.0,3.0,4.0,0.0,0,2024,2023-24,https://ope.ed.gov/athletics/#/datafile/list,0.0,2893.5106382978724,108312.0,95634.0
176947,Central Methodist University-College of Liberal Arts and Sciences,MO,NAIA Division I ,"Private nonprofit, 4-year or above",1733373.0,1731331.0,103.0,937.0,96547.0,1.0,5.0,10759077,10625689,47020.0,23465.0,8.0,14.0,5079.0,11893,2024,2023-24,https://ope.ed.gov/athletics/#/datafile/list,2042.0,16809.038834951458,1634784.0,704670.0
169248,Central Michigan University,MI,NCAA Division I-FBS,"Public, 4-year or above",10251410.0,10251410.0,123.0,9107.0,1120208.0,1.0,14.0,36647135,36647135,367250.0,111948.0,6.0,21.0,454271.0,655048,2024,2023-24,https://ope.ed.gov/athletics/#/datafile/list,0.0,83344.79674796748,9131202.0,4554408.0
201690,Central State University,OH,NCAA Division II with football,"Public, 4-year or above",1045057.0,1045057.0,131.0,1026.0,134465.0,1.0,7.0,3552206,3552206,69923.0,31144.0,4.0,7.0,21360.0,37160,2024,2023-24,https://ope.ed.gov/athletics/#/datafile/list,0.0,7977.534351145038,910592.0,497700.0
234827,Central Washington University,WA,NCAA Division II with football,"Public, 4-year or above",2120514.0,2120514.0,118.0,4775.0,563454.0,1.0,12.0,9581989,9520870,71741.0,20792.0,5.0,22.0,46744.0,86232,2024,2023-24,https://ope.ed.gov/athletics/#/datafile/list,0.0,17970.457627118645,1557060.0,816129.0
156408,Centre College,KY,NCAA Division III with football,"Private nonprofit, 4-year or above",536134.0,536134.0,119.0,1800.0,214254.0,1.0,7.0,5480212,5480212,34202.0,18259.0,9.0,20.0,59826.0,108810,2024,2023-24,https://ope.ed.gov/athletics/#/datafile/list,0.0,4505.327731092437,321880.0,672998.0
111887,Cerritos College,CA,CCCAA,"Public, 2-year",442671.0,401467.0,111.0,626.0,69443.0,1.0,18.0,4986848,4459532,83050.0,7480.0,9.0,62.0,0.0,0,2024,2023-24,https://ope.ed.gov/athletics/#/datafile/list,41204.0,3616.81981981982,332024.0,1211210.0
111920,Chabot College,CA,CCCAA,"Public, 2-year",226566.0,226566.0,69.0,1180.0,81427.0,1.0,9.0,2173263,2173263,25477.0,9041.0,9.0,23.0,0.0,0,2024,2023-24,https://ope.ed.gov/athletics/#/datafile/list,0.0,3283.5652173913045,145139.0,437236.0
180948,Chadron State College,NE,NCAA Division II with football,"Public, 4-year or above",1787467.0,1787467.0,139.0,2331.0,323942.0,1.0,10.0,6518222,6518222,64625.0,28638.0,6.0,19.0,57863.0,80996,2024,2023-24,https://ope.ed.gov/athletics/#/datafile/list,0.0,12859.474820143883,1463525.0,931872.0
111939,Chaffey College,CA,CCCAA,"Public, 2-year",325916.0,279693.0,103.0,776.0,79932.0,1.0,6.0,3335017,2924295,40833.0,16055.0,7.0,15.0,0.0,0,2024,2023-24,https://ope.ed.gov/athletics/#/datafile/list,46223.0,2715.466019417476,199761.0,526656.0
111948,Chapman University,CA,NCAA Division III with football,"Private nonprofit, 4-year or above",811514.0,811514.0,120.0,1653.0,198360.0,1.0,11.0,5881015,5881015,40244.0,10897.0,11.0,22.0,20440.0,27705,2024,2023-24,https://ope.ed.gov/athletics/#/datafile/list,0.0,6762.616666666667,613154.0,682418.0
217688,Charleston Southern University,SC,NCAA Division I-FCS,"Private nonprofit, 4-year or above",4067184.0,4067184.0,118.0,5741.0,677461.0,1.0,9.0,14027849,14027849,110922.0,56987.0,5.0,16.0,163770.0,211261,2024,2023-24,https://ope.ed.gov/athletics/#/datafile/list,0.0,34467.661016949154,3389723.0,1466402.0
211583,Chestnut Hill College,PA,NCAA Division II without football,"Private nonprofit, 4-year or above",149601.0,147516.0,73.0,930.0,67862.0,1.0,7.0,3754390,3754390,21384.0,5263.0,8.0,18.0,6674.0,13104,2024,2023-24,https://ope.ed.gov/athletics/#/datafile/list,2085.0,2020.7671232876712,79654.0,265806.0
198303,Chowan University,NC,NCAA Division II with football,"Private nonprofit, 4-year or above",1331891.0,1331891.0,140.0,2068.0,289499.0,1.0,5.0,6545645,6545645,45759.0,34590.0,9.0,10.0,29550.0,41954,2024,2023-24,https://ope.ed.gov/athletics/#/datafile/list,0.0,9513.507142857145,1042392.0,757731.0
231712,Christopher Newport University,VA,NCAA Division III with football,"Public, 4-year or above",831122.0,831122.0,107.0,2873.0,307424.0,1.0,7.0,13164664,13164664,63467.0,20450.0,10.0,29.0,22450.0,39703,2024,2023-24,https://ope.ed.gov/athletics/#/datafile/list,0.0,7767.4953271028035,523698.0,1227720.0
223898,Cisco College,TX,NJCAA Division I ,"Public, 2-year",792143.0,792143.0,97.0,2295.0,222662.0,1.0,2.0,3173243,3173243,66802.0,49573.0,2.0,3.0,18760.0,34992,2024,2023-24,https://ope.ed.gov/athletics/#/datafile/list,0.0,8166.422680412371,569481.0,282323.0
217864,Citadel Military College of South Carolina,SC,NCAA Division I-FCS,"Public, 4-year or above",6992919.0,4789927.0,112.0,7271.0,814398.0,1.0,13.0,17159159,17130667,121790.0,60170.0,9.0,21.0,201919.0,216104,2024,2023-24,https://ope.ed.gov/athletics/#/datafile/list,2202992.0,42767.205357142855,3975529.0,2359680.0
112172,Citrus College,CA,CCCAA,"Public, 2-year",329528.0,326291.0,80.0,1209.0,96723.0,1.0,9.0,3037435,3002109,53295.0,14764.0,8.0,11.0,0.0,0,2024,2023-24,https://ope.ed.gov/athletics/#/datafile/list,3237.0,4078.6375,229568.0,588764.0
112190,City College of San Francisco,CA,CCCAA,"Public, 2-year",246444.0,246444.0,75.0,1454.0,109066.0,1.0,11.0,1870042,1870042,53875.0,27501.0,4.0,5.0,0.0,0,2024,2023-24,https://ope.ed.gov/athletics/#/datafile/list,0.0,3285.92,137378.0,353005.0
112260,Claremont McKenna College,CA,NCAA Division III with football,"Private nonprofit, 4-year or above",824639.0,824639.0,83.0,2442.0,202664.0,1.0,10.0,4862086,4862086,57218.0,18833.0,11.0,33.0,65431.0,107194,2024,2023-24,https://ope.ed.gov/athletics/#/datafile/list,0.0,9935.409638554216,621975.0,1250887.0
138947,Clark Atlanta University,GA,NCAA Division II with football,"Private nonprofit, 4-year or above",2312981.0,2312981.0,85.0,2010.0,170862.0,1.0,6.0,6916747,6916747,87250.0,44571.0,4.0,7.0,5941.0,13501,2024,2023-24,https://ope.ed.gov/athletics/#/datafile/list,0.0,27211.54117647059,2142119.0,660997.0
153126,Clarke University,IA,NAIA Division I ,"Private nonprofit, 4-year or above",3035690.0,3035690.0,131.0,1674.0,219264.0,1.0,9.0,15134482,15134482,41610.0,15139.0,10.0,26.0,23609.0,41117,2024,2023-24,https://ope.ed.gov/athletics/#/datafile/list,0.0,23173.206106870228,2816426.0,809714.0
217882,Clemson University,SC,NCAA Division I-FBS,"Public, 4-year or above",87272466.0,67787017.0,136.0,50828.0,6912547.0,1.0,10.0,171016070,171016070,1696815.0,356461.0,7.0,30.0,3737556.0,4785432,2024,2023-24,https://ope.ed.gov/athletics/#/datafile/list,19485449.0,498433.94852941175,60874470.0,22571535.0
175519,Coahoma Community College,MS,NJCAA Division I ,"Public, 2-year",968812.0,968812.0,65.0,2358.0,153256.0,1.0,5.0,2560003,2560003,60518.0,48620.0,4.0,7.0,3200.0,5424,2024,2023-24,https://ope.ed.gov/athletics/#/datafile/list,0.0,14904.8,815556.0,582412.0
125462,Coalinga College,CA,CCCAA,"Public, 2-year",238896.0,214863.0,73.0,1236.0,90228.0,1.0,5.0,1584208,1535270,61627.0,9285.0,3.0,7.0,0.0,0,2024,2023-24,https://ope.ed.gov/athletics/#/datafile/list,24033.0,2943.328767123288,124635.0,249876.0
218724,Coastal Carolina University,SC,NCAA Division I-FBS,"Public, 4-year or above",17343575.0,17343575.0,121.0,29440.0,3562180.0,1.0,10.0,43509290,43509290,429730.0,151738.0,7.0,24.0,865301.0,1116455,2024,2023-24,https://ope.ed.gov/athletics/#/datafile/list,0.0,143335.3305785124,13781395.0,6649822.0
153144,Coe College,IA,NCAA Division III with football,"Private nonprofit, 4-year or above",454055.0,454055.0,122.0,1188.0,144903.0,1.0,8.0,3631703,3631703,39577.0,8585.0,12.0,38.0,49139.0,81670,2024,2023-24,https://ope.ed.gov/athletics/#/datafile/list,0.0,3721.7622950819673,309152.0,801154.0
154925,Coffeyville Community College,KS,NJCAA Division I ,"Public, 2-year",767543.0,742551.0,78.0,1876.0,146351.0,1.0,5.0,3982310,3472623,50610.0,30737.0,6.0,12.0,33300.0,44800,2024,2023-24,https://ope.ed.gov/athletics/#/datafile/list,24992.0,9519.884615384615,596200.0,672504.0
161086,Colby College,ME,NCAA Division III with football,"Private nonprofit, 4-year or above",972420.0,972420.0,92.0,1995.0,183542.0,1.0,8.0,11420926,11420926,82281.0,30134.0,15.0,30.0,102490.0,187192,2024,2023-24,https://ope.ed.gov/athletics/#/datafile/list,0.0,10569.782608695652,788878.0,2138235.0
190099,Colgate University,NY,NCAA Division I-FCS,"Private nonprofit, 4-year or above",8349717.0,8349717.0,90.0,11024.0,992116.0,1.0,10.0,38308822,38308822,200014.0,50534.0,10.0,34.0,592530.0,824884,2024,2023-24,https://ope.ed.gov/athletics/#/datafile/list,0.0,92774.63333333332,7357601.0,3718296.0
144865,College of DuPage,IL,NJCAA Division III ,"Public, 2-year",540873.0,540200.0,95.0,2527.0,240040.0,1.0,10.0,3374177,3251510,20315.0,9140.0,11.0,32.0,2825.0,5110,2024,2023-24,https://ope.ed.gov/athletics/#/datafile/list,673.0,5686.315789473684,300160.0,515945.0
122791,College of San Mateo,CA,CCCAA,"Public, 2-year",638270.0,638270.0,81.0,2963.0,240003.0,1.0,23.0,2990869,2990869,32043.0,2524.0,7.0,41.0,0.0,0,2024,2023-24,https://ope.ed.gov/athletics/#/datafile/list,0.0,7879.876543209876,398267.0,327785.0
111461,College of the Canyons,CA,CCCAA,"Public, 2-year",310021.0,310021.0,83.0,1000.0,82966.0,1.0,16.0,3170215,3127038,65127.0,2992.0,8.0,35.0,221.0,821,2024,2023-24,https://ope.ed.gov/athletics/#/datafile/list,0.0,3735.1927710843374,227055.0,625736.0
113573,College of the Desert,CA,CCCAA,"Public, 2-year",261814.0,261814.0,87.0,946.0,82301.0,1.0,7.0,2519536,2519536,43922.0,4699.0,7.0,18.0,0.0,0,2024,2023-24,https://ope.ed.gov/athletics/#/datafile/list,0.0,3009.3563218390805,179513.0,392036.0
166124,College of the Holy Cross,MA,NCAA Division I-FCS,"Private nonprofit, 4-year or above",7660153.0,7660153.0,107.0,10523.0,1126010.0,1.0,10.0,32804880,32804880,118011.0,51799.0,12.0,30.0,417913.0,616567,2024,2023-24,https://ope.ed.gov/athletics/#/datafile/list,0.0,71590.21495327103,6534143.0,2970102.0
121707,College of the Redwoods,CA,CCCAA,"Public, 2-year",319858.0,319858.0,69.0,3196.0,220545.0,1.0,7.0,1333974,1333974,22112.0,9078.0,7.0,18.0,0.0,0,2024,2023-24,https://ope.ed.gov/athletics/#/datafile/list,0.0,4635.623188405797,99313.0,318188.0
123217,College of the Sequoias,CA,CCCAA,"Public, 2-year",291393.0,270875.0,86.0,768.0,66058.0,1.0,9.0,2250530,2043589,26031.0,3301.0,8.0,29.0,0.0,0,2024,2023-24,https://ope.ed.gov/athletics/#/datafile/list,20518.0,3149.7093023255816,204817.0,303977.0
123484,College of the Siskiyous,CA,CCCAA,"Public, 2-year",259082.0,259082.0,58.0,1856.0,107621.0,1.0,7.0,1527919,1527919,29861.0,12320.0,5.0,14.0,0.0,0,2024,2023-24,https://ope.ed.gov/athletics/#/datafile/list,0.0,4466.931034482759,151461.0,321785.0
127556,Colorado Mesa University,CO,NCAA Division II with football,"Public, 4-year or above",1883647.0,1780718.0,146.0,2419.0,353140.0,1.0,13.0,14342387,14313950,72218.0,22965.0,11.0,35.0,119476.0,195696,2024,2023-24,https://ope.ed.gov/athletics/#/datafile/list,102929.0,12196.698630136989,1427578.0,1598173.0
126775,Colorado School of Mines,CO,NCAA Division II with football,"Public, 4-year or above",3187057.0,3187057.0,151.0,4270.0,644774.0,1.0,8.0,14787316,14787316,67276.0,24591.0,10.0,33.0,90826.0,154327,2024,2023-24,https://ope.ed.gov/athletics/#/datafile/list,0.0,21106.33774834437,2542283.0,1484263.0
128106,Colorado State University Pueblo,CO,NCAA Division II with football,"Public, 4-year or above",2291803.0,2291803.0,157.0,2470.0,387846.0,1.0,10.0,11703976,11703976,79813.0,40133.0,8.0,20.0,108518.0,138245,2024,2023-24,https://ope.ed.gov/athletics/#/datafile/list,0.0,14597.471337579618,1903957.0,1441164.0
126818,Colorado State University-Fort Collins,CO,NCAA Division I-FBS,"Public, 4-year or above",18194689.0,18194689.0,113.0,38887.0,4394233.0,1.0,14.0,50262504,50262504,646997.0,177665.0,5.0,19.0,1057445.0,1368815,2024,2023-24,https://ope.ed.gov/athletics/#/datafile/list,0.0,161014.94690265486,13800456.0,6610620.0
190150,Columbia University in the City of New York,NY,NCAA Division I-FCS,"Private nonprofit, 4-year or above",5663490.0,5663490.0,111.0,10179.0,1129870.0,1.0,9.0,40185323,40185323,194610.0,84827.0,14.0,47.0,985059.0,1336826,2024,2023-24,https://ope.ed.gov/athletics/#/datafile/list,0.0,51022.43243243243,4533620.0,6711409.0
498562,Commonwealth University of Pennsylvania,PA,NCAA Division II with football,"Public, 4-year or above",1943745.0,1960892.0,222.0,1930.0,428530.0,2.0,15.0,19432170,19268656,67790.0,24591.0,20.0,33.0,21947.0,48704,2024,2023-24,https://ope.ed.gov/athletics/#/datafile/list,-17147.0,8832.846846846847,1532362.0,2167303.0
446163,Community Christian College,CA,NJCAA Division I ,"Private nonprofit, 2-year",179360.0,204186.0,32.0,3809.0,121886.0,1.0,5.0,444320,440531,15000.0,5000.0,3.0,11.0,1500.0,1500,2024,2023-24,https://ope.ed.gov/athletics/#/datafile/list,-24826.0,6380.8125,82300.0,100000.0
112686,Compton College,CA,CCCAA,"Public, 2-year",99286.0,98986.0,32.0,1002.0,32050.0,1.0,7.0,1447070,1447070,18144.0,1920.0,6.0,22.0,3000.0,3500,2024,2023-24,https://ope.ed.gov/athletics/#/datafile/list,300.0,3093.3125,66936.0,151104.0
237330,Concord University,WV,NCAA Division II with football,"Public, 4-year or above",1397856.0,1397856.0,129.0,156.0,20092.0,1.0,11.0,5114759,5114759,56871.0,20941.0,6.0,15.0,9740.0,15376,2024,2023-24,https://ope.ed.gov/athletics/#/datafile/list,0.0,10836.093023255817,1377764.0,655341.0
173300,Concordia College at Moorhead,MN,NCAA Division III with football,"Private nonprofit, 4-year or above",568404.0,568404.0,123.0,1250.0,153702.0,1.0,11.0,3976831,3976831,34790.0,6799.0,11.0,38.0,73558.0,91140,2024,2023-24,https://ope.ed.gov/athletics/#/datafile/list,0.0,4621.170731707317,414702.0,641052.0
169363,Concordia University Ann Arbor,MI,NAIA Division II ,"Private nonprofit, 4-year or above",1641111.0,1568483.0,141.0,1840.0,259509.0,1.0,12.0,9673827,9063901,35100.0,12128.0,12.0,42.0,36628.0,64631,2024,2023-24,https://ope.ed.gov/athletics/#/datafile/list,72628.0,11123.99290780142,1308974.0,930576.0
144351,Concordia University-Chicago,IL,NCAA Division III with football,"Private nonprofit, 4-year or above",440242.0,440242.0,83.0,1497.0,124230.0,1.0,6.0,3897897,3897897,43520.0,16018.0,10.0,18.0,28555.0,64275,2024,2023-24,https://ope.ed.gov/athletics/#/datafile/list,0.0,5304.120481927711,316012.0,723524.0
180984,Concordia University-Nebraska,NE,NAIA Division II ,"Private nonprofit, 4-year or above",1540726.0,1463768.0,142.0,666.0,94640.0,1.0,13.0,10272152,9864941,44208.0,12917.0,8.0,26.0,26700.0,58607,2024,2023-24,https://ope.ed.gov/athletics/#/datafile/list,76958.0,10308.225352112677,1369128.0,689506.0
173328,Concordia University-Saint Paul,MN,NCAA Division II with football,"Private nonprofit, 4-year or above",1620751.0,1620751.0,113.0,3516.0,397345.0,1.0,10.0,7818684,7818684,42366.0,12001.0,7.0,33.0,108347.0,141637,2024,2023-24,https://ope.ed.gov/athletics/#/datafile/list,0.0,14342.929203539825,1223406.0,692595.0
238616,Concordia University-Wisconsin,WI,NCAA Division III with football,"Private nonprofit, 4-year or above",424813.0,423086.0,125.0,504.0,62965.0,1.0,10.0,3792419,3633573,49824.0,14680.0,13.0,42.0,54101.0,87374,2024,2023-24,https://ope.ed.gov/athletics/#/datafile/list,1727.0,3384.688,360121.0,1264272.0
112826,Contra Costa College,CA,CCCAA,"Public, 2-year",435361.0,435361.0,65.0,2911.0,189224.0,1.0,9.0,1463093,1463093,20621.0,4385.0,4.0,11.0,0.0,0,2024,2023-24,https://ope.ed.gov/athletics/#/datafile/list,0.0,6697.861538461539,246137.0,130719.0
175573,Copiah-Lincoln Community College,MS,NJCAA Division I ,"Public, 2-year",949710.0,949710.0,64.0,736.0,47105.0,1.0,6.0,3393698,3393698,40878.0,38018.0,6.0,12.0,29827.0,44660,2024,2023-24,https://ope.ed.gov/athletics/#/datafile/list,0.0,14839.21875,902605.0,701484.0
153162,Cornell College,IA,NCAA Division III with football,"Private nonprofit, 4-year or above",507683.0,493859.0,97.0,625.0,60610.0,1.0,7.0,3363057,3048152,52585.0,15628.0,10.0,23.0,50357.0,85863,2024,2023-24,https://ope.ed.gov/athletics/#/datafile/list,13824.0,5091.329896907217,433249.0,885294.0
190415,Cornell University,NY,NCAA Division I-FCS,"Private nonprofit, 4-year or above",4760539.0,4760539.0,117.0,4230.0,494897.0,1.0,10.0,40833886,40756322,187967.0,62415.0,15.0,41.0,1083227.0,1525346,2024,2023-24,https://ope.ed.gov/athletics/#/datafile/list,0.0,40688.36752136752,4265642.0,5378520.0
174862,Crown College,MN,NCAA Division III with football,"Private nonprofit, 4-year or above",439025.0,439025.0,79.0,1459.0,115244.0,1.0,8.0,2155336,2155336,30554.0,8887.0,9.0,22.0,16245.0,20278,2024,2023-24,https://ope.ed.gov/athletics/#/datafile/list,0.0,5557.278481012659,323781.0,470500.0
177144,Culver-Stockton College,MO,NAIA Division II ,"Private nonprofit, 4-year or above",1263112.0,1263112.0,179.0,1520.0,271995.0,1.0,5.0,5278110,5278110,33825.0,16196.0,8.0,11.0,17684.0,27442,2024,2023-24,https://ope.ed.gov/athletics/#/datafile/list,0.0,7056.491620111732,991117.0,448756.0
219949,Cumberland University,TN,NAIA Division I ,"Private nonprofit, 4-year or above",2648246.0,2614044.0,66.0,4487.0,296152.0,1.0,4.0,12531065,12336489,37656.0,27675.0,12.0,12.0,31843.0,42484,2024,2023-24,https://ope.ed.gov/athletics/#/datafile/list,34202.0,39606.72727272727,2317892.0,783972.0
165529,Curry College,MA,NCAA Division III with football,"Private nonprofit, 4-year or above",360924.0,360924.0,93.0,2028.0,188572.0,1.0,9.0,3065273,3065273,24914.0,9127.0,8.0,16.0,25510.0,48162,2024,2023-24,https://ope.ed.gov/athletics/#/datafile/list,0.0,3880.903225806452,172352.0,345344.0
219082,Dakota State University,SD,NAIA Division I ,"Public, 4-year or above",900954.0,900954.0,120.0,1260.0,151229.0,1.0,5.0,4842224,4842224,36606.0,21736.0,6.0,15.0,23261.0,38411,2024,2023-24,https://ope.ed.gov/athletics/#/datafile/list,0.0,7507.95,749725.0,545676.0
219091,Dakota Wesleyan University,SD,NAIA Division I ,"Private nonprofit, 4-year or above",1158956.0,827367.0,58.0,1954.0,113330.0,1.0,4.0,5575212,5061541,46732.0,38743.0,7.0,8.0,25883.0,52390,2024,2023-24,https://ope.ed.gov/athletics/#/datafile/list,331589.0,14264.948275862069,714037.0,637068.0
182670,Dartmouth College,NH,NCAA Division I-FCS,"Private nonprofit, 4-year or above",4604942.0,4604942.0,115.0,6494.0,746833.0,1.0,9.0,40640949,40640949,133553.0,70291.0,14.0,37.0,972122.0,1506294,2024,2023-24,https://ope.ed.gov/athletics/#/datafile/list,0.0,40042.973913043475,3858109.0,4470509.0
169479,Davenport University,MI,NCAA Division II with football,"Private nonprofit, 4-year or above",2233008.0,2233008.0,136.0,1738.0,236311.0,1.0,10.0,14729553,14729553,48616.0,14942.0,10.0,37.0,65556.0,130900,2024,2023-24,https://ope.ed.gov/athletics/#/datafile/list,0.0,16419.176470588234,1996697.0,1039014.0
198385,Davidson College,NC,NCAA Division I-FCS,"Private nonprofit, 4-year or above",2824745.0,2068341.0,102.0,4226.0,431031.0,1.0,10.0,21624104,21575464,133248.0,62754.0,10.0,27.0,299500.0,528226,2024,2023-24,https://ope.ed.gov/athletics/#/datafile/list,756404.0,20277.852941176472,1637310.0,3026838.0
113333,De Anza College,CA,CCCAA,"Public, 2-year",288372.0,287626.0,60.0,959.0,57548.0,1.0,12.0,2187172,2074127,45755.0,3616.0,6.0,27.0,0.0,0,2024,2023-24,https://ope.ed.gov/athletics/#/datafile/list,746.0,4793.766666666666,230078.0,372162.0
150400,DePauw University,IN,NCAA Division III with football,"Private nonprofit, 4-year or above",677983.0,677983.0,151.0,690.0,104203.0,1.0,5.0,5374246,5374246,61519.0,24994.0,9.0,18.0,44156.0,75519,2024,2023-24,https://ope.ed.gov/athletics/#/datafile/list,0.0,4489.953642384106,573780.0,1003563.0
165574,Dean College,MA,NCAA Division III with football,"Private nonprofit, 4-year or above",383466.0,382355.0,86.0,1565.0,134604.0,1.0,6.0,2570722,2524050,30691.0,10782.0,8.0,15.0,34934.0,44596,2024,2023-24,https://ope.ed.gov/athletics/#/datafile/list,1111.0,4445.988372093023,247751.0,407258.0
202514,Defiance College,OH,NCAA Division III with football,"Private nonprofit, 4-year or above",448163.0,448072.0,115.0,350.0,40233.0,1.0,8.0,2070595,1990902,38586.0,19196.0,7.0,16.0,33239.0,48806,2024,2023-24,https://ope.ed.gov/athletics/#/datafile/list,91.0,3896.278260869565,407839.0,577238.0
130934,Delaware State University,DE,NCAA Division I-FCS,"Public, 4-year or above",3947183.0,3947183.0,97.0,7014.0,680356.0,1.0,10.0,16266754,16266754,142677.0,49478.0,4.0,17.0,103886.0,115582,2024,2023-24,https://ope.ed.gov/athletics/#/datafile/list,0.0,40692.60824742268,3266827.0,1411834.0
211981,Delaware Valley University,PA,NCAA Division III with football,"Private nonprofit, 4-year or above",594083.0,594083.0,115.0,1271.0,146207.0,1.0,7.0,3294216,3294216,41306.0,16457.0,10.0,20.0,10838.0,20363,2024,2023-24,https://ope.ed.gov/athletics/#/datafile/list,0.0,5165.939130434783,447876.0,742200.0
175616,Delta State University,MS,NCAA Division II with football,"Public, 4-year or above",1265830.0,1414104.0,107.0,2042.0,218518.0,1.0,6.0,5145717,5145717,60630.0,43295.0,7.0,10.0,36023.0,49496,2024,2023-24,https://ope.ed.gov/athletics/#/datafile/list,-148274.0,13215.92523364486,1195586.0,857360.0
202523,Denison University,OH,NCAA Division III with football,"Private nonprofit, 4-year or above",695768.0,695768.0,111.0,2092.0,232207.0,1.0,12.0,8913759,8913759,50211.0,15206.0,12.0,37.0,63209.0,102467,2024,2023-24,https://ope.ed.gov/athletics/#/datafile/list,0.0,6268.18018018018,463561.0,1165154.0
113634,Diablo Valley College,CA,CCCAA,"Public, 2-year",136110.0,108892.0,79.0,1031.0,81411.0,1.0,4.0,1167574,1025017,15156.0,2802.0,8.0,15.0,0.0,0,2024,2023-24,https://ope.ed.gov/athletics/#/datafile/list,27218.0,1378.379746835443,27481.0,163278.0
212009,Dickinson College,PA,NCAA Division III with football,"Private nonprofit, 4-year or above",349903.0,362504.0,63.0,1298.0,81760.0,1.0,7.0,4342409,3925312,34233.0,6125.0,12.0,28.0,67872.0,96266,2024,2023-24,https://ope.ed.gov/athletics/#/datafile/list,-12601.0,5754.0317460317465,280744.0,582296.0
200059,Dickinson State University,ND,NAIA Division I ,"Public, 4-year or above",750226.0,750226.0,114.0,1480.0,168776.0,1.0,7.0,3834015,3834015,23793.0,10279.0,8.0,18.0,18755.0,34693,2024,2023-24,https://ope.ed.gov/athletics/#/datafile/list,0.0,6580.929824561404,581450.0,375366.0
181020,Doane University,NE,NAIA Division II ,"Private nonprofit, 4-year or above",1287269.0,1248178.0,104.0,1272.0,132292.0,1.0,4.0,9711188,9558573,52203.0,16851.0,10.0,32.0,23649.0,46073,2024,2023-24,https://ope.ed.gov/athletics/#/datafile/list,39091.0,12001.71153846154,1115886.0,1061262.0
154998,Dodge City Community College,KS,NJCAA Division I ,"Public, 2-year",666342.0,666342.0,98.0,942.0,92297.0,1.0,5.0,3394786,3394786,53454.0,36024.0,6.0,9.0,31530.0,67336,2024,2023-24,https://ope.ed.gov/athletics/#/datafile/list,0.0,6799.408163265306,574045.0,644940.0
153250,Dordt University,IA,NAIA Division II ,"Private nonprofit, 4-year or above",1690066.0,1690066.0,142.0,1541.0,218799.0,1.0,7.0,8690282,8690282,34199.0,13321.0,8.0,23.0,62955.0,106217,2024,2023-24,https://ope.ed.gov/athletics/#/datafile/list,0.0,11901.87323943662,1471267.0,579975.0
153269,Drake University,IA,NCAA Division I-FCS,"Private nonprofit, 4-year or above",1522222.0,1522222.0,112.0,6350.0,711208.0,1.0,9.0,21791106,21791106,199127.0,49102.0,6.0,19.0,101943.0,187577,2024,2023-24,https://ope.ed.gov/athletics/#/datafile/list,0.0,13591.267857142857,811014.0,2127700.0
198419,Duke University,NC,NCAA Division I-FBS,"Private nonprofit, 4-year or above",68359472.0,44119045.0,117.0,44604.0,5218699.0,1.0,10.0,166864316,166757447,835071.0,184283.0,11.0,51.0,3446592.0,4234298,2024,2023-24,https://ope.ed.gov/athletics/#/datafile/list,24240427.0,377085.8547008547,38900346.0,18584214.0
212106,Duquesne University,PA,NCAA Division I-FCS,"Private nonprofit, 4-year or above",5012721.0,5012721.0,114.0,8280.0,943882.0,1.0,11.0,28802065,28802065,380315.0,55632.0,6.0,24.0,257343.0,393982,2024,2023-24,https://ope.ed.gov/athletics/#/datafile/list,0.0,43971.23684210526,4068839.0,3617058.0
198464,East Carolina University,NC,NCAA Division I-FBS,"Public, 4-year or above",15325528.0,15316764.0,125.0,19064.0,2382979.0,1.0,14.0,65211957,63575819,840181.0,183867.0,5.0,23.0,881295.0,1165403,2024,2023-24,https://ope.ed.gov/athletics/#/datafile/list,8764.0,122534.112,12933785.0,8429846.0
175643,East Central Community College,MS,NJCAA Division II ,"Public, 2-year",1056339.0,1056339.0,62.0,533.0,33057.0,1.0,8.0,3755275,3755275,73523.0,43400.0,6.0,12.0,7462.0,7886,2024,2023-24,https://ope.ed.gov/athletics/#/datafile/list,0.0,17037.725806451614,1023282.0,961938.0
207041,East Central University,OK,NCAA Division II with football,"Public, 4-year or above",1798318.0,1798318.0,157.0,2206.0,346283.0,1.0,6.0,6726034,6726034,60219.0,54400.0,4.0,9.0,17266.0,39444,2024,2023-24,https://ope.ed.gov/athletics/#/datafile/list,0.0,11454.254777070064,1452035.0,730476.0
113856,East Los Angeles College,CA,CCCAA,"Public, 2-year",275271.0,259040.0,112.0,1044.0,116950.0,1.0,8.0,2688531,2537954,15225.0,13031.0,7.0,21.0,0.0,0,2024,2023-24,https://ope.ed.gov/athletics/#/datafile/list,16231.0,2312.8571428571427,142090.0,380226.0
175652,East Mississippi Community College,MS,NJCAA Division I ,"Public, 2-year",1249568.0,1249568.0,65.0,3831.0,248987.0,1.0,13.0,3770704,3770704,64107.0,43286.0,6.0,11.0,651.0,1627,2024,2023-24,https://ope.ed.gov/athletics/#/datafile/list,0.0,19224.123076923075,1000581.0,860788.0
212115,East Stroudsburg University of Pennsylvania,PA,NCAA Division II with football,"Public, 4-year or above",1366296.0,1255996.0,97.0,2166.0,210081.0,1.0,10.0,12719494,10662700,78080.0,23283.0,7.0,20.0,24871.0,50194,2024,2023-24,https://ope.ed.gov/athletics/#/datafile/list,110300.0,12948.41237113402,1045915.0,1012220.0
220075,East Tennessee State University,TN,NCAA Division I-FCS,"Public, 4-year or above",4425312.0,4425312.0,100.0,6140.0,614007.0,1.0,14.0,19811089,19811089,129861.0,49384.0,8.0,30.0,198477.0,286739,2024,2023-24,https://ope.ed.gov/athletics/#/datafile/list,0.0,44253.12,3811305.0,2520408.0
224527,East Texas Baptist University,TX,NCAA Division III with football,"Private nonprofit, 4-year or above",737232.0,737232.0,148.0,1509.0,223332.0,1.0,8.0,5326859,5326859,49604.0,22668.0,7.0,20.0,69885.0,109693,2024,2023-24,https://ope.ed.gov/athletics/#/datafile/list,0.0,4981.2972972972975,513900.0,800588.0
144892,Eastern Illinois University,IL,NCAA Division I-FCS,"Public, 4-year or above",4464282.0,4464282.0,125.0,5046.0,630723.0,1.0,17.0,19027915,19027915,76320.0,33985.0,9.0,27.0,150126.0,228530,2024,2023-24,https://ope.ed.gov/athletics/#/datafile/list,0.0,35714.256,3833559.0,1604475.0
156620,Eastern Kentucky University,KY,NCAA Division I-FCS,"Public, 4-year or above",6046804.0,6046804.0,117.0,7428.0,869098.0,1.0,15.0,25201223,25201223,150029.0,60688.0,6.0,23.0,206215.0,301850,2024,2023-24,https://ope.ed.gov/athletics/#/datafile/list,0.0,51682.08547008547,5177706.0,2295998.0
169798,Eastern Michigan University,MI,NCAA Division I-FBS,"Public, 4-year or above",11290296.0,11290296.0,114.0,12904.0,1471027.0,1.0,10.0,37094526,37094526,273638.0,82110.0,5.0,20.0,791940.0,996500,2024,2023-24,https://ope.ed.gov/athletics/#/datafile/list,0.0,99037.68421052632,9819269.0,3010390.0
187648,Eastern New Mexico University-Main Campus,NM,NCAA Division II with football,"Public, 4-year or above",1421732.0,1421732.0,143.0,1170.0,167371.0,1.0,6.0,8612575,8612575,89195.0,39056.0,6.0,13.0,17918.0,50603,2024,2023-24,https://ope.ed.gov/athletics/#/datafile/list,0.0,9942.181818181818,1254361.0,1042898.0
208646,Eastern Oregon University,OR,NAIA Division I ,"Public, 4-year or above",1216531.0,1216531.0,112.0,1306.0,146268.0,1.0,9.0,5947872,5947872,61648.0,12477.0,6.0,15.0,34008.0,53566,2024,2023-24,https://ope.ed.gov/athletics/#/datafile/list,0.0,10861.88392857143,1070263.0,557043.0
212133,Eastern University,PA,NCAA Division III with football,"Private nonprofit, 4-year or above",816256.0,646225.0,127.0,1793.0,227727.0,1.0,9.0,5684261,4835932,45301.0,15697.0,9.0,31.0,46947.0,81394,2024,2023-24,https://ope.ed.gov/athletics/#/datafile/list,170031.0,5088.385826771653,418498.0,894316.0
235097,Eastern Washington University,WA,NCAA Division I-FCS,"Public, 4-year or above",6244117.0,6244117.0,119.0,14921.0,1775581.0,1.0,14.0,20082060,20082060,152279.0,57135.0,4.0,23.0,323297.0,430271,2024,2023-24,https://ope.ed.gov/athletics/#/datafile/list,0.0,52471.57142857143,4468536.0,1923221.0
133526,Edward Waters University,FL,NCAA Division II with football,"Private nonprofit, 4-year or above",1233088.0,1233088.0,101.0,2266.0,228861.0,1.0,9.0,4986351,4986351,53000.0,20000.0,5.0,20.0,0.0,0,2024,2023-24,https://ope.ed.gov/athletics/#/datafile/list,0.0,12208.79207920792,1004227.0,665000.0
113980,El Camino Community College District,CA,CCCAA,"Public, 2-year",236831.0,235109.0,111.0,346.0,38449.0,1.0,16.0,2460785,2356639,39601.0,5583.0,10.0,32.0,0.0,0,2024,2023-24,https://ope.ed.gov/athletics/#/datafile/list,1722.0,2118.099099099099,196660.0,574666.0
198507,Elizabeth City State University,NC,NCAA Division II with football,"Public, 4-year or above",750787.0,750787.0,121.0,1821.0,220299.0,1.0,8.0,3918662,3918662,57247.0,16941.0,4.0,10.0,2020.0,4203,2024,2023-24,https://ope.ed.gov/athletics/#/datafile/list,0.0,6204.851239669421,530488.0,398398.0
153296,Ellsworth Community College,IA,NJCAA Division I ,"Public, 2-year",548394.0,552135.0,110.0,1825.0,200795.0,1.0,6.0,2463796,2313459,59603.0,3683.0,4.0,14.0,4275.0,8919,2024,2023-24,https://ope.ed.gov/athletics/#/datafile/list,-3741.0,5019.409090909091,351340.0,289974.0
144962,Elmhurst University,IL,NCAA Division III with football,"Private nonprofit, 4-year or above",686009.0,679456.0,76.0,1800.0,136770.0,1.0,7.0,4888913,4715441,64385.0,11482.0,9.0,36.0,63220.0,102334,2024,2023-24,https://ope.ed.gov/athletics/#/datafile/list,6553.0,8940.21052631579,542686.0,992817.0
198516,Elon University,NC,NCAA Division I-FCS,"Private nonprofit, 4-year or above",7244514.0,7244514.0,120.0,6044.0,725290.0,1.0,12.0,35793576,35793576,197584.0,86120.0,7.0,20.0,293895.0,458448,2024,2023-24,https://ope.ed.gov/athletics/#/datafile/list,0.0,60370.95,6519224.0,3105488.0
232025,Emory & Henry College,VA,NCAA Division II with football,"Private nonprofit, 4-year or above",1874928.0,1874928.0,124.0,495.0,61328.0,1.0,8.0,8837704,8837704,41357.0,30413.0,9.0,18.0,70660.0,91946,2024,2023-24,https://ope.ed.gov/athletics/#/datafile/list,0.0,15120.387096774191,1813600.0,919647.0
155025,Emporia State University,KS,NCAA Division II with football,"Public, 4-year or above",2212056.0,2168229.0,123.0,1742.0,214309.0,1.0,6.0,10046745,9372441,102638.0,44759.0,7.0,14.0,93476.0,150953,2024,2023-24,https://ope.ed.gov/athletics/#/datafile/list,43827.0,17627.878048780487,1953920.0,1345092.0
165699,Endicott College,MA,NCAA Division III with football,"Private nonprofit, 4-year or above",709803.0,709800.0,139.0,941.0,130745.0,1.0,9.0,5989745,5989745,36637.0,12127.0,10.0,33.0,15686.0,27521,2024,2023-24,https://ope.ed.gov/athletics/#/datafile/list,3.0,5106.474820143885,579055.0,766561.0
191083,Erie Community College,NY,NJCAA Division III ,"Public, 2-year",390879.0,390879.0,50.0,3546.0,177275.0,1.0,7.0,1842173,1798689,21670.0,5197.0,8.0,16.0,4167.0,5962,2024,2023-24,https://ope.ed.gov/athletics/#/datafile/list,0.0,7817.58,213604.0,256512.0
217998,Erskine College,SC,NCAA Division II with football,"Private nonprofit, 4-year or above",1003519.0,1003519.0,189.0,1625.0,307054.0,1.0,7.0,6850046,6850046,35065.0,31000.0,8.0,11.0,0.0,0,2024,2023-24,https://ope.ed.gov/athletics/#/datafile/list,0.0,5309.624338624339,696465.0,621520.0
144971,Eureka College,IL,NCAA Division III with football,"Private nonprofit, 4-year or above",314400.0,314400.0,80.0,1438.0,115033.0,1.0,10.0,1875340,1875340,34525.0,4152.0,7.0,19.0,700.0,2484,2024,2023-24,https://ope.ed.gov/athletics/#/datafile/list,0.0,3930.0,199367.0,320563.0
177339,Evangel University,MO,NAIA Division I ,"Private nonprofit, 4-year or above",2507378.0,2507378.0,111.0,2020.0,224175.0,1.0,7.0,10917074,10917074,34960.0,18966.0,9.0,18.0,25058.0,34282,2024,2023-24,https://ope.ed.gov/athletics/#/datafile/list,0.0,22588.99099099099,2283203.0,656028.0
184694,Fairleigh Dickinson University-Florham Campus,NJ,NCAA Division III with football,"Private nonprofit, 4-year or above",434811.0,434811.0,121.0,1141.0,138119.0,1.0,8.0,4148168,3979213,30653.0,9603.0,11.0,20.0,25626.0,40569,2024,2023-24,https://ope.ed.gov/athletics/#/datafile/list,0.0,3593.4793388429753,296692.0,529243.0
237367,Fairmont State University,WV,NCAA Division II with football,"Public, 4-year or above",1205575.0,1135550.0,98.0,1511.0,148125.0,1.0,6.0,6281819,6088243,42431.0,24727.0,8.0,14.0,7148.0,17272,2024,2023-24,https://ope.ed.gov/athletics/#/datafile/list,70025.0,11587.244897959185,987425.0,685626.0
101189,Faulkner University,AL,NAIA Division I ,"Private nonprofit, 4-year or above",1401712.0,1401712.0,127.0,2797.0,355242.0,1.0,10.0,7378678,7378678,54961.0,21873.0,6.0,17.0,26479.0,49177,2024,2023-24,https://ope.ed.gov/athletics/#/datafile/list,0.0,11037.102362204723,1046470.0,701607.0
198543,Fayetteville State University,NC,NCAA Division II with football,"Public, 4-year or above",1317413.0,1317413.0,80.0,3168.0,253412.0,1.0,8.0,5532468,5532468,51375.0,33424.0,4.0,12.0,0.0,1875,2024,2023-24,https://ope.ed.gov/athletics/#/datafile/list,0.0,16467.6625,1064001.0,606588.0
114433,Feather River Community College District,CA,CCCAA,"Public, 2-year",382768.0,382768.0,55.0,1375.0,75615.0,1.0,8.0,2601078,2601078,91454.0,17659.0,5.0,12.0,10414.0,18289,2024,2023-24,https://ope.ed.gov/athletics/#/datafile/list,0.0,6959.418181818181,307153.0,669178.0
169910,Ferris State University,MI,Other ,"Public, 4-year or above",2693485.0,2693485.0,148.0,3852.0,570146.0,1.0,7.0,12199553,12199553,98322.0,46356.0,6.0,15.0,94345.0,138948,2024,2023-24,https://ope.ed.gov/athletics/#/datafile/list,0.0,18199.222972972973,2123339.0,1285272.0
232089,Ferrum College,VA,NCAA Division III with football,"Private nonprofit, 4-year or above",606243.0,606243.0,120.0,500.0,59946.0,1.0,8.0,3227137,3227137,44883.0,28052.0,8.0,13.0,62448.0,97038,2024,2023-24,https://ope.ed.gov/athletics/#/datafile/list,0.0,5052.025,546297.0,723740.0
165820,Fitchburg State University,MA,NCAA Division III with football,"Public, 4-year or above",164309.0,152293.0,62.0,917.0,56857.0,1.0,6.0,2026127,1987634,11438.0,3957.0,8.0,21.0,4495.0,10083,2024,2023-24,https://ope.ed.gov/athletics/#/datafile/list,12016.0,2456.3387096774195,95436.0,174601.0
133650,Florida Agricultural and Mechanical University,FL,NCAA Division I-FCS,"Public, 4-year or above",6454000.0,4500000.0,110.0,12104.0,1331400.0,1.0,10.0,13816885,12122966,139670.0,61544.0,6.0,21.0,2249.0,6551,2024,2023-24,https://ope.ed.gov/athletics/#/datafile/list,1954000.0,40909.09090909091,3168600.0,2130444.0
133669,Florida Atlantic University,FL,NCAA Division I-FBS,"Public, 4-year or above",16688417.0,16688417.0,115.0,35928.0,4131678.0,1.0,10.0,45319502,45319502,324300.0,127560.0,8.0,21.0,616631.0,816468,2024,2023-24,https://ope.ed.gov/athletics/#/datafile/list,0.0,145116.6695652174,12556739.0,5273160.0
133951,Florida International University,FL,NCAA Division I-FBS,"Public, 4-year or above",11012712.0,11012712.0,112.0,21155.0,2369339.0,1.0,14.0,41981914,41981914,373175.0,132831.0,5.0,19.0,385887.0,505901,2024,2023-24,https://ope.ed.gov/athletics/#/datafile/list,0.0,98327.78571428572,8643373.0,4389664.0
133979,Florida Memorial University,FL,NAIA Division I ,"Private nonprofit, 4-year or above",1345237.0,1345237.0,103.0,2946.0,303488.0,1.0,7.0,5740261,5740261,51458.0,23292.0,6.0,11.0,11650.0,22300,2024,2023-24,https://ope.ed.gov/athletics/#/datafile/list,0.0,13060.553398058251,1041749.0,564960.0
134097,Florida State University,FL,NCAA Division I-FBS,"Public, 4-year or above",95016739.0,61092937.0,125.0,112452.0,14056553.0,1.0,14.0,169896350,169896350,1440641.0,337790.0,8.0,28.0,2357890.0,3022735,2024,2023-24,https://ope.ed.gov/athletics/#/datafile/list,33923802.0,488743.496,47036384.0,20983248.0
114716,Foothill College,CA,CCCAA,"Public, 2-year",176303.0,176303.0,61.0,672.0,41000.0,1.0,8.0,994787,994787,47340.0,3500.0,5.0,14.0,0.0,0,2024,2023-24,https://ope.ed.gov/athletics/#/datafile/list,0.0,2890.2131147540986,135303.0,285700.0
191241,Fordham University,NY,NCAA Division I-FCS,"Private nonprofit, 4-year or above",8960705.0,8960705.0,101.0,7970.0,805010.0,1.0,10.0,44514033,44514033,206544.0,71126.0,9.0,23.0,686790.0,898100,2024,2023-24,https://ope.ed.gov/athletics/#/datafile/list,0.0,88719.85148514851,8155695.0,3494794.0
155061,Fort Hays State University,KS,NCAA Division II with football,"Public, 4-year or above",2113163.0,1970385.0,150.0,3170.0,475572.0,1.0,10.0,7769359,7615055,74618.0,51934.0,7.0,11.0,201923.0,255845,2024,2023-24,https://ope.ed.gov/athletics/#/datafile/list,142778.0,13135.9,1494813.0,1093600.0
127185,Fort Lewis College,CO,NCAA Division II with football,"Public, 4-year or above",1657839.0,1657840.0,129.0,3083.0,397666.0,1.0,9.0,8531754,8370166,65801.0,27866.0,5.0,12.0,39558.0,61852,2024,2023-24,https://ope.ed.gov/athletics/#/datafile/list,-1.0,12851.472868217052,1260174.0,663397.0
139719,Fort Valley State University,GA,NCAA Division II with football,"Public, 4-year or above",904815.0,904815.0,106.0,543.0,57533.0,1.0,6.0,5205897,5205897,55174.0,47076.0,6.0,8.0,7472.0,9440,2024,2023-24,https://ope.ed.gov/athletics/#/datafile/list,0.0,8535.990566037735,847282.0,707652.0
165866,Framingham State University,MA,NCAA Division III with football,"Public, 4-year or above",222761.0,209573.0,79.0,1238.0,97811.0,1.0,7.0,1972566,1972566,17176.0,4919.0,6.0,16.0,2015.0,7918,2024,2023-24,https://ope.ed.gov/athletics/#/datafile/list,13188.0,2652.8227848101264,111762.0,181760.0
150604,Franklin College,IN,NCAA Division III with football,"Private nonprofit, 4-year or above",469464.0,395021.0,113.0,990.0,111832.0,1.0,10.0,2763925,2474129,34473.0,10773.0,8.0,22.0,14820.0,20923,2024,2023-24,https://ope.ed.gov/athletics/#/datafile/list,74443.0,3495.761061946903,283189.0,512790.0
182795,Franklin Pierce University,NH,NCAA Division II with football,"Private nonprofit, 4-year or above",1712680.0,1712680.0,100.0,1344.0,134373.0,1.0,5.0,9142545,9142545,53861.0,16503.0,9.0,17.0,34366.0,62879,2024,2023-24,https://ope.ed.gov/athletics/#/datafile/list,0.0,17126.8,1578307.0,765300.0
212577,Franklin and Marshall College,PA,NCAA Division III with football,"Private nonprofit, 4-year or above",787682.0,793785.0,101.0,1417.0,143132.0,1.0,8.0,7339588,7162390,49667.0,19401.0,14.0,30.0,73888.0,115643,2024,2023-24,https://ope.ed.gov/athletics/#/datafile/list,-6103.0,7859.257425742574,650653.0,1277368.0
114789,Fresno City College,CA,CCCAA,"Public, 2-year",837652.0,740789.0,76.0,3076.0,233779.0,1.0,8.0,4095365,4035365,39757.0,4500.0,9.0,28.0,0.0,0,2024,2023-24,https://ope.ed.gov/athletics/#/datafile/list,96863.0,9747.223684210529,507010.0,483813.0
155089,Friends University,KS,NAIA Division I ,"Private nonprofit, 4-year or above",2787410.0,1147987.0,130.0,659.0,85618.0,1.0,8.0,11251179,7139905,40167.0,10347.0,9.0,23.0,27623.0,50375,2024,2023-24,https://ope.ed.gov/athletics/#/datafile/list,1639423.0,8830.66923076923,1062369.0,599484.0
162584,Frostburg State University,MD,NCAA Division II with football,"Public, 4-year or above",1208987.0,1208987.0,145.0,1172.0,169911.0,1.0,11.0,9022066,9022066,49798.0,21596.0,11.0,30.0,16018.0,30078,2024,2023-24,https://ope.ed.gov/athletics/#/datafile/list,0.0,8337.841379310345,1039076.0,1195658.0
114859,Fullerton College,CA,CCCAA,"Public, 2-year",255151.0,255151.0,99.0,1076.0,106567.0,1.0,14.0,2420351,2420351,51190.0,6193.0,10.0,34.0,0.0,0,2024,2023-24,https://ope.ed.gov/athletics/#/datafile/list,0.0,2577.282828282828,148584.0,722462.0
218070,Furman University,SC,NCAA Division I-FCS,"Private nonprofit, 4-year or above",8822276.0,8822276.0,134.0,5659.0,758256.0,1.0,12.0,31927207,31927207,228166.0,64572.0,6.0,23.0,230914.0,385405,2024,2023-24,https://ope.ed.gov/athletics/#/datafile/list,0.0,65837.88059701493,8064020.0,2854152.0
131450,Gallaudet University,DC,NCAA Division III with football,"Private nonprofit, 4-year or above",450756.0,446252.0,72.0,2404.0,173052.0,1.0,6.0,3264180,3037053,30497.0,8620.0,7.0,18.0,24860.0,34018,2024,2023-24,https://ope.ed.gov/athletics/#/datafile/list,4504.0,6197.944444444444,273200.0,368639.0
212601,Gannon University,PA,NCAA Division II with football,"Private nonprofit, 4-year or above",2272205.0,2262400.0,112.0,1111.0,124456.0,1.0,8.0,12856012,12443828,50408.0,23938.0,9.0,21.0,69037.0,115514,2024,2023-24,https://ope.ed.gov/athletics/#/datafile/list,9805.0,20200.0,2137944.0,956370.0
155104,Garden City Community College,KS,NJCAA Division I ,"Public, 2-year",869116.0,869116.0,59.0,1971.0,116305.0,1.0,12.0,4400974,4400974,49794.0,20097.0,9.0,22.0,19401.0,35805,2024,2023-24,https://ope.ed.gov/athletics/#/datafile/list,0.0,14730.77966101695,752811.0,890280.0
198561,Gardner-Webb University,NC,NCAA Division I-FCS,"Private nonprofit, 4-year or above",3640429.0,3640429.0,113.0,5483.0,619624.0,1.0,15.0,14245572,14245572,66622.0,26153.0,11.0,33.0,95247.0,143328,2024,2023-24,https://ope.ed.gov/athletics/#/datafile/list,0.0,32216.185840707964,3020805.0,1595891.0
114938,Gavilan College,CA,CCCAA,"Public, 2-year",113696.0,84505.0,51.0,965.0,49209.0,1.0,7.0,952588,879233,6000.0,3833.0,4.0,15.0,0.0,0,2024,2023-24,https://ope.ed.gov/athletics/#/datafile/list,29191.0,1656.9607843137255,35296.0,81495.0
212656,Geneva College,PA,NCAA Division III with football,"Private nonprofit, 4-year or above",469828.0,469828.0,95.0,1459.0,138603.0,1.0,11.0,2592724,2592724,44777.0,13153.0,8.0,16.0,49574.0,67823,2024,2023-24,https://ope.ed.gov/athletics/#/datafile/list,0.0,4945.557894736842,331225.0,568664.0
208822,George Fox University,OR,NCAA Division III with football,"Private nonprofit, 4-year or above",1019713.0,1004078.0,114.0,3345.0,381375.0,1.0,14.0,5968333,5777936,56098.0,14841.0,8.0,35.0,90275.0,134076,2024,2023-24,https://ope.ed.gov/athletics/#/datafile/list,15635.0,8807.701754385966,622703.0,968219.0
156745,Georgetown College,KY,NAIA Division I ,"Private nonprofit, 4-year or above",5177615.0,5177615.0,157.0,1550.0,243389.0,1.0,12.0,18008617,18008617,49147.0,22521.0,9.0,18.0,19906.0,31529,2024,2023-24,https://ope.ed.gov/athletics/#/datafile/list,0.0,32978.43949044586,4934226.0,847701.0
131496,Georgetown University,DC,NCAA Division I-FCS,"Private nonprofit, 4-year or above",3736191.0,3486182.0,106.0,6241.0,661496.0,1.0,13.0,58357795,58357795,631640.0,60476.0,10.0,34.0,424026.0,637535,2024,2023-24,https://ope.ed.gov/athletics/#/datafile/list,250009.0,32888.50943396227,2824686.0,8372584.0
139755,Georgia Institute of Technology-Main Campus,GA,NCAA Division I-FBS,"Public, 4-year or above",65424854.0,37704644.0,125.0,106970.0,13371277.0,1.0,10.0,128210764,127823348,1031204.0,407546.0,7.0,29.0,2574425.0,3021825,2024,2023-24,https://ope.ed.gov/athletics/#/datafile/list,27720210.0,301637.152,24333367.0,19037262.0
485111,Georgia Military College,GA,NJCAA Division I ,"Public, 2-year",802921.0,802921.0,110.0,3021.0,332328.0,1.0,6.0,1883413,1883413,22451.0,31051.0,4.0,7.0,6274.0,17927,2024,2023-24,https://ope.ed.gov/athletics/#/datafile/list,0.0,7299.281818181818,470593.0,307161.0
139931,Georgia Southern University,GA,NCAA Division I-FBS,"Public, 4-year or above",11165922.0,11165922.0,131.0,12464.0,1632761.0,1.0,18.0,36967213,36967213,254846.0,110262.0,6.0,19.0,386209.0,587197,2024,2023-24,https://ope.ed.gov/athletics/#/datafile/list,0.0,85236.04580152672,9533161.0,3624054.0
139940,Georgia State University,GA,NCAA Division I-FBS,"Public, 4-year or above",10836069.0,10836069.0,117.0,17277.0,2021372.0,1.0,14.0,39204432,39204432,295831.0,118194.0,6.0,21.0,454731.0,595048,2024,2023-24,https://ope.ed.gov/athletics/#/datafile/list,0.0,92615.97435897436,8814697.0,4257060.0
212674,Gettysburg College,PA,NCAA Division III with football,"Private nonprofit, 4-year or above",459222.0,459222.0,100.0,1564.0,156364.0,1.0,8.0,5581622,5581622,47913.0,13041.0,10.0,31.0,91686.0,134027,2024,2023-24,https://ope.ed.gov/athletics/#/datafile/list,0.0,4592.22,302858.0,883401.0
115001,Glendale Community College,CA,CCCAA,"Public, 2-year",260650.0,260650.0,104.0,490.0,50926.0,1.0,8.0,2675732,2675732,67955.0,6555.0,8.0,18.0,0.0,0,2024,2023-24,https://ope.ed.gov/athletics/#/datafile/list,0.0,2506.25,209724.0,661630.0
237385,Glenville State University,WV,NCAA Division II with football,"Public, 4-year or above",1288098.0,1296957.0,112.0,1771.0,198320.0,1.0,11.0,5159776,5084721,47581.0,25200.0,6.0,15.0,34634.0,45968,2024,2023-24,https://ope.ed.gov/athletics/#/datafile/list,-8859.0,11579.973214285714,1098637.0,663486.0
115126,Golden West College,CA,CCCAA,"Public, 2-year",435313.0,435313.0,105.0,1193.0,125238.0,1.0,7.0,3747093,3747093,58702.0,10880.0,9.0,26.0,0.0,0,2024,2023-24,https://ope.ed.gov/athletics/#/datafile/list,0.0,4145.838095238095,310075.0,811198.0
153366,Graceland University-Lamoni,IA,NAIA Division II ,"Private nonprofit, 4-year or above",2440980.0,2440980.0,169.0,1384.0,233827.0,1.0,8.0,8587161,8587161,29466.0,18681.0,11.0,20.0,26089.0,67508,2024,2023-24,https://ope.ed.gov/athletics/#/datafile/list,0.0,14443.668639053254,2207153.0,697746.0
159009,Grambling State University,LA,NCAA Division I-FCS,"Public, 4-year or above",2485014.0,4567231.0,118.0,5578.0,658260.0,1.0,11.0,14014943,14014943,209801.0,67682.0,4.0,16.0,117903.0,175953,2024,2023-24,https://ope.ed.gov/athletics/#/datafile/list,-2082217.0,38705.34745762712,3908971.0,1922116.0
170082,Grand Valley State University,MI,NCAA Division II with football,"Public, 4-year or above",4448375.0,4065387.0,131.0,5237.0,686104.0,1.0,10.0,25203200,24678743,83883.0,34794.0,8.0,23.0,83133.0,131715,2024,2023-24,https://ope.ed.gov/athletics/#/datafile/list,382988.0,31033.48854961832,3379283.0,1471326.0
153375,Grand View University,IA,NAIA Division I ,"Private nonprofit, 4-year or above",2538408.0,2538408.0,158.0,1586.0,250597.0,1.0,9.0,11568735,11568735,41660.0,11469.0,10.0,42.0,23527.0,31685,2024,2023-24,https://ope.ed.gov/athletics/#/datafile/list,0.0,16065.87341772152,2287811.0,898298.0
198598,Greensboro College,NC,NCAA Division III with football,"Private nonprofit, 4-year or above",379975.0,379975.0,127.0,648.0,82256.0,1.0,12.0,2664408,2664408,42158.0,10561.0,8.0,15.0,13094.0,30278,2024,2023-24,https://ope.ed.gov/athletics/#/datafile/list,0.0,2991.9291338582675,297719.0,495679.0
145372,Greenville University,IL,NCAA Division III with football,"Private nonprofit, 4-year or above",286202.0,294506.0,90.0,1141.0,102652.0,1.0,6.0,2190328,2177387,38737.0,14058.0,7.0,21.0,11150.0,20900,2024,2023-24,https://ope.ed.gov/athletics/#/datafile/list,-8304.0,3272.288888888889,191854.0,566377.0
153384,Grinnell College,IA,NCAA Division III with football,"Private nonprofit, 4-year or above",490052.0,490052.0,56.0,1806.0,101118.0,1.0,7.0,4290476,4290476,34859.0,14747.0,10.0,22.0,36749.0,51027,2024,2023-24,https://ope.ed.gov/athletics/#/datafile/list,0.0,8750.92857142857,388934.0,673024.0
115296,Grossmont College,CA,CCCAA,"Public, 2-year",622525.0,182489.0,70.0,750.0,52489.0,1.0,8.0,3761941,839221,8000.0,4000.0,6.0,15.0,0.0,0,2024,2023-24,https://ope.ed.gov/athletics/#/datafile/list,440036.0,2606.9857142857145,130000.0,108000.0
198613,Guilford College,NC,NCAA Division III with football,"Private nonprofit, 4-year or above",395829.0,395829.0,89.0,1086.0,96620.0,1.0,8.0,3197949,3148264,47011.0,16500.0,8.0,14.0,22857.0,27503,2024,2023-24,https://ope.ed.gov/athletics/#/datafile/list,0.0,4447.516853932584,299209.0,607088.0
173647,Gustavus Adolphus College,MN,NCAA Division III with football,"Private nonprofit, 4-year or above",697415.0,697415.0,118.0,777.0,91701.0,1.0,10.0,5614098,5614098,49923.0,14923.0,9.0,37.0,33731.0,46122,2024,2023-24,https://ope.ed.gov/athletics/#/datafile/list,0.0,5910.296610169492,605714.0,1001458.0
191515,Hamilton College,NY,NCAA Division III with football,"Private nonprofit, 4-year or above",1117236.0,1117236.0,76.0,2892.0,219764.0,1.0,8.0,10998469,10998469,80778.0,28830.0,14.0,29.0,64787.0,98693,2024,2023-24,https://ope.ed.gov/athletics/#/datafile/list,0.0,14700.473684210529,897472.0,1966962.0
173665,Hamline University,MN,NCAA Division III with football,"Private nonprofit, 4-year or above",404350.0,404350.0,70.0,1991.0,139341.0,1.0,8.0,3692740,3692740,32222.0,9424.0,10.0,29.0,31866.0,55567,2024,2023-24,https://ope.ed.gov/athletics/#/datafile/list,0.0,5776.428571428572,265009.0,595516.0
232256,Hampden-Sydney College,VA,NCAA Division III with football,"Private nonprofit, 4-year or above",1293044.0,1293044.0,118.0,994.0,117277.0,1.0,12.0,4905455,4905455,64852.0,30242.0,9.0,23.0,154912.0,154912,2024,2023-24,https://ope.ed.gov/athletics/#/datafile/list,0.0,10958.0,1175767.0,1279234.0
232265,Hampton University,VA,NCAA Division I-FCS,"Private nonprofit, 4-year or above",5416400.0,4671817.0,103.0,7455.0,767865.0,1.0,10.0,15830182,15830182,58309.0,69789.0,7.0,24.0,313870.0,392337,2024,2023-24,https://ope.ed.gov/athletics/#/datafile/list,744583.0,45357.446601941745,3903952.0,2083099.0
150756,Hanover College,IN,NCAA Division III with football,"Private nonprofit, 4-year or above",429703.0,429703.0,112.0,940.0,105261.0,1.0,6.0,3435194,3435194,42948.0,11452.0,11.0,22.0,50964.0,89696,2024,2023-24,https://ope.ed.gov/athletics/#/datafile/list,0.0,3836.633928571429,324442.0,724372.0
225247,Hardin-Simmons University,TX,NCAA Division III with football,"Private nonprofit, 4-year or above",1322472.0,1338678.0,203.0,2825.0,573458.0,1.0,9.0,5300572,4275267,47722.0,35375.0,9.0,17.0,7764.0,12342,2024,2023-24,https://ope.ed.gov/athletics/#/datafile/list,-16206.0,6594.472906403941,765220.0,1030873.0
107044,Harding University,AR,NCAA Division II with football,"Private nonprofit, 4-year or above",2757397.0,2757397.0,136.0,1379.0,187490.0,1.0,7.0,9417132,9417132,66628.0,65863.0,7.0,12.0,51875.0,67720,2024,2023-24,https://ope.ed.gov/athletics/#/datafile/list,0.0,20274.977941176472,2569907.0,1256752.0
115393,Hartnell College,CA,CCCAA,"Public, 2-year",118205.0,109921.0,35.0,2283.0,79905.0,1.0,6.0,1233288,1221630,4924.0,4703.0,7.0,18.0,0.0,0,2024,2023-24,https://ope.ed.gov/athletics/#/datafile/list,8284.0,3140.6,30016.0,119122.0
191533,Hartwick College,NY,NCAA Division III with football,"Private nonprofit, 4-year or above",459232.0,459232.0,101.0,1527.0,154230.0,1.0,8.0,3124628,3124628,32766.0,13727.0,8.0,16.0,36005.0,61112,2024,2023-24,https://ope.ed.gov/athletics/#/datafile/list,0.0,4546.851485148515,305002.0,481760.0
166027,Harvard University,MA,NCAA Division I-FCS,"Private nonprofit, 4-year or above",4294042.0,4294042.0,111.0,4537.0,503584.0,1.0,9.0,43636552,43636552,175947.0,54010.0,18.0,67.0,1218199.0,1793784,2024,2023-24,https://ope.ed.gov/athletics/#/datafile/list,0.0,38685.06306306306,3790458.0,6785716.0
181127,Hastings College,NE,NAIA Division II ,"Private nonprofit, 4-year or above",1442332.0,1442332.0,108.0,1571.0,169716.0,1.0,7.0,9426717,9426717,42277.0,14292.0,10.0,21.0,23415.0,35390,2024,2023-24,https://ope.ed.gov/athletics/#/datafile/list,0.0,13354.925925925923,1272616.0,722902.0
203085,Heidelberg University,OH,NCAA Division III with football,"Private nonprofit, 4-year or above",558830.0,558830.0,150.0,941.0,141157.0,1.0,9.0,3272833,3272833,42430.0,18189.0,10.0,22.0,39193.0,63674,2024,2023-24,https://ope.ed.gov/athletics/#/datafile/list,0.0,3725.5333333333338,417673.0,824458.0
107071,Henderson State University,AR,NCAA Division II with football,"Public, 4-year or above",1593276.0,1593276.0,137.0,1078.0,147628.0,1.0,6.0,6175196,6175196,49385.0,39535.0,5.0,9.0,42424.0,62374,2024,2023-24,https://ope.ed.gov/athletics/#/datafile/list,0.0,11629.751824817518,1445648.0,602740.0
107080,Hendrix College,AR,NCAA Division III with football,"Private nonprofit, 4-year or above",582959.0,582959.0,97.0,2747.0,266457.0,1.0,11.0,4095138,4095138,35558.0,15472.0,9.0,21.0,74922.0,107897,2024,2023-24,https://ope.ed.gov/athletics/#/datafile/list,0.0,6009.886597938144,316502.0,644934.0
155186,Highland Community College,KS,NJCAA Division I ,"Public, 2-year",834668.0,706250.0,104.0,899.0,93496.0,1.0,6.0,2417524,2417524,56579.0,27673.0,4.0,8.0,29186.0,42864,2024,2023-24,https://ope.ed.gov/athletics/#/datafile/list,128418.0,6790.865384615385,612754.0,447700.0
191621,Hilbert College,NY,NCAA Division III with football,"Private nonprofit, 4-year or above",330409.0,306028.0,66.0,1562.0,103084.0,1.0,6.0,2289895,1668529,34333.0,6558.0,9.0,15.0,13917.0,30168,2024,2023-24,https://ope.ed.gov/athletics/#/datafile/list,24381.0,4636.787878787879,202944.0,407367.0
175786,Hinds Community College,MS,NJCAA Division I ,"Public, 2-year",888413.0,841032.0,65.0,1915.0,124504.0,1.0,7.0,4257963,3541385,43891.0,24999.0,8.0,15.0,10087.0,11657,2024,2023-24,https://ope.ed.gov/athletics/#/datafile/list,47381.0,12938.953846153849,716528.0,726113.0
203128,Hiram College,OH,NCAA Division III with football,"Private nonprofit, 4-year or above",438293.0,438293.0,66.0,2217.0,146298.0,1.0,6.0,2252411,2252411,39215.0,13807.0,10.0,14.0,40698.0,71670,2024,2023-24,https://ope.ed.gov/athletics/#/datafile/list,0.0,6640.80303030303,291995.0,585448.0
191630,Hobart William Smith Colleges,NY,NCAA Division III with football,"Private nonprofit, 4-year or above",686888.0,686888.0,98.0,1389.0,136116.0,1.0,9.0,10548310,10548310,57922.0,24936.0,15.0,28.0,106992.0,169323,2024,2023-24,https://ope.ed.gov/athletics/#/datafile/list,0.0,7009.061224489796,550772.0,1567038.0
203155,Hocking College,OH,NJCAA Division III ,"Public, 2-year",325044.0,325044.0,120.0,1410.0,169154.0,1.0,5.0,972822,972822,21790.0,5285.0,5.0,7.0,113.0,668,2024,2023-24,https://ope.ed.gov/athletics/#/datafile/list,0.0,2708.7,155890.0,145945.0
175810,Holmes Community College,MS,NJCAA Division II ,"Public, 2-year",993687.0,993687.0,65.0,945.0,61395.0,1.0,6.0,3129490,3129490,78314.0,43197.0,5.0,10.0,11752.0,21426,2024,2023-24,https://ope.ed.gov/athletics/#/datafile/list,0.0,15287.492307692308,932292.0,823540.0
170301,Hope College,MI,NCAA Division III with football,"Private nonprofit, 4-year or above",713416.0,683726.0,128.0,429.0,54858.0,1.0,9.0,4777553,4631786,39193.0,9183.0,10.0,33.0,62732.0,92487,2024,2023-24,https://ope.ed.gov/athletics/#/datafile/list,29690.0,5341.609375,628868.0,694969.0
225399,Houston Christian University,TX,NCAA Division I-FCS,"Private nonprofit, 4-year or above",5773605.0,5773605.0,117.0,6398.0,748624.0,1.0,9.0,20045332,20045332,83466.0,57178.0,6.0,16.0,209692.0,296737,2024,2023-24,https://ope.ed.gov/athletics/#/datafile/list,0.0,49347.05128205128,5024981.0,1415644.0
225548,Howard Payne University,TX,NCAA Division III with football,"Private nonprofit, 4-year or above",790593.0,822681.0,128.0,2223.0,284558.0,1.0,8.0,3692363,3113267,56318.0,25717.0,6.0,14.0,53859.0,59079,2024,2023-24,https://ope.ed.gov/athletics/#/datafile/list,-32088.0,6427.1953125,538123.0,697946.0
131520,Howard University,DC,NCAA Division I-FCS,"Private nonprofit, 4-year or above",5919007.0,5919007.0,101.0,9891.0,998988.0,1.0,12.0,23646782,23646782,186718.0,63379.0,7.0,22.0,39798.0,64019,2024,2023-24,https://ope.ed.gov/athletics/#/datafile/list,0.0,58604.0297029703,4920019.0,2701364.0
191719,Hudson Valley Community College,NY,NJCAA Division III ,"Public, 2-year",121120.0,121120.0,86.0,831.0,71470.0,1.0,7.0,1178223,1178223,6628.0,2495.0,8.0,25.0,1424.0,2227,2024,2023-24,https://ope.ed.gov/athletics/#/datafile/list,0.0,1408.3720930232555,49650.0,115399.0
101435,Huntingdon College,AL,NCAA Division III with football,"Private nonprofit, 4-year or above",841931.0,824640.0,149.0,1395.0,207855.0,1.0,8.0,4661552,4570095,67500.0,25983.0,10.0,16.0,48240.0,87870,2024,2023-24,https://ope.ed.gov/athletics/#/datafile/list,17291.0,5534.496644295302,616785.0,1090728.0
487524,Husson University,ME,NCAA Division III with football,"Private nonprofit, 4-year or above",559942.0,559942.0,131.0,2230.0,292111.0,1.0,9.0,5207722,5207722,30536.0,9345.0,10.0,25.0,65811.0,91297,2024,2023-24,https://ope.ed.gov/athletics/#/datafile/list,0.0,4274.366412213741,267831.0,538985.0
155195,Hutchinson Community College,KS,NJCAA Division I ,"Public, 2-year",1217516.0,1217516.0,110.0,1417.0,155830.0,1.0,9.0,5019401,5019401,57218.0,40594.0,6.0,16.0,62423.0,85157,2024,2023-24,https://ope.ed.gov/athletics/#/datafile/list,0.0,11068.327272727272,1061686.0,992812.0
142276,Idaho State University,ID,NCAA Division I-FCS,"Public, 4-year or above",5138013.0,5138013.0,109.0,10116.0,1102621.0,1.0,14.0,17201288,17201288,88596.0,51078.0,5.0,20.0,209996.0,345976,2024,2023-24,https://ope.ed.gov/athletics/#/datafile/list,0.0,47137.733944954125,4035392.0,1464540.0
145691,Illinois College,IL,NCAA Division III with football,"Private nonprofit, 4-year or above",594733.0,594733.0,112.0,1417.0,158692.0,1.0,9.0,3652510,3652510,36303.0,18748.0,9.0,16.0,56204.0,100526,2024,2023-24,https://ope.ed.gov/athletics/#/datafile/list,0.0,5310.116071428572,436041.0,626695.0
145813,Illinois State University,IL,NCAA Division I-FCS,"Public, 4-year or above",5123265.0,5123265.0,112.0,8103.0,907480.0,1.0,17.0,30786532,30786532,216965.0,54581.0,6.0,34.0,163557.0,309803,2024,2023-24,https://ope.ed.gov/athletics/#/datafile/list,0.0,45743.4375,4215785.0,3157544.0
145646,Illinois Wesleyan University,IL,NCAA Division III with football,"Private nonprofit, 4-year or above",562397.0,562397.0,133.0,1660.0,220742.0,1.0,8.0,4760354,4760354,43263.0,11208.0,12.0,34.0,55374.0,87389,2024,2023-24,https://ope.ed.gov/athletics/#/datafile/list,0.0,4228.548872180451,341655.0,900228.0
155201,Independence Community College,KS,NJCAA Division I ,"Public, 2-year",729792.0,729792.0,55.0,2225.0,122375.0,1.0,8.0,2206210,2206210,70783.0,36112.0,2.0,7.0,15858.0,20998,2024,2023-24,https://ope.ed.gov/athletics/#/datafile/list,0.0,13268.945454545454,607417.0,394350.0
151324,Indiana State University,IN,NCAA Division I-FCS,"Public, 4-year or above",4723313.0,4723313.0,115.0,9769.0,1123405.0,1.0,12.0,20067416,19636625,231808.0,59533.0,4.0,26.0,326767.0,428252,2024,2023-24,https://ope.ed.gov/athletics/#/datafile/list,0.0,41072.28695652174,3599908.0,2475090.0
213020,Indiana University of Pennsylvania-Main Campus,PA,NCAA Division II with football,"Public, 4-year or above",2037346.0,1972466.0,88.0,2569.0,226055.0,1.0,7.0,9326678,8999493,91470.0,38224.0,6.0,13.0,44623.0,81593,2024,2023-24,https://ope.ed.gov/athletics/#/datafile/list,64880.0,22414.386363636364,1746411.0,1045732.0
151351,Indiana University-Bloomington,IN,NCAA Division I-FBS,"Public, 4-year or above",61330602.0,61330602.0,126.0,70657.0,8902737.0,1.0,15.0,164249955,164249955,1094647.0,228679.0,10.0,38.0,2374836.0,3102894,2024,2023-24,https://ope.ed.gov/athletics/#/datafile/list,0.0,486750.8095238095,52427865.0,19636272.0
151801,Indiana Wesleyan University-Marion,IN,NAIA Division II ,"Private nonprofit, 4-year or above",1856764.0,1907495.0,128.0,1931.0,247185.0,1.0,11.0,13169475,11149970,35973.0,13202.0,10.0,34.0,45421.0,68975,2024,2023-24,https://ope.ed.gov/athletics/#/datafile/list,-50731.0,14902.3046875,1660310.0,808598.0
153524,Iowa Central Community College,IA,NJCAA Division II ,"Public, 2-year",1090961.0,1090961.0,182.0,1087.0,197856.0,1.0,9.0,7001093,7001093,38426.0,21995.0,13.0,36.0,37396.0,62379,2024,2023-24,https://ope.ed.gov/athletics/#/datafile/list,0.0,5994.291208791209,893105.0,1291358.0
153603,Iowa State University,IA,NCAA Division I-FBS,"Public, 4-year or above",56607092.0,30019709.0,139.0,40801.0,5671290.0,1.0,10.0,100543747,100471526,1701413.0,345795.0,5.0,22.0,1088663.0,1584291,2024,2023-24,https://ope.ed.gov/athletics/#/datafile/list,26587383.0,215969.1294964029,24348419.0,16114555.0
153630,Iowa Western Community College,IA,NJCAA Division I ,"Public, 2-year",1412491.0,1412491.0,131.0,3243.0,424846.0,1.0,11.0,8575657,8575657,48116.0,18405.0,10.0,34.0,56525.0,110607,2024,2023-24,https://ope.ed.gov/athletics/#/datafile/list,0.0,10782.374045801527,987645.0,1106930.0
175829,Itawamba Community College,MS,NJCAA Division II ,"Public, 2-year",734424.0,734424.0,62.0,1482.0,91874.0,1.0,5.0,3108526,3108526,67031.0,43744.0,6.0,9.0,9430.0,15870,2024,2023-24,https://ope.ed.gov/athletics/#/datafile/list,0.0,11845.548387096776,642550.0,795882.0
191968,Ithaca College,NY,NCAA Division III with football,"Private nonprofit, 4-year or above",746923.0,746923.0,116.0,2471.0,286691.0,1.0,7.0,7682152,7682152,46300.0,17370.0,13.0,23.0,77197.0,125525,2024,2023-24,https://ope.ed.gov/athletics/#/datafile/list,0.0,6438.991379310345,460232.0,1001410.0
175856,Jackson State University,MS,NCAA Division I-FCS,"Public, 4-year or above",2867733.0,2867733.0,130.0,2221.0,288778.0,1.0,10.0,11948835,11948835,133333.0,60719.0,5.0,18.0,80438.0,124679,2024,2023-24,https://ope.ed.gov/athletics/#/datafile/list,0.0,22059.484615384616,2578955.0,1759607.0
101480,Jacksonville State University,AL,NCAA Division I-FBS,"Public, 4-year or above",12388628.0,12388628.0,144.0,10058.0,1448291.0,1.0,10.0,29060404,29060404,269824.0,89888.0,6.0,18.0,515204.0,708431,2024,2023-24,https://ope.ed.gov/athletics/#/datafile/list,0.0,86032.13888888889,10940337.0,3236928.0
232423,James Madison University,VA,NCAA Division I-FCS,"Public, 4-year or above",15874372.0,15874372.0,119.0,26902.0,3201369.0,1.0,10.0,66110281,66110281,372338.0,117687.0,6.0,19.0,582241.0,893816,2024,2023-24,https://ope.ed.gov/athletics/#/datafile/list,0.0,133398.08403361344,12673003.0,4470081.0
203368,John Carroll University,OH,NCAA Division III with football,"Private nonprofit, 4-year or above",869579.0,869579.0,149.0,1581.0,235588.0,1.0,13.0,5407495,5407495,50548.0,15193.0,10.0,33.0,47271.0,63351,2024,2023-24,https://ope.ed.gov/athletics/#/datafile/list,0.0,5836.10067114094,633991.0,1006849.0
162928,Johns Hopkins University,MD,Other ,"Private nonprofit, 4-year or above",983455.0,977022.0,90.0,1863.0,167667.0,1.0,7.0,16163490,15967354,94156.0,26693.0,11.0,29.0,112322.0,171431,2024,2023-24,https://ope.ed.gov/athletics/#/datafile/list,6433.0,10855.8,809355.0,1809813.0
198756,Johnson C Smith University,NC,NCAA Division II with football,"Private nonprofit, 4-year or above",2792948.0,2792948.0,98.0,2083.0,204111.0,1.0,11.0,6540772,6540772,32565.0,19781.0,7.0,23.0,1521.0,2028,2024,2023-24,https://ope.ed.gov/athletics/#/datafile/list,0.0,28499.469387755104,2588837.0,682918.0
175883,Jones County Junior College,MS,NJCAA Division I ,"Public, 2-year",1359587.0,1359587.0,64.0,1063.0,68034.0,1.0,6.0,5190858,5190858,76667.0,54453.0,6.0,13.0,15892.0,52686,2024,2023-24,https://ope.ed.gov/athletics/#/datafile/list,0.0,21243.546875,1291553.0,1167891.0
146339,Judson University,IL,NAIA Division I ,"Private nonprofit, 4-year or above",1822435.0,1822435.0,131.0,601.0,78724.0,1.0,18.0,6659831,6546150,26657.0,7802.0,10.0,34.0,6109.0,6639,2024,2023-24,https://ope.ed.gov/athletics/#/datafile/list,0.0,13911.717557251908,1743711.0,531838.0
213251,Juniata College,PA,NCAA Division III with football,"Private nonprofit, 4-year or above",518918.0,476677.0,76.0,1376.0,104572.0,1.0,6.0,4379539,3942791,40812.0,12035.0,12.0,20.0,63678.0,103652,2024,2023-24,https://ope.ed.gov/athletics/#/datafile/list,42241.0,6272.065789473684,372105.0,730444.0
170532,Kalamazoo College,MI,NCAA Division III with football,"Private nonprofit, 4-year or above",602823.0,602823.0,94.0,2066.0,194203.0,1.0,10.0,3485837,3485837,58614.0,14702.0,9.0,21.0,49830.0,59602,2024,2023-24,https://ope.ed.gov/athletics/#/datafile/list,0.0,6413.010638297872,408620.0,836268.0
155399,Kansas State University,KS,NCAA Division I-FBS,"Public, 4-year or above",40378631.0,16697101.0,124.0,44176.0,5477832.0,1.0,10.0,106312406,87502697,1532476.0,380795.0,5.0,20.0,1383037.0,1836261,2024,2023-24,https://ope.ed.gov/athletics/#/datafile/list,23681530.0,134654.04032258064,11219269.0,15278280.0
155414,Kansas Wesleyan University,KS,NAIA Division I ,"Private nonprofit, 4-year or above",2955995.0,2955995.0,142.0,1416.0,201037.0,1.0,7.0,18032389,18032389,38919.0,24906.0,10.0,15.0,36558.0,50918,2024,2023-24,https://ope.ed.gov/athletics/#/datafile/list,0.0,20816.8661971831,2754958.0,762780.0
185262,Kean University,NJ,NCAA Division III with football,"Public, 4-year or above",506625.0,506625.0,97.0,2397.0,232550.0,1.0,13.0,5392019,5392019,83041.0,8238.0,8.0,42.0,17701.0,39156,2024,2023-24,https://ope.ed.gov/athletics/#/datafile/list,0.0,5222.938144329897,274075.0,1010324.0
135081,Keiser University-Ft Lauderdale,FL,NAIA Division I ,"Private nonprofit, 4-year or above",3505754.0,3108388.0,128.0,3558.0,455413.0,1.0,10.0,17268785,16455189,65002.0,24697.0,11.0,27.0,31238.0,45528,2024,2023-24,https://ope.ed.gov/athletics/#/datafile/list,397366.0,24284.28125,2652975.0,1381841.0
486840,Kennesaw State University,GA,NCAA Division I-FCS,"Public, 4-year or above",8271167.0,8271167.0,125.0,11736.0,1466975.0,1.0,10.0,32926067,32926067,194570.0,68795.0,7.0,20.0,416468.0,506303,2024,2023-24,https://ope.ed.gov/athletics/#/datafile/list,0.0,66169.336,6804192.0,2737890.0
203517,Kent State University at Kent,OH,NCAA Division I-FBS,"Public, 4-year or above",9870490.0,9870490.0,100.0,41898.0,4189831.0,1.0,10.0,34453185,34453185,222127.0,79293.0,6.0,22.0,711971.0,896056,2024,2023-24,https://ope.ed.gov/athletics/#/datafile/list,0.0,98704.9,5680659.0,3077208.0
157100,Kentucky Christian University,KY,NAIA Division I ,"Private nonprofit, 4-year or above",1595093.0,1595093.0,97.0,2051.0,198947.0,1.0,9.0,6229483,6229483,27419.0,12209.0,6.0,12.0,33523.0,59762,2024,2023-24,https://ope.ed.gov/athletics/#/datafile/list,0.0,16444.25773195876,1396146.0,311022.0
157058,Kentucky State University,KY,NCAA Division II with football,"Public, 4-year or above",1544221.0,1981854.0,127.0,2480.0,314991.0,1.0,3.0,5335353,5335353,54624.0,27276.0,8.0,8.0,500.0,873,2024,2023-24,https://ope.ed.gov/athletics/#/datafile/list,-437633.0,15605.149606299212,1666863.0,655200.0
157076,Kentucky Wesleyan College,KY,NCAA Division II with football,"Private nonprofit, 4-year or above",2063005.0,1993317.0,112.0,2611.0,292430.0,1.0,8.0,7827789,7662084,42966.0,17270.0,9.0,18.0,64045.0,94268,2024,2023-24,https://ope.ed.gov/athletics/#/datafile/list,69688.0,17797.473214285714,1700887.0,697554.0
203535,Kenyon College,OH,NCAA Division III with football,"Private nonprofit, 4-year or above",449278.0,449278.0,61.0,1948.0,118833.0,1.0,8.0,3628716,3628716,37895.0,14526.0,11.0,23.0,87111.0,127782,2024,2023-24,https://ope.ed.gov/athletics/#/datafile/list,0.0,7365.213114754099,330445.0,750943.0
213303,Keystone College,PA,NCAA Division III with football,"Private nonprofit, 4-year or above",446818.0,446818.0,106.0,1744.0,184876.0,1.0,8.0,1952374,1952374,38285.0,14800.0,7.0,15.0,30915.0,39632,2024,2023-24,https://ope.ed.gov/athletics/#/datafile/list,0.0,4215.264150943396,261942.0,489995.0
226019,Kilgore College,TX,NJCAA Division I ,"Public, 2-year",902533.0,820627.0,70.0,529.0,37030.0,1.0,6.0,1959516,1948929,81281.0,26563.0,2.0,8.0,19561.0,24061,2024,2023-24,https://ope.ed.gov/athletics/#/datafile/list,81906.0,11723.242857142855,783597.0,375066.0
213321,King's College,PA,NCAA Division III with football,"Private nonprofit, 4-year or above",559238.0,559238.0,122.0,1436.0,175232.0,1.0,8.0,3123928,3123928,33600.0,13702.0,12.0,23.0,59173.0,72796,2024,2023-24,https://ope.ed.gov/athletics/#/datafile/list,0.0,4583.918032786885,384006.0,718346.0
146427,Knox College,IL,NCAA Division III with football,"Private nonprofit, 4-year or above",402644.0,402644.0,70.0,2027.0,141894.0,1.0,6.0,3181966,3181966,39217.0,17429.0,9.0,12.0,10944.0,16708,2024,2023-24,https://ope.ed.gov/athletics/#/datafile/list,0.0,5752.057142857143,260750.0,562101.0
213349,Kutztown University of Pennsylvania,PA,NCAA Division II with football,"Public, 4-year or above",1491359.0,1313368.0,105.0,2598.0,272819.0,1.0,8.0,9765008,9765008,108043.0,47170.0,6.0,16.0,16995.0,46412,2024,2023-24,https://ope.ed.gov/athletics/#/datafile/list,177991.0,12508.266666666666,1040549.0,1402978.0
140234,LaGrange College,GA,NCAA Division III with football,"Private nonprofit, 4-year or above",398603.0,398603.0,91.0,1576.0,143431.0,1.0,4.0,2197662,2197662,42012.0,30366.0,8.0,6.0,21899.0,28591,2024,2023-24,https://ope.ed.gov/athletics/#/datafile/list,0.0,4380.252747252747,255172.0,518292.0
213376,Lackawanna College,PA,NJCAA Division II ,"Private nonprofit, 2-year",997478.0,979135.0,124.0,2086.0,258668.0,1.0,8.0,2954427,2954427,29348.0,10961.0,5.0,15.0,7351.0,10446,2024,2023-24,https://ope.ed.gov/athletics/#/datafile/list,18343.0,7896.25,720467.0,311155.0
213385,Lafayette College,PA,NCAA Division I-FCS,"Private nonprofit, 4-year or above",8528504.0,8528504.0,100.0,8280.0,827988.0,1.0,10.0,32374130,32374130,115635.0,50882.0,9.0,27.0,405684.0,560951,2024,2023-24,https://ope.ed.gov/athletics/#/datafile/list,0.0,85285.04,7700516.0,2414529.0
203580,Lake Erie College,OH,NCAA Division II with football,"Private nonprofit, 4-year or above",1356284.0,1356284.0,143.0,1236.0,176807.0,1.0,12.0,7271011,7271011,44609.0,11843.0,9.0,24.0,17476.0,32502,2024,2023-24,https://ope.ed.gov/athletics/#/datafile/list,0.0,9484.503496503496,1179477.0,685713.0
146481,Lake Forest College,IL,NCAA Division III with football,"Private nonprofit, 4-year or above",500625.0,500625.0,115.0,969.0,111414.0,1.0,15.0,4306293,4306293,30879.0,11589.0,11.0,27.0,60442.0,86868,2024,2023-24,https://ope.ed.gov/athletics/#/datafile/list,0.0,4353.260869565217,389211.0,652572.0
238980,Lakeland University,WI,NCAA Division III with football,"Private nonprofit, 4-year or above",495046.0,483591.0,100.0,1400.0,140003.0,1.0,8.0,2808261,2808261,32107.0,16152.0,11.0,16.0,19599.0,32173,2024,2023-24,https://ope.ed.gov/athletics/#/datafile/list,11455.0,4835.91,343588.0,611609.0
226091,Lamar University,TX,NCAA Division I-FCS,"Public, 4-year or above",5750095.0,5750095.0,119.0,10265.0,1221533.0,1.0,11.0,23698410,23698410,156320.0,70752.0,6.0,20.0,158078.0,240808,2024,2023-24,https://ope.ed.gov/athletics/#/datafile/list,0.0,48320.12605042017,4528562.0,2352960.0
220598,Lane College,TN,NCAA Division II with football,"Private nonprofit, 4-year or above",1100591.0,1100591.0,99.0,2696.0,266908.0,1.0,6.0,3612939,3612939,45996.0,30465.0,6.0,8.0,18934.0,20717,2024,2023-24,https://ope.ed.gov/athletics/#/datafile/list,0.0,11117.080808080807,833683.0,519696.0
117247,Laney College,CA,CCCAA,"Public, 2-year",166707.0,166707.0,90.0,931.0,83768.0,1.0,12.0,768331,768331,11558.0,4973.0,2.0,15.0,0.0,0,2024,2023-24,https://ope.ed.gov/athletics/#/datafile/list,0.0,1852.3,82939.0,97711.0
207209,Langston University,OK,NAIA Division I ,"Public, 4-year or above",821620.0,821620.0,95.0,451.0,42850.0,1.0,9.0,3184425,3184425,61800.0,22642.0,4.0,14.0,29700.0,52700,2024,2023-24,https://ope.ed.gov/athletics/#/datafile/list,0.0,8648.631578947368,778770.0,564188.0
170675,Lawrence Technological University,MI,NAIA Division I ,"Private nonprofit, 4-year or above",1578430.0,1866083.0,108.0,4852.0,523962.0,1.0,7.0,11186396,10969544,38376.0,14647.0,13.0,34.0,59079.0,82793,2024,2023-24,https://ope.ed.gov/athletics/#/datafile/list,-287653.0,17278.546296296296,1342121.0,996886.0
239017,Lawrence University,WI,NCAA Division III with football,"Private nonprofit, 4-year or above",424741.0,424741.0,41.0,1039.0,42598.0,1.0,6.0,4139247,4139247,52931.0,11023.0,9.0,26.0,31149.0,67014,2024,2023-24,https://ope.ed.gov/athletics/#/datafile/list,0.0,10359.536585365851,382143.0,762977.0
213507,Lebanon Valley College,PA,NCAA Division III with football,"Private nonprofit, 4-year or above",493574.0,493574.0,114.0,1469.0,167449.0,1.0,13.0,4151431,4061494,34832.0,6085.0,12.0,38.0,52147.0,79388,2024,2023-24,https://ope.ed.gov/athletics/#/datafile/list,0.0,4329.596491228071,326125.0,649214.0
213543,Lehigh University,PA,NCAA Division I-FCS,"Private nonprofit, 4-year or above",6675379.0,6675379.0,93.0,8210.0,763502.0,1.0,10.0,42935424,42935424,112037.0,46911.0,12.0,32.0,419735.0,606718,2024,2023-24,https://ope.ed.gov/athletics/#/datafile/list,0.0,71778.2688172043,5911877.0,2845596.0
198835,Lenoir-Rhyne University,NC,NCAA Division II with football,"Private nonprofit, 4-year or above",2304352.0,2304352.0,146.0,1461.0,213307.0,1.0,10.0,12573705,12573705,39798.0,26122.0,11.0,25.0,50861.0,79910,2024,2023-24,https://ope.ed.gov/athletics/#/datafile/list,0.0,15783.232876712327,2091045.0,1090828.0
209056,Lewis & Clark College,OR,NCAA Division III with football,"Private nonprofit, 4-year or above",598809.0,598809.0,95.0,2346.0,222870.0,1.0,13.0,4814500,4814500,34038.0,10184.0,10.0,28.0,48866.0,86934,2024,2023-24,https://ope.ed.gov/athletics/#/datafile/list,0.0,6303.252631578947,375939.0,625532.0
232557,Liberty University,VA,NCAA Division I-FBS,"Private nonprofit, 4-year or above",27972039.0,27972039.0,117.0,33613.0,3932692.0,1.0,10.0,69076595,69076595,926880.0,151440.0,7.0,25.0,1160745.0,1501550,2024,2023-24,https://ope.ed.gov/athletics/#/datafile/list,0.0,239077.2564102564,24039347.0,10274160.0
218238,Limestone University,SC,NCAA Division II with football,"Private nonprofit, 4-year or above",2184548.0,2184548.0,193.0,925.0,178431.0,1.0,8.0,10027689,10027689,89399.0,41003.0,10.0,19.0,59351.0,78712,2024,2023-24,https://ope.ed.gov/athletics/#/datafile/list,0.0,11318.901554404143,2006117.0,1673047.0
213598,Lincoln University,PA,NCAA Division II with football,"Public, 4-year or above",1006444.0,1006444.0,90.0,1964.0,176772.0,1.0,7.0,4879328,4879328,62769.0,19040.0,4.0,15.0,35352.0,59323,2024,2023-24,https://ope.ed.gov/athletics/#/datafile/list,0.0,11182.711111111112,829672.0,536676.0
177940,Lincoln University,MO,NCAA Division II with football,"Public, 4-year or above",1077466.0,1058419.0,74.0,1124.0,83169.0,1.0,6.0,6314816,6098394,65033.0,25744.0,4.0,9.0,40266.0,52831,2024,2023-24,https://ope.ed.gov/athletics/#/datafile/list,19047.0,14302.95945945946,975250.0,491828.0
177968,Lindenwood University,MO,NCAA Division I-FCS,"Private nonprofit, 4-year or above",3736507.0,3736507.0,102.0,4066.0,414745.0,1.0,12.0,22466359,22466359,82653.0,39588.0,12.0,33.0,162937.0,240243,2024,2023-24,https://ope.ed.gov/athletics/#/datafile/list,0.0,36632.42156862745,3321762.0,2298240.0
157216,Lindsey Wilson College,KY,NAIA Division I ,"Private nonprofit, 4-year or above",1604790.0,1604790.0,156.0,1083.0,169004.0,1.0,9.0,10748763,10679358,38477.0,18368.0,11.0,25.0,34893.0,57944,2024,2023-24,https://ope.ed.gov/athletics/#/datafile/list,0.0,10287.115384615385,1435786.0,882447.0
209065,Linfield University,OR,NCAA Division III with football,"Private nonprofit, 4-year or above",860157.0,688233.0,122.0,2297.0,280200.0,1.0,11.0,5702318,4391080,39499.0,15237.0,11.0,26.0,42311.0,86050,2024,2023-24,https://ope.ed.gov/athletics/#/datafile/list,171924.0,5641.254098360656,408033.0,830651.0
198862,Livingstone College,NC,NCAA Division II with football,"Private nonprofit, 4-year or above",1490700.0,1093072.0,58.0,895.0,51885.0,1.0,9.0,4167074,4090068,43760.0,22610.0,6.0,7.0,38178.0,44402,2024,2023-24,https://ope.ed.gov/athletics/#/datafile/list,397628.0,18846.068965517243,1041187.0,420830.0
117645,Long Beach City College,CA,CCCAA,"Public, 2-year",625347.0,611499.0,88.0,595.0,52380.0,1.0,11.0,5015238,4927445,71931.0,13647.0,9.0,36.0,0.0,0,2024,2023-24,https://ope.ed.gov/athletics/#/datafile/list,13848.0,6948.852272727273,559119.0,1138671.0
192448,Long Island University,NY,NCAA Division I-FCS,"Private nonprofit, 4-year or above",6455864.0,6455864.0,124.0,5360.0,664621.0,1.0,12.0,46592675,46592675,121625.0,47068.0,16.0,39.0,537707.0,771793,2024,2023-24,https://ope.ed.gov/athletics/#/datafile/list,0.0,52063.41935483871,5791243.0,3781652.0
153825,Loras College,IA,NCAA Division III with football,"Private nonprofit, 4-year or above",604267.0,604267.0,114.0,1295.0,147626.0,1.0,7.0,5629798,5629798,37157.0,10678.0,12.0,45.0,56438.0,83992,2024,2023-24,https://ope.ed.gov/athletics/#/datafile/list,0.0,5300.587719298245,456641.0,926394.0
117706,Los Angeles Pierce College,CA,CCCAA,"Public, 2-year",274679.0,274679.0,62.0,1521.0,94272.0,1.0,6.0,1790185,1790185,15950.0,13009.0,6.0,18.0,0.0,0,2024,2023-24,https://ope.ed.gov/athletics/#/datafile/list,0.0,4430.306451612903,180407.0,329862.0
117715,Los Angeles Southwest College,CA,CCCAA,"Public, 2-year",409367.0,409367.0,80.0,1022.0,81796.0,1.0,8.0,789955,789955,17900.0,14000.0,2.0,11.0,10000.0,15000,2024,2023-24,https://ope.ed.gov/athletics/#/datafile/list,0.0,5117.0875,327571.0,189800.0
117733,Los Angeles Valley College,CA,CCCAA,"Public, 2-year",335585.0,335585.0,65.0,2037.0,132425.0,1.0,9.0,1937500,1937500,76391.0,10550.0,5.0,13.0,0.0,0,2024,2023-24,https://ope.ed.gov/athletics/#/datafile/list,0.0,5162.846153846154,203160.0,519105.0
117894,Los Medanos College,CA,CCCAA,"Public, 2-year",111255.0,111255.0,59.0,1137.0,67083.0,1.0,7.0,740076,740076,42753.0,3260.0,3.0,9.0,0.0,0,2024,2023-24,https://ope.ed.gov/athletics/#/datafile/list,0.0,1885.677966101695,44172.0,157599.0
198871,Louisburg College,NC,NJCAA Division II ,"Private nonprofit, 2-year",228826.0,228826.0,104.0,490.0,50960.0,1.0,6.0,1792078,1792078,42000.0,15050.0,5.0,10.0,3302.0,5121,2024,2023-24,https://ope.ed.gov/athletics/#/datafile/list,0.0,2200.25,177866.0,360500.0
159568,Louisiana Christian University,LA,NAIA Division I ,"Private nonprofit, 4-year or above",1319123.0,1319123.0,134.0,2135.0,286141.0,1.0,10.0,5019092,5019092,51560.0,18177.0,5.0,14.0,66267.0,83608,2024,2023-24,https://ope.ed.gov/athletics/#/datafile/list,0.0,9844.201492537311,1032982.0,512278.0
159391,Louisiana State University and Agricultural & Mechanical College,LA,NCAA Division I-FBS,"Public, 4-year or above",107950137.0,58303320.0,117.0,49370.0,5776271.0,1.0,10.0,220281227,218545643,2011429.0,496763.0,8.0,31.0,4089873.0,5425681,2024,2023-24,https://ope.ed.gov/athletics/#/datafile/list,49646817.0,498318.9743589744,52527049.0,31491085.0
159647,Louisiana Tech University,LA,NCAA Division I-FBS,"Public, 4-year or above",10946827.0,10946827.0,110.0,14058.0,1546365.0,1.0,10.0,30305928,30305928,352697.0,98999.0,5.0,20.0,482335.0,634139,2024,2023-24,https://ope.ed.gov/athletics/#/datafile/list,0.0,99516.60909090909,9400462.0,3743465.0
153834,Luther College,IA,NCAA Division III with football,"Private nonprofit, 4-year or above",569946.0,554695.0,80.0,708.0,56652.0,1.0,6.0,4807219,4575191,38141.0,16795.0,10.0,23.0,58029.0,74958,2024,2023-24,https://ope.ed.gov/athletics/#/datafile/list,15251.0,6933.6875,498043.0,767695.0
213668,Lycoming College,PA,NCAA Division III with football,"Private nonprofit, 4-year or above",844675.0,719000.0,109.0,1327.0,144616.0,1.0,10.0,4642103,3479195,45700.0,10751.0,10.0,27.0,54449.0,78005,2024,2023-24,https://ope.ed.gov/athletics/#/datafile/list,125675.0,6596.3302752293575,574384.0,747277.0
106342,Lyon College,AR,NCAA Division III with football,"Private nonprofit, 4-year or above",840730.0,840730.0,121.0,2852.0,345114.0,1.0,12.0,3109422,3109422,34667.0,30612.0,9.0,21.0,82645.0,108928,2024,2023-24,https://ope.ed.gov/athletics/#/datafile/list,0.0,6948.181818181818,495616.0,954855.0
173902,Macalester College,MN,NCAA Division III with football,"Private nonprofit, 4-year or above",548559.0,578168.0,61.0,1132.0,69067.0,1.0,11.0,6217782,5952999,61604.0,12726.0,8.0,36.0,62223.0,98001,2024,2023-24,https://ope.ed.gov/athletics/#/datafile/list,-29609.0,9478.16393442623,509101.0,950968.0
170806,Madonna University,MI,NAIA Division I ,"Private nonprofit, 4-year or above",640337.0,719150.0,127.0,1578.0,200405.0,1.0,6.0,4333125,4155418,29065.0,7970.0,10.0,27.0,14307.0,30440,2024,2023-24,https://ope.ed.gov/athletics/#/datafile/list,-78813.0,5662.59842519685,518745.0,505840.0
161299,Maine Maritime Academy,ME,NCAA Division III with football,"Public, 4-year or above",238614.0,238614.0,36.0,1838.0,66170.0,1.0,5.0,2877592,2877592,25432.0,13273.0,8.0,7.0,56637.0,79691,2024,2023-24,https://ope.ed.gov/athletics/#/datafile/list,0.0,6628.166666666667,172444.0,296367.0
151777,Manchester University,IN,NCAA Division III with football,"Private nonprofit, 4-year or above",409671.0,406644.0,85.0,608.0,51694.0,1.0,7.0,2969423,2782266,33570.0,14533.0,10.0,21.0,35074.0,53298,2024,2023-24,https://ope.ed.gov/athletics/#/datafile/list,3027.0,4784.047058823529,354950.0,640893.0
151786,Marian University,IN,NAIA Division II ,"Private nonprofit, 4-year or above",3121318.0,3121318.0,163.0,1420.0,231484.0,1.0,11.0,17373913,17373913,41186.0,12728.0,13.0,46.0,50125.0,72139,2024,2023-24,https://ope.ed.gov/athletics/#/datafile/list,0.0,19149.19018404908,2889834.0,1120906.0
203845,Marietta College,OH,NCAA Division III with football,"Private nonprofit, 4-year or above",482901.0,423748.0,110.0,1033.0,113589.0,1.0,9.0,4154714,3971431,34107.0,14705.0,9.0,19.0,60088.0,84781,2024,2023-24,https://ope.ed.gov/athletics/#/datafile/list,59153.0,3852.2545454545457,310159.0,586358.0
192819,Marist College,NY,NCAA Division I-FCS,"Private nonprofit, 4-year or above",2369675.0,2369675.0,110.0,6490.0,713895.0,1.0,12.0,22301262,22301262,113994.0,43770.0,10.0,28.0,274850.0,419998,2024,2023-24,https://ope.ed.gov/athletics/#/datafile/list,0.0,21542.5,1655780.0,2365500.0
198899,Mars Hill University,NC,NCAA Division II with football,"Private nonprofit, 4-year or above",1901060.0,1901060.0,141.0,1143.0,161165.0,1.0,6.0,8114454,8114454,36123.0,34671.0,9.0,11.0,34636.0,43063,2024,2023-24,https://ope.ed.gov/athletics/#/datafile/list,0.0,13482.695035460993,1739895.0,706488.0
237525,Marshall University,WV,NCAA Division I-FBS,"Public, 4-year or above",15542536.0,15542536.0,143.0,27586.0,3944855.0,1.0,14.0,45966327,45966327,236306.0,103131.0,7.0,27.0,902539.0,1094397,2024,2023-24,https://ope.ed.gov/athletics/#/datafile/list,0.0,108689.06293706292,11597681.0,4438679.0
173452,Martin Luther College,MN,NCAA Division III with football,"Private nonprofit, 4-year or above",240249.0,240249.0,43.0,1411.0,60668.0,1.0,7.0,1596736,1596736,14403.0,4140.0,9.0,23.0,0.0,0,2024,2023-24,https://ope.ed.gov/athletics/#/datafile/list,0.0,5587.186046511628,179581.0,224847.0
220710,Maryville College,TN,NCAA Division III with football,"Private nonprofit, 4-year or above",609832.0,544604.0,132.0,1182.0,156017.0,1.0,7.0,4531887,3581590,36465.0,18045.0,8.0,19.0,28833.0,49892,2024,2023-24,https://ope.ed.gov/athletics/#/datafile/list,65228.0,4125.787878787879,388587.0,634575.0
166683,Massachusetts Institute of Technology,MA,NCAA Division III with football,"Private nonprofit, 4-year or above",283976.0,283976.0,64.0,2062.0,131996.0,1.0,10.0,8880743,8880743,44091.0,15586.0,15.0,34.0,70737.0,119603,2024,2023-24,https://ope.ed.gov/athletics/#/datafile/list,0.0,4437.125,151980.0,1191289.0
166692,Massachusetts Maritime Academy,MA,NCAA Division III with football,"Public, 4-year or above",260435.0,235515.0,122.0,668.0,81458.0,1.0,11.0,1992079,1731294,8443.0,4251.0,7.0,19.0,58815.0,104864,2024,2023-24,https://ope.ed.gov/athletics/#/datafile/list,24920.0,1930.450819672131,154057.0,139870.0
200226,Mayville State University,ND,NAIA Division II ,"Public, 4-year or above",734379.0,734379.0,96.0,2683.0,257522.0,1.0,9.0,2271303,2271303,38958.0,15060.0,4.0,15.0,63575.0,72551,2024,2023-24,https://ope.ed.gov/athletics/#/datafile/list,0.0,7649.78125,476857.0,381732.0
164270,McDaniel College,MD,NCAA Division III with football,"Private nonprofit, 4-year or above",765179.0,539577.0,78.0,907.0,70716.0,1.0,7.0,5405180,4901026,40724.0,11125.0,12.0,36.0,68980.0,113486,2024,2023-24,https://ope.ed.gov/athletics/#/datafile/list,225602.0,6917.653846153846,468861.0,889188.0
147013,McKendree University,IL,NCAA Division II with football,"Private nonprofit, 4-year or above",2116679.0,2116679.0,156.0,978.0,152559.0,1.0,7.0,16127414,16127414,47876.0,19189.0,16.0,23.0,87212.0,172055,2024,2023-24,https://ope.ed.gov/athletics/#/datafile/list,0.0,13568.455128205129,1964120.0,1207363.0
226587,McMurry University,TX,NCAA Division III with football,"Private nonprofit, 4-year or above",706176.0,706176.0,131.0,1555.0,203668.0,1.0,7.0,4202525,4181697,39495.0,25205.0,9.0,14.0,54020.0,72072,2024,2023-24,https://ope.ed.gov/athletics/#/datafile/list,0.0,5390.656488549618,502508.0,708325.0
159717,McNeese State University,LA,NCAA Division I-FCS,"Public, 4-year or above",4524028.0,4470233.0,127.0,5690.0,722588.0,1.0,12.0,16868726,16868726,189792.0,45280.0,4.0,20.0,263367.0,431878,2024,2023-24,https://ope.ed.gov/athletics/#/datafile/list,53795.0,35198.68503937008,3747645.0,1664768.0
155511,McPherson College,KS,NAIA Division I ,"Private nonprofit, 4-year or above",2994735.0,2994735.0,153.0,840.0,128470.0,1.0,6.0,9682870,9682870,45795.0,20530.0,7.0,14.0,15296.0,39225,2024,2023-24,https://ope.ed.gov/athletics/#/datafile/list,0.0,19573.43137254902,2866265.0,607985.0
118718,Merced College,CA,CCCAA,"Public, 2-year",108739.0,108739.0,63.0,814.0,51301.0,1.0,5.0,1664100,1664100,43418.0,3039.0,7.0,13.0,0.0,0,2024,2023-24,https://ope.ed.gov/athletics/#/datafile/list,0.0,1726.015873015873,57438.0,343433.0
140447,Mercer University,GA,NCAA Division I-FCS,"Private nonprofit, 4-year or above",6831119.0,6831119.0,116.0,7290.0,845660.0,1.0,10.0,28868884,28868884,151133.0,72392.0,8.0,20.0,343270.0,573747,2024,2023-24,https://ope.ed.gov/athletics/#/datafile/list,0.0,58888.956896551725,5985459.0,2656904.0
213987,Mercyhurst University,PA,NCAA Division II with football,"Private nonprofit, 4-year or above",2566243.0,2566243.0,108.0,1772.0,191327.0,1.0,9.0,17222164,17122705,51965.0,21418.0,12.0,28.0,116787.0,196115,2024,2023-24,https://ope.ed.gov/athletics/#/datafile/list,0.0,23761.50925925926,2374916.0,1223284.0
166850,Merrimack College,MA,NCAA Division I-FCS,"Private nonprofit, 4-year or above",4054035.0,4054035.0,109.0,4947.0,539250.0,1.0,9.0,30694837,30694837,96707.0,31557.0,12.0,27.0,332631.0,461385,2024,2023-24,https://ope.ed.gov/athletics/#/datafile/list,0.0,37192.98165137615,3514785.0,2012523.0
198969,Methodist University,NC,NCAA Division III with football,"Private nonprofit, 4-year or above",753581.0,753581.0,167.0,1100.0,183757.0,1.0,10.0,3843400,3838622,44710.0,13006.0,10.0,25.0,43151.0,69565,2024,2023-24,https://ope.ed.gov/athletics/#/datafile/list,0.0,4512.461077844311,569824.0,772250.0
204024,Miami University-Oxford,OH,NCAA Division I-FBS,"Public, 4-year or above",10598976.0,10598977.0,129.0,11136.0,1436567.0,1.0,14.0,40819194,40819194,288906.0,78427.0,7.0,30.0,649731.0,882262,2024,2023-24,https://ope.ed.gov/athletics/#/datafile/list,-1.0,82162.61240310078,9162410.0,4375152.0
171100,Michigan State University,MI,NCAA Division I-FBS,"Public, 4-year or above",87183718.0,57039591.0,116.0,44482.0,5159869.0,1.0,14.0,164109191,164109191,1062737.0,261916.0,9.0,41.0,2373775.0,3135578,2024,2023-24,https://ope.ed.gov/athletics/#/datafile/list,30144127.0,491720.6120689655,51879722.0,20303189.0
171128,Michigan Technological University,MI,NCAA Division II with football,"Public, 4-year or above",2331783.0,2433261.0,119.0,1668.0,198537.0,1.0,9.0,12419740,12419740,70268.0,38771.0,7.0,15.0,109213.0,139143,2024,2023-24,https://ope.ed.gov/athletics/#/datafile/list,-101478.0,20447.571428571428,2234724.0,1073441.0
155520,MidAmerica Nazarene University,KS,NAIA Division I ,"Private nonprofit, 4-year or above",4185491.0,4061584.0,116.0,1159.0,134436.0,1.0,8.0,15829541,15829541,53273.0,17303.0,6.0,19.0,0.0,0,2024,2023-24,https://ope.ed.gov/athletics/#/datafile/list,123907.0,35013.65517241379,3927148.0,648395.0
220978,Middle Tennessee State University,TN,NCAA Division I-FBS,"Public, 4-year or above",16235857.0,16235857.0,121.0,22263.0,2693855.0,1.0,14.0,43275343,43275343,367396.0,99988.0,6.0,26.0,507276.0,705360,2024,2023-24,https://ope.ed.gov/athletics/#/datafile/list,0.0,134180.63636363635,13542002.0,4804064.0
230959,Middlebury College,VT,NCAA Division III with football,"Private nonprofit, 4-year or above",762191.0,762191.0,104.0,1005.0,104527.0,1.0,7.0,10451334,10451334,45908.0,20604.0,14.0,39.0,151449.0,290347,2024,2023-24,https://ope.ed.gov/athletics/#/datafile/list,0.0,7328.759615384615,657664.0,1446268.0
181330,Midland University,NE,NAIA Division II ,"Private nonprofit, 4-year or above",3688640.0,4059120.0,172.0,1378.0,237005.0,1.0,14.0,25390620,25390620,31062.0,9921.0,15.0,37.0,62076.0,92534,2024,2023-24,https://ope.ed.gov/athletics/#/datafile/list,-370480.0,23599.53488372093,3822115.0,833007.0
157377,Midway University,KY,NAIA Division I ,"Private nonprofit, 4-year or above",508373.0,508373.0,60.0,1514.0,90848.0,1.0,5.0,6302339,6302339,28432.0,11139.0,12.0,21.0,19032.0,43138,2024,2023-24,https://ope.ed.gov/athletics/#/datafile/list,0.0,8472.883333333333,417525.0,575103.0
226833,Midwestern State University,TX,NCAA Division II with football,"Public, 4-year or above",1493314.0,1493314.0,156.0,964.0,150400.0,1.0,11.0,7139767,7139767,92358.0,23616.0,5.0,18.0,46325.0,65948,2024,2023-24,https://ope.ed.gov/athletics/#/datafile/list,0.0,9572.52564102564,1342914.0,886878.0
101675,Miles College,AL,NCAA Division II with football,"Private nonprofit, 4-year or above",1822981.0,1822981.0,126.0,3421.0,431026.0,1.0,8.0,4786849,4141142,55000.0,50000.0,5.0,11.0,27835.0,38943,2024,2023-24,https://ope.ed.gov/athletics/#/datafile/list,0.0,14468.103174603177,1391955.0,825000.0
214041,Millersville University of Pennsylvania,PA,NCAA Division II with football,"Public, 4-year or above",1203088.0,1203088.0,92.0,1473.0,135498.0,1.0,7.0,6250791,6081901,73724.0,32066.0,7.0,13.0,22832.0,43483,2024,2023-24,https://ope.ed.gov/athletics/#/datafile/list,0.0,13077.04347826087,1067590.0,932926.0
147244,Millikin University,IL,NCAA Division III with football,"Private nonprofit, 4-year or above",619905.0,619905.0,100.0,1403.0,140271.0,1.0,7.0,4520764,4520764,39940.0,13621.0,11.0,30.0,61693.0,81833,2024,2023-24,https://ope.ed.gov/athletics/#/datafile/list,0.0,6199.05,479634.0,847970.0
175980,Millsaps College,MS,NCAA Division III with football,"Private nonprofit, 4-year or above",484739.0,484739.0,97.0,1675.0,162493.0,1.0,6.0,2325628,2325628,52350.0,22584.0,9.0,14.0,18800.0,28368,2024,2023-24,https://ope.ed.gov/athletics/#/datafile/list,0.0,4997.309278350515,322246.0,787326.0
173735,Minnesota North College,MN,NJCAA Division III ,"Public, 2-year",216665.0,216665.0,91.0,932.0,84828.0,2.0,7.0,1982620,1982620,22029.0,4151.0,13.0,28.0,3945.0,7080,2024,2023-24,https://ope.ed.gov/athletics/#/datafile/list,0.0,2380.934065934066,131837.0,402605.0
173559,Minnesota State Community and Technical College,MN,NJCAA Division III ,"Public, 2-year",122055.0,122055.0,54.0,1190.0,64260.0,1.0,6.0,666958,666958,18696.0,5953.0,4.0,8.0,4120.0,8240,2024,2023-24,https://ope.ed.gov/athletics/#/datafile/list,0.0,2260.277777777778,57795.0,122408.0
174358,Minnesota State University Moorhead,MN,NCAA Division II with football,"Public, 4-year or above",1431682.0,1360595.0,107.0,1814.0,194105.0,1.0,10.0,7159681,6917138,73484.0,15414.0,4.0,17.0,33144.0,54849,2024,2023-24,https://ope.ed.gov/athletics/#/datafile/list,71087.0,12715.841121495328,1166490.0,555974.0
173920,Minnesota State University-Mankato,MN,NCAA Division II with football,"Public, 4-year or above",1892029.0,1892029.0,99.0,4171.0,412978.0,1.0,10.0,17969212,17968500,121068.0,39398.0,8.0,25.0,119012.0,177499,2024,2023-24,https://ope.ed.gov/athletics/#/datafile/list,0.0,19111.40404040404,1479051.0,1953494.0
173638,Minnesota West Community and Technical College,MN,NJCAA Division III ,"Public, 2-year",93892.0,93892.0,38.0,1387.0,52700.0,1.0,2.0,653611,653611,16205.0,4925.0,5.0,5.0,0.0,0,2024,2023-24,https://ope.ed.gov/athletics/#/datafile/list,0.0,2470.842105263158,41192.0,105650.0
200253,Minot State University,ND,NCAA Division II with football,"Public, 4-year or above",1540601.0,1540601.0,115.0,2168.0,249343.0,1.0,8.0,8625626,8625626,73927.0,39351.0,7.0,19.0,120016.0,160118,2024,2023-24,https://ope.ed.gov/athletics/#/datafile/list,0.0,13396.53043478261,1291258.0,1265158.0
214069,Misericordia University,PA,NCAA Division III with football,"Private nonprofit, 4-year or above",402561.0,395966.0,118.0,581.0,68546.0,1.0,8.0,4534693,3457198,22847.0,9888.0,10.0,22.0,109333.0,149287,2024,2023-24,https://ope.ed.gov/athletics/#/datafile/list,6595.0,3355.64406779661,327420.0,446006.0
176053,Mississippi College,MS,NCAA Division II with football,"Private nonprofit, 4-year or above",2073664.0,2073664.0,111.0,2603.0,288907.0,1.0,14.0,9006889,9006889,45461.0,27647.0,8.0,17.0,20717.0,40333,2024,2023-24,https://ope.ed.gov/athletics/#/datafile/list,0.0,18681.65765765766,1784757.0,833687.0
176008,Mississippi Delta Community College,MS,NJCAA Division II ,"Public, 2-year",538143.0,538143.0,55.0,1514.0,83285.0,1.0,5.0,1559846,1559846,43448.0,29822.0,3.0,7.0,50905.0,64586,2024,2023-24,https://ope.ed.gov/athletics/#/datafile/list,0.0,9784.418181818182,454858.0,339098.0
176071,Mississippi Gulf Coast Community College,MS,NJCAA Division I ,"Public, 2-year",1205258.0,1205637.0,65.0,1772.0,115150.0,1.0,7.0,5114666,4744840,49839.0,40300.0,6.0,14.0,25874.0,35359,2024,2023-24,https://ope.ed.gov/athletics/#/datafile/list,-379.0,18548.26153846154,1090487.0,863234.0
176080,Mississippi State University,MS,NCAA Division I-FBS,"Public, 4-year or above",35559188.0,35559188.0,117.0,53608.0,6272180.0,1.0,10.0,125114437,125114437,1559703.0,339339.0,6.0,24.0,1690616.0,2471910,2024,2023-24,https://ope.ed.gov/athletics/#/datafile/list,0.0,303924.68376068375,29287008.0,17502354.0
176044,Mississippi Valley State University,MS,NCAA Division I-FCS,"Public, 4-year or above",1457079.0,1457079.0,85.0,3410.0,289878.0,1.0,7.0,5346725,5346725,57075.0,40305.0,5.0,12.0,48989.0,56958,2024,2023-24,https://ope.ed.gov/athletics/#/datafile/list,0.0,17142.105882352942,1167201.0,769035.0
178244,Missouri Baptist University,MO,NAIA Division I ,"Private nonprofit, 4-year or above",2642030.0,2659526.0,105.0,1361.0,142890.0,1.0,7.0,18434194,18247266,34579.0,17981.0,11.0,20.0,12556.0,22299,2024,2023-24,https://ope.ed.gov/athletics/#/datafile/list,-17496.0,25328.819047619047,2516636.0,739989.0
178341,Missouri Southern State University,MO,NCAA Division II with football,"Public, 4-year or above",2031045.0,1954466.0,112.0,1887.0,211398.0,1.0,12.0,8903321,8861393,73150.0,30817.0,5.0,21.0,90044.0,122809,2024,2023-24,https://ope.ed.gov/athletics/#/datafile/list,76579.0,17450.589285714286,1743068.0,1012907.0
179566,Missouri State University-Springfield,MO,NCAA Division I-FCS,"Public, 4-year or above",5247467.0,5247467.0,94.0,13559.0,1274581.0,1.0,11.0,25259555,25259555,228549.0,41058.0,6.0,22.0,422477.0,625865,2024,2023-24,https://ope.ed.gov/athletics/#/datafile/list,0.0,55824.117021276594,3972886.0,2274570.0
178411,Missouri University of Science and Technology,MO,NCAA Division II with football,"Public, 4-year or above",1935796.0,1935795.0,118.0,1412.0,166559.0,1.0,8.0,8263453,8140455,76082.0,47837.0,9.0,9.0,42525.0,71740,2024,2023-24,https://ope.ed.gov/athletics/#/datafile/list,1.0,16405.042372881355,1769236.0,1115271.0
178369,Missouri Valley College,MO,NAIA Division I ,"Private nonprofit, 4-year or above",3212400.0,3457066.0,61.0,788.0,48096.0,1.0,7.0,17739017,17734384,38353.0,23770.0,13.0,28.0,31058.0,53392,2024,2023-24,https://ope.ed.gov/athletics/#/datafile/list,-244666.0,56673.2131147541,3408970.0,1164149.0
178387,Missouri Western State University,MO,NCAA Division II with football,"Public, 4-year or above",2060378.0,2258954.0,124.0,2728.0,338301.0,1.0,11.0,8826709,8826709,67875.0,41953.0,5.0,14.0,56739.0,85434,2024,2023-24,https://ope.ed.gov/athletics/#/datafile/list,-198576.0,18217.370967741936,1920653.0,926717.0
118976,Modesto Junior College,CA,CCCAA,"Public, 2-year",263662.0,263662.0,71.0,889.0,63130.0,1.0,7.0,3703768,3703768,59862.0,1961.0,11.0,30.0,0.0,0,2024,2023-24,https://ope.ed.gov/athletics/#/datafile/list,0.0,3713.549295774648,200532.0,717312.0
147341,Monmouth College,IL,NCAA Division III with football,"Private nonprofit, 4-year or above",400069.0,400069.0,119.0,720.0,85709.0,1.0,7.0,1838085,1838085,29513.0,17172.0,10.0,17.0,35241.0,54104,2024,2023-24,https://ope.ed.gov/athletics/#/datafile/list,0.0,3361.924369747899,314360.0,587054.0
185572,Monmouth University,NJ,NCAA Division I-FCS,"Private nonprofit, 4-year or above",6667821.0,6667821.0,118.0,7331.0,865069.0,1.0,13.0,32787685,32787685,152549.0,61999.0,9.0,25.0,273419.0,372635,2024,2023-24,https://ope.ed.gov/athletics/#/datafile/list,0.0,56506.957627118645,5802752.0,2922916.0
193308,Monroe College,NY,Other ,"Private for-profit, 4-year or above",1552252.0,1552252.0,107.0,3989.0,426873.0,1.0,8.0,10820053,10820053,36284.0,9306.0,12.0,45.0,15039.0,36172,2024,2023-24,https://ope.ed.gov/athletics/#/datafile/list,0.0,14507.028037383176,1125379.0,854178.0
180461,Montana State University,MT,NCAA Division I-FCS,"Public, 4-year or above",11284422.0,8083850.0,111.0,16289.0,1808073.0,1.0,10.0,28597087,28597087,237566.0,72782.0,5.0,20.0,298412.0,422097,2024,2023-24,https://ope.ed.gov/athletics/#/datafile/list,3200572.0,72827.47747747747,6275777.0,2643470.0
180522,Montana State University-Northern,MT,NAIA Division I ,"Public, 4-year or above",690442.0,707568.0,74.0,2495.0,184665.0,1.0,3.0,2412101,2342757,26265.0,27568.0,6.0,6.0,30078.0,34081,2024,2023-24,https://ope.ed.gov/athletics/#/datafile/list,-17126.0,9561.72972972973,522903.0,322998.0
180416,Montana Technological University,MT,NAIA Division I ,"Public, 4-year or above",1408896.0,1408896.0,129.0,2006.0,258745.0,1.0,7.0,3939775,3939775,46120.0,37742.0,4.0,8.0,33730.0,42056,2024,2023-24,https://ope.ed.gov/athletics/#/datafile/list,0.0,10921.67441860465,1150151.0,486416.0
185590,Montclair State University,NJ,NCAA Division III with football,"Public, 4-year or above",361038.0,349589.0,135.0,808.0,109036.0,1.0,11.0,6781058,4423665,55656.0,13588.0,9.0,30.0,60296.0,113124,2024,2023-24,https://ope.ed.gov/athletics/#/datafile/list,11449.0,2589.5481481481484,240553.0,908544.0
119067,Monterey Peninsula College,CA,CCCAA,"Public, 2-year",169219.0,169219.0,75.0,1244.0,93300.0,1.0,9.0,1318041,1318041,25692.0,4080.0,6.0,15.0,0.0,0,2024,2023-24,https://ope.ed.gov/athletics/#/datafile/list,0.0,2256.2533333333336,75919.0,215352.0
119137,Moorpark College,CA,CCCAA,"Public, 2-year",277759.0,245446.0,77.0,529.0,40730.0,1.0,8.0,1641463,1571986,40316.0,7816.0,8.0,27.0,0.0,0,2024,2023-24,https://ope.ed.gov/athletics/#/datafile/list,32313.0,3187.6103896103896,204716.0,533560.0
214157,Moravian University,PA,NCAA Division III with football,"Private nonprofit, 4-year or above",584471.0,528831.0,77.0,1575.0,121284.0,1.0,12.0,4553602,4087955,50996.0,5727.0,9.0,37.0,53724.0,80126,2024,2023-24,https://ope.ed.gov/athletics/#/datafile/list,55640.0,6867.935064935065,407547.0,670863.0
157386,Morehead State University,KY,NCAA Division I-FCS,"Public, 4-year or above",1618864.0,1618864.0,119.0,3696.0,439873.0,1.0,10.0,12893166,12893166,115026.0,39784.0,5.0,16.0,131008.0,195615,2024,2023-24,https://ope.ed.gov/athletics/#/datafile/list,0.0,13603.899159663866,1178991.0,1211674.0
163453,Morgan State University,MD,NCAA Division I-FCS,"Public, 4-year or above",6560595.0,5835179.0,82.0,18275.0,1498559.0,1.0,11.0,21666097,21666097,191080.0,68928.0,5.0,18.0,178515.0,242707,2024,2023-24,https://ope.ed.gov/athletics/#/datafile/list,725416.0,71160.71951219512,4336620.0,2196104.0
154004,Morningside University,IA,NWAC,"Private nonprofit, 4-year or above",1376274.0,1361453.0,126.0,968.0,122027.0,1.0,10.0,6655044,6451261,53351.0,13368.0,10.0,28.0,14024.0,23028,2024,2023-24,https://ope.ed.gov/athletics/#/datafile/list,14821.0,10805.18253968254,1239426.0,907814.0
219198,Mount Marty University,SD,NAIA Division II ,"Private nonprofit, 4-year or above",2448778.0,2448778.0,121.0,517.0,62504.0,1.0,2.0,11008091,11008091,47341.0,17044.0,7.0,6.0,30736.0,36473,2024,2023-24,https://ope.ed.gov/athletics/#/datafile/list,0.0,20237.8347107438,2386274.0,433651.0
204200,Mount St. Joseph University,OH,NCAA Division III with football,"Private nonprofit, 4-year or above",537707.0,537707.0,152.0,538.0,81744.0,1.0,10.0,4418136,4418136,49967.0,18019.0,10.0,18.0,28107.0,40565,2024,2023-24,https://ope.ed.gov/athletics/#/datafile/list,0.0,3537.5460526315787,455963.0,824012.0
119164,Mt San Antonio College,CA,CCCAA,"Public, 2-year",364594.0,351924.0,90.0,640.0,57588.0,1.0,14.0,4417259,4236325,58879.0,11578.0,11.0,19.0,0.0,0,2024,2023-24,https://ope.ed.gov/athletics/#/datafile/list,12670.0,3910.266666666667,294336.0,867651.0
119216,Mt San Jacinto Community College District,CA,CCCAA,"Public, 2-year",123423.0,115310.0,75.0,338.0,25369.0,1.0,8.0,678795,623490,8400.0,7000.0,5.0,13.0,12436.0,24814,2024,2023-24,https://ope.ed.gov/athletics/#/datafile/list,8113.0,1537.4666666666667,89941.0,133000.0
214175,Muhlenberg College,PA,NCAA Division III with football,"Private nonprofit, 4-year or above",662037.0,662037.0,113.0,1423.0,160754.0,1.0,7.0,4363886,4222504,47079.0,15461.0,9.0,18.0,74595.0,121136,2024,2023-24,https://ope.ed.gov/athletics/#/datafile/list,0.0,5858.734513274337,501283.0,702009.0
157401,Murray State University,KY,NCAA Division I-FCS,"Public, 4-year or above",5524181.0,4410894.0,110.0,7572.0,832880.0,1.0,10.0,19402490,19402490,175715.0,57329.0,5.0,18.0,235833.0,369653,2024,2023-24,https://ope.ed.gov/athletics/#/datafile/list,1113287.0,40099.03636363636,3578014.0,1910497.0
204264,Muskingum University,OH,NCAA Division III with football,"Private nonprofit, 4-year or above",551231.0,551231.0,125.0,786.0,98310.0,1.0,8.0,3530468,3530468,35132.0,13749.0,11.0,24.0,15294.0,30634,2024,2023-24,https://ope.ed.gov/athletics/#/datafile/list,0.0,4409.848,452921.0,716428.0
193478,Nassau Community College,NY,NJCAA Division III ,"Public, 2-year",83558.0,80546.0,84.0,931.0,78194.0,1.0,13.0,1595064,1573052,13733.0,4832.0,11.0,31.0,0.0,0,2024,2023-24,https://ope.ed.gov/athletics/#/datafile/list,3012.0,958.8809523809524,2352.0,300855.0
227146,Navarro College,TX,NJCAA Division I ,"Public, 2-year",904432.0,904432.0,87.0,1556.0,135372.0,1.0,5.0,3407219,3407219,83864.0,39812.0,3.0,7.0,18538.0,24344,2024,2023-24,https://ope.ed.gov/athletics/#/datafile/list,0.0,10395.770114942528,769060.0,530276.0
181446,Nebraska Wesleyan University,NE,NCAA Division III with football,"Private nonprofit, 4-year or above",397087.0,387039.0,134.0,1059.0,141953.0,1.0,10.0,3037781,3004118,49304.0,8385.0,10.0,27.0,30299.0,48527,2024,2023-24,https://ope.ed.gov/athletics/#/datafile/list,10048.0,2888.3507462686566,245086.0,719435.0
182980,New England College,NH,NCAA Division III with football,"Private nonprofit, 4-year or above",200927.0,200927.0,11.0,8561.0,94172.0,1.0,1.0,3011335,3011335,53795.0,2456.0,10.0,17.0,20852.0,46830,2024,2023-24,https://ope.ed.gov/athletics/#/datafile/list,0.0,18266.090909090908,106755.0,579702.0
187897,New Mexico Highlands University,NM,NCAA Division II with football,"Public, 4-year or above",1287513.0,1287513.0,129.0,1191.0,153652.0,1.0,8.0,5727194,5727194,67925.0,37872.0,5.0,13.0,17442.0,26658,2024,2023-24,https://ope.ed.gov/athletics/#/datafile/list,0.0,9980.720930232555,1133861.0,831961.0
187912,New Mexico Military Institute,NM,NJCAA Division I ,"Public, 2-year",1495778.0,1458111.0,108.0,1838.0,198470.0,1.0,6.0,3363653,3361405,57819.0,26888.0,4.0,12.0,55250.0,81310,2024,2023-24,https://ope.ed.gov/athletics/#/datafile/list,37667.0,13501.027777777776,1259641.0,553932.0
188030,New Mexico State University-Main Campus,NM,NCAA Division I-FBS,"Public, 4-year or above",12576528.0,12576528.0,136.0,17127.0,2329339.0,1.0,10.0,38923972,38923972,226720.0,121519.0,6.0,16.0,531249.0,678975,2024,2023-24,https://ope.ed.gov/athletics/#/datafile/list,0.0,92474.4705882353,10247189.0,3304624.0
218414,Newberry College,SC,NCAA Division II with football,"Private nonprofit, 4-year or above",2318463.0,2215675.0,223.0,631.0,140751.0,1.0,10.0,11477719,11477719,66580.0,28096.0,9.0,22.0,68416.0,99201,2024,2023-24,https://ope.ed.gov/athletics/#/datafile/list,102788.0,9935.762331838563,2074924.0,1217332.0
159966,Nicholls State University,LA,NCAA Division I-FCS,"Public, 4-year or above",3347110.0,3244154.0,129.0,3776.0,487051.0,1.0,11.0,13331867,12953173,122624.0,40258.0,6.0,20.0,45888.0,56491,2024,2023-24,https://ope.ed.gov/athletics/#/datafile/list,102956.0,25148.48062015504,2757103.0,1540904.0
167260,Nichols College,MA,NCAA Division III with football,"Private nonprofit, 4-year or above",500084.0,443613.0,121.0,816.0,98741.0,1.0,9.0,4594663,4451237,39757.0,8799.0,12.0,29.0,45358.0,84076,2024,2023-24,https://ope.ed.gov/athletics/#/datafile/list,56471.0,3666.223140495868,344872.0,732255.0
232937,Norfolk State University,VA,NCAA Division I-FCS,"Public, 4-year or above",4689269.0,4689269.0,114.0,4558.0,519633.0,1.0,10.0,21939879,21939879,169002.0,65662.0,5.0,17.0,97398.0,111591,2024,2023-24,https://ope.ed.gov/athletics/#/datafile/list,0.0,41133.93859649123,4169636.0,1961264.0
461795,North American University,TX,NAIA Division II ,"Private nonprofit, 4-year or above",584090.0,557237.0,167.0,1114.0,186045.0,1.0,9.0,1163226,1162723,23333.0,15066.0,4.0,13.0,7794.0,11833,2024,2023-24,https://ope.ed.gov/athletics/#/datafile/list,26853.0,3336.748502994012,371192.0,289190.0
199102,North Carolina A & T State University,NC,NCAA Division I-FCS,"Public, 4-year or above",4661127.0,4666143.0,130.0,5813.0,755711.0,1.0,9.0,18028580,18007107,166377.0,64714.0,6.0,19.0,231285.0,358966,2024,2023-24,https://ope.ed.gov/athletics/#/datafile/list,-5016.0,35893.407692307694,3910432.0,2227828.0
199157,North Carolina Central University,NC,NCAA Division I-FCS,"Public, 4-year or above",4552255.0,4552255.0,110.0,10927.0,1201938.0,1.0,9.0,12472714,12472714,106006.0,54194.0,7.0,18.0,36558.0,58123,2024,2023-24,https://ope.ed.gov/athletics/#/datafile/list,0.0,41384.13636363636,3350317.0,1717534.0
199193,North Carolina State University at Raleigh,NC,NCAA Division I-FBS,"Public, 4-year or above",77855260.0,36498949.0,128.0,42959.0,5498704.0,1.0,10.0,133227278,124901094,1141302.0,235268.0,10.0,41.0,2393323.0,2990963,2024,2023-24,https://ope.ed.gov/athletics/#/datafile/list,41356311.0,285148.0390625,31000245.0,21059008.0
199209,North Carolina Wesleyan University,NC,NCAA Division III with football,"Private nonprofit, 4-year or above",527279.0,527279.0,152.0,1164.0,176942.0,1.0,7.0,3141291,3141291,54012.0,24068.0,7.0,12.0,26765.0,40521,2024,2023-24,https://ope.ed.gov/athletics/#/datafile/list,0.0,3468.940789473684,350337.0,666900.0
147660,North Central College,IL,NCAA Division III with football,"Private nonprofit, 4-year or above",1223549.0,846592.0,157.0,1764.0,276895.0,1.0,21.0,7372997,5530314,57431.0,10009.0,13.0,60.0,51557.0,103114,2024,2023-24,https://ope.ed.gov/athletics/#/datafile/list,376957.0,5392.3057324840765,569697.0,1347143.0
200305,North Dakota State College of Science,ND,NJCAA Division I ,"Public, 2-year",139258.0,139258.0,74.0,852.0,63062.0,1.0,6.0,1065073,1065073,33952.0,5333.0,3.0,9.0,5593.0,7346,2024,2023-24,https://ope.ed.gov/athletics/#/datafile/list,0.0,1881.8648648648648,76196.0,149853.0
200332,North Dakota State University-Main Campus,ND,NCAA Division I-FCS,"Public, 4-year or above",6527171.0,6527171.0,125.0,8422.0,1052692.0,1.0,10.0,30251922,30251922,191157.0,86231.0,6.0,24.0,316265.0,491354,2024,2023-24,https://ope.ed.gov/athletics/#/datafile/list,0.0,52217.368,5474479.0,3216486.0
218441,North Greenville University,SC,NCAA Division II with football,"Private nonprofit, 4-year or above",1523020.0,1429562.0,110.0,1928.0,212053.0,1.0,5.0,12129615,12129615,36200.0,19200.0,11.0,12.0,38067.0,51695,2024,2023-24,https://ope.ed.gov/athletics/#/datafile/list,93458.0,12996.018181818185,1217509.0,628600.0
147679,North Park University,IL,NCAA Division III with football,"Private nonprofit, 4-year or above",711910.0,711910.0,97.0,1742.0,169021.0,1.0,8.0,4053154,4053154,44444.0,19824.0,9.0,26.0,39719.0,49815,2024,2023-24,https://ope.ed.gov/athletics/#/datafile/list,0.0,7339.278350515464,542889.0,915420.0
176169,Northeast Mississippi Community College,MS,NJCAA Division I ,"Public, 2-year",1072446.0,1072446.0,65.0,1787.0,116124.0,1.0,8.0,3227474,3227474,56090.0,62200.0,5.0,8.0,71625.0,91274,2024,2023-24,https://ope.ed.gov/athletics/#/datafile/list,0.0,16499.169230769232,956322.0,778050.0
207290,Northeastern Oklahoma A&M College,OK,NJCAA Division I ,"Public, 2-year",904110.0,907575.0,142.0,1191.0,169142.0,1.0,6.0,3153081,3134617,29221.0,19554.0,5.0,12.0,0.0,0,2024,2023-24,https://ope.ed.gov/athletics/#/datafile/list,-3465.0,6391.37323943662,738433.0,380753.0
207263,Northeastern State University,OK,NCAA Division II with football,"Public, 4-year or above",1444447.0,1444447.0,118.0,2436.0,287409.0,1.0,9.0,5586993,5586993,73505.0,20745.0,5.0,17.0,31791.0,48540,2024,2023-24,https://ope.ed.gov/athletics/#/datafile/list,0.0,12241.07627118644,1157038.0,720190.0
105330,Northern Arizona University,AZ,NCAA Division I-FCS,"Public, 4-year or above",6051074.0,6051074.0,118.0,15465.0,1824886.0,1.0,13.0,29460146,29460146,197331.0,65988.0,4.0,17.0,230836.0,386276,2024,2023-24,https://ope.ed.gov/athletics/#/datafile/list,0.0,51280.28813559322,4226188.0,1911120.0
147703,Northern Illinois University,IL,NCAA Division I-FBS,"Public, 4-year or above",9254076.0,9254076.0,118.0,22151.0,2613848.0,1.0,10.0,24939848,24939848,225740.0,99721.0,7.0,20.0,335213.0,484132,2024,2023-24,https://ope.ed.gov/athletics/#/datafile/list,0.0,78424.37288135593,6640228.0,3574600.0
171456,Northern Michigan University,MI,NCAA Division II with football,"Public, 4-year or above",2266645.0,2320284.0,95.0,3775.0,358655.0,1.0,8.0,14838256,14725721,95102.0,37569.0,8.0,19.0,189907.0,233814,2024,2023-24,https://ope.ed.gov/athletics/#/datafile/list,-53639.0,24424.042105263157,1961629.0,1474627.0
219259,Northern State University,SD,NCAA Division II with football,"Public, 4-year or above",1890443.0,1962819.0,129.0,3242.0,418241.0,1.0,9.0,8794475,8763650,81063.0,24120.0,5.0,21.0,68036.0,101165,2024,2023-24,https://ope.ed.gov/athletics/#/datafile/list,-72376.0,15215.651162790698,1544578.0,911835.0
176178,Northwest Mississippi Community College,MS,NJCAA Division II ,"Public, 2-year",1242162.0,1242162.0,57.0,3340.0,190393.0,1.0,6.0,3776432,3776432,58000.0,42000.0,7.0,9.0,12000.0,24000,2024,2023-24,https://ope.ed.gov/athletics/#/datafile/list,0.0,21792.315789473683,1051769.0,784000.0
178624,Northwest Missouri State University,MO,NCAA Division II with football,"Public, 4-year or above",3400048.0,3400048.0,141.0,2991.0,421669.0,1.0,9.0,12203463,12203463,97660.0,55248.0,5.0,12.0,109074.0,137131,2024,2023-24,https://ope.ed.gov/athletics/#/datafile/list,0.0,24113.81560283688,2978379.0,1151276.0
154101,Northwestern College,IA,NAIA Division II ,"Private nonprofit, 4-year or above",1700119.0,1658951.0,151.0,1440.0,217423.0,1.0,9.0,8822407,8591495,42800.0,15207.0,9.0,25.0,20710.0,30713,2024,2023-24,https://ope.ed.gov/athletics/#/datafile/list,41168.0,10986.430463576158,1441528.0,765375.0
207306,Northwestern Oklahoma State University,OK,NCAA Division II with football,"Public, 4-year or above",1238109.0,1172101.0,139.0,1873.0,260285.0,1.0,12.0,6451863,6280965,46462.0,16771.0,7.0,19.0,58798.0,89517,2024,2023-24,https://ope.ed.gov/athletics/#/datafile/list,66008.0,8432.381294964029,911816.0,643883.0
160038,Northwestern State University of Louisiana,LA,NCAA Division I-FCS,"Public, 4-year or above",4182862.0,3231434.0,126.0,3486.0,439175.0,1.0,12.0,15228540,12032739,104932.0,35922.0,4.0,23.0,138919.0,204058,2024,2023-24,https://ope.ed.gov/athletics/#/datafile/list,951428.0,25646.301587301587,2792259.0,1245934.0
147767,Northwestern University,IL,NCAA Division I-FBS,"Private nonprofit, 4-year or above",74048991.0,39114872.0,103.0,45506.0,4687158.0,1.0,14.0,124080838,124080838,1000924.0,208566.0,8.0,33.0,1739285.0,2376989,2024,2023-24,https://ope.ed.gov/athletics/#/datafile/list,34934119.0,379756.03883495147,34427714.0,14890070.0
171492,Northwood University,MI,NCAA Division II with football,"Private nonprofit, 4-year or above",2395764.0,2395764.0,127.0,1271.0,161397.0,1.0,9.0,10037938,10037938,55508.0,22991.0,8.0,24.0,68525.0,81804,2024,2023-24,https://ope.ed.gov/athletics/#/datafile/list,0.0,18864.283464566928,2234367.0,995848.0
230995,Norwich University,VT,NCAA Division III with football,"Private nonprofit, 4-year or above",665501.0,665501.0,92.0,1655.0,152255.0,1.0,7.0,4712605,4712605,52334.0,20172.0,12.0,23.0,51397.0,75417,2024,2023-24,https://ope.ed.gov/athletics/#/datafile/list,0.0,7233.70652173913,513246.0,1091964.0
152099,Oakland City University,IN,NAIA Division I ,"Private nonprofit, 4-year or above",1174744.0,1174774.0,50.0,2194.0,109724.0,1.0,4.0,12539979,11792843,29508.0,11593.0,10.0,15.0,23451.0,36247,2024,2023-24,https://ope.ed.gov/athletics/#/datafile/list,-30.0,23495.48,1065050.0,468975.0
204501,Oberlin College,OH,NCAA Division III with football,"Private nonprofit, 4-year or above",503940.0,503940.0,61.0,1514.0,92344.0,1.0,6.0,4777560,4777560,65179.0,27814.0,10.0,22.0,102894.0,144797,2024,2023-24,https://ope.ed.gov/athletics/#/datafile/list,0.0,8261.311475409837,411596.0,1263698.0
204617,Ohio Dominican University,OH,NCAA Division II with football,"Private nonprofit, 4-year or above",1298491.0,1301377.0,133.0,1432.0,190513.0,1.0,8.0,4936751,4609921,49886.0,19742.0,6.0,14.0,20038.0,24895,2024,2023-24,https://ope.ed.gov/athletics/#/datafile/list,-2886.0,9784.78947368421,1110864.0,575704.0
204635,Ohio Northern University,OH,NCAA Division III with football,"Private nonprofit, 4-year or above",789381.0,789381.0,143.0,892.0,127490.0,1.0,10.0,5923483,5923483,50949.0,16399.0,13.0,43.0,75944.0,117467,2024,2023-24,https://ope.ed.gov/athletics/#/datafile/list,0.0,5520.146853146854,661891.0,1367494.0
204796,Ohio State University-Main Campus,OH,NCAA Division I-FBS,"Public, 4-year or above",111646810.0,78586384.0,120.0,71016.0,8521902.0,1.0,10.0,262172467,262172467,1144731.0,394914.0,15.0,49.0,3045168.0,4282343,2024,2023-24,https://ope.ed.gov/athletics/#/datafile/list,33060426.0,654886.5333333333,70064482.0,36521751.0
204857,Ohio University-Main Campus,OH,NCAA Division I-FBS,"Public, 4-year or above",11443834.0,11443834.0,127.0,20857.0,2648843.0,1.0,14.0,32958838,32958838,291004.0,74902.0,6.0,26.0,641309.0,814763,2024,2023-24,https://ope.ed.gov/athletics/#/datafile/list,0.0,90108.92913385828,8794991.0,3693476.0
204909,Ohio Wesleyan University,OH,NCAA Division III with football,"Private nonprofit, 4-year or above",646591.0,646591.0,95.0,1895.0,179998.0,1.0,8.0,4242549,4242549,30953.0,13857.0,11.0,21.0,62263.0,94192,2024,2023-24,https://ope.ed.gov/athletics/#/datafile/list,0.0,6806.221052631579,466593.0,631480.0
207403,Oklahoma Baptist University,OK,NCAA Division II with football,"Private nonprofit, 4-year or above",2118740.0,2118740.0,123.0,2096.0,257864.0,1.0,9.0,9133723,9133723,67960.0,31621.0,4.0,15.0,52385.0,74425,2024,2023-24,https://ope.ed.gov/athletics/#/datafile/list,0.0,17225.52845528455,1860876.0,746155.0
207351,Oklahoma Panhandle State University,OK,NAIA Division I ,"Public, 4-year or above",678264.0,665185.0,76.0,2336.0,177529.0,1.0,7.0,4039323,3951561,35166.0,16050.0,8.0,12.0,42500.0,88000,2024,2023-24,https://ope.ed.gov/athletics/#/datafile/list,13079.0,8752.434210526315,487656.0,473928.0
207388,Oklahoma State University-Main Campus,OK,NCAA Division I-FBS,"Public, 4-year or above",66900325.0,33952496.0,127.0,52141.0,6621920.0,1.0,10.0,131559155,130346189,1698300.0,268352.0,7.0,32.0,1742483.0,2375115,2024,2023-24,https://ope.ed.gov/athletics/#/datafile/list,32947829.0,267342.48818897636,27330576.0,20475364.0
232982,Old Dominion University,VA,NCAA Division I-FBS,"Public, 4-year or above",14079638.0,14079638.0,116.0,28149.0,3265260.0,1.0,14.0,51827948,51827948,303582.0,110684.0,8.0,24.0,719457.0,975358,2024,2023-24,https://ope.ed.gov/athletics/#/datafile/list,0.0,121376.18965517242,10814378.0,5085072.0
147828,Olivet Nazarene University,IL,NAIA Division II ,"Private nonprofit, 4-year or above",1649015.0,1839739.0,132.0,1727.0,227964.0,1.0,8.0,8614868,8386648,40173.0,21712.0,9.0,24.0,14661.0,24891,2024,2023-24,https://ope.ed.gov/athletics/#/datafile/list,-190724.0,13937.416666666666,1611775.0,882645.0
120342,Orange Coast College,CA,CCCAA,"Public, 2-year",197497.0,197497.0,88.0,826.0,72721.0,1.0,11.0,4332462,4332462,55426.0,5041.0,12.0,39.0,0.0,0,2024,2023-24,https://ope.ed.gov/athletics/#/datafile/list,0.0,2244.284090909091,124776.0,861711.0
209542,Oregon State University,OR,NCAA Division I-FBS,"Public, 4-year or above",47424861.0,25813332.0,127.0,37593.0,4774260.0,1.0,10.0,120225018,112813895,1046382.0,242850.0,7.0,23.0,1452949.0,2013777,2024,2023-24,https://ope.ed.gov/athletics/#/datafile/list,21611529.0,203254.58267716537,21039072.0,12910224.0
155627,Ottawa University-Ottawa,KS,NAIA Division I ,"Private nonprofit, 4-year or above",2005103.0,2193438.0,133.0,517.0,68719.0,1.0,9.0,14952628,14546232,36063.0,10229.0,14.0,45.0,49728.0,76496,2024,2023-24,https://ope.ed.gov/athletics/#/datafile/list,-188335.0,16492.015037593985,2124719.0,965187.0
464226,Ottawa University-Surprise,AZ,NAIA Division I ,"Private nonprofit, 4-year or above",3559523.0,3321242.0,160.0,2312.0,369990.0,1.0,12.0,13595229,13554755,52989.0,19138.0,14.0,30.0,34000.0,41000,2024,2023-24,https://ope.ed.gov/athletics/#/datafile/list,238281.0,20757.7625,2951252.0,1315986.0
204936,Otterbein University,OH,NCAA Division III with football,"Private nonprofit, 4-year or above",430107.0,360302.0,84.0,1056.0,88678.0,1.0,8.0,3352284,3317092,49576.0,13380.0,9.0,21.0,30578.0,50099,2024,2023-24,https://ope.ed.gov/athletics/#/datafile/list,69805.0,4289.309523809524,271624.0,727164.0
107512,Ouachita Baptist University,AR,NCAA Division II with football,"Private nonprofit, 4-year or above",2708156.0,2698509.0,125.0,2769.0,346175.0,1.0,8.0,9713928,9368926,74196.0,38378.0,9.0,15.0,60000.0,81000,2024,2023-24,https://ope.ed.gov/athletics/#/datafile/list,9647.0,21588.072,2352334.0,1243434.0
194310,Pace University,NY,NCAA Division II with football,"Private nonprofit, 4-year or above",1810352.0,1719570.0,115.0,2308.0,265406.0,1.0,10.0,9069724,9069724,70207.0,21550.0,6.0,16.0,32675.0,56608,2024,2023-24,https://ope.ed.gov/athletics/#/datafile/list,90782.0,14952.782608695652,1454164.0,766042.0
236230,Pacific Lutheran University,WA,NCAA Division III with football,"Private nonprofit, 4-year or above",1127968.0,894405.0,99.0,2579.0,255370.0,1.0,15.0,5626749,4719873,44548.0,8550.0,8.0,37.0,16939.0,40337,2024,2023-24,https://ope.ed.gov/athletics/#/datafile/list,233563.0,9034.39393939394,639035.0,672734.0
495147,Pacific Northwest Christian College,WA,NJCAA Division I ,"Private nonprofit, 2-year",273171.0,273171.0,70.0,2268.0,158725.0,1.0,7.0,396195,396195,15000.0,7325.0,2.0,8.0,3738.0,3906,2024,2023-24,https://ope.ed.gov/athletics/#/datafile/list,0.0,3902.442857142857,114446.0,88600.0
209612,Pacific University,OR,NCAA Division III with football,"Private nonprofit, 4-year or above",770313.0,770313.0,155.0,1628.0,252299.0,1.0,13.0,4985655,4985655,42504.0,8921.0,11.0,44.0,54594.0,82301,2024,2023-24,https://ope.ed.gov/athletics/#/datafile/list,0.0,4969.761290322581,518014.0,860068.0
120971,Palomar College,CA,CCCAA,"Public, 2-year",183753.0,183753.0,100.0,958.0,95811.0,1.0,9.0,1695159,1695159,13880.0,7510.0,8.0,18.0,0.0,0,2024,2023-24,https://ope.ed.gov/athletics/#/datafile/list,0.0,1837.53,87942.0,246220.0
121044,Pasadena City College,CA,CCCAA,"Public, 2-year",651725.0,578039.0,76.0,1410.0,107183.0,1.0,15.0,3689932,3503997,92374.0,17568.0,7.0,25.0,0.0,0,2024,2023-24,https://ope.ed.gov/athletics/#/datafile/list,73686.0,7605.776315789473,470856.0,1085818.0
176239,Pearl River Community College,MS,NJCAA Division I ,"Public, 2-year",719792.0,719792.0,61.0,2103.0,128257.0,1.0,5.0,3640673,3640673,67189.0,21903.0,6.0,10.0,9205.0,16445,2024,2023-24,https://ope.ed.gov/athletics/#/datafile/list,0.0,11799.868852459016,591535.0,622164.0
214777,Pennsylvania State University-Main Campus,PA,NCAA Division I-FBS,"Public, 4-year or above",120244417.0,61584152.0,128.0,139872.0,17903596.0,1.0,10.0,220283390,199046216,1161885.0,272073.0,14.0,48.0,3926554.0,4787569,2024,2023-24,https://ope.ed.gov/athletics/#/datafile/list,58660265.0,481126.1875,43680556.0,29325894.0
498571,Pennsylvania Western University,PA,NCAA Division II with football,"Public, 4-year or above",3629667.0,3541585.0,312.0,1572.0,490394.0,3.0,27.0,21339912,21339912,68525.0,36319.0,19.0,42.0,117420.0,161655,2024,2023-24,https://ope.ed.gov/athletics/#/datafile/list,88082.0,11351.233974358976,3051191.0,2827373.0
181534,Peru State College,NE,NAIA Division II ,"Public, 4-year or above",686474.0,650541.0,104.0,831.0,86416.0,1.0,6.0,3446575,3422742,37542.0,19600.0,5.0,12.0,7438.0,12016,2024,2023-24,https://ope.ed.gov/athletics/#/datafile/list,35933.0,6255.201923076923,564125.0,422910.0
155681,Pittsburg State University,KS,NCAA Division II with football,"Public, 4-year or above",3260320.0,3260320.0,120.0,5165.0,619833.0,1.0,13.0,11519382,11519382,166499.0,45034.0,4.0,23.0,92557.0,145630,2024,2023-24,https://ope.ed.gov/athletics/#/datafile/list,0.0,27169.333333333332,2640487.0,1701778.0
121257,Pitzer College,CA,NCAA Division III with football,"Private nonprofit, 4-year or above",445713.0,401339.0,74.0,2414.0,178636.0,1.0,9.0,8237804,6618213,73101.0,10628.0,10.0,40.0,40301.0,75871,2024,2023-24,https://ope.ed.gov/athletics/#/datafile/list,44374.0,5423.5,222703.0,1156130.0
183080,Plymouth State University,NH,NCAA Division III with football,"Public, 4-year or above",423207.0,385449.0,105.0,589.0,61805.0,1.0,7.0,3470718,3470714,25659.0,7429.0,12.0,18.0,12404.0,25485,2024,2023-24,https://ope.ed.gov/athletics/#/datafile/list,37758.0,3670.942857142857,323644.0,441630.0
138868,Point University,GA,NAIA Division II ,"Private nonprofit, 4-year or above",2256275.0,1278492.0,106.0,2267.0,240340.0,1.0,4.0,9832365,6824122,42800.0,31556.0,9.0,9.0,22973.0,36220,2024,2023-24,https://ope.ed.gov/athletics/#/datafile/list,977783.0,12061.245283018869,1038152.0,669204.0
121345,Pomona College,CA,NCAA Division III with football,"Private nonprofit, 4-year or above",445713.0,401339.0,74.0,2414.0,178636.0,1.0,9.0,8237804,6618213,73101.0,10628.0,10.0,40.0,40301.0,75871,2024,2023-24,https://ope.ed.gov/athletics/#/datafile/list,44374.0,5423.5,222703.0,1156130.0
209807,Portland State University,OR,NCAA Division I-FCS,"Public, 4-year or above",4791274.0,4791274.0,109.0,9201.0,1002913.0,1.0,10.0,17520602,17520602,78088.0,60815.0,6.0,19.0,230502.0,329149,2024,2023-24,https://ope.ed.gov/athletics/#/datafile/list,0.0,43956.64220183486,3788361.0,1624013.0
130183,Post University,CT,NCAA Division II with football,"Private for-profit, 4-year or above",1053545.0,1047794.0,92.0,2462.0,226511.0,1.0,9.0,9216188,9040438,64448.0,15250.0,9.0,20.0,38675.0,52083,2024,2023-24,https://ope.ed.gov/athletics/#/datafile/list,5751.0,11389.065217391304,821283.0,885032.0
227526,Prairie View A & M University,TX,NCAA Division I-FCS,"Public, 4-year or above",3609079.0,3609079.0,127.0,7513.0,954158.0,1.0,9.0,15374541,15374541,97658.0,39320.0,8.0,20.0,34742.0,74522,2024,2023-24,https://ope.ed.gov/athletics/#/datafile/list,0.0,28417.944881889765,2654921.0,1567664.0
218539,Presbyterian College,SC,Other ,"Private nonprofit, 4-year or above",1633393.0,1633393.0,103.0,8218.0,846495.0,1.0,10.0,13975515,13975515,70439.0,29157.0,8.0,17.0,162079.0,238349,2024,2023-24,https://ope.ed.gov/athletics/#/datafile/list,0.0,15858.184466019418,786898.0,1059181.0
186131,Princeton University,NJ,NCAA Division I-FCS,"Private nonprofit, 4-year or above",5255490.0,5255490.0,118.0,8924.0,1052973.0,1.0,9.0,47797015,47797015,222019.0,67259.0,17.0,47.0,1287489.0,1907335,2024,2023-24,https://ope.ed.gov/athletics/#/datafile/list,0.0,44538.05084745763,4202517.0,6935496.0
243780,Purdue University-Main Campus,IN,NCAA Division I-FBS,"Public, 4-year or above",61554007.0,31387598.0,130.0,58491.0,7603839.0,1.0,14.0,134863232,116766603,1209548.0,258938.0,8.0,34.0,2647613.0,3218903,2024,2023-24,https://ope.ed.gov/athletics/#/datafile/list,30166409.0,241443.0615384615,23783759.0,18480276.0
148131,Quincy University,IL,NCAA Division II with football,"Private nonprofit, 4-year or above",2480174.0,2124157.0,125.0,1278.0,159792.0,1.0,7.0,13272935,13272935,50329.0,31331.0,13.0,25.0,67752.0,118886,2024,2023-24,https://ope.ed.gov/athletics/#/datafile/list,356017.0,16993.256,1964365.0,1437552.0
233295,Randolph-Macon College,VA,NCAA Division III with football,"Private nonprofit, 4-year or above",882944.0,869816.0,133.0,1361.0,181020.0,1.0,8.0,5246809,4537887,64693.0,30085.0,9.0,16.0,37075.0,59526,2024,2023-24,https://ope.ed.gov/athletics/#/datafile/list,13128.0,6539.9699248120305,688796.0,1063597.0
117052,Reedley College,CA,CCCAA,"Public, 2-year",411404.0,398870.0,105.0,923.0,96880.0,1.0,9.0,2624553,2592256,59924.0,12610.0,5.0,17.0,22500.0,54000,2024,2023-24,https://ope.ed.gov/athletics/#/datafile/list,12534.0,3798.7619047619046,301990.0,513990.0
140872,Reinhardt University,GA,NAIA Division I ,"Private nonprofit, 4-year or above",2356987.0,2356987.0,164.0,871.0,142879.0,1.0,7.0,12472974,12206754,42924.0,30152.0,10.0,12.0,13856.0,18368,2024,2023-24,https://ope.ed.gov/athletics/#/datafile/list,0.0,14371.871951219511,2214108.0,791064.0
194824,Rensselaer Polytechnic Institute,NY,NCAA Division III with football,"Private nonprofit, 4-year or above",918472.0,840441.0,119.0,1564.0,186066.0,1.0,11.0,13106270,13106270,85668.0,21831.0,11.0,33.0,139649.0,241217,2024,2023-24,https://ope.ed.gov/athletics/#/datafile/list,78031.0,7062.529411764706,654375.0,1662771.0
221351,Rhodes College,TN,NCAA Division III with football,"Private nonprofit, 4-year or above",740134.0,740134.0,95.0,2958.0,281006.0,1.0,9.0,6089742,6089742,55546.0,17595.0,9.0,31.0,55231.0,75941,2024,2023-24,https://ope.ed.gov/athletics/#/datafile/list,0.0,7790.884210526316,459128.0,1045359.0
227757,Rice University,TX,NCAA Division I-FBS,"Private nonprofit, 4-year or above",17681106.0,17681106.0,116.0,23643.0,2742560.0,1.0,10.0,64414381,64414381,370492.0,157295.0,6.0,22.0,648190.0,890004,2024,2023-24,https://ope.ed.gov/athletics/#/datafile/list,0.0,152423.3275862069,14938546.0,5683442.0
239628,Ripon College,WI,NCAA Division III with football,"Private nonprofit, 4-year or above",401497.0,398622.0,99.0,1533.0,151751.0,1.0,9.0,2708140,2640064,32992.0,5991.0,9.0,25.0,21898.0,38764,2024,2023-24,https://ope.ed.gov/athletics/#/datafile/list,2875.0,4026.484848484849,246871.0,446703.0
121901,Riverside City College,CA,CCCAA,"Public, 2-year",710824.0,710824.0,104.0,678.0,70512.0,1.0,14.0,7645671,7645671,83200.0,15283.0,9.0,29.0,0.0,0,2024,2023-24,https://ope.ed.gov/athletics/#/datafile/list,0.0,6834.846153846154,640312.0,1192007.0
215655,Robert Morris University,PA,NCAA Division I-FCS,"Private nonprofit, 4-year or above",3725176.0,3725176.0,117.0,4175.0,488455.0,1.0,9.0,21120272,21120272,169908.0,57310.0,7.0,18.0,194058.0,325873,2024,2023-24,https://ope.ed.gov/athletics/#/datafile/list,0.0,31839.11111111111,3236721.0,2220936.0
174738,Rochester Community and Technical College,MN,NJCAA Division III ,"Public, 2-year",188961.0,175557.0,78.0,783.0,61079.0,1.0,7.0,1205704,1042979,21478.0,4385.0,4.0,14.0,0.0,0,2024,2023-24,https://ope.ed.gov/athletics/#/datafile/list,13404.0,2250.730769230769,114478.0,147302.0
148405,Rockford University,IL,NCAA Division III with football,"Private nonprofit, 4-year or above",391316.0,391316.0,97.0,741.0,71876.0,1.0,6.0,2275693,2275693,45609.0,10278.0,6.0,22.0,18380.0,25505,2024,2023-24,https://ope.ed.gov/athletics/#/datafile/list,0.0,4034.185567010309,319440.0,499770.0
180595,Rocky Mountain College,MT,NAIA Division I ,"Private nonprofit, 4-year or above",3062886.0,3062886.0,135.0,5233.0,706456.0,1.0,12.0,8736176,8736176,37838.0,19629.0,6.0,20.0,98695.0,115278,2024,2023-24,https://ope.ed.gov/athletics/#/datafile/list,0.0,22688.044444444444,2356430.0,619608.0
148487,Roosevelt University,IL,NAIA Division II ,"Private nonprofit, 4-year or above",2491005.0,2491005.0,141.0,1679.0,236764.0,1.0,5.0,9476907,9476907,53791.0,24817.0,8.0,15.0,5599.0,19417,2024,2023-24,https://ope.ed.gov/athletics/#/datafile/list,0.0,17666.702127659573,2254241.0,802583.0
152318,Rose-Hulman Institute of Technology,IN,NCAA Division III with football,"Private nonprofit, 4-year or above",582529.0,505508.0,100.0,1154.0,115405.0,1.0,7.0,3835336,3835336,38361.0,20509.0,10.0,17.0,20025.0,38042,2024,2023-24,https://ope.ed.gov/athletics/#/datafile/list,77021.0,5055.08,390103.0,732263.0
184782,Rowan University,NJ,NCAA Division III with football,"Public, 4-year or above",731441.0,698615.0,98.0,1798.0,176192.0,1.0,11.0,7226060,6483326,99350.0,12986.0,6.0,29.0,16259.0,36433,2024,2023-24,https://ope.ed.gov/athletics/#/datafile/list,32826.0,7128.724489795918,522423.0,972694.0
186380,Rutgers University-New Brunswick,NJ,NCAA Division I-FBS,"Public, 4-year or above",61952063.0,61952063.0,133.0,77749.0,10340635.0,1.0,10.0,155852426,155852426,1273272.0,361386.0,9.0,33.0,2766967.0,3560956,2024,2023-24,https://ope.ed.gov/athletics/#/datafile/list,0.0,465804.984962406,51611428.0,23385186.0
196121,SUNY Brockport,NY,NCAA Division III with football,"Public, 4-year or above",783006.0,783006.0,115.0,1800.0,206958.0,1.0,8.0,5119991,5119991,40574.0,12596.0,11.0,27.0,63225.0,95094,2024,2023-24,https://ope.ed.gov/athletics/#/datafile/list,0.0,6808.747826086957,576048.0,786406.0
196130,SUNY Buffalo State University,NY,NCAA Division III with football,"Public, 4-year or above",563186.0,563186.0,119.0,889.0,105817.0,1.0,8.0,4478480,4478480,67282.0,19937.0,6.0,18.0,43706.0,74142,2024,2023-24,https://ope.ed.gov/athletics/#/datafile/list,0.0,4732.655462184874,457369.0,762558.0
196006,SUNY College of Technology at Alfred,NY,NCAA Division III with football,"Public, 4-year or above",574021.0,560495.0,101.0,1779.0,179709.0,1.0,9.0,3537426,3486754,48910.0,8273.0,7.0,22.0,14190.0,20944,2024,2023-24,https://ope.ed.gov/athletics/#/datafile/list,13526.0,5549.455445544554,380786.0,524376.0
196291,SUNY Maritime College,NY,NCAA Division III with football,"Public, 4-year or above",270761.0,255627.0,90.0,682.0,61417.0,1.0,8.0,1527774,1083180,38402.0,11293.0,7.0,15.0,8500.0,10000,2024,2023-24,https://ope.ed.gov/athletics/#/datafile/list,15134.0,2840.3,194210.0,438209.0
196051,SUNY Morrisville,NY,NCAA Division III with football,"Public, 4-year or above",466893.0,457366.0,132.0,1235.0,163001.0,1.0,7.0,3514641,3429573,56232.0,13848.0,6.0,14.0,14937.0,22980,2024,2023-24,https://ope.ed.gov/athletics/#/datafile/list,9527.0,3464.8939393939395,294365.0,531264.0
122180,Sacramento City College,CA,CCCAA,"Public, 2-year",239216.0,239216.0,85.0,386.0,32820.0,1.0,9.0,2620542,2620542,56586.0,7962.0,7.0,10.0,0.0,0,2024,2023-24,https://ope.ed.gov/athletics/#/datafile/list,0.0,2814.305882352942,206396.0,475722.0
130253,Sacred Heart University,CT,NCAA Division I-FCS,"Private nonprofit, 4-year or above",4810936.0,4810936.0,166.0,4423.0,734249.0,1.0,10.0,41021209,41021209,87918.0,45505.0,12.0,31.0,200744.0,361508,2024,2023-24,https://ope.ed.gov/athletics/#/datafile/list,0.0,28981.5421686747,4076687.0,2465671.0
122205,Saddleback College,CA,CCCAA,"Public, 2-year",474470.0,422120.0,98.0,606.0,59369.0,1.0,14.0,4293576,4190300,57697.0,11105.0,10.0,35.0,0.0,0,2024,2023-24,https://ope.ed.gov/athletics/#/datafile/list,52350.0,4307.34693877551,362751.0,965645.0
172051,Saginaw Valley State University,MI,NCAA Division II with football,"Public, 4-year or above",2156800.0,2156800.0,145.0,1515.0,219680.0,1.0,19.0,11660447,11611593,55364.0,28962.0,8.0,17.0,91120.0,132384,2024,2023-24,https://ope.ed.gov/athletics/#/datafile/list,0.0,14874.48275862069,1937120.0,935266.0
154235,Saint Ambrose University,IA,NAIA Division II ,"Private nonprofit, 4-year or above",1402972.0,1321019.0,160.0,1107.0,177151.0,1.0,7.0,10003232,9668617,37020.0,5660.0,14.0,44.0,75846.0,145964,2024,2023-24,https://ope.ed.gov/athletics/#/datafile/list,81953.0,8256.36875,1143868.0,767320.0
183239,Saint Anselm College,NH,NCAA Division II with football,"Private nonprofit, 4-year or above",1676763.0,1632995.0,128.0,1282.0,164078.0,1.0,8.0,11294032,10743869,47157.0,13607.0,10.0,22.0,74825.0,102754,2024,2023-24,https://ope.ed.gov/athletics/#/datafile/list,43768.0,12757.7734375,1468917.0,770924.0
199582,Saint Augustine's University,NC,NCAA Division II with football,"Private nonprofit, 4-year or above",2307140.0,1661695.0,96.0,2115.0,203038.0,1.0,4.0,4995325,4262267,77692.0,20900.0,6.0,9.0,50000.0,100000,2024,2023-24,https://ope.ed.gov/athletics/#/datafile/list,645445.0,17309.322916666668,1458657.0,654252.0
215743,Saint Francis University,PA,NCAA Division I-FCS,"Private nonprofit, 4-year or above",3595672.0,3595672.0,137.0,2903.0,397773.0,1.0,11.0,17546269,17546269,72603.0,23148.0,9.0,31.0,85998.0,196723,2024,2023-24,https://ope.ed.gov/athletics/#/datafile/list,0.0,26245.781021897812,3197899.0,1371015.0
152381,Saint Mary-of-the-Woods College,IN,NAIA Division I ,"Private nonprofit, 4-year or above",723362.0,698583.0,71.0,1644.0,116724.0,1.0,5.0,4129123,3870480,23250.0,7251.0,8.0,20.0,8025.0,9448,2024,2023-24,https://ope.ed.gov/athletics/#/datafile/list,24779.0,9839.197183098591,581859.0,331020.0
239716,Saint Norbert College,WI,NCAA Division III with football,"Private nonprofit, 4-year or above",582454.0,582454.0,134.0,1078.0,144407.0,1.0,15.0,4273089,4273089,46365.0,10583.0,10.0,38.0,38320.0,62140,2024,2023-24,https://ope.ed.gov/athletics/#/datafile/list,0.0,4346.671641791045,438047.0,865804.0
215798,Saint Vincent College,PA,NCAA Division III with football,"Private nonprofit, 4-year or above",691637.0,691637.0,104.0,1507.0,156715.0,1.0,10.0,4274046,4274046,28441.0,17755.0,13.0,20.0,61328.0,72044,2024,2023-24,https://ope.ed.gov/athletics/#/datafile/list,0.0,6650.3557692307695,534922.0,724833.0
148627,Saint Xavier University,IL,NAIA Division II ,"Private nonprofit, 4-year or above",1423335.0,1423335.0,102.0,1574.0,160500.0,1.0,14.0,6590152,6590152,49991.0,10413.0,9.0,24.0,7836.0,9965,2024,2023-24,https://ope.ed.gov/athletics/#/datafile/list,0.0,13954.264705882351,1262835.0,699831.0
163851,Salisbury University,MD,NCAA Division III with football,"Public, 4-year or above",503314.0,503314.0,108.0,1451.0,156694.0,1.0,7.0,4464869,4442868,71373.0,35475.0,10.0,12.0,17711.0,26677,2024,2023-24,https://ope.ed.gov/athletics/#/datafile/list,0.0,4660.314814814815,346620.0,1139430.0
217536,Salve Regina University,RI,NCAA Division III with football,"Private nonprofit, 4-year or above",402216.0,310885.0,143.0,716.0,102379.0,1.0,10.0,4813342,4173532,56262.0,19627.0,8.0,14.0,55632.0,71746,2024,2023-24,https://ope.ed.gov/athletics/#/datafile/list,91331.0,2174.020979020979,208506.0,724874.0
227881,Sam Houston State University,TX,NCAA Division I-FBS,"Public, 4-year or above",7088562.0,7088562.0,130.0,8233.0,1070286.0,1.0,14.0,26631390,26567953,285252.0,70207.0,5.0,22.0,265046.0,346111,2024,2023-24,https://ope.ed.gov/athletics/#/datafile/list,0.0,54527.4,6018276.0,2970814.0
102049,Samford University,AL,NCAA Division I-FCS,"Private nonprofit, 4-year or above",6378192.0,5940410.0,148.0,7069.0,1046157.0,1.0,10.0,24858789,22198478,153584.0,70963.0,7.0,17.0,207736.0,283681,2024,2023-24,https://ope.ed.gov/athletics/#/datafile/list,437782.0,40137.90540540541,4894253.0,2281459.0
123527,San Bernardino Valley College,CA,CCCAA,"Public, 2-year",257046.0,257046.0,79.0,570.0,45046.0,1.0,8.0,1593523,1593523,14514.0,5000.0,6.0,18.0,0.0,0,2024,2023-24,https://ope.ed.gov/athletics/#/datafile/list,0.0,3253.746835443038,212000.0,177084.0
122375,San Diego Mesa College,CA,CCCAA,"Public, 2-year",307735.0,349304.0,85.0,1486.0,126310.0,1.0,7.0,3484038,3484038,34429.0,8892.0,9.0,27.0,0.0,0,2024,2023-24,https://ope.ed.gov/athletics/#/datafile/list,-41569.0,4109.458823529411,222994.0,549945.0
122409,San Diego State University,CA,NCAA Division I-FBS,"Public, 4-year or above",30556022.0,23539311.0,115.0,94627.0,10882090.0,1.0,10.0,83949123,83949123,923229.0,369572.0,6.0,19.0,844794.0,1126952,2024,2023-24,https://ope.ed.gov/athletics/#/datafile/list,7016711.0,204689.6608695652,12657221.0,12561242.0
122658,San Joaquin Delta College,CA,CCCAA,"Public, 2-year",245689.0,276084.0,56.0,1433.0,80229.0,1.0,10.0,3489922,3489922,42808.0,8400.0,10.0,23.0,0.0,0,2024,2023-24,https://ope.ed.gov/athletics/#/datafile/list,-30395.0,4930.071428571428,195855.0,621280.0
122746,San Jose City College,CA,CCCAA,"Public, 2-year",216344.0,216344.0,59.0,1209.0,71314.0,1.0,11.0,1596125,1596125,36898.0,3357.0,5.0,23.0,0.0,0,2024,2023-24,https://ope.ed.gov/athletics/#/datafile/list,0.0,3666.8474576271183,145030.0,261701.0
122755,San Jose State University,CA,NCAA Division I-FBS,"Public, 4-year or above",8889840.0,8889840.0,109.0,14083.0,1535000.0,1.0,10.0,30593724,30593724,295690.0,197020.0,7.0,26.0,412187.0,692189,2024,2023-24,https://ope.ed.gov/athletics/#/datafile/list,0.0,81558.16513761468,7354840.0,7192350.0
121619,Santa Ana College,CA,CCCAA,"Public, 2-year",323934.0,323934.0,54.0,1748.0,94401.0,1.0,8.0,1958204,1958204,42787.0,12520.0,6.0,21.0,0.0,0,2024,2023-24,https://ope.ed.gov/athletics/#/datafile/list,0.0,5998.777777777777,229533.0,519642.0
122889,Santa Barbara City College,CA,CCCAA,"Public, 2-year",271182.0,271182.0,98.0,880.0,86268.0,1.0,7.0,2825575,2825575,31100.0,10177.0,8.0,12.0,0.0,0,2024,2023-24,https://ope.ed.gov/athletics/#/datafile/list,0.0,2767.1632653061224,184914.0,370924.0
122977,Santa Monica College,CA,CCCAA,"Public, 2-year",357472.0,357472.0,85.0,736.0,62531.0,1.0,8.0,3074684,3074684,6722.0,9800.0,8.0,22.0,0.0,0,2024,2023-24,https://ope.ed.gov/athletics/#/datafile/list,0.0,4205.552941176471,294941.0,269376.0
123013,Santa Rosa Junior College,CA,CCCAA,"Public, 2-year",408516.0,400530.0,92.0,1262.0,116104.0,1.0,13.0,2988759,2835553,39120.0,2704.0,9.0,26.0,0.0,0,2024,2023-24,https://ope.ed.gov/athletics/#/datafile/list,7986.0,4353.586956521739,284426.0,422384.0
140960,Savannah State University,GA,NCAA Division II with football,"Public, 4-year or above",373400.0,770999.0,107.0,342.0,36543.0,1.0,8.0,2455344,2455344,56500.0,28200.0,5.0,6.0,0.0,652,2024,2023-24,https://ope.ed.gov/athletics/#/datafile/list,-397599.0,7205.598130841122,734456.0,451700.0
215947,Seton Hill University,PA,NCAA Division II with football,"Private nonprofit, 4-year or above",1448584.0,1448584.0,113.0,1306.0,147550.0,1.0,8.0,8136395,8136395,61800.0,30193.0,7.0,20.0,52144.0,66138,2024,2023-24,https://ope.ed.gov/athletics/#/datafile/list,0.0,12819.32743362832,1301034.0,1036460.0
123299,Shasta College,CA,CCCAA,"Public, 2-year",196061.0,196061.0,94.0,854.0,80231.0,1.0,9.0,1436892,1436892,18194.0,8567.0,8.0,17.0,306.0,473,2024,2023-24,https://ope.ed.gov/athletics/#/datafile/list,0.0,2085.755319148936,115830.0,291191.0
199643,Shaw University,NC,NCAA Division II with football,"Private nonprofit, 4-year or above",1355251.0,1355251.0,118.0,1602.0,189000.0,1.0,7.0,5605550,5605550,50757.0,27429.0,5.0,12.0,48200.0,95400,2024,2023-24,https://ope.ed.gov/athletics/#/datafile/list,0.0,11485.177966101695,1166251.0,582933.0
233541,Shenandoah University,VA,NCAA Division III with football,"Private nonprofit, 4-year or above",521977.0,521977.0,149.0,709.0,105635.0,1.0,8.0,4670594,4670594,54544.0,21975.0,9.0,17.0,35881.0,55944,2024,2023-24,https://ope.ed.gov/athletics/#/datafile/list,0.0,3503.201342281879,416342.0,864471.0
237792,Shepherd University,WV,NCAA Division II with football,"Public, 4-year or above",1609623.0,1609623.0,105.0,3091.0,324551.0,1.0,10.0,5277628,5277628,43866.0,34648.0,7.0,11.0,22672.0,42301,2024,2023-24,https://ope.ed.gov/athletics/#/datafile/list,0.0,15329.742857142855,1285072.0,688190.0
216010,Shippensburg University of Pennsylvania,PA,NCAA Division II with football,"Public, 4-year or above",1057355.0,1086261.0,90.0,1949.0,175369.0,1.0,9.0,12056627,11030249,63857.0,28612.0,8.0,16.0,25702.0,42029,2024,2023-24,https://ope.ed.gov/athletics/#/datafile/list,-28906.0,12069.566666666668,910892.0,968648.0
140988,Shorter University,GA,NCAA Division II with football,"Private nonprofit, 4-year or above",1641089.0,1641089.0,136.0,1792.0,243676.0,1.0,5.0,7448679,7448679,43025.0,28823.0,8.0,9.0,58516.0,67342,2024,2023-24,https://ope.ed.gov/athletics/#/datafile/list,0.0,12066.83088235294,1397413.0,603607.0
172264,Siena Heights University,MI,NAIA Division II ,"Private nonprofit, 4-year or above",1851709.0,1828742.0,144.0,1217.0,175298.0,1.0,14.0,10256217,10171015,32237.0,8318.0,10.0,28.0,0.0,0,2024,2023-24,https://ope.ed.gov/athletics/#/datafile/list,22967.0,12699.597222222224,1653444.0,555274.0
123341,Sierra College,CA,CCCAA,"Public, 2-year",346611.0,343102.0,125.0,946.0,118296.0,1.0,14.0,3804725,3636063,47689.0,12830.0,7.0,15.0,0.0,0,2024,2023-24,https://ope.ed.gov/athletics/#/datafile/list,3509.0,2744.816,224806.0,526273.0
154350,Simpson College,IA,NCAA Division III with football,"Private nonprofit, 4-year or above",581450.0,572205.0,86.0,1854.0,159477.0,1.0,11.0,4474069,4452935,38458.0,12417.0,12.0,30.0,35680.0,63925,2024,2023-24,https://ope.ed.gov/athletics/#/datafile/list,9245.0,6653.546511627907,412728.0,834006.0
123457,Simpson University,CA,NAIA Division II ,"Private nonprofit, 4-year or above",3059964.0,3059964.0,121.0,1258.0,152222.0,1.0,4.0,13120089,13120089,69160.0,38871.0,10.0,10.0,21515.0,43500,2024,2023-24,https://ope.ed.gov/athletics/#/datafile/list,0.0,25288.95867768595,2907742.0,1080310.0
216038,Slippery Rock University of Pennsylvania,PA,NCAA Division II with football,"Public, 4-year or above",1256732.0,1300201.0,107.0,1901.0,203394.0,1.0,11.0,7698553,7695271,99879.0,50089.0,5.0,8.0,14157.0,31926,2024,2023-24,https://ope.ed.gov/athletics/#/datafile/list,-43469.0,12151.41121495327,1096807.0,900107.0
230597,Snow College,UT,NJCAA Division I ,"Public, 4-year or above",1462335.0,1462335.0,75.0,11151.0,836288.0,1.0,8.0,4509088,4509088,55886.0,16898.0,5.0,11.0,5215.0,12175,2024,2023-24,https://ope.ed.gov/athletics/#/datafile/list,0.0,19497.8,626047.0,465308.0
218733,South Carolina State University,SC,NCAA Division I-FCS,"Public, 4-year or above",3978457.0,3856327.0,112.0,7164.0,802348.0,1.0,10.0,13516308,13516308,156047.0,51767.0,4.0,14.0,85149.0,120247,2024,2023-24,https://ope.ed.gov/athletics/#/datafile/list,122130.0,34431.49107142857,3053979.0,1348926.0
219347,South Dakota School of Mines and Technology,SD,NCAA Division II with football,"Public, 4-year or above",1696801.0,1352282.0,124.0,6736.0,835228.0,1.0,8.0,6125743,6125743,65706.0,33911.0,5.0,12.0,44683.0,62925,2024,2023-24,https://ope.ed.gov/athletics/#/datafile/list,344519.0,10905.5,517054.0,735462.0
219356,South Dakota State University,SD,NCAA Division I-FCS,"Public, 4-year or above",6705266.0,6705266.0,119.0,12376.0,1472718.0,1.0,15.0,26424829,26424829,215275.0,50885.0,7.0,29.0,130335.0,201861,2024,2023-24,https://ope.ed.gov/athletics/#/datafile/list,0.0,56346.773109243695,5232548.0,2982590.0
179557,Southeast Missouri State University,MO,NCAA Division I-FCS,"Public, 4-year or above",3768577.0,3768577.0,110.0,5691.0,625981.0,1.0,10.0,15758389,15758389,159738.0,50675.0,4.0,17.0,124645.0,194229,2024,2023-24,https://ope.ed.gov/athletics/#/datafile/list,0.0,34259.79090909091,3142596.0,1500427.0
160612,Southeastern Louisiana University,LA,NCAA Division I-FCS,"Public, 4-year or above",4335592.0,4335592.0,127.0,5628.0,714702.0,1.0,10.0,17404468,17404468,146017.0,60673.0,5.0,19.0,76049.0,137739,2024,2023-24,https://ope.ed.gov/athletics/#/datafile/list,0.0,34138.51968503937,3620890.0,1882872.0
207847,Southeastern Oklahoma State University,OK,NCAA Division II with football,"Public, 4-year or above",1326069.0,1326069.0,133.0,1115.0,148270.0,1.0,9.0,6560154,6560154,54094.0,20738.0,6.0,16.0,20859.0,35043,2024,2023-24,https://ope.ed.gov/athletics/#/datafile/list,0.0,9970.443609022555,1177799.0,656372.0
137564,Southeastern University,FL,NAIA Division I ,"Private nonprofit, 4-year or above",1913374.0,1901660.0,121.0,1613.0,195122.0,1.0,8.0,10738322,10400902,56665.0,28605.0,10.0,18.0,41526.0,59383,2024,2023-24,https://ope.ed.gov/athletics/#/datafile/list,11714.0,15716.198347107438,1706538.0,1081540.0
107983,Southern Arkansas University Main Campus,AR,NCAA Division II with football,"Public, 4-year or above",1155220.0,1155220.0,121.0,720.0,87076.0,1.0,5.0,6653838,6653838,45168.0,29109.0,7.0,11.0,27733.0,42624,2024,2023-24,https://ope.ed.gov/athletics/#/datafile/list,0.0,9547.272727272728,1068144.0,636375.0
130493,Southern Connecticut State University,CT,NCAA Division II with football,"Public, 4-year or above",970617.0,970617.0,98.0,1072.0,105061.0,1.0,12.0,10950771,10950771,125364.0,21144.0,6.0,24.0,17653.0,31179,2024,2023-24,https://ope.ed.gov/athletics/#/datafile/list,0.0,9904.255102040815,865556.0,1259640.0
149222,Southern Illinois University-Carbondale,IL,NCAA Division I-FCS,"Public, 4-year or above",4906751.0,4906751.0,105.0,10396.0,1091595.0,1.0,12.0,28355917,28355917,201159.0,62317.0,6.0,27.0,250753.0,385251,2024,2023-24,https://ope.ed.gov/athletics/#/datafile/list,0.0,46730.961904761905,3815156.0,2889513.0
228246,Southern Methodist University,TX,NCAA Division I-FBS,"Private nonprofit, 4-year or above",31960585.0,31960585.0,128.0,60727.0,7773067.0,1.0,13.0,99506414,99506414,903488.0,296693.0,7.0,24.0,1097872.0,1568350,2024,2023-24,https://ope.ed.gov/athletics/#/datafile/list,0.0,249692.0703125,24187518.0,13445048.0
206862,Southern Nazarene University,OK,NCAA Division II with football,"Private nonprofit, 4-year or above",1613424.0,1707226.0,146.0,1277.0,186434.0,1.0,7.0,10553098,10374129,34948.0,16349.0,9.0,19.0,35092.0,73107,2024,2023-24,https://ope.ed.gov/athletics/#/datafile/list,-93802.0,11693.328767123288,1520792.0,625163.0
210146,Southern Oregon University,OR,NAIA Division II ,"Public, 4-year or above",1079606.0,1079606.0,108.0,4554.0,491856.0,1.0,15.0,6918386,6918386,45753.0,7136.0,8.0,30.0,44251.0,58972,2024,2023-24,https://ope.ed.gov/athletics/#/datafile/list,0.0,9996.351851851852,587750.0,580104.0
160621,Southern University and A & M College,LA,NCAA Division I-FCS,"Public, 4-year or above",2919827.0,2944500.0,103.0,5944.0,612243.0,1.0,11.0,13026700,13026700,92806.0,61188.0,8.0,20.0,55519.0,74202,2024,2023-24,https://ope.ed.gov/athletics/#/datafile/list,-24673.0,28587.3786407767,2332257.0,1966208.0
230603,Southern Utah University,UT,NCAA Division I-FCS,"Public, 4-year or above",5733379.0,4278457.0,110.0,9300.0,1023001.0,1.0,10.0,18133901,18133901,152163.0,39312.0,4.0,21.0,121470.0,237027,2024,2023-24,https://ope.ed.gov/athletics/#/datafile/list,1454922.0,38895.06363636364,3255456.0,1434204.0
233611,Southern Virginia University,VA,NCAA Division III with football,"Private nonprofit, 4-year or above",829870.0,829870.0,92.0,2869.0,263903.0,1.0,7.0,5991847,5991847,54996.0,19181.0,13.0,27.0,47149.0,67132,2024,2023-24,https://ope.ed.gov/athletics/#/datafile/list,0.0,9020.326086956522,565967.0,1232835.0
179326,Southwest Baptist University,MO,NCAA Division II with football,"Private nonprofit, 4-year or above",1692502.0,1692502.0,118.0,2215.0,261315.0,1.0,7.0,8952933,8952933,42750.0,23893.0,8.0,19.0,31157.0,44075,2024,2023-24,https://ope.ed.gov/athletics/#/datafile/list,0.0,14343.237288135591,1431187.0,795967.0
175078,Southwest Minnesota State University,MN,NCAA Division II with football,"Public, 4-year or above",1123504.0,1123504.0,116.0,1135.0,131661.0,1.0,7.0,6556438,6556438,72772.0,24858.0,5.0,14.0,30957.0,48040,2024,2023-24,https://ope.ed.gov/athletics/#/datafile/list,0.0,9685.379310344828,991843.0,711872.0
176354,Southwest Mississippi Community College,MS,NJCAA Division I ,"Public, 2-year",819941.0,819941.0,70.0,1585.0,110946.0,1.0,7.0,3209602,3209602,58538.0,41313.0,6.0,8.0,77454.0,119576,2024,2023-24,https://ope.ed.gov/athletics/#/datafile/list,0.0,11713.442857142858,708995.0,681732.0
228325,Southwestern Assemblies of God University,TX,NAIA Division I ,"Private nonprofit, 4-year or above",1022588.0,1027705.0,103.0,1017.0,104723.0,1.0,7.0,4475029,4464425,57499.0,16477.0,5.0,19.0,11132.0,22068,2024,2023-24,https://ope.ed.gov/athletics/#/datafile/list,-5117.0,9977.718446601944,922982.0,600558.0
123800,Southwestern College,CA,CCCAA,"Public, 2-year",184817.0,185664.0,68.0,507.0,34476.0,1.0,8.0,1121447,1121366,24438.0,6888.0,8.0,15.0,0.0,0,2024,2023-24,https://ope.ed.gov/athletics/#/datafile/list,-847.0,2730.3529411764707,151188.0,298824.0
155900,Southwestern College,KS,NAIA Division II ,"Private nonprofit, 4-year or above",2000922.0,1976188.0,151.0,669.0,101016.0,1.0,9.0,6743926,6739251,48314.0,12021.0,8.0,22.0,30190.0,42561,2024,2023-24,https://ope.ed.gov/athletics/#/datafile/list,24734.0,13087.337748344373,1875172.0,650974.0
207865,Southwestern Oklahoma State University,OK,NCAA Division II with football,"Public, 4-year or above",1224107.0,1224107.0,119.0,1512.0,179893.0,1.0,7.0,5681448,5681448,60074.0,28829.0,5.0,12.0,30159.0,51418,2024,2023-24,https://ope.ed.gov/athletics/#/datafile/list,0.0,10286.61344537815,1044214.0,646318.0
228343,Southwestern University,TX,NCAA Division III with football,"Private nonprofit, 4-year or above",1032650.0,984071.0,111.0,3276.0,363602.0,1.0,11.0,6383474,5932438,44584.0,21664.0,10.0,22.0,62108.0,88225,2024,2023-24,https://ope.ed.gov/athletics/#/datafile/list,48579.0,8865.504504504504,620469.0,922448.0
167899,Springfield College,MA,NCAA Division III with football,"Private nonprofit, 4-year or above",906644.0,906644.0,119.0,1239.0,147500.0,1.0,12.0,6278803,6278803,51694.0,26056.0,14.0,35.0,188757.0,245060,2024,2023-24,https://ope.ed.gov/athletics/#/datafile/list,0.0,7618.857142857143,759144.0,1635676.0
195216,St Lawrence University,NY,NCAA Division III with football,"Private nonprofit, 4-year or above",694467.0,694467.0,87.0,1854.0,161336.0,1.0,7.0,12570183,12570183,51829.0,19420.0,15.0,27.0,200344.0,303483,2024,2023-24,https://ope.ed.gov/athletics/#/datafile/list,0.0,7982.379310344828,533131.0,1301775.0
174844,St Olaf College,MN,NCAA Division III with football,"Private nonprofit, 4-year or above",444550.0,457342.0,91.0,1115.0,101483.0,1.0,9.0,5381213,4924570,46251.0,10590.0,13.0,43.0,43714.0,59320,2024,2023-24,https://ope.ed.gov/athletics/#/datafile/list,-12792.0,5025.736263736264,355859.0,1056633.0
199698,St. Andrews University,NC,NAIA Division II ,"Private nonprofit, 4-year or above",1206127.0,1184127.0,100.0,756.0,75587.0,1.0,4.0,7557636,7462701,40080.0,28705.0,8.0,9.0,1349.0,3387,2024,2023-24,https://ope.ed.gov/athletics/#/datafile/list,22000.0,11841.27,1108540.0,578985.0
195720,St. John Fisher University,NY,NCAA Division III with football,"Private nonprofit, 4-year or above",694425.0,653785.0,138.0,1333.0,183885.0,1.0,14.0,6553258,6213241,48605.0,10175.0,12.0,44.0,111186.0,167621,2024,2023-24,https://ope.ed.gov/athletics/#/datafile/list,40640.0,4737.572463768116,469900.0,1030960.0
137476,St. Thomas University,FL,NAIA Division I ,"Private nonprofit, 4-year or above",2389857.0,2363906.0,106.0,6631.0,702926.0,1.0,14.0,12382067,12026397,48537.0,40444.0,10.0,18.0,73663.0,101335,2024,2023-24,https://ope.ed.gov/athletics/#/datafile/list,25951.0,22301.0,1660980.0,1213362.0
243744,Stanford University,CA,NCAA Division I-FBS,"Private nonprofit, 4-year or above",33719431.0,33719431.0,107.0,73424.0,7856396.0,1.0,10.0,199603664,199603664,564029.0,192023.0,15.0,43.0,1930262.0,2867497,2024,2023-24,https://ope.ed.gov/athletics/#/datafile/list,0.0,315134.8691588785,25863035.0,16717424.0
196149,State University of New York at Cortland,NY,NCAA Division III with football,"Public, 4-year or above",996280.0,996280.0,117.0,2628.0,307441.0,1.0,32.0,7265609,7265609,53111.0,14395.0,11.0,39.0,62038.0,95844,2024,2023-24,https://ope.ed.gov/athletics/#/datafile/list,0.0,8515.213675213676,688839.0,1145626.0
228431,Stephen F Austin State University,TX,NCAA Division I-FCS,"Public, 4-year or above",5287932.0,5287932.0,173.0,6543.0,1131995.0,1.0,10.0,23836563,23836563,184731.0,81695.0,5.0,19.0,381938.0,554281,2024,2023-24,https://ope.ed.gov/athletics/#/datafile/list,0.0,30566.08092485549,4155937.0,2475860.0
155937,Sterling College,KS,NAIA Division II ,"Private nonprofit, 4-year or above",1408917.0,1382990.0,134.0,579.0,77641.0,1.0,10.0,5665266,5426163,34081.0,13157.0,9.0,16.0,8063.0,14762,2024,2023-24,https://ope.ed.gov/athletics/#/datafile/list,25927.0,10320.820895522387,1305349.0,517241.0
137546,Stetson University,FL,NCAA Division I-FCS,"Private nonprofit, 4-year or above",2533905.0,2533905.0,116.0,10462.0,1213602.0,1.0,8.0,24996531,24996531,120356.0,43557.0,8.0,17.0,286595.0,466084,2024,2023-24,https://ope.ed.gov/athletics/#/datafile/list,0.0,21844.008620689656,1320303.0,1703317.0
164173,Stevenson University,MD,NCAA Division III with football,"Private nonprofit, 4-year or above",612986.0,595752.0,128.0,1704.0,218079.0,1.0,8.0,6785058,6666455,35810.0,16682.0,14.0,26.0,106602.0,169540,2024,2023-24,https://ope.ed.gov/athletics/#/datafile/list,17234.0,4654.3125,377673.0,935072.0
167996,Stonehill College,MA,NCAA Division I-FCS,"Private nonprofit, 4-year or above",2671784.0,2671784.0,120.0,3516.0,421897.0,1.0,10.0,17026091,17026091,82058.0,27389.0,8.0,21.0,128246.0,221307,2024,2023-24,https://ope.ed.gov/athletics/#/datafile/list,0.0,22264.866666666665,2249887.0,1231633.0
196097,Stony Brook University,NY,NCAA Division I-FCS,"Public, 4-year or above",8870634.0,8870634.0,116.0,9234.0,1071144.0,1.0,11.0,40755628,40755628,259831.0,86503.0,6.0,21.0,296002.0,421017,2024,2023-24,https://ope.ed.gov/athletics/#/datafile/list,0.0,76470.9827586207,7799490.0,3375549.0
228501,Sul Ross State University,TX,NCAA Division II with football,"Public, 4-year or above",664926.0,589779.0,84.0,1701.0,142906.0,1.0,4.0,2744172,2422152,39174.0,64528.0,6.0,6.0,39999.0,52659,2024,2023-24,https://ope.ed.gov/athletics/#/datafile/list,75147.0,7021.178571428572,446873.0,622212.0
216278,Susquehanna University,PA,NCAA Division III with football,"Private nonprofit, 4-year or above",588215.0,588215.0,129.0,1737.0,224018.0,1.0,8.0,5711669,5711669,55841.0,12927.0,11.0,27.0,36861.0,55220,2024,2023-24,https://ope.ed.gov/athletics/#/datafile/list,0.0,4559.806201550387,364197.0,963280.0
247603,Sussex County Community College,NJ,NJCAA Division III ,"Public, 2-year",377921.0,377921.0,110.0,1067.0,117407.0,1.0,9.0,853735,853735,8065.0,4305.0,6.0,15.0,865.0,865,2024,2023-24,https://ope.ed.gov/athletics/#/datafile/list,0.0,3435.6454545454544,260514.0,112965.0
196413,Syracuse University,NY,NCAA Division I-FBS,"Private nonprofit, 4-year or above",56819598.0,43995922.0,138.0,43691.0,6029295.0,1.0,10.0,111504051,108152358,1099056.0,330595.0,6.0,22.0,1467363.0,1807151,2024,2023-24,https://ope.ed.gov/athletics/#/datafile/list,12823676.0,318811.02898550726,37966627.0,13867426.0
155973,Tabor College,KS,NAIA Division II ,"Private nonprofit, 4-year or above",1530187.0,1521252.0,107.0,555.0,59392.0,1.0,6.0,6302286,6226823,39716.0,7474.0,8.0,17.0,22590.0,42954,2024,2023-24,https://ope.ed.gov/athletics/#/datafile/list,8935.0,14217.308411214954,1461860.0,444786.0
228529,Tarleton State University,TX,NCAA Division I-FCS,"Public, 4-year or above",7236653.0,6209804.0,131.0,9525.0,1247710.0,1.0,12.0,27686274,27686274,159875.0,77383.0,5.0,22.0,306127.0,455930,2024,2023-24,https://ope.ed.gov/athletics/#/datafile/list,1026849.0,47403.083969465646,4962094.0,2501801.0
152530,Taylor University,IN,NAIA Division I ,"Private nonprofit, 4-year or above",1684055.0,1531787.0,107.0,2207.0,236124.0,1.0,6.0,7883887,6737186,37101.0,10691.0,8.0,18.0,23266.0,32043,2024,2023-24,https://ope.ed.gov/athletics/#/datafile/list,152268.0,14315.766355140187,1295663.0,489246.0
216339,Temple University,PA,NCAA Division I-FBS,"Public, 4-year or above",26008180.0,26008180.0,107.0,44533.0,4764992.0,1.0,10.0,70320170,70320170,435091.0,186325.0,7.0,22.0,825859.0,1113123,2024,2023-24,https://ope.ed.gov/athletics/#/datafile/list,0.0,243067.10280373832,21243188.0,7144787.0
221838,Tennessee State University,TN,NCAA Division I-FCS,"Public, 4-year or above",7414224.0,7414224.0,123.0,14519.0,1785866.0,1.0,10.0,20340661,20340661,179835.0,79139.0,5.0,18.0,129171.0,153572,2024,2023-24,https://ope.ed.gov/athletics/#/datafile/list,0.0,60278.243902439026,5628358.0,2323677.0
221847,Tennessee Technological University,TN,NCAA Division I-FCS,"Public, 4-year or above",4992255.0,4992255.0,104.0,9770.0,1016103.0,1.0,14.0,18279402,18279402,173947.0,59369.0,6.0,21.0,197400.0,251446,2024,2023-24,https://ope.ed.gov/athletics/#/datafile/list,0.0,48002.45192307692,3976152.0,2290431.0
228723,Texas A & M University-College Station,TX,NCAA Division I-FBS,"Public, 4-year or above",122362503.0,82167511.0,143.0,70683.0,10107608.0,1.0,10.0,231773287,223847369,2507345.0,418746.0,7.0,33.0,5325502.0,6353264,2024,2023-24,https://ope.ed.gov/athletics/#/datafile/list,40194992.0,574597.979020979,72059903.0,31370033.0
224554,Texas A & M University-Commerce,TX,NCAA Division I-FCS,"Public, 4-year or above",4858433.0,4762230.0,110.0,8720.0,959215.0,1.0,12.0,18000481,17433995,109195.0,37100.0,4.0,19.0,139723.0,230440,2024,2023-24,https://ope.ed.gov/athletics/#/datafile/list,96203.0,43293.0,3803015.0,1141680.0
228705,Texas A & M University-Kingsville,TX,NCAA Division II with football,"Public, 4-year or above",2488647.0,2486488.0,138.0,4922.0,679205.0,1.0,8.0,11384781,11384781,81614.0,38468.0,4.0,13.0,103285.0,152230,2024,2023-24,https://ope.ed.gov/athletics/#/datafile/list,2159.0,18018.028985507248,1807283.0,826540.0
228875,Texas Christian University,TX,NCAA Division I-FBS,"Private nonprofit, 4-year or above",75279255.0,54129228.0,151.0,61637.0,9307232.0,1.0,14.0,141889741,141889741,2044945.0,275814.0,7.0,40.0,1811880.0,2383214,2024,2023-24,https://ope.ed.gov/athletics/#/datafile/list,21150027.0,358471.7086092715,44821996.0,25347175.0
228884,Texas College,TX,NAIA Division I ,"Private nonprofit, 4-year or above",959657.0,959657.0,77.0,2930.0,225579.0,1.0,4.0,3313105,3313105,29500.0,11250.0,4.0,4.0,0.0,0,2024,2023-24,https://ope.ed.gov/athletics/#/datafile/list,0.0,12463.077922077922,734078.0,163000.0
228981,Texas Lutheran University,TX,NCAA Division III with football,"Private nonprofit, 4-year or above",803704.0,824948.0,173.0,1185.0,205076.0,1.0,9.0,4303876,4178124,59758.0,32218.0,8.0,16.0,14538.0,17764,2024,2023-24,https://ope.ed.gov/athletics/#/datafile/list,-21244.0,4768.485549132948,619872.0,993552.0
229063,Texas Southern University,TX,NCAA Division I-FCS,"Public, 4-year or above",3355738.0,3454140.0,103.0,1908.0,196549.0,1.0,10.0,11075651,11075651,187803.0,74718.0,5.0,17.0,35827.0,54839,2024,2023-24,https://ope.ed.gov/athletics/#/datafile/list,-98402.0,33535.33980582524,3257591.0,2209221.0
228459,Texas State University,TX,NCAA Division I-FBS,"Public, 4-year or above",14291224.0,14291224.0,120.0,41067.0,4928096.0,1.0,10.0,46310998,46310998,361695.0,120209.0,5.0,20.0,681719.0,839263,2024,2023-24,https://ope.ed.gov/athletics/#/datafile/list,0.0,119093.53333333334,9363128.0,4212655.0
229115,Texas Tech University,TX,NCAA Division I-FBS,"Public, 4-year or above",62265520.0,34401458.0,122.0,62843.0,7666833.0,1.0,10.0,115268119,114344886,1636211.0,332034.0,6.0,24.0,2660211.0,3545455,2024,2023-24,https://ope.ed.gov/athletics/#/datafile/list,27864062.0,281979.1639344262,26734625.0,17786082.0
229160,Texas Wesleyan University,TX,NAIA Division I ,"Private nonprofit, 4-year or above",1606603.0,1510615.0,150.0,2420.0,363039.0,1.0,7.0,9065899,8598034,47531.0,28232.0,8.0,16.0,20478.0,27786,2024,2023-24,https://ope.ed.gov/athletics/#/datafile/list,95988.0,10070.766666666666,1147576.0,831960.0
216296,Thaddeus Stevens College of Technology,PA,NJCAA Division III ,"Public, 2-year",158600.0,154720.0,93.0,1197.0,111297.0,1.0,9.0,361936,356351,5923.0,5278.0,5.0,8.0,0.0,0,2024,2023-24,https://ope.ed.gov/athletics/#/datafile/list,3880.0,1663.6559139784947,43423.0,71839.0
131283,The Catholic University of America,DC,NCAA Division III with football,"Private nonprofit, 4-year or above",610423.0,585914.0,105.0,1964.0,206238.0,1.0,12.0,5666498,5411878,54689.0,8300.0,10.0,34.0,56298.0,109711,2024,2023-24,https://ope.ed.gov/athletics/#/datafile/list,24509.0,5580.133333333333,379676.0,829090.0
142294,The College of Idaho,ID,NAIA Division II ,"Private nonprofit, 4-year or above",2205633.0,2205633.0,130.0,4486.0,583119.0,1.0,13.0,7599178,7599178,41314.0,14352.0,9.0,23.0,42366.0,52628,2024,2023-24,https://ope.ed.gov/athletics/#/datafile/list,0.0,16966.407692307694,1622514.0,701922.0
187134,The College of New Jersey,NJ,NCAA Division III with football,"Public, 4-year or above",580762.0,580762.0,111.0,970.0,107626.0,1.0,7.0,4962193,4962193,87208.0,12437.0,8.0,28.0,21800.0,39700,2024,2023-24,https://ope.ed.gov/athletics/#/datafile/list,0.0,5232.09009009009,473136.0,1045900.0
174899,The College of Saint Scholastica,MN,NCAA Division III with football,"Private nonprofit, 4-year or above",545752.0,516134.0,65.0,1034.0,67234.0,1.0,4.0,5078577,4042654,42910.0,15259.0,11.0,24.0,22459.0,34144,2024,2023-24,https://ope.ed.gov/athletics/#/datafile/list,29618.0,7940.523076923077,448900.0,838226.0
206589,The College of Wooster,OH,NCAA Division III with football,"Private nonprofit, 4-year or above",547573.0,526226.0,81.0,1231.0,99680.0,1.0,7.0,5584687,4770135,56371.0,25667.0,9.0,15.0,36233.0,56770,2024,2023-24,https://ope.ed.gov/athletics/#/datafile/list,21347.0,6496.617283950617,426546.0,892344.0
100751,The University of Alabama,AL,NCAA Division I-FBS,"Public, 4-year or above",138657460.0,112230118.0,142.0,91786.0,13033655.0,1.0,10.0,243096720,243096720,2459304.0,521443.0,7.0,29.0,6454846.0,7096598,2024,2023-24,https://ope.ed.gov/athletics/#/datafile/list,26427342.0,790352.9436619718,99196463.0,32336975.0
202763,The University of Findlay,OH,NCAA Division II with football,"Private nonprofit, 4-year or above",2309320.0,2429318.0,138.0,1072.0,147932.0,1.0,11.0,12462748,12460777,61421.0,13326.0,10.0,31.0,31035.0,52322,2024,2023-24,https://ope.ed.gov/athletics/#/datafile/list,-119998.0,17603.753623188404,2281386.0,1027316.0
180489,The University of Montana,MT,NCAA Division I-FCS,"Public, 4-year or above",10460498.0,8668766.0,125.0,4641.0,580100.0,1.0,9.0,28241473,28044922,296244.0,116225.0,4.0,17.0,311675.0,474730,2024,2023-24,https://ope.ed.gov/athletics/#/datafile/list,1791732.0,69350.128,8088666.0,3160801.0
180692,The University of Montana-Western,MT,NAIA Division I ,"Public, 4-year or above",1071953.0,1071952.0,129.0,1560.0,201195.0,1.0,5.0,2777407,2774595,45640.0,37505.0,4.0,7.0,30242.0,75041,2024,2023-24,https://ope.ed.gov/athletics/#/datafile/list,1.0,8309.70542635659,870757.0,445095.0
171599,The University of Olivet,MI,NCAA Division III with football,"Private nonprofit, 4-year or above",617489.0,565579.0,156.0,852.0,132863.0,1.0,8.0,3452457,2898415,42934.0,19547.0,12.0,23.0,30269.0,37733,2024,2023-24,https://ope.ed.gov/athletics/#/datafile/list,51910.0,3625.50641025641,432716.0,964789.0
221740,The University of Tennessee-Chattanooga,TN,NCAA Division I-FCS,"Public, 4-year or above",5287623.0,5287623.0,75.0,7670.0,575236.0,1.0,10.0,22508082,22508082,168955.0,72168.0,6.0,18.0,305048.0,420869,2024,2023-24,https://ope.ed.gov/athletics/#/datafile/list,0.0,70501.64,4712387.0,2312754.0
221759,The University of Tennessee-Knoxville,TN,NCAA Division I-FBS,"Public, 4-year or above",143399351.0,56987228.0,126.0,47853.0,6029478.0,1.0,10.0,204906178,204906178,2238050.0,311343.0,7.0,36.0,3359080.0,4625415,2024,2023-24,https://ope.ed.gov/athletics/#/datafile/list,86412123.0,452279.5873015873,50957750.0,26874698.0
221768,The University of Tennessee-Martin,TN,NCAA Division I-FCS,"Public, 4-year or above",3815848.0,3773932.0,149.0,4033.0,600984.0,1.0,8.0,15320815,15320815,100560.0,40387.0,6.0,18.0,193751.0,233348,2024,2023-24,https://ope.ed.gov/athletics/#/datafile/list,41916.0,25328.40268456376,3172948.0,1330326.0
229018,The University of Texas Permian Basin,TX,NWAC,"Public, 4-year or above",1753534.0,2180204.0,120.0,3595.0,431401.0,1.0,12.0,9640352,9640352,77500.0,32898.0,6.0,21.0,85618.0,131212,2024,2023-24,https://ope.ed.gov/athletics/#/datafile/list,-426670.0,18168.366666666665,1748803.0,1155858.0
228778,The University of Texas at Austin,TX,NCAA Division I-FBS,"Public, 4-year or above",200736464.0,61775571.0,121.0,26230.0,3173817.0,1.0,14.0,320312665,237475591,2264952.0,477542.0,7.0,29.0,4802626.0,5783497,2024,2023-24,https://ope.ed.gov/athletics/#/datafile/list,138960893.0,510541.9090909091,58601754.0,29703382.0
228796,The University of Texas at El Paso,TX,NCAA Division I-FBS,"Public, 4-year or above",13148049.0,13148049.0,123.0,21132.0,2599249.0,1.0,14.0,37006248,36602226,339482.0,91978.0,5.0,21.0,536704.0,750929,2024,2023-24,https://ope.ed.gov/athletics/#/datafile/list,0.0,106894.70731707316,10548800.0,3628948.0
229027,The University of Texas at San Antonio,TX,NCAA Division I-FBS,"Public, 4-year or above",17814255.0,17814255.0,115.0,31860.0,3663897.0,1.0,14.0,48689117,48689117,261580.0,172114.0,6.0,21.0,705368.0,942937,2024,2023-24,https://ope.ed.gov/athletics/#/datafile/list,0.0,154906.5652173913,14150358.0,5183874.0
138354,The University of West Florida,FL,NCAA Division II with football,"Public, 4-year or above",2341471.0,2177953.0,111.0,3672.0,407602.0,1.0,10.0,14082440,13028397,77610.0,28552.0,7.0,21.0,67520.0,101100,2024,2023-24,https://ope.ed.gov/athletics/#/datafile/list,163518.0,19621.1981981982,1770351.0,1142862.0
221519,The University of the South,TN,NCAA Division III with football,"Private nonprofit, 4-year or above",989998.0,989998.0,76.0,5556.0,422227.0,1.0,5.0,5981444,5981444,70029.0,41266.0,10.0,13.0,78125.0,140280,2024,2023-24,https://ope.ed.gov/athletics/#/datafile/list,0.0,13026.28947368421,567771.0,1236748.0
216357,Thiel College,PA,NCAA Division III with football,"Private nonprofit, 4-year or above",438180.0,438180.0,104.0,295.0,30690.0,1.0,7.0,2599174,2599174,58422.0,20670.0,10.0,18.0,29368.0,50728,2024,2023-24,https://ope.ed.gov/athletics/#/datafile/list,0.0,4213.2692307692305,407490.0,956280.0
157809,Thomas More University,KY,NCAA Division II with football,"Private nonprofit, 4-year or above",1667453.0,1582277.0,140.0,892.0,124924.0,1.0,12.0,7756911,6167361,32967.0,10682.0,13.0,33.0,22789.0,32799,2024,2023-24,https://ope.ed.gov/athletics/#/datafile/list,85176.0,11301.978571428572,1457353.0,781077.0
141167,Thomas University,GA,NAIA Division II ,"Private nonprofit, 4-year or above",1357372.0,904372.0,83.0,3273.0,271645.0,1.0,8.0,7551647,4838201,47535.0,23966.0,6.0,19.0,4810.0,7228,2024,2023-24,https://ope.ed.gov/athletics/#/datafile/list,453000.0,10896.048192771084,632727.0,740564.0
206048,Tiffin University,OH,NCAA Division II with football,"Private nonprofit, 4-year or above",1877262.0,1877262.0,147.0,1950.0,286671.0,1.0,7.0,10961196,10961196,52677.0,21288.0,10.0,18.0,54876.0,84804,2024,2023-24,https://ope.ed.gov/athletics/#/datafile/list,0.0,12770.489795918367,1590591.0,909954.0
164076,Towson University,MD,NCAA Division I-FCS,"Public, 4-year or above",5155500.0,5155500.0,106.0,7179.0,760990.0,1.0,10.0,27431821,27431821,247069.0,84436.0,6.0,22.0,239242.0,386959,2024,2023-24,https://ope.ed.gov/athletics/#/datafile/list,0.0,48636.79245283019,4394510.0,3340006.0
152567,Trine University,IN,NCAA Division III with football,"Private nonprofit, 4-year or above",856943.0,832993.0,231.0,901.0,208125.0,1.0,12.0,6289656,6157867,50639.0,19175.0,13.0,29.0,85509.0,124693,2024,2023-24,https://ope.ed.gov/athletics/#/datafile/list,23950.0,3606.030303030303,624868.0,1214382.0
130590,Trinity College,CT,NCAA Division III with football,"Private nonprofit, 4-year or above",1035367.0,1012223.0,110.0,1375.0,151295.0,1.0,10.0,10532619,10532619,71408.0,29580.0,13.0,32.0,39918.0,75441,2024,2023-24,https://ope.ed.gov/athletics/#/datafile/list,23144.0,9202.027272727271,860928.0,1874864.0
229267,Trinity University,TX,NCAA Division III with football,"Private nonprofit, 4-year or above",1395580.0,1395580.0,91.0,5137.0,467423.0,1.0,10.0,8829188,8795539,116798.0,40338.0,10.0,24.0,0.0,0,2024,2023-24,https://ope.ed.gov/athletics/#/datafile/list,0.0,15336.043956043955,928157.0,2136092.0
225308,Trinity Valley Community College,TX,NJCAA Division I ,"Public, 2-year",1254525.0,1254525.0,83.0,2312.0,191922.0,1.0,6.0,5725126,5725126,35472.0,30246.0,3.0,9.0,51142.0,115782,2024,2023-24,https://ope.ed.gov/athletics/#/datafile/list,0.0,15114.759036144578,1062603.0,378630.0
102368,Troy University,AL,NCAA Division I-FBS,"Public, 4-year or above",9718291.0,10125953.0,129.0,7515.0,969434.0,1.0,14.0,36937664,36937664,378909.0,185400.0,6.0,26.0,401673.0,597365,2024,2023-24,https://ope.ed.gov/athletics/#/datafile/list,-407662.0,78495.75968992247,9156519.0,7093854.0
178615,Truman State University,MO,NCAA Division II with football,"Public, 4-year or above",1398425.0,1398425.0,93.0,2035.0,189258.0,1.0,7.0,5925685,5925685,51768.0,30642.0,7.0,10.0,43540.0,65837,2024,2023-24,https://ope.ed.gov/athletics/#/datafile/list,0.0,15036.827956989247,1209167.0,668796.0
168148,Tufts University,MA,NCAA Division III with football,"Private nonprofit, 4-year or above",1174470.0,1174470.0,105.0,2544.0,267105.0,1.0,7.0,12313427,12313427,86978.0,28171.0,12.0,34.0,178204.0,271547,2024,2023-24,https://ope.ed.gov/athletics/#/datafile/list,0.0,11185.42857142857,907365.0,2001550.0
160755,Tulane University of Louisiana,LA,NCAA Division I-FBS,"Private nonprofit, 4-year or above",6893919.0,12979136.0,125.0,13038.0,1629744.0,1.0,17.0,39305494,39305494,807800.0,170067.0,5.0,28.0,1043218.0,1353237,2024,2023-24,https://ope.ed.gov/athletics/#/datafile/list,-6085217.0,103833.088,11349392.0,8800876.0
221953,Tusculum University,TN,NCAA Division II with football,"Private nonprofit, 4-year or above",1696905.0,1696905.0,162.0,1163.0,188400.0,1.0,7.0,9391310,9391310,38429.0,25678.0,11.0,18.0,46216.0,79330,2024,2023-24,https://ope.ed.gov/athletics/#/datafile/list,0.0,10474.722222222224,1508505.0,884923.0
102377,Tuskegee University,AL,NCAA Division II with football,"Private nonprofit, 4-year or above",5864188.0,5864188.0,135.0,3795.0,512338.0,1.0,11.0,9437773,9437773,111521.0,73747.0,6.0,13.0,85136.0,106855,2024,2023-24,https://ope.ed.gov/athletics/#/datafile/list,0.0,43438.42962962963,5351850.0,1627837.0
229355,Tyler Junior College,TX,NJCAA Division I ,"Public, 2-year",1009609.0,1009609.0,90.0,1231.0,110826.0,1.0,5.0,5556159,5556159,75004.0,24328.0,6.0,9.0,18780.0,47551,2024,2023-24,https://ope.ed.gov/athletics/#/datafile/list,0.0,11217.877777777778,898783.0,668976.0
196866,Union College,NY,NCAA Division III with football,"Private nonprofit, 4-year or above",740012.0,734730.0,104.0,1885.0,196069.0,1.0,9.0,10483776,10345295,84273.0,24826.0,10.0,24.0,123308.0,234529,2024,2023-24,https://ope.ed.gov/athletics/#/datafile/list,5282.0,7064.711538461538,538661.0,1438554.0
157863,Union College,KY,NAIA Division I ,"Private nonprofit, 4-year or above",2728294.0,2716982.0,149.0,545.0,81167.0,1.0,4.0,11825470,11779612,29408.0,24077.0,10.0,8.0,15699.0,22182,2024,2023-24,https://ope.ed.gov/athletics/#/datafile/list,11312.0,18234.77852348993,2635815.0,486696.0
197027,United States Merchant Marine Academy,NY,NCAA Division III with football,"Public, 4-year or above",601402.0,578171.0,94.0,2080.0,195554.0,1.0,9.0,6073616,4965476,43175.0,29260.0,11.0,16.0,49224.0,64078,2024,2023-24,https://ope.ed.gov/athletics/#/datafile/list,23231.0,6150.755319148936,382617.0,943085.0
196060,University at Albany,NY,NCAA Division I-FCS,"Public, 4-year or above",5841776.0,5331097.0,100.0,8870.0,887025.0,1.0,12.0,22862969,22862969,162578.0,50124.0,8.0,30.0,220220.0,321608,2024,2023-24,https://ope.ed.gov/athletics/#/datafile/list,510679.0,53310.97,4444072.0,2804344.0
196088,University at Buffalo,NY,NCAA Division I-FBS,"Public, 4-year or above",11996469.0,11996469.0,108.0,19669.0,2124220.0,1.0,14.0,42271934,42113971,213868.0,76655.0,5.0,25.0,685342.0,877071,2024,2023-24,https://ope.ed.gov/athletics/#/datafile/list,0.0,111078.41666666669,9872249.0,2985715.0
200800,University of Akron Main Campus,OH,NCAA Division I-FBS,"Public, 4-year or above",7854373.0,7854373.0,111.0,12787.0,1419408.0,1.0,19.0,30010416,30010416,362852.0,77128.0,5.0,21.0,503721.0,704382,2024,2023-24,https://ope.ed.gov/athletics/#/datafile/list,0.0,70760.11711711712,6434965.0,3433948.0
100663,University of Alabama at Birmingham,AL,NCAA Division I-FBS,"Public, 4-year or above",15818252.0,14865442.0,120.0,19894.0,2387281.0,1.0,10.0,43271595,42655846,485753.0,114167.0,6.0,22.0,523279.0,789941,2024,2023-24,https://ope.ed.gov/athletics/#/datafile/list,952810.0,123878.68333333332,12478161.0,5426192.0
104179,University of Arizona,AZ,NCAA Division I-FBS,"Public, 4-year or above",37131453.0,37131453.0,113.0,55357.0,6255322.0,1.0,10.0,138959027,138959027,1196728.0,254682.0,9.0,31.0,2460752.0,3167542,2024,2023-24,https://ope.ed.gov/athletics/#/datafile/list,0.0,328596.9292035398,30876131.0,18665694.0
106397,University of Arkansas,AR,NCAA Division I-FBS,"Public, 4-year or above",86618681.0,57117597.0,125.0,74739.0,9342391.0,1.0,14.0,170608754,170011614,2503345.0,509428.0,6.0,22.0,1943793.0,2672593,2024,2023-24,https://ope.ed.gov/athletics/#/datafile/list,29501084.0,456940.776,47775206.0,26227486.0
106485,University of Arkansas at Monticello,AR,NCAA Division II with football,"Public, 4-year or above",1380990.0,1380990.0,110.0,2933.0,322603.0,1.0,5.0,4585105,4585105,61080.0,38840.0,4.0,7.0,46664.0,65547,2024,2023-24,https://ope.ed.gov/athletics/#/datafile/list,0.0,12554.454545454546,1058387.0,516200.0
106412,University of Arkansas at Pine Bluff,AR,NCAA Division I-FCS,"Public, 4-year or above",2107692.0,2107692.0,77.0,1425.0,109739.0,1.0,8.0,9236849,9236849,117178.0,41098.0,5.0,14.0,3342.0,6447,2024,2023-24,https://ope.ed.gov/athletics/#/datafile/list,0.0,27372.623376623374,1997953.0,1161262.0
110635,University of California-Berkeley,CA,NCAA Division I-FBS,"Public, 4-year or above",45082235.0,45082235.0,121.0,58281.0,7052036.0,1.0,10.0,146563317,146563317,817172.0,205285.0,12.0,35.0,2578213.0,3522381,2024,2023-24,https://ope.ed.gov/athletics/#/datafile/list,0.0,372580.4545454546,38030199.0,16991039.0
110644,University of California-Davis,CA,NCAA Division I-FCS,"Public, 4-year or above",7009614.0,7009614.0,111.0,13511.0,1499767.0,1.0,12.0,46626686,46626686,166188.0,58526.0,9.0,26.0,385901.0,658910,2024,2023-24,https://ope.ed.gov/athletics/#/datafile/list,0.0,63149.67567567567,5509847.0,3017368.0
110662,University of California-Los Angeles,CA,NCAA Division I-FBS,"Public, 4-year or above",45783508.0,45783508.0,127.0,54362.0,6903955.0,1.0,10.0,170897220,170897220,1350349.0,224923.0,9.0,36.0,1936519.0,2617571,2024,2023-24,https://ope.ed.gov/athletics/#/datafile/list,0.0,360500.062992126,38879553.0,20250369.0
106704,University of Central Arkansas,AR,NCAA Division I-FCS,"Public, 4-year or above",3959093.0,3959093.0,135.0,6038.0,815173.0,1.0,10.0,16831604,16831604,106254.0,39280.0,6.0,23.0,216908.0,357830,2024,2023-24,https://ope.ed.gov/athletics/#/datafile/list,0.0,29326.614814814813,3143920.0,1540964.0
132903,University of Central Florida,FL,NCAA Division I-FBS,"Public, 4-year or above",30249823.0,30249823.0,121.0,48189.0,5830912.0,1.0,10.0,93417587,90055820,1186824.0,338530.0,6.0,20.0,1413208.0,1816053,2024,2023-24,https://ope.ed.gov/athletics/#/datafile/list,0.0,249998.53719008263,24418911.0,13891544.0
176965,University of Central Missouri,MO,NCAA Division II with football,"Public, 4-year or above",3143276.0,3143276.0,148.0,2898.0,428944.0,1.0,13.0,14008234,14008234,101923.0,34435.0,6.0,21.0,119193.0,161153,2024,2023-24,https://ope.ed.gov/athletics/#/datafile/list,0.0,21238.35135135135,2714332.0,1334673.0
206941,University of Central Oklahoma,OK,NCAA Division II with football,"Public, 4-year or above",2503341.0,2116022.0,133.0,3140.0,417575.0,1.0,10.0,13766608,13208294,90392.0,50238.0,5.0,9.0,25252.0,35765,2024,2023-24,https://ope.ed.gov/athletics/#/datafile/list,387319.0,15909.93984962406,1698447.0,904102.0
237312,University of Charleston,WV,NCAA Division II with football,"Private nonprofit, 4-year or above",2144310.0,2103826.0,128.0,1356.0,173618.0,1.0,9.0,9886282,9447204,47914.0,15417.0,8.0,25.0,80715.0,112755,2024,2023-24,https://ope.ed.gov/athletics/#/datafile/list,40484.0,16436.140625,1930208.0,768737.0
144050,University of Chicago,IL,NCAA Division III with football,"Private nonprofit, 4-year or above",775001.0,775001.0,87.0,1863.0,162073.0,1.0,6.0,8210820,8210820,90636.0,28456.0,8.0,19.0,85912.0,142574,2024,2023-24,https://ope.ed.gov/athletics/#/datafile/list,0.0,8908.057471264368,612928.0,1265752.0
201885,University of Cincinnati-Main Campus,OH,NCAA Division I-FBS,"Public, 4-year or above",30400338.0,30400338.0,115.0,59489.0,6841253.0,1.0,14.0,89597392,89597392,195182.0,218653.0,6.0,29.0,896293.0,1244553,2024,2023-24,https://ope.ed.gov/athletics/#/datafile/list,0.0,264350.7652173913,23559085.0,7512029.0
126614,University of Colorado Boulder,CO,NCAA Division I-FBS,"Public, 4-year or above",64658200.0,38459488.0,121.0,56704.0,6861144.0,1.0,10.0,146567503,138325220,2300956.0,310772.0,5.0,23.0,1141989.0,1574097,2024,2023-24,https://ope.ed.gov/athletics/#/datafile/list,26198712.0,317847.0082644628,31598344.0,18652536.0
129020,University of Connecticut,CT,NCAA Division I-FBS,"Public, 4-year or above",17751690.0,17751690.0,114.0,47538.0,5419296.0,1.0,10.0,91800871,91528665,1252060.0,188493.0,8.0,31.0,1261839.0,1876690,2024,2023-24,https://ope.ed.gov/athletics/#/datafile/list,0.0,155716.57894736843,12332394.0,15859763.0
202480,University of Dayton,OH,NCAA Division I-FCS,"Private nonprofit, 4-year or above",819412.0,1986557.0,122.0,5620.0,685604.0,1.0,11.0,43705495,43705495,469457.0,73360.0,7.0,24.0,258115.0,473113,2024,2023-24,https://ope.ed.gov/athletics/#/datafile/list,-1167145.0,16283.254098360656,1300953.0,5046839.0
130943,University of Delaware,DE,NCAA Division I-FCS,"Public, 4-year or above",9082396.0,9082396.0,108.0,15636.0,1688650.0,1.0,11.0,48411479,48411479,242603.0,71610.0,8.0,27.0,337469.0,609001,2024,2023-24,https://ope.ed.gov/athletics/#/datafile/list,0.0,84096.25925925926,7393746.0,3874294.0
153278,University of Dubuque,IA,NCAA Division III with football,"Private nonprofit, 4-year or above",580169.0,574264.0,123.0,1047.0,128802.0,1.0,7.0,5274399,5113424,64178.0,33911.0,12.0,15.0,60147.0,101582,2024,2023-24,https://ope.ed.gov/athletics/#/datafile/list,5905.0,4668.8130081300815,445462.0,1278801.0
134130,University of Florida,FL,NCAA Division I-FBS,"Public, 4-year or above",97895142.0,45681605.0,124.0,79864.0,9903183.0,1.0,10.0,180556616,180556616,1826717.0,288445.0,7.0,34.0,3528622.0,4509578,2024,2023-24,https://ope.ed.gov/athletics/#/datafile/list,52213537.0,368400.04032258067,35778422.0,22594149.0
457402,University of Fort Lauderdale,FL,NCCAA Division I ,"Private nonprofit, 4-year or above",339300.0,386460.0,57.0,3885.0,221460.0,1.0,7.0,1914128,1875364,38400.0,13000.0,5.0,15.0,0.0,0,2024,2023-24,https://ope.ed.gov/athletics/#/datafile/list,-47160.0,6780.0,165000.0,387000.0
139959,University of Georgia,GA,NCAA Division I-FBS,"Public, 4-year or above",133656737.0,68931272.0,133.0,80514.0,10708355.0,1.0,10.0,241843474,182882099,2485611.0,440144.0,7.0,31.0,5069281.0,6390073,2024,2023-24,https://ope.ed.gov/athletics/#/datafile/list,64725465.0,518280.24060150376,58222917.0,31043741.0
141574,University of Hawaii at Manoa,HI,NCAA Division I-FBS,"Public, 4-year or above",13239833.0,13876434.0,122.0,33772.0,4120136.0,1.0,10.0,53350682,53350682,229831.0,110857.0,7.0,23.0,495727.0,779103,2024,2023-24,https://ope.ed.gov/athletics/#/datafile/list,-636601.0,113741.26229508196,9756298.0,4158528.0
225511,University of Houston,TX,NCAA Division I-FBS,"Public, 4-year or above",26934492.0,26934492.0,121.0,23849.0,2885699.0,1.0,10.0,98914486,98914486,2076246.0,303498.0,5.0,20.0,1120325.0,1411573,2024,2023-24,https://ope.ed.gov/athletics/#/datafile/list,0.0,222599.10743801657,24048793.0,16451190.0
142285,University of Idaho,ID,NCAA Division I-FCS,"Public, 4-year or above",6804775.0,6804775.0,111.0,17608.0,1954514.0,1.0,14.0,24112825,24112825,95335.0,69381.0,5.0,17.0,301223.0,489693,2024,2023-24,https://ope.ed.gov/athletics/#/datafile/list,0.0,61304.27927927928,4850261.0,1656152.0
145637,University of Illinois Urbana-Champaign,IL,NCAA Division I-FBS,"Public, 4-year or above",68645674.0,38984930.0,120.0,43163.0,5179547.0,1.0,14.0,149390875,149390875,1756557.0,321687.0,8.0,36.0,2843217.0,3570247,2024,2023-24,https://ope.ed.gov/athletics/#/datafile/list,29660744.0,324874.4166666667,33805383.0,25633188.0
151263,University of Indianapolis,IN,NCAA Division II with football,"Private nonprofit, 4-year or above",2657729.0,2657729.0,120.0,1842.0,221015.0,1.0,10.0,17373884,17373884,59651.0,18045.0,10.0,45.0,76274.0,99479,2024,2023-24,https://ope.ed.gov/athletics/#/datafile/list,0.0,22147.741666666665,2436714.0,1408535.0
153658,University of Iowa,IA,NCAA Division I-FBS,"Public, 4-year or above",91827582.0,55519658.0,129.0,52160.0,6728604.0,1.0,14.0,173213951,150493777,2076495.0,469499.0,6.0,25.0,1474938.0,2301031,2024,2023-24,https://ope.ed.gov/athletics/#/datafile/list,36307924.0,430384.94573643414,48791054.0,24196445.0
200156,University of Jamestown,ND,NAIA Division II ,"Private nonprofit, 4-year or above",2508221.0,2508221.0,143.0,1522.0,217673.0,1.0,9.0,10701409,10701409,47427.0,24050.0,9.0,13.0,73449.0,118627,2024,2023-24,https://ope.ed.gov/athletics/#/datafile/list,0.0,17540.00699300699,2290548.0,739493.0
155317,University of Kansas,KS,NCAA Division I-FBS,"Public, 4-year or above",39365810.0,31326379.0,118.0,35630.0,4204357.0,1.0,10.0,215031889,156040840,801349.0,345160.0,5.0,24.0,1751293.0,2405884,2024,2023-24,https://ope.ed.gov/athletics/#/datafile/list,8039431.0,265477.78813559323,27122022.0,12290585.0
157085,University of Kentucky,KY,NCAA Division I-FBS,"Public, 4-year or above",46617232.0,46617232.0,121.0,47469.0,5743760.0,1.0,14.0,193967575,193915782,2592260.0,331786.0,8.0,36.0,2790829.0,3610998,2024,2023-24,https://ope.ed.gov/athletics/#/datafile/list,0.0,385266.3801652893,40873472.0,32682376.0
117140,University of La Verne,CA,NCAA Division III with football,"Private nonprofit, 4-year or above",680559.0,653994.0,115.0,1057.0,121534.0,1.0,9.0,3487508,3145378,68501.0,14467.0,9.0,26.0,0.0,0,2024,2023-24,https://ope.ed.gov/athletics/#/datafile/list,26565.0,5686.904347826087,532460.0,992651.0
160658,University of Louisiana at Lafayette,LA,NCAA Division I-FBS,"Public, 4-year or above",14747542.0,14747542.0,137.0,23950.0,3281187.0,1.0,15.0,42952287,42952287,435824.0,183398.0,6.0,21.0,539292.0,787354,2024,2023-24,https://ope.ed.gov/athletics/#/datafile/list,0.0,107646.29197080292,11466355.0,6466302.0
159993,University of Louisiana at Monroe,LA,NCAA Division I-FBS,"Public, 4-year or above",7453549.0,7453549.0,115.0,10191.0,1171951.0,1.0,10.0,20253458,20253458,306911.0,148590.0,5.0,18.0,277472.0,368216,2024,2023-24,https://ope.ed.gov/athletics/#/datafile/list,0.0,64813.46956521739,6281598.0,4209175.0
157289,University of Louisville,KY,NCAA Division I-FBS,"Public, 4-year or above",37682973.0,37682973.0,115.0,54951.0,6319382.0,1.0,10.0,165168798,165168798,1320727.0,263345.0,9.0,30.0,2175799.0,3009306,2024,2023-24,https://ope.ed.gov/athletics/#/datafile/list,0.0,327678.0260869565,31363591.0,19786893.0
161253,University of Maine,ME,NCAA Division I-FCS,"Public, 4-year or above",5541436.0,5541436.0,107.0,10866.0,1162635.0,1.0,10.0,20148241,20148241,160906.0,57603.0,6.0,20.0,353892.0,470918,2024,2023-24,https://ope.ed.gov/athletics/#/datafile/list,0.0,51789.121495327105,4378801.0,2117496.0
200217,University of Mary,ND,NCAA Division II with football,"Private nonprofit, 4-year or above",1638153.0,1638153.0,99.0,2340.0,231632.0,1.0,7.0,8800443,8800443,56163.0,17692.0,7.0,23.0,108691.0,161631,2024,2023-24,https://ope.ed.gov/athletics/#/datafile/list,0.0,16547.0,1406521.0,800057.0
226471,University of Mary Hardin-Baylor,TX,NCAA Division III with football,"Private nonprofit, 4-year or above",1717619.0,1717619.0,185.0,2950.0,545794.0,1.0,12.0,6475814,6475814,73219.0,34116.0,7.0,19.0,95293.0,111168,2024,2023-24,https://ope.ed.gov/athletics/#/datafile/list,0.0,9284.427027027026,1171825.0,1160737.0
163286,University of Maryland-College Park,MD,NCAA Division I-FBS,"Public, 4-year or above",65913616.0,37007117.0,118.0,39077.0,4611133.0,1.0,10.0,132764504,132764504,1492492.0,243955.0,8.0,34.0,2419826.0,3123959,2024,2023-24,https://ope.ed.gov/athletics/#/datafile/list,28906499.0,313619.63559322036,32395984.0,20234406.0
166629,University of Massachusetts-Amherst,MA,NCAA Division I-FBS,"Public, 4-year or above",11529030.0,11529030.0,107.0,16660.0,1782591.0,1.0,14.0,49525166,49525166,429235.0,86506.0,9.0,36.0,744282.0,1104939,2024,2023-24,https://ope.ed.gov/athletics/#/datafile/list,0.0,107747.94392523365,9746439.0,6977331.0
167987,University of Massachusetts-Dartmouth,MA,NCAA Division III with football,"Public, 4-year or above",367896.0,353821.0,109.0,1819.0,198266.0,1.0,8.0,5599903,5128985,23915.0,4922.0,8.0,24.0,20018.0,46080,2024,2023-24,https://ope.ed.gov/athletics/#/datafile/list,14075.0,3246.064220183486,155555.0,309448.0
220862,University of Memphis,TN,NCAA Division I-FBS,"Public, 4-year or above",22107916.0,22107916.0,165.0,15792.0,2605633.0,1.0,14.0,62737618,62737618,790059.0,162749.0,7.0,23.0,1052981.0,1362965,2024,2023-24,https://ope.ed.gov/athletics/#/datafile/list,0.0,133987.3696969697,19502283.0,9273640.0
135726,University of Miami,FL,NCAA Division I-FBS,"Private nonprofit, 4-year or above",78100432.0,78100431.0,126.0,42877.0,5402529.0,1.0,10.0,182459468,182459468,2071309.0,376131.0,6.0,25.0,5596372.0,6397446,2024,2023-24,https://ope.ed.gov/athletics/#/datafile/list,1.0,619844.6904761905,72697902.0,21831129.0
170976,University of Michigan-Ann Arbor,MI,NCAA Division I-FBS,"Public, 4-year or above",149104336.0,72291729.0,152.0,56154.0,8535332.0,1.0,14.0,221371145,220814081,1404807.0,295782.0,14.0,51.0,2965947.0,4050571,2024,2023-24,https://ope.ed.gov/athletics/#/datafile/list,76812607.0,475603.4802631579,63756397.0,34752180.0
174233,University of Minnesota-Duluth,MN,NCAA Division II with football,"Public, 4-year or above",2253167.0,2253167.0,100.0,3728.0,372841.0,1.0,13.0,13920940,13920940,240011.0,46224.0,5.0,24.0,128649.0,229163,2024,2023-24,https://ope.ed.gov/athletics/#/datafile/list,0.0,22531.67,1880326.0,2309431.0
174251,University of Minnesota-Morris,MN,NCAA Division III with football,"Public, 4-year or above",331113.0,322123.0,77.0,1789.0,137742.0,1.0,5.0,1799507,1793804,25800.0,8851.0,8.0,14.0,16928.0,30381,2024,2023-24,https://ope.ed.gov/athletics/#/datafile/list,8990.0,4183.415584415585,184381.0,330314.0
174066,University of Minnesota-Twin Cities,MN,NCAA Division I-FBS,"Public, 4-year or above",90671593.0,45200853.0,116.0,56957.0,6606955.0,1.0,14.0,144816418,138599675,1120381.0,198441.0,9.0,35.0,2637037.0,3212872,2024,2023-24,https://ope.ed.gov/athletics/#/datafile/list,45470740.0,389662.525862069,38593898.0,17028864.0
176017,University of Mississippi,MS,NCAA Division I-FBS,"Public, 4-year or above",75260713.0,57122596.0,127.0,60936.0,7738930.0,1.0,14.0,145401658,145401658,2782637.0,428185.0,6.0,28.0,2663873.0,3325957,2024,2023-24,https://ope.ed.gov/athletics/#/datafile/list,18138117.0,449784.22047244094,49383666.0,28685002.0
178396,University of Missouri-Columbia,MO,NCAA Division I-FBS,"Public, 4-year or above",52195922.0,52195922.0,121.0,37166.0,4497071.0,1.0,10.0,157734870,157734870,1874966.0,240547.0,7.0,36.0,2526096.0,3214962,2024,2023-24,https://ope.ed.gov/athletics/#/datafile/list,0.0,431371.2561983471,47698851.0,21784454.0
204185,University of Mount Union,OH,NCAA Division III with football,"Private nonprofit, 4-year or above",638029.0,638029.0,179.0,560.0,100200.0,1.0,11.0,4299259,4299259,43099.0,13866.0,11.0,39.0,54276.0,74563,2024,2023-24,https://ope.ed.gov/athletics/#/datafile/list,0.0,3564.40782122905,537829.0,1014863.0
181215,University of Nebraska at Kearney,NE,NCAA Division II with football,"Public, 4-year or above",2234262.0,2234262.0,140.0,2215.0,310140.0,1.0,6.0,10046054,10046054,83108.0,48132.0,5.0,12.0,49284.0,83505,2024,2023-24,https://ope.ed.gov/athletics/#/datafile/list,0.0,15959.014285714286,1924122.0,993124.0
181464,University of Nebraska-Lincoln,NE,NCAA Division I-FBS,"Public, 4-year or above",126225245.0,52429432.0,142.0,49920.0,7088684.0,1.0,13.0,211778141,175438100,1467677.0,299137.0,8.0,30.0,2832460.0,3470402,2024,2023-24,https://ope.ed.gov/athletics/#/datafile/list,73795813.0,369221.3521126761,45340748.0,20715526.0
182281,University of Nevada-Las Vegas,NV,NCAA Division I-FBS,"Public, 4-year or above",19389498.0,19389498.0,110.0,37368.0,4110481.0,1.0,10.0,65376772,65376772,465236.0,144046.0,7.0,30.0,1088887.0,1398328,2024,2023-24,https://ope.ed.gov/athletics/#/datafile/list,0.0,176268.16363636364,15279017.0,7578032.0
182290,University of Nevada-Reno,NV,NCAA Division I-FBS,"Public, 4-year or above",13562661.0,13562661.0,118.0,27170.0,3206116.0,1.0,10.0,53922006,53916558,404875.0,184307.0,7.0,18.0,724940.0,992064,2024,2023-24,https://ope.ed.gov/athletics/#/datafile/list,0.0,114937.80508474576,10356545.0,6151651.0
161457,University of New England,ME,NCAA Division III with football,"Private nonprofit, 4-year or above",740215.0,730628.0,128.0,896.0,114735.0,1.0,11.0,4371025,3962696,61931.0,14878.0,7.0,18.0,46213.0,72284,2024,2023-24,https://ope.ed.gov/athletics/#/datafile/list,9587.0,5708.03125,615893.0,701321.0
183044,University of New Hampshire-Main Campus,NH,NCAA Division I-FCS,"Public, 4-year or above",5963554.0,5963554.0,103.0,9768.0,1006112.0,1.0,10.0,34986719,34986719,205602.0,60183.0,6.0,22.0,250872.0,419205,2024,2023-24,https://ope.ed.gov/athletics/#/datafile/list,0.0,57898.58252427184,4957442.0,2557638.0
129941,University of New Haven,CT,NCAA Division II with football,"Private nonprofit, 4-year or above",2834328.0,2826190.0,135.0,1912.0,258167.0,1.0,15.0,11974460,11769900,73517.0,19244.0,7.0,27.0,39519.0,82004,2024,2023-24,https://ope.ed.gov/athletics/#/datafile/list,8138.0,20934.74074074074,2568023.0,1034207.0
187985,University of New Mexico-Main Campus,NM,NCAA Division I-FBS,"Public, 4-year or above",13821744.0,13821744.0,119.0,21823.0,2596949.0,1.0,10.0,53653134,53043230,331511.0,113812.0,8.0,27.0,675868.0,947442,2024,2023-24,https://ope.ed.gov/athletics/#/datafile/list,0.0,116149.10924369749,11224795.0,5725012.0
101879,University of North Alabama,AL,NCAA Division I-FCS,"Public, 4-year or above",3880517.0,3880517.0,122.0,5369.0,654965.0,1.0,10.0,15423738,15423738,111733.0,52715.0,6.0,16.0,129658.0,190093,2024,2023-24,https://ope.ed.gov/athletics/#/datafile/list,0.0,31807.516393442624,3225552.0,1513838.0
199120,University of North Carolina at Chapel Hill,NC,NCAA Division I-FBS,"Public, 4-year or above",66848688.0,40068730.0,127.0,60970.0,7743163.0,1.0,10.0,157614732,149062850,813531.0,270353.0,11.0,40.0,2332231.0,3244785,2024,2023-24,https://ope.ed.gov/athletics/#/datafile/list,26779958.0,315501.81102362205,32325567.0,19762961.0
199139,University of North Carolina at Charlotte,NC,NCAA Division I-FBS,"Public, 4-year or above",14487211.0,14487211.0,122.0,23912.0,2917310.0,1.0,10.0,47156982,47156982,358070.0,112337.0,7.0,24.0,973624.0,1306879,2024,2023-24,https://ope.ed.gov/athletics/#/datafile/list,0.0,118747.631147541,11569901.0,5202578.0
199281,University of North Carolina at Pembroke,NC,NCAA Division II with football,"Public, 4-year or above",950445.0,942487.0,122.0,1486.0,181249.0,1.0,10.0,5083937,4461316,47399.0,15243.0,5.0,17.0,35328.0,50345,2024,2023-24,https://ope.ed.gov/athletics/#/datafile/list,7958.0,7725.303278688524,761238.0,496126.0
200280,University of North Dakota,ND,NCAA Division I-FCS,"Public, 4-year or above",6229989.0,6229989.0,108.0,11333.0,1223929.0,1.0,11.0,31703548,31552730,205910.0,88578.0,6.0,20.0,345103.0,605691,2024,2023-24,https://ope.ed.gov/athletics/#/datafile/list,0.0,57685.083333333336,5006060.0,3007020.0
227216,University of North Texas,TX,NCAA Division I-FBS,"Public, 4-year or above",13287352.0,13287352.0,137.0,26221.0,3592334.0,1.0,10.0,53633725,53633725,568393.0,165029.0,4.0,22.0,562444.0,783242,2024,2023-24,https://ope.ed.gov/athletics/#/datafile/list,0.0,96987.9708029197,9695018.0,5904210.0
127741,University of Northern Colorado,CO,NCAA Division I-FCS,"Public, 4-year or above",5534867.0,5534867.0,105.0,11806.0,1239659.0,1.0,11.0,21711259,21711259,129454.0,51843.0,6.0,22.0,146000.0,276384,2024,2023-24,https://ope.ed.gov/athletics/#/datafile/list,0.0,52713.01904761905,4295208.0,1917270.0
154095,University of Northern Iowa,IA,NCAA Division I-FCS,"Public, 4-year or above",3797203.0,3797203.0,107.0,6595.0,705628.0,1.0,12.0,17006201,17006201,231127.0,67726.0,6.0,18.0,165177.0,248456,2024,2023-24,https://ope.ed.gov/athletics/#/datafile/list,0.0,35487.878504672895,3091575.0,2605830.0
174491,University of Northwestern-St Paul,MN,NCAA Division III with football,"Private nonprofit, 4-year or above",378811.0,372928.0,84.0,1257.0,105608.0,1.0,9.0,2454850,2438436,24923.0,7574.0,10.0,27.0,18566.0,34004,2024,2023-24,https://ope.ed.gov/athletics/#/datafile/list,5883.0,4439.619047619048,267320.0,453728.0
152080,University of Notre Dame,IN,NCAA Division I-FBS,"Private nonprofit, 4-year or above",150214795.0,68796341.0,124.0,174738.0,21667455.0,1.0,14.0,234746127,209049397,1142426.0,294054.0,12.0,41.0,3293015.0,4193605,2024,2023-24,https://ope.ed.gov/athletics/#/datafile/list,81418454.0,554809.2016129033,47128886.0,25765326.0
207500,University of Oklahoma-Norman Campus,OK,NCAA Division I-FBS,"Public, 4-year or above",124879959.0,65814050.0,126.0,58319.0,7348255.0,1.0,14.0,188933196,188623620,1486335.0,293184.0,8.0,38.0,4937958.0,5884214,2024,2023-24,https://ope.ed.gov/athletics/#/datafile/list,59065909.0,522333.7301587302,58465795.0,23031672.0
209551,University of Oregon,OR,NCAA Division I-FBS,"Public, 4-year or above",109244128.0,53914776.0,129.0,66776.0,8614094.0,1.0,14.0,150908401,148961287,2199507.0,390229.0,6.0,26.0,2857946.0,3455478,2024,2023-24,https://ope.ed.gov/athletics/#/datafile/list,55329352.0,417944.0,45300682.0,23342996.0
215062,University of Pennsylvania,PA,NCAA Division I-FCS,"Private nonprofit, 4-year or above",3242390.0,3242390.0,111.0,6697.0,743401.0,1.0,13.0,56137691,56137691,188293.0,52969.0,15.0,48.0,772909.0,1109054,2024,2023-24,https://ope.ed.gov/athletics/#/datafile/list,0.0,29210.72072072072,2498989.0,5366907.0
157535,University of Pikeville,KY,NAIA Division I ,"Private nonprofit, 4-year or above",2000273.0,2000273.0,128.0,3791.0,485286.0,1.0,9.0,9399432,9399432,37171.0,33336.0,12.0,12.0,49598.0,79348,2024,2023-24,https://ope.ed.gov/athletics/#/datafile/list,0.0,15627.1328125,1514987.0,846084.0
215293,University of Pittsburgh-Pittsburgh Campus,PA,NCAA Division I-FBS,"Public, 4-year or above",49476171.0,42593983.0,117.0,74273.0,8689994.0,1.0,14.0,138637236,138637236,1964700.0,295833.0,7.0,38.0,1836471.0,2586439,2024,2023-24,https://ope.ed.gov/athletics/#/datafile/list,6882188.0,364051.1367521367,33903989.0,24994554.0
236328,University of Puget Sound,WA,NCAA Division III with football,"Private nonprofit, 4-year or above",476518.0,476518.0,82.0,1362.0,111672.0,1.0,12.0,4024985,4024985,37702.0,6157.0,9.0,37.0,25645.0,38572,2024,2023-24,https://ope.ed.gov/athletics/#/datafile/list,0.0,5811.195121951219,364846.0,567127.0
121691,University of Redlands,CA,NCAA Division III with football,"Private nonprofit, 4-year or above",705678.0,760925.0,137.0,1498.0,205268.0,1.0,11.0,6709739,6708892,49086.0,19898.0,10.0,33.0,64047.0,100157,2024,2023-24,https://ope.ed.gov/athletics/#/datafile/list,-55247.0,5554.19708029197,555657.0,1147494.0
217484,University of Rhode Island,RI,NCAA Division I-FCS,"Public, 4-year or above",6057821.0,6023322.0,99.0,12749.0,1262150.0,1.0,10.0,37500207,37039351,351694.0,70885.0,6.0,20.0,322861.0,504947,2024,2023-24,https://ope.ed.gov/athletics/#/datafile/list,34499.0,60841.63636363636,4761172.0,3527864.0
233374,University of Richmond,VA,NCAA Division I-FCS,"Private nonprofit, 4-year or above",7969361.0,7969361.0,90.0,13094.0,1178455.0,1.0,10.0,47266585,47266585,377819.0,89021.0,7.0,20.0,393913.0,593677,2024,2023-24,https://ope.ed.gov/athletics/#/datafile/list,0.0,88548.45555555556,6790906.0,4425153.0
195030,University of Rochester,NY,NCAA Division III with football,"Private nonprofit, 4-year or above",549244.0,549244.0,95.0,1831.0,173900.0,1.0,7.0,8177423,8177423,55795.0,25228.0,9.0,18.0,89470.0,139737,2024,2023-24,https://ope.ed.gov/athletics/#/datafile/list,0.0,5781.515789473684,375344.0,956259.0
152336,University of Saint Francis-Fort Wayne,IN,NAIA Division I ,"Private nonprofit, 4-year or above",1762836.0,1715636.0,140.0,1893.0,264974.0,1.0,8.0,7527423,6451012,42243.0,13450.0,9.0,11.0,32194.0,52392,2024,2023-24,https://ope.ed.gov/athletics/#/datafile/list,47200.0,12254.542857142857,1450662.0,528137.0
155812,University of Saint Mary,KS,NAIA Division II ,"Private nonprofit, 4-year or above",709599.0,709599.0,97.0,732.0,70961.0,1.0,6.0,6460723,6460723,33545.0,15749.0,10.0,26.0,22039.0,57508,2024,2023-24,https://ope.ed.gov/athletics/#/datafile/list,0.0,7315.453608247422,638638.0,744924.0
122436,University of San Diego,CA,NCAA Division I-FCS,"Private nonprofit, 4-year or above",2232092.0,2232092.0,96.0,7019.0,673792.0,1.0,12.0,32342967,32342967,229617.0,84228.0,8.0,19.0,361076.0,565561,2024,2023-24,https://ope.ed.gov/athletics/#/datafile/list,0.0,23250.958333333332,1558300.0,3437268.0
219383,University of Sioux Falls,SD,NCAA Division II with football,"Private nonprofit, 4-year or above",2012038.0,2012038.0,108.0,3586.0,387319.0,1.0,11.0,8083298,8015838,60438.0,27277.0,6.0,19.0,68370.0,97376,2024,2023-24,https://ope.ed.gov/athletics/#/datafile/list,0.0,18629.98148148148,1624719.0,880891.0
102094,University of South Alabama,AL,NCAA Division I-FBS,"Public, 4-year or above",14295303.0,14499007.0,122.0,23995.0,2927384.0,1.0,13.0,30591632,30591632,236055.0,72121.0,8.0,36.0,582805.0,821007,2024,2023-24,https://ope.ed.gov/athletics/#/datafile/list,-203704.0,118844.31967213115,11571623.0,4484796.0
218663,University of South Carolina-Columbia,SC,NCAA Division I-FBS,"Public, 4-year or above",78496729.0,47559965.0,117.0,32354.0,3785447.0,1.0,14.0,183652273,183652273,460004.0,248390.0,8.0,38.0,2558812.0,3301919,2024,2023-24,https://ope.ed.gov/athletics/#/datafile/list,30936764.0,406495.4273504274,43774518.0,13118852.0
219471,University of South Dakota,SD,NCAA Division I-FCS,"Public, 4-year or above",4819690.0,4819690.0,120.0,2590.0,310754.0,1.0,12.0,21548929,21548929,149486.0,51895.0,6.0,23.0,250342.0,415937,2024,2023-24,https://ope.ed.gov/athletics/#/datafile/list,0.0,40164.083333333336,4508936.0,2090501.0
137351,University of South Florida,FL,NCAA Division I-FBS,"Public, 4-year or above",31067491.0,31067491.0,119.0,66446.0,7907112.0,1.0,10.0,95425212,95425212,666048.0,164418.0,7.0,25.0,2240004.0,2773343,2024,2023-24,https://ope.ed.gov/athletics/#/datafile/list,0.0,261071.35294117648,23160379.0,8772786.0
123961,University of Southern California,CA,NCAA Division I-FBS,"Private nonprofit, 4-year or above",74868267.0,74868267.0,113.0,39630.0,4478232.0,1.0,14.0,242378198,242378198,1773757.0,294484.0,9.0,43.0,5119176.0,5922264,2024,2023-24,https://ope.ed.gov/athletics/#/datafile/list,0.0,662551.0353982301,70390035.0,28626625.0
176372,University of Southern Mississippi,MS,NCAA Division I-FBS,"Public, 4-year or above",9034727.0,9034727.0,110.0,12224.0,1344680.0,1.0,23.0,28107301,28107301,238234.0,101321.0,7.0,27.0,367205.0,589793,2024,2023-24,https://ope.ed.gov/athletics/#/datafile/list,0.0,82133.88181818182,7690047.0,4403305.0
148584,University of St Francis,IL,NAIA Division I ,"Private nonprofit, 4-year or above",1440410.0,1370814.0,88.0,1555.0,136842.0,1.0,11.0,7280666,7086419,38563.0,7392.0,9.0,27.0,6717.0,9599,2024,2023-24,https://ope.ed.gov/athletics/#/datafile/list,69596.0,15577.431818181818,1233972.0,546651.0
174914,University of St Thomas,MN,NCAA Division I-FCS,"Private nonprofit, 4-year or above",2340223.0,2340223.0,110.0,6143.0,675774.0,1.0,12.0,25339821,25339821,151773.0,39793.0,8.0,30.0,140288.0,241745,2024,2023-24,https://ope.ed.gov/athletics/#/datafile/list,0.0,21274.754545454547,1664449.0,2407974.0
206084,University of Toledo,OH,NCAA Division I-FBS,"Public, 4-year or above",12031877.0,12031877.0,120.0,13034.0,1564127.0,1.0,10.0,37298170,37298170,327760.0,89421.0,6.0,18.0,545584.0,757451,2024,2023-24,https://ope.ed.gov/athletics/#/datafile/list,0.0,100265.64166666666,10467750.0,3576138.0
207971,University of Tulsa,OK,NCAA Division I-FBS,"Private nonprofit, 4-year or above",15815741.0,15815741.0,127.0,15683.0,1991753.0,1.0,12.0,46084367,46084367,300904.0,122857.0,7.0,20.0,458159.0,695620,2024,2023-24,https://ope.ed.gov/athletics/#/datafile/list,0.0,124533.3937007874,13823988.0,4563468.0
230764,University of Utah,UT,NCAA Division I-FBS,"Public, 4-year or above",72804610.0,43371848.0,127.0,56555.0,7182542.0,1.0,10.0,111749094,111749094,1126128.0,366025.0,9.0,28.0,1979263.0,2579530,2024,2023-24,https://ope.ed.gov/athletics/#/datafile/list,29432762.0,341510.6141732283,36189306.0,20383852.0
233897,University of Virginia's College at Wise,VA,NCAA Division II with football,"Public, 4-year or above",1353167.0,1353167.0,108.0,3005.0,324525.0,1.0,19.0,5375071,5375071,46615.0,13130.0,8.0,29.0,32807.0,83157,2024,2023-24,https://ope.ed.gov/athletics/#/datafile/list,0.0,12529.324074074077,1028642.0,753690.0
234076,University of Virginia-Main Campus,VA,NCAA Division I-FBS,"Public, 4-year or above",45794222.0,30394907.0,128.0,46571.0,5961091.0,1.0,14.0,134608065,134608065,1034423.0,180661.0,11.0,42.0,2035771.0,2644598,2024,2023-24,https://ope.ed.gov/athletics/#/datafile/list,15399315.0,237460.2109375,24433816.0,18966415.0
236948,University of Washington-Seattle Campus,WA,NCAA Division I-FBS,"Public, 4-year or above",127773249.0,75962361.0,123.0,175380.0,21571798.0,1.0,10.0,187686516,187686516,1362570.0,384398.0,8.0,28.0,3620674.0,4244472,2024,2023-24,https://ope.ed.gov/athletics/#/datafile/list,51810888.0,617580.1707317074,54390563.0,21663704.0
101587,University of West Alabama,AL,NCAA Division II with football,"Public, 4-year or above",2403982.0,2415641.0,105.0,2734.0,287036.0,1.0,11.0,9802076,9697700,70757.0,34813.0,6.0,19.0,79585.0,119301,2024,2023-24,https://ope.ed.gov/athletics/#/datafile/list,-11659.0,23006.10476190476,2128605.0,1085989.0
141334,University of West Georgia,GA,NCAA Division II with football,"Public, 4-year or above",2244720.0,2244720.0,144.0,2448.0,352541.0,1.0,11.0,10334036,10334036,97142.0,31890.0,5.0,22.0,87846.0,148212,2024,2023-24,https://ope.ed.gov/athletics/#/datafile/list,0.0,15588.333333333334,1892179.0,1187290.0
240268,University of Wisconsin-Eau Claire,WI,NCAA Division III with football,"Public, 4-year or above",985307.0,969631.0,116.0,2301.0,266970.0,1.0,8.0,6877794,6877794,41113.0,6775.0,12.0,57.0,42587.0,75396,2024,2023-24,https://ope.ed.gov/athletics/#/datafile/list,15676.0,8358.887931034482,702661.0,879531.0
240329,University of Wisconsin-La Crosse,WI,NCAA Division III with football,"Public, 4-year or above",788623.0,686467.0,115.0,1740.0,200075.0,1.0,27.0,7475147,6703575,48078.0,11389.0,9.0,41.0,25443.0,48204,2024,2023-24,https://ope.ed.gov/athletics/#/datafile/list,102156.0,5969.278260869565,486392.0,899651.0
240444,University of Wisconsin-Madison,WI,NCAA Division I-FBS,"Public, 4-year or above",106732837.0,42297448.0,124.0,56907.0,7056460.0,1.0,15.0,183762847,172873023,1332698.0,198231.0,10.0,45.0,2012068.0,2703041,2024,2023-24,https://ope.ed.gov/athletics/#/datafile/list,64435389.0,341108.4516129032,35240988.0,22247375.0
240365,University of Wisconsin-Oshkosh,WI,NCAA Division III with football,"Public, 4-year or above",900764.0,658387.0,124.0,1327.0,164543.0,1.0,15.0,5783716,5219141,47231.0,29565.0,7.0,8.0,25884.0,40371,2024,2023-24,https://ope.ed.gov/athletics/#/datafile/list,242377.0,5309.572580645161,493844.0,567137.0
240462,University of Wisconsin-Platteville,WI,NCAA Division III with football,"Public, 4-year or above",1091824.0,1111000.0,116.0,1871.0,216993.0,1.0,13.0,6303947,5429277,54029.0,17877.0,7.0,28.0,58622.0,75856,2024,2023-24,https://ope.ed.gov/athletics/#/datafile/list,-19176.0,9577.586206896553,894007.0,878759.0
240471,University of Wisconsin-River Falls,WI,NCAA Division III with football,"Public, 4-year or above",581942.0,581942.0,119.0,1214.0,144469.0,1.0,15.0,4307948,4307948,51614.0,10320.0,5.0,19.0,25563.0,42601,2024,2023-24,https://ope.ed.gov/athletics/#/datafile/list,0.0,4890.268907563025,437473.0,454150.0
240480,University of Wisconsin-Stevens Point,WI,NCAA Division III with football,"Public, 4-year or above",527637.0,560159.0,132.0,1172.0,154767.0,1.0,18.0,4800925,4800897,39999.0,10887.0,12.0,41.0,33099.0,71850,2024,2023-24,https://ope.ed.gov/athletics/#/datafile/list,-32522.0,4243.628787878788,405392.0,926355.0
240417,University of Wisconsin-Stout,WI,NCCAA Division II ,"Public, 4-year or above",591292.0,591292.0,113.0,1064.0,120203.0,1.0,9.0,5068687,5068687,42111.0,13882.0,8.0,24.0,28525.0,50421,2024,2023-24,https://ope.ed.gov/athletics/#/datafile/list,0.0,5232.672566371682,471089.0,670056.0
240189,University of Wisconsin-Whitewater,WI,NCAA Division III with football,"Public, 4-year or above",709190.0,693165.0,107.0,492.0,52600.0,1.0,8.0,4865233,4814849,31842.0,10630.0,10.0,26.0,2700.0,5500,2024,2023-24,https://ope.ed.gov/athletics/#/datafile/list,16025.0,6478.177570093458,640565.0,594800.0
240727,University of Wyoming,WY,NCAA Division I-FBS,"Public, 4-year or above",18588805.0,15712482.0,116.0,12557.0,1456632.0,1.0,14.0,53042120,53042120,502130.0,91384.0,6.0,33.0,834487.0,1045025,2024,2023-24,https://ope.ed.gov/athletics/#/datafile/list,2876323.0,135452.43103448275,14255850.0,6028452.0
156541,University of the Cumberlands,KY,NAIA Division I ,"Private nonprofit, 4-year or above",1384617.0,1384617.0,75.0,2787.0,209047.0,1.0,9.0,11699955,11699955,57063.0,44088.0,11.0,14.0,88161.0,134222,2024,2023-24,https://ope.ed.gov/athletics/#/datafile/list,0.0,18461.56,1175570.0,1244925.0
225627,University of the Incarnate Word,TX,NCAA Division I-FCS,"Private nonprofit, 4-year or above",6248332.0,6248332.0,104.0,8899.0,925457.0,1.0,10.0,24959864,24959864,100391.0,50382.0,9.0,23.0,128808.0,202507,2024,2023-24,https://ope.ed.gov/athletics/#/datafile/list,0.0,60080.11538461538,5322875.0,2062305.0
154493,Upper Iowa University,IA,NCAA Division II with football,"Private nonprofit, 4-year or above",1530933.0,1538705.0,111.0,1205.0,133794.0,1.0,7.0,7283835,6997845,64435.0,26491.0,6.0,16.0,47514.0,72898,2024,2023-24,https://ope.ed.gov/athletics/#/datafile/list,-7772.0,13862.207207207208,1404911.0,810466.0
216524,Ursinus College,PA,NCAA Division III with football,"Private nonprofit, 4-year or above",582112.0,582112.0,145.0,908.0,131644.0,1.0,8.0,5524377,5524377,52191.0,10108.0,10.0,34.0,36649.0,63907,2024,2023-24,https://ope.ed.gov/athletics/#/datafile/list,0.0,4014.565517241379,450468.0,865582.0
230728,Utah State University,UT,NCAA Division I-FBS,"Public, 4-year or above",17406324.0,17406324.0,115.0,17115.0,1968271.0,1.0,14.0,42936608,42936608,508825.0,118482.0,5.0,27.0,516618.0,789856,2024,2023-24,https://ope.ed.gov/athletics/#/datafile/list,0.0,151359.3391304348,15438053.0,5743139.0
230171,Utah Tech University,UT,NCAA Division I-FCS,"Public, 4-year or above",4301571.0,4301571.0,106.0,11896.0,1260933.0,1.0,11.0,18137527,18137527,125171.0,49114.0,6.0,20.0,246550.0,375548,2024,2023-24,https://ope.ed.gov/athletics/#/datafile/list,0.0,40580.85849056604,3040638.0,1733306.0
197045,Utica University,NY,NCAA Division III with football,"Private nonprofit, 4-year or above",797702.0,787061.0,178.0,1087.0,193452.0,1.0,11.0,6604451,6285857,56091.0,11265.0,11.0,28.0,78700.0,128488,2024,2023-24,https://ope.ed.gov/athletics/#/datafile/list,10641.0,4421.691011235955,593609.0,932421.0
141264,Valdosta State University,GA,NCAA Division II with football,"Public, 4-year or above",1719180.0,1719180.0,169.0,1978.0,334226.0,1.0,6.0,9428505,7872376,69941.0,44990.0,6.0,9.0,129649.0,146466,2024,2023-24,https://ope.ed.gov/athletics/#/datafile/list,0.0,10172.662721893492,1384954.0,824556.0
200572,Valley City State University,ND,NAIA Division II ,"Public, 4-year or above",980214.0,842579.0,102.0,1480.0,150969.0,1.0,6.0,4173488,3539880,49651.0,23964.0,6.0,12.0,26401.0,32070,2024,2023-24,https://ope.ed.gov/athletics/#/datafile/list,137635.0,8260.578431372549,691610.0,585474.0
152600,Valparaiso University,IN,NCAA Division I-FCS,"Private nonprofit, 4-year or above",1475327.0,1489722.0,122.0,3415.0,416578.0,1.0,7.0,16419261,16335955,138459.0,54095.0,6.0,14.0,169089.0,260586,2024,2023-24,https://ope.ed.gov/athletics/#/datafile/list,-14395.0,12210.83606557377,1073144.0,1588084.0
221999,Vanderbilt University,TN,NCAA Division I-FBS,"Private nonprofit, 4-year or above",43613902.0,43613902.0,117.0,59619.0,6975371.0,1.0,10.0,140707218,140707218,1824466.0,291033.0,6.0,24.0,2904662.0,3873391,2024,2023-24,https://ope.ed.gov/athletics/#/datafile/list,0.0,372768.3931623932,36638531.0,17931588.0
125028,Ventura College,CA,CCCAA,"Public, 2-year",349825.0,335118.0,76.0,985.0,74843.0,1.0,13.0,2770904,2693991,28446.0,9828.0,9.0,28.0,0.0,0,2024,2023-24,https://ope.ed.gov/athletics/#/datafile/list,14707.0,4409.4473684210525,260275.0,531198.0
231165,Vermont State University,VT,Other ,"Public, 4-year or above",398064.0,385951.0,106.0,1007.0,106746.0,1.0,9.0,7069830,4537054,39712.0,5452.0,28.0,43.0,36009.0,54616,2024,2023-24,https://ope.ed.gov/athletics/#/datafile/list,12113.0,3641.0471698113206,279205.0,1346372.0
125091,Victor Valley College,CA,CCCAA,"Public, 2-year",240781.0,198540.0,60.0,378.0,22694.0,1.0,7.0,1777570,1628770,16250.0,6989.0,8.0,18.0,0.0,0,2024,2023-24,https://ope.ed.gov/athletics/#/datafile/list,42241.0,3309.0,175846.0,255802.0
216597,Villanova University,PA,NCAA Division I-FCS,"Private nonprofit, 4-year or above",8414668.0,8414668.0,96.0,12664.0,1215745.0,1.0,13.0,60998084,60998084,384302.0,92577.0,9.0,27.0,516438.0,785816,2024,2023-24,https://ope.ed.gov/athletics/#/datafile/list,0.0,87652.79166666667,7198923.0,5958297.0
234085,Virginia Military Institute,VA,NCAA Division I-FCS,"Public, 4-year or above",5018787.0,5018787.0,146.0,3666.0,535285.0,1.0,12.0,19155089,19155089,96995.0,46458.0,9.0,26.0,132610.0,149950,2024,2023-24,https://ope.ed.gov/athletics/#/datafile/list,0.0,34375.25342465754,4483502.0,2080863.0
233921,Virginia Polytechnic Institute and State University,VA,NCAA Division I-FBS,"Public, 4-year or above",77050782.0,38930135.0,126.0,63736.0,8030711.0,1.0,10.0,139458791,126337823,1009951.0,181899.0,9.0,43.0,2179443.0,2696619,2024,2023-24,https://ope.ed.gov/athletics/#/datafile/list,38120647.0,308969.3253968254,30899424.0,16911216.0
234155,Virginia State University,VA,NCAA Division II with football,"Public, 4-year or above",1762897.0,1762897.0,137.0,1373.0,188094.0,1.0,10.0,8552806,8552806,67924.0,28531.0,7.0,16.0,15045.0,19740,2024,2023-24,https://ope.ed.gov/athletics/#/datafile/list,0.0,12867.861313868612,1574803.0,931964.0
234164,Virginia Union University,VA,NCAA Division II with football,"Private nonprofit, 4-year or above",1597382.0,1448417.0,107.0,2531.0,270804.0,1.0,10.0,5132612,4964492,38917.0,23559.0,6.0,17.0,34695.0,53176,2024,2023-24,https://ope.ed.gov/athletics/#/datafile/list,148965.0,13536.607476635514,1177613.0,634005.0
234137,Virginia University of Lynchburg,VA,NCCAA Division I ,"Private nonprofit, 4-year or above",598500.0,517894.0,103.0,1681.0,173123.0,1.0,10.0,840510,640777,42000.0,5370.0,3.0,11.0,3200.0,6400,2024,2023-24,https://ope.ed.gov/athletics/#/datafile/list,80606.0,5028.097087378641,344771.0,185070.0
197197,Wagner College,NY,NCAA Division I-FCS,"Private nonprofit, 4-year or above",4649007.0,4649007.0,131.0,4136.0,541824.0,1.0,9.0,22415885,22415885,62383.0,25162.0,10.0,25.0,162711.0,205091,2024,2023-24,https://ope.ed.gov/athletics/#/datafile/list,0.0,35488.603053435116,4107183.0,1252880.0
199847,Wake Forest University,NC,NCAA Division I-FBS,"Private nonprofit, 4-year or above",32478209.0,32478209.0,126.0,27685.0,3488313.0,1.0,10.0,102342890,102342890,1351958.0,268708.0,7.0,28.0,1312639.0,1863274,2024,2023-24,https://ope.ed.gov/athletics/#/datafile/list,0.0,257763.5634920635,28989896.0,16987530.0
154518,Waldorf University,IA,NAIA Division I ,"Private for-profit, 4-year or above",2231747.0,2190682.0,114.0,893.0,101815.0,1.0,9.0,10520683,10280840,30636.0,15442.0,11.0,22.0,28603.0,54194,2024,2023-24,https://ope.ed.gov/athletics/#/datafile/list,41065.0,19216.508771929824,2088867.0,676720.0
206437,Walsh University,OH,NCAA Division II with football,"Private nonprofit, 4-year or above",1787711.0,1743001.0,126.0,2006.0,252702.0,1.0,9.0,10170537,9332541,53208.0,15376.0,8.0,26.0,31269.0,46531,2024,2023-24,https://ope.ed.gov/athletics/#/datafile/list,44710.0,13833.34126984127,1490299.0,825440.0
138275,Warner University,FL,NAIA Division I ,"Private nonprofit, 4-year or above",635270.0,653071.0,118.0,2238.0,264069.0,1.0,5.0,3712470,2571192,46022.0,33907.0,8.0,7.0,15690.0,27330,2024,2023-24,https://ope.ed.gov/athletics/#/datafile/list,-17801.0,5534.5,389002.0,605525.0
154527,Wartburg College,IA,NCAA Division III with football,"Private nonprofit, 4-year or above",519083.0,519083.0,153.0,826.0,126331.0,1.0,10.0,5283577,5283577,37581.0,13641.0,11.0,33.0,99245.0,174694,2024,2023-24,https://ope.ed.gov/athletics/#/datafile/list,0.0,3392.699346405229,392752.0,863544.0
156082,Washburn University,KS,NCAA Division II with football,"Public, 4-year or above",2399704.0,2399704.0,133.0,1872.0,248994.0,1.0,12.0,10492123,10492123,84914.0,29690.0,6.0,24.0,78077.0,105047,2024,2023-24,https://ope.ed.gov/athletics/#/datafile/list,0.0,18042.88721804511,2150710.0,1222044.0
216667,Washington & Jefferson College,PA,NCAA Division III with football,"Private nonprofit, 4-year or above",552203.0,518718.0,143.0,1051.0,150225.0,1.0,7.0,3526882,3497272,41808.0,11383.0,11.0,20.0,36416.0,60233,2024,2023-24,https://ope.ed.gov/athletics/#/datafile/list,33485.0,3627.3986013986014,368493.0,687548.0
236939,Washington State University,WA,NCAA Division I-FBS,"Public, 4-year or above",57025563.0,20256043.0,134.0,29864.0,4001763.0,1.0,14.0,89041553,78538161,914630.0,221647.0,5.0,23.0,1192046.0,1850035,2024,2023-24,https://ope.ed.gov/athletics/#/datafile/list,36769520.0,151164.5,16254280.0,9671031.0
179867,Washington University in St Louis,MO,NCAA Division III with football,"Private nonprofit, 4-year or above",870399.0,820339.0,109.0,1501.0,163647.0,1.0,9.0,12342838,11586931,94635.0,14420.0,7.0,34.0,59802.0,108213,2024,2023-24,https://ope.ed.gov/athletics/#/datafile/list,50060.0,7526.045871559633,656692.0,1152725.0
234207,Washington and Lee University,VA,NCAA Division III with football,"Private nonprofit, 4-year or above",550988.0,550988.0,84.0,1495.0,125581.0,1.0,9.0,7354543,7245944,60240.0,27421.0,12.0,20.0,42888.0,56366,2024,2023-24,https://ope.ed.gov/athletics/#/datafile/list,0.0,6559.380952380952,425407.0,1271300.0
229780,Wayland Baptist University,TX,NAIA Division I ,"Private nonprofit, 4-year or above",1138330.0,1138330.0,131.0,2112.0,276672.0,1.0,7.0,7465891,7465891,44456.0,25454.0,7.0,21.0,24186.0,39608,2024,2023-24,https://ope.ed.gov/athletics/#/datafile/list,0.0,8689.541984732825,861658.0,845726.0
181783,Wayne State College,NE,NCAA Division II with football,"Public, 4-year or above",1467391.0,1467391.0,102.0,2956.0,301501.0,1.0,8.0,6884354,6884354,80397.0,29517.0,4.0,17.0,55542.0,102695,2024,2023-24,https://ope.ed.gov/athletics/#/datafile/list,0.0,14386.186274509804,1165890.0,823377.0
172644,Wayne State University,MI,NCAA Division II with football,"Public, 4-year or above",2554349.0,2554349.0,101.0,3395.0,342890.0,1.0,14.0,14822060,14822060,93147.0,42281.0,8.0,16.0,53830.0,69640,2024,2023-24,https://ope.ed.gov/athletics/#/datafile/list,0.0,25290.58415841584,2211459.0,1421672.0
216694,Waynesburg University,PA,NCAA Division III with football,"Private nonprofit, 4-year or above",475022.0,475022.0,122.0,727.0,88708.0,1.0,8.0,2040314,2040314,21973.0,9409.0,10.0,24.0,24603.0,43141,2024,2023-24,https://ope.ed.gov/athletics/#/datafile/list,0.0,3893.622950819672,386314.0,445546.0
138293,Webber International University,FL,NAIA Division I ,"Private nonprofit, 4-year or above",2571887.0,2492244.0,63.0,1191.0,75017.0,1.0,12.0,12245706,11887562,33440.0,16021.0,13.0,23.0,17029.0,29646,2024,2023-24,https://ope.ed.gov/athletics/#/datafile/list,79643.0,39559.42857142857,2417227.0,803203.0
230782,Weber State University,UT,NCAA Division I-FCS,"Public, 4-year or above",4685738.0,4685738.0,109.0,9107.0,992716.0,1.0,11.0,18344302,18284425,111717.0,59912.0,5.0,18.0,202536.0,320906,2024,2023-24,https://ope.ed.gov/athletics/#/datafile/list,0.0,42988.422018348625,3693022.0,1637001.0
130697,Wesleyan University,CT,NCAA Division III with football,"Private nonprofit, 4-year or above",997223.0,812413.0,99.0,876.0,86694.0,1.0,8.0,13985441,9561118,89679.0,12112.0,14.0,39.0,52404.0,106327,2024,2023-24,https://ope.ed.gov/athletics/#/datafile/list,184810.0,8206.191919191919,725719.0,1727874.0
216764,West Chester University of Pennsylvania,PA,NCAA Division II with football,"Public, 4-year or above",1513105.0,1335813.0,106.0,2170.0,229994.0,1.0,9.0,10747314,9780496,70930.0,26887.0,8.0,18.0,22713.0,39180,2024,2023-24,https://ope.ed.gov/athletics/#/datafile/list,177292.0,12602.009433962265,1105819.0,1051406.0
237932,West Liberty University,WV,NCAA Division II with football,"Public, 4-year or above",1571774.0,1571774.0,99.0,1356.0,134252.0,1.0,9.0,6065435,6065435,54504.0,13476.0,7.0,25.0,11707.0,19549,2024,2023-24,https://ope.ed.gov/athletics/#/datafile/list,0.0,15876.505050505051,1437522.0,718428.0
125471,West Los Angeles College,CA,CCCAA,"Public, 2-year",125858.0,122753.0,55.0,723.0,39756.0,1.0,7.0,868620,868620,17900.0,13820.0,5.0,14.0,0.0,0,2024,2023-24,https://ope.ed.gov/athletics/#/datafile/list,3105.0,2231.8727272727274,82997.0,282980.0
229814,West Texas A & M University,TX,NCAA Division II with football,"Public, 4-year or above",1962729.0,1962729.0,141.0,2497.0,352025.0,1.0,10.0,12421742,12421742,90011.0,39309.0,7.0,19.0,119400.0,176354,2024,2023-24,https://ope.ed.gov/athletics/#/datafile/list,0.0,13920.063829787234,1610704.0,1376948.0
237899,West Virginia State University,WV,NCAA Division II with football,"Public, 4-year or above",1991673.0,1915011.0,115.0,1210.0,139154.0,1.0,11.0,5700340,5700340,52836.0,18231.0,6.0,19.0,16251.0,37363,2024,2023-24,https://ope.ed.gov/athletics/#/datafile/list,76662.0,16652.26956521739,1775857.0,663405.0
238032,West Virginia University,WV,NCAA Division I-FBS,"Public, 4-year or above",44818776.0,23220348.0,116.0,42441.0,4923156.0,1.0,10.0,106013297,106013297,382478.0,218205.0,7.0,24.0,1286773.0,1901845,2024,2023-24,https://ope.ed.gov/athletics/#/datafile/list,21598428.0,200175.41379310345,18297192.0,7914266.0
237969,West Virginia Wesleyan College,WV,NCAA Division II with football,"Private nonprofit, 4-year or above",876337.0,876337.0,107.0,1848.0,197703.0,1.0,6.0,4341115,4341115,31369.0,16827.0,8.0,13.0,29914.0,49113,2024,2023-24,https://ope.ed.gov/athletics/#/datafile/list,0.0,8190.065420560748,678634.0,469703.0
200004,Western Carolina University,NC,NCAA Division I-FCS,"Public, 4-year or above",4980032.0,4980032.0,123.0,4935.0,607044.0,1.0,13.0,16052292,16052292,186243.0,44633.0,5.0,24.0,142152.0,241402,2024,2023-24,https://ope.ed.gov/athletics/#/datafile/list,0.0,40488.06504065041,4372988.0,2002407.0
128391,Western Colorado University,CO,NCAA Division II with football,"Public, 4-year or above",1990817.0,1990817.0,127.0,1818.0,230866.0,1.0,8.0,7864970,7864970,63572.0,22134.0,5.0,15.0,70412.0,112354,2024,2023-24,https://ope.ed.gov/athletics/#/datafile/list,0.0,15675.72440944882,1759951.0,649870.0
130776,Western Connecticut State University,CT,NCAA Division III with football,"Public, 4-year or above",674494.0,674494.0,115.0,1606.0,184679.0,1.0,8.0,5347367,5347367,68374.0,14815.0,9.0,23.0,4017.0,10793,2024,2023-24,https://ope.ed.gov/athletics/#/datafile/list,0.0,5865.165217391304,489815.0,956111.0
149772,Western Illinois University,IL,NCAA Division I-FCS,"Public, 4-year or above",3891295.0,3891295.0,117.0,964.0,112732.0,1.0,14.0,13827702,13827702,99194.0,53513.0,6.0,16.0,101509.0,143592,2024,2023-24,https://ope.ed.gov/athletics/#/datafile/list,0.0,33258.931623931625,3778563.0,1451372.0
157951,Western Kentucky University,KY,NCAA Division I-FBS,"Public, 4-year or above",11025519.0,11025519.0,117.0,20701.0,2422036.0,1.0,10.0,36875120,36875120,462734.0,113008.0,5.0,22.0,452574.0,598371,2024,2023-24,https://ope.ed.gov/athletics/#/datafile/list,0.0,94235.20512820513,8603483.0,4799846.0
172699,Western Michigan University,MI,NCAA Division I-FBS,"Public, 4-year or above",9231882.0,9231882.0,113.0,14001.0,1582166.0,1.0,10.0,40487398,40487398,319939.0,94170.0,6.0,21.0,734701.0,880396,2024,2023-24,https://ope.ed.gov/athletics/#/datafile/list,0.0,81698.07079646018,7649716.0,3897204.0
168254,Western New England University,MA,NCAA Division III with football,"Private nonprofit, 4-year or above",713056.0,713056.0,127.0,2966.0,376737.0,1.0,9.0,5611605,5152592,49524.0,6930.0,10.0,31.0,26962.0,47300,2024,2023-24,https://ope.ed.gov/athletics/#/datafile/list,0.0,5614.614173228347,336319.0,710070.0
188304,Western New Mexico University,NM,NCAA Division II with football,"Public, 4-year or above",1666239.0,1621954.0,100.0,2853.0,285284.0,1.0,9.0,5347096,5270870,45314.0,45892.0,6.0,7.0,61905.0,94337,2024,2023-24,https://ope.ed.gov/athletics/#/datafile/list,44285.0,16219.54,1336670.0,593128.0
210429,Western Oregon University,OR,NCAA Division II with football,"Public, 4-year or above",2087291.0,2087291.0,129.0,5252.0,677565.0,1.0,5.0,8626225,8626225,58263.0,31087.0,7.0,12.0,57810.0,102617,2024,2023-24,https://ope.ed.gov/athletics/#/datafile/list,0.0,16180.5503875969,1409726.0,780885.0
168263,Westfield State University,MA,NCAA Division III with football,"Public, 4-year or above",218322.0,213801.0,99.0,1370.0,135665.0,1.0,10.0,3332241,3288273,24848.0,2981.0,8.0,19.0,10445.0,16381,2024,2023-24,https://ope.ed.gov/athletics/#/datafile/list,4521.0,2159.6060606060605,78136.0,255423.0
179946,Westminster College,MO,NCAA Division III with football,"Private nonprofit, 4-year or above",406318.0,406318.0,64.0,1875.0,119986.0,1.0,4.0,2211263,2211263,40725.0,21530.0,8.0,12.0,8488.0,17269,2024,2023-24,https://ope.ed.gov/athletics/#/datafile/list,0.0,6348.71875,286332.0,584160.0
216807,Westminster College,PA,NCAA Division III with football,"Private nonprofit, 4-year or above",627462.0,627462.0,115.0,1994.0,229362.0,1.0,12.0,3199764,3199764,30958.0,5815.0,11.0,29.0,68162.0,88112,2024,2023-24,https://ope.ed.gov/athletics/#/datafile/list,0.0,5456.191304347826,398100.0,509173.0
149781,Wheaton College,IL,NCAA Division III with football,"Private nonprofit, 4-year or above",814294.0,814294.0,114.0,1874.0,213665.0,1.0,10.0,5306294,5306294,58170.0,18703.0,9.0,24.0,102761.0,130896,2024,2023-24,https://ope.ed.gov/athletics/#/datafile/list,0.0,7142.929824561404,600629.0,972402.0
238078,Wheeling University,WV,NCAA Division II with football,"Private nonprofit, 4-year or above",1836639.0,1836639.0,142.0,1115.0,158373.0,1.0,7.0,6202871,6197671,46285.0,40214.0,11.0,7.0,48382.0,81988,2024,2023-24,https://ope.ed.gov/athletics/#/datafile/list,0.0,12934.077464788732,1678266.0,790633.0
237066,Whitworth University,WA,NCAA Division III with football,"Private nonprofit, 4-year or above",1025862.0,856204.0,114.0,1917.0,218587.0,1.0,12.0,5517180,4950445,50219.0,8974.0,10.0,43.0,49231.0,63887,2024,2023-24,https://ope.ed.gov/athletics/#/datafile/list,169658.0,7510.561403508772,637617.0,888072.0
216852,Widener University,PA,NCAA Division III with football,"Private nonprofit, 4-year or above",551969.0,527282.0,102.0,379.0,38681.0,1.0,8.0,4869822,4547150,46822.0,7930.0,10.0,40.0,21208.0,32955,2024,2023-24,https://ope.ed.gov/athletics/#/datafile/list,24687.0,5169.431372549019,488601.0,785420.0
216931,Wilkes University,PA,NCAA Division III with football,"Private nonprofit, 4-year or above",636905.0,636905.0,128.0,1190.0,152336.0,1.0,12.0,4720137,4720137,48931.0,10667.0,12.0,25.0,56354.0,85256,2024,2023-24,https://ope.ed.gov/athletics/#/datafile/list,0.0,4975.8203125,484569.0,853847.0
210401,Willamette University,OR,NCAA Division III with football,"Private nonprofit, 4-year or above",664333.0,664333.0,78.0,1954.0,152404.0,1.0,7.0,3997628,3997628,42750.0,15379.0,9.0,24.0,32228.0,51496,2024,2023-24,https://ope.ed.gov/athletics/#/datafile/list,0.0,8517.089743589744,511929.0,753846.0
231624,William & Mary,VA,NCAA Division I-FCS,"Public, 4-year or above",5195664.0,8568427.0,100.0,12626.0,1262581.0,1.0,10.0,36410832,30794145,220370.0,103011.0,10.0,24.0,248526.0,412888,2024,2023-24,https://ope.ed.gov/athletics/#/datafile/list,-3372763.0,85684.27,7305846.0,4675964.0
179955,William Jewell College,MO,NCAA Division II with football,"Private nonprofit, 4-year or above",1569014.0,1536765.0,100.0,1772.0,177245.0,1.0,11.0,8144839,8115249,49079.0,31663.0,10.0,18.0,31930.0,54227,2024,2023-24,https://ope.ed.gov/athletics/#/datafile/list,32249.0,15367.65,1359520.0,1060724.0
187444,William Paterson University of New Jersey,NJ,NCAA Division III with football,"Public, 4-year or above",339625.0,331115.0,78.0,1017.0,79288.0,1.0,9.0,3278205,3218299,50481.0,8166.0,6.0,19.0,6651.0,18342,2024,2023-24,https://ope.ed.gov/athletics/#/datafile/list,8510.0,4245.0641025641025,251827.0,458040.0
154590,William Penn University,IA,NAIA Division I ,"Private nonprofit, 4-year or above",2606668.0,2605482.0,121.0,1013.0,122573.0,1.0,7.0,18137790,18104835,51450.0,15367.0,13.0,40.0,41035.0,83385,2024,2023-24,https://ope.ed.gov/athletics/#/datafile/list,1186.0,21532.909090909092,2482909.0,1283530.0
168342,Williams College,MA,NCAA Division III with football,"Private nonprofit, 4-year or above",688163.0,688163.0,75.0,1141.0,85557.0,1.0,8.0,12939158,12939158,65964.0,22536.0,16.0,30.0,79837.0,134317,2024,2023-24,https://ope.ed.gov/athletics/#/datafile/list,0.0,9175.506666666666,602606.0,1731504.0
206507,Wilmington College,OH,NCAA Division III with football,"Private nonprofit, 4-year or above",396163.0,383971.0,111.0,968.0,107464.0,1.0,7.0,2273101,2009484,39892.0,12111.0,10.0,21.0,13352.0,21375,2024,2023-24,https://ope.ed.gov/athletics/#/datafile/list,12192.0,3459.198198198198,276507.0,653251.0
199962,Wingate University,NC,NCAA Division II with football,"Private nonprofit, 4-year or above",1868995.0,1738073.0,189.0,610.0,115325.0,1.0,10.0,13232464,12073396,55123.0,19798.0,10.0,26.0,49221.0,85648,2024,2023-24,https://ope.ed.gov/athletics/#/datafile/list,130922.0,9196.15343915344,1622748.0,1065978.0
175272,Winona State University,MN,NCAA Division II with football,"Public, 4-year or above",1650246.0,1650246.0,122.0,1865.0,227510.0,1.0,10.0,6971687,6971687,69046.0,26063.0,5.0,16.0,34191.0,60636,2024,2023-24,https://ope.ed.gov/athletics/#/datafile/list,0.0,13526.606557377048,1422736.0,762238.0
199999,Winston-Salem State University,NC,NCAA Division II with football,"Public, 4-year or above",1925126.0,1638554.0,96.0,2264.0,217340.0,1.0,5.0,4756160,4361892,62501.0,48685.0,4.0,9.0,8520.0,13644,2024,2023-24,https://ope.ed.gov/athletics/#/datafile/list,286572.0,17068.270833333332,1421214.0,688169.0
240338,Wisconsin Lutheran College,WI,NCAA Division III with football,"Private nonprofit, 4-year or above",500197.0,494260.0,112.0,1293.0,144782.0,1.0,13.0,3643539,3494736,31383.0,6658.0,10.0,45.0,47432.0,65164,2024,2023-24,https://ope.ed.gov/athletics/#/datafile/list,5937.0,4413.035714285715,349478.0,613440.0
206525,Wittenberg University,OH,NCAA Division III with football,"Private nonprofit, 4-year or above",811594.0,811594.0,147.0,682.0,100213.0,1.0,8.0,6388767,6388767,47713.0,27044.0,11.0,27.0,62738.0,88863,2024,2023-24,https://ope.ed.gov/athletics/#/datafile/list,0.0,5521.047619047619,711381.0,1255031.0
218973,Wofford College,SC,NCAA Division I-FCS,"Private nonprofit, 4-year or above",6979374.0,6979374.0,122.0,5643.0,688449.0,1.0,10.0,29366387,29366387,131434.0,63096.0,7.0,17.0,151454.0,224724,2024,2023-24,https://ope.ed.gov/athletics/#/datafile/list,0.0,57207.983606557376,6290925.0,1992670.0
168421,Worcester Polytechnic Institute,MA,NCAA Division III with football,"Private nonprofit, 4-year or above",606667.0,552103.0,106.0,1248.0,132296.0,1.0,8.0,5467789,4965947,69173.0,9892.0,9.0,29.0,34073.0,49877,2024,2023-24,https://ope.ed.gov/athletics/#/datafile/list,54564.0,5208.518867924528,419807.0,909425.0
168430,Worcester State University,MA,NCAA Division III with football,"Public, 4-year or above",236566.0,235587.0,93.0,1130.0,105070.0,1.0,6.0,2565004,2563828,14406.0,2998.0,9.0,24.0,2853.0,6340,2024,2023-24,https://ope.ed.gov/athletics/#/datafile/list,979.0,2533.1935483870966,130517.0,201606.0
130794,Yale University,CT,NCAA Division I-FCS,"Private nonprofit, 4-year or above",9981379.0,9662350.0,119.0,14443.0,1718707.0,1.0,9.0,84593440,77124108,170021.0,66077.0,17.0,37.0,1005608.0,1428834,2024,2023-24,https://ope.ed.gov/athletics/#/datafile/list,319029.0,81196.21848739496,7943643.0,5335206.0
206695,Youngstown State University,OH,NCAA Division I-FCS,"Public, 4-year or above",4968090.0,4968090.0,123.0,8289.0,1019595.0,1.0,12.0,21696473,21696473,155917.0,37739.0,7.0,30.0,201414.0,332046,2024,2023-24,https://ope.ed.gov/athletics/#/datafile/list,0.0,40390.9756097561,3948495.0,2223589.0
126119,Yuba College,CA,CCCAA,"Public, 2-year",141307.0,141307.0,60.0,1484.0,89031.0,1.0,5.0,939210,939210,32305.0,3333.0,5.0,12.0,0.0,0,2024,2023-24,https://ope.ed.gov/athletics/#/datafile/list,0.0,2355.116666666667,52276.0,201521.0
222178,Abilene Christian University,TX,NCAA Division I-FCS,"Private nonprofit, 4-year or above",7248655.0,7019715.0,105.0,10512.0,1103811.0,1.0,10.0,23809978,23809978,181116.0,59554.0,6.0,20.0,254901.0,395935,2023,2022-23,https://ope.ed.gov/athletics/#/datafile/list,228940.0,66854.42857142857,5915904.0,2277776.0
126182,Adams State University,CO,NCAA Division II with football,"Public, 4-year or above",1124559.0,1124559.0,120.0,2376.0,285111.0,1.0,4.0,6808822,6808822,53142.0,14344.0,10.0,21.0,41017.0,82166,2023,2022-23,https://ope.ed.gov/athletics/#/datafile/list,0.0,9371.325,839448.0,832644.0
168528,Adrian College,MI,NCAA Division III with football,"Private nonprofit, 4-year or above",340364.0,340364.0,182.0,470.0,85590.0,1.0,9.0,4264619,4264619,30667.0,13169.0,13.0,23.0,48100.0,101143,2023,2022-23,https://ope.ed.gov/athletics/#/datafile/list,0.0,1870.131868131868,254774.0,701558.0
100654,Alabama A & M University,AL,NCAA Division I-FCS,"Public, 4-year or above",3852349.0,3852349.0,112.0,5886.0,659286.0,1.0,10.0,11320919,11320919,78772.0,60357.0,7.0,13.0,0.0,0,2023,2022-23,https://ope.ed.gov/athletics/#/datafile/list,0.0,34395.97321428572,3193063.0,1336045.0
100724,Alabama State University,AL,NCAA Division I-FCS,"Public, 4-year or above",4196270.0,4196270.0,127.0,7434.0,944087.0,1.0,11.0,14444678,14444678,120506.0,61038.0,6.0,21.0,306202.0,379741,2023,2022-23,https://ope.ed.gov/athletics/#/datafile/list,0.0,33041.496062992126,3252183.0,2004834.0
138716,Albany State University,GA,NCAA Division II with football,"Public, 4-year or above",1426611.0,1322022.0,94.0,647.0,60779.0,1.0,7.0,3430234,3430234,73189.0,23319.0,4.0,11.0,8256.0,10856,2023,2022-23,https://ope.ed.gov/athletics/#/datafile/list,104589.0,14064.063829787234,1261243.0,549265.0
168546,Albion College,MI,NCAA Division III with football,"Private nonprofit, 4-year or above",487647.0,597760.0,128.0,1560.0,199692.0,1.0,9.0,5210398,4890838,39799.0,23100.0,11.0,23.0,27168.0,66527,2023,2022-23,https://ope.ed.gov/athletics/#/datafile/list,-110113.0,4670.0,398068.0,969089.0
210571,Albright College,PA,NCAA Division III with football,"Private nonprofit, 4-year or above",492753.0,492753.0,137.0,1536.0,210402.0,1.0,9.0,2680977,2680977,25127.0,10969.0,11.0,27.0,24080.0,30328,2023,2022-23,https://ope.ed.gov/athletics/#/datafile/list,0.0,3596.7372262773724,282351.0,572560.0
175342,Alcorn State University,MS,NCAA Division I-FCS,"Public, 4-year or above",2737622.0,2737622.0,122.0,2959.0,361000.0,1.0,10.0,6924619,6924619,92800.0,55411.0,5.0,17.0,60250.0,80750,2023,2022-23,https://ope.ed.gov/athletics/#/datafile/list,0.0,22439.524590163935,2376622.0,1405987.0
188641,Alfred University,NY,NCAA Division III with football,"Private nonprofit, 4-year or above",624147.0,624147.0,99.0,1266.0,125295.0,1.0,9.0,3287022,3287022,27245.0,13120.0,10.0,20.0,96266.0,131615,2023,2022-23,https://ope.ed.gov/athletics/#/datafile/list,0.0,6304.515151515152,498852.0,534850.0
108807,Allan Hancock College,CA,CCCAA,"Public, 2-year",374865.0,374865.0,94.0,1062.0,99781.0,1.0,1.0,2296513,2296513,48554.0,6821.0,7.0,14.0,0.0,0,2023,2022-23,https://ope.ed.gov/athletics/#/datafile/list,0.0,3987.925531914894,275084.0,435372.0
210669,Allegheny College,PA,NCAA Division III with football,"Private nonprofit, 4-year or above",663171.0,663171.0,98.0,1307.0,128046.0,1.0,7.0,4328214,4328214,48818.0,26323.0,9.0,19.0,107755.0,174334,2023,2022-23,https://ope.ed.gov/athletics/#/datafile/list,0.0,6767.051020408163,535125.0,939499.0
217624,Allen University,SC,NCAA Division II with football,"Private nonprofit, 4-year or above",791197.0,791197.0,79.0,984.0,77719.0,1.0,6.0,2425188,2425188,29136.0,26583.0,4.0,5.0,16952.0,46477,2023,2022-23,https://ope.ed.gov/athletics/#/datafile/list,0.0,10015.151898734175,713478.0,249459.0
168591,Alma College,MI,NCAA Division III with football,"Private nonprofit, 4-year or above",746351.0,746351.0,189.0,430.0,81181.0,1.0,13.0,5352610,5352610,47034.0,12413.0,11.0,35.0,40826.0,73562,2023,2022-23,https://ope.ed.gov/athletics/#/datafile/list,0.0,3948.94708994709,665170.0,951829.0
210775,Alvernia University,PA,NCAA Division III with football,"Private nonprofit, 4-year or above",399252.0,390727.0,91.0,1070.0,97374.0,1.0,7.0,3692891,3503786,18500.0,11849.0,10.0,24.0,59878.0,96338,2023,2022-23,https://ope.ed.gov/athletics/#/datafile/list,8525.0,4293.7032967032965,293353.0,469376.0
164447,American International College,MA,NCAA Division II with football,"Private nonprofit, 4-year or above",1533444.0,1533444.0,120.0,848.0,101709.0,1.0,10.0,11901300,11901300,51512.0,21006.0,11.0,22.0,91195.0,121184,2023,2022-23,https://ope.ed.gov/athletics/#/datafile/list,0.0,12778.7,1431735.0,1028764.0
109208,American River College,CA,CCCAA,"Public, 2-year",324026.0,324026.0,95.0,1499.0,142368.0,1.0,15.0,2043210,2043210,45997.0,6463.0,9.0,25.0,0.0,0,2023,2022-23,https://ope.ed.gov/athletics/#/datafile/list,0.0,3410.8,181658.0,575548.0
164465,Amherst College,MA,NCAA Division III with football,"Private nonprofit, 4-year or above",925161.0,925161.0,78.0,1385.0,108022.0,1.0,7.0,9440964,9356989,85699.0,25507.0,13.0,33.0,85452.0,149806,2023,2022-23,https://ope.ed.gov/athletics/#/datafile/list,0.0,11861.03846153846,817139.0,1955818.0
150066,Anderson University,IN,NCAA Division III with football,"Private nonprofit, 4-year or above",454375.0,440107.0,90.0,1337.0,120289.0,1.0,12.0,3545712,3377564,45801.0,9396.0,10.0,29.0,27824.0,39467,2023,2022-23,https://ope.ed.gov/athletics/#/datafile/list,14268.0,4890.077777777778,319818.0,730494.0
222831,Angelo State University,TX,NCAA Division II with football,"Public, 4-year or above",2001668.0,1884992.0,132.0,3228.0,426107.0,1.0,6.0,9396558,8839091,117392.0,53765.0,4.0,11.0,59842.0,107370,2023,2022-23,https://ope.ed.gov/athletics/#/datafile/list,116676.0,14280.242424242424,1458885.0,1060983.0
164492,Anna Maria College,MA,NCAA Division III with football,"Private nonprofit, 4-year or above",342861.0,342861.0,107.0,800.0,85634.0,1.0,9.0,2115481,2115481,52685.0,8824.0,6.0,20.0,14450.0,22124,2023,2022-23,https://ope.ed.gov/athletics/#/datafile/list,0.0,3204.308411214953,257227.0,492590.0
109350,Antelope Valley Community College District,CA,CCCAA,"Public, 2-year",210036.0,210036.0,73.0,476.0,34717.0,1.0,8.0,2100259,2100259,19966.0,8165.0,8.0,22.0,0.0,0,2023,2022-23,https://ope.ed.gov/athletics/#/datafile/list,0.0,2877.205479452055,175319.0,339358.0
197869,Appalachian State University,NC,NCAA Division I-FBS,"Public, 4-year or above",10434931.0,10434931.0,133.0,12568.0,1671502.0,1.0,10.0,38816356,38816356,255326.0,136269.0,6.0,20.0,640397.0,806729,2023,2022-23,https://ope.ed.gov/athletics/#/datafile/list,0.0,78458.12781954887,8763429.0,4257336.0
105899,Arizona Christian University,AZ,NAIA Division I,"Private nonprofit, 4-year or above",2858492.0,2858492.0,161.0,2382.0,383431.0,1.0,15.0,11103889,11103889,34455.0,11391.0,11.0,37.0,15954.0,19992,2023,2022-23,https://ope.ed.gov/athletics/#/datafile/list,0.0,17754.608695652172,2475061.0,800472.0
104151,Arizona State University Campus Immersion,AZ,NCAA Division I-FBS,"Public, 4-year or above",50870945.0,43280984.0,122.0,33846.0,4129202.0,1.0,11.0,128265591,128265591,972799.0,228548.0,9.0,30.0,1350594.0,1836485,2023,2022-23,https://ope.ed.gov/athletics/#/datafile/list,7589961.0,354762.1639344262,39151782.0,15611631.0
106306,Arkansas Baptist College,AR,NAIA Division I,"Private nonprofit, 4-year or above",357404.0,357404.0,122.0,295.0,35965.0,1.0,5.0,904977,904977,38338.0,19143.0,5.0,7.0,11139.0,13164,2023,2022-23,https://ope.ed.gov/athletics/#/datafile/list,0.0,2929.5409836065573,321439.0,325691.0
106458,Arkansas State University,AR,NCAA Division I-FBS,"Public, 4-year or above",8952854.0,8952854.0,134.0,19632.0,2630754.0,1.0,21.0,24654674,24654674,108273.0,60922.0,5.0,25.0,682040.0,842355,2023,2022-23,https://ope.ed.gov/athletics/#/datafile/list,0.0,66812.34328358209,6322100.0,2064415.0
106467,Arkansas Tech University,AR,NCAA Division II with football,"Public, 4-year or above",1450873.0,1450873.0,145.0,465.0,67396.0,1.0,10.0,6630988,6630988,53072.0,44193.0,4.0,8.0,0.0,5661,2023,2022-23,https://ope.ed.gov/athletics/#/datafile/list,0.0,10006.020689655172,1383477.0,565832.0
201104,Ashland University,OH,NCAA Division II with football,"Private nonprofit, 4-year or above",2355396.0,2355396.0,132.0,3111.0,410668.0,1.0,11.0,10478020,10478020,55073.0,26325.0,9.0,18.0,49115.0,71006,2023,2022-23,https://ope.ed.gov/athletics/#/datafile/list,0.0,17843.909090909092,1944728.0,969507.0
164562,Assumption University,MA,NCAA Division II with football,"Private nonprofit, 4-year or above",1457046.0,1375954.0,91.0,1410.0,128307.0,1.0,9.0,9408918,8823144,48458.0,13267.0,9.0,22.0,51751.0,80492,2023,2022-23,https://ope.ed.gov/athletics/#/datafile/list,81092.0,15120.373626373626,1247647.0,727996.0
485768,Atlantis University,FL,USCAA,"Private for-profit, 4-year or above",113324.0,113324.0,51.0,221.0,11250.0,1.0,3.0,1202326,1202326,36000.0,5000.0,5.0,14.0,0.0,0,2023,2022-23,https://ope.ed.gov/athletics/#/datafile/list,0.0,2222.0392156862745,102074.0,250000.0
100858,Auburn University,AL,NCAA Division I-FBS,"Public, 4-year or above",125647858.0,71635159.0,115.0,51554.0,5928761.0,1.0,10.0,192658903,183653846,1961010.0,375656.0,7.0,27.0,2407704.0,3368302,2023,2022-23,https://ope.ed.gov/athletics/#/datafile/list,54012699.0,622914.4260869565,65706398.0,23869782.0
173045,Augsburg University,MN,NCAA Division III with football,"Private nonprofit, 4-year or above",550551.0,550551.0,89.0,679.0,60468.0,1.0,11.0,5089289,5089289,50405.0,9392.0,9.0,30.0,39860.0,58159,2023,2022-23,https://ope.ed.gov/athletics/#/datafile/list,0.0,6185.966292134832,490083.0,735405.0
143084,Augustana College,IL,NCAA Division III with football,"Private nonprofit, 4-year or above",602059.0,602059.0,140.0,1175.0,164480.0,1.0,10.0,4648977,4648977,44492.0,12327.0,12.0,39.0,127139.0,169811,2023,2022-23,https://ope.ed.gov/athletics/#/datafile/list,0.0,4300.421428571429,437579.0,1014657.0
219000,Augustana University,SD,NCAA Division II with football,"Private nonprofit, 4-year or above",2479138.0,2479138.0,113.0,2778.0,313888.0,1.0,10.0,13226297,13226297,48207.0,21602.0,8.0,25.0,129514.0,181191,2023,2022-23,https://ope.ed.gov/athletics/#/datafile/list,0.0,21939.274336283182,2165250.0,925706.0
143118,Aurora University,IL,NCAA Division III with football,"Private nonprofit, 4-year or above",599320.0,599320.0,124.0,893.0,110761.0,1.0,8.0,5359714,5359714,60102.0,11248.0,12.0,39.0,58349.0,94571,2023,2022-23,https://ope.ed.gov/athletics/#/datafile/list,0.0,4833.225806451613,488559.0,1159896.0
222983,Austin College,TX,NCAA Division III with football,"Private nonprofit, 4-year or above",606734.0,606734.0,98.0,1940.0,190115.0,1.0,6.0,3017451,3017451,47118.0,17666.0,8.0,12.0,21043.0,30304,2023,2022-23,https://ope.ed.gov/athletics/#/datafile/list,0.0,6191.163265306122,416619.0,588936.0
219602,Austin Peay State University,TN,NCAA Division I-FCS,"Public, 4-year or above",5397432.0,5397432.0,114.0,11168.0,1273148.0,1.0,10.0,22249063,22249063,158912.0,59811.0,6.0,16.0,231087.0,310720,2023,2022-23,https://ope.ed.gov/athletics/#/datafile/list,0.0,47345.89473684211,4124284.0,1910448.0
446048,Ave Maria University,FL,NAIA Division II,"Private nonprofit, 4-year or above",1949245.0,1949245.0,100.0,4372.0,437200.0,1.0,8.0,10406044,10406044,32656.0,23169.0,9.0,24.0,4859.0,12963,2023,2022-23,https://ope.ed.gov/athletics/#/datafile/list,0.0,19492.45,1512045.0,849960.0
231420,Averett University,VA,NCAA Division III with football,"Private nonprofit, 4-year or above",510412.0,510412.0,138.0,703.0,96954.0,1.0,11.0,3290263,3290263,43557.0,13944.0,9.0,24.0,49725.0,71520,2023,2022-23,https://ope.ed.gov/athletics/#/datafile/list,0.0,3698.637681159421,413458.0,726669.0
176628,Avila University,MO,NAIA Division I,"Private nonprofit, 4-year or above",1502411.0,1493400.0,114.0,887.0,101078.0,1.0,8.0,6254396,6206345,39924.0,9152.0,6.0,18.0,5870.0,11404,2023,2022-23,https://ope.ed.gov/athletics/#/datafile/list,9011.0,13100.0,1392322.0,404280.0
154688,Baker University,KS,NAIA Division I,"Private nonprofit, 4-year or above",2977296.0,2945869.0,110.0,1111.0,122171.0,1.0,10.0,15057659,14702141,33338.0,13368.0,10.0,28.0,15296.0,29080,2023,2022-23,https://ope.ed.gov/athletics/#/datafile/list,31427.0,26780.627272727274,2823698.0,707684.0
109819,Bakersfield College,CA,CCCAA,"Public, 2-year",477232.0,477232.0,97.0,797.0,77280.0,1.0,10.0,3964887,3964887,49325.0,9567.0,10.0,20.0,0.0,0,2023,2022-23,https://ope.ed.gov/athletics/#/datafile/list,0.0,4919.917525773196,399952.0,684590.0
201195,Baldwin Wallace University,OH,NCAA Division III with football,"Private nonprofit, 4-year or above",635430.0,635430.0,119.0,1833.0,218157.0,1.0,15.0,5422317,5422317,45653.0,13968.0,12.0,32.0,121224.0,176225,2023,2022-23,https://ope.ed.gov/athletics/#/datafile/list,0.0,5339.747899159664,417273.0,994812.0
150136,Ball State University,IN,NCAA Division I-FBS,"Public, 4-year or above",8701842.0,8701842.0,117.0,9408.0,1100784.0,1.0,14.0,28979328,28979328,240942.0,73186.0,7.0,27.0,250779.0,376242,2023,2022-23,https://ope.ed.gov/athletics/#/datafile/list,0.0,74374.71794871795,7601058.0,3662616.0
197911,Barton College,NC,NCAA Division II with football,"Private nonprofit, 4-year or above",2302094.0,2302094.0,145.0,983.0,142500.0,1.0,6.0,9671656,9671656,50753.0,25101.0,9.0,16.0,20592.0,28291,2023,2022-23,https://ope.ed.gov/athletics/#/datafile/list,0.0,15876.510344827586,2159594.0,858393.0
160977,Bates College,ME,NCAA Division III with football,"Private nonprofit, 4-year or above",1010420.0,833805.0,74.0,1585.0,117286.0,1.0,7.0,9097649,8843820,53179.0,21356.0,14.0,30.0,63633.0,102371,2023,2022-23,https://ope.ed.gov/athletics/#/datafile/list,176615.0,11267.635135135137,716519.0,1385186.0
223232,Baylor University,TX,NCAA Division I-FBS,"Private nonprofit, 4-year or above",47861263.0,47861263.0,117.0,54329.0,6356506.0,1.0,10.0,137460582,137460582,1776200.0,365817.0,6.0,23.0,2082025.0,2808823,2023,2022-23,https://ope.ed.gov/athletics/#/datafile/list,0.0,409070.62393162394,41504757.0,19070991.0
175421,Belhaven University,MS,NCAA Division III with football,"Private nonprofit, 4-year or above",1168173.0,1155717.0,91.0,5615.0,510967.0,1.0,12.0,4544002,4483322,46534.0,23750.0,9.0,20.0,94363.0,128502,2023,2022-23,https://ope.ed.gov/athletics/#/datafile/list,12456.0,12700.186813186812,644750.0,893806.0
238333,Beloit College,WI,NCAA Division III with football,"Private nonprofit, 4-year or above",356717.0,356717.0,63.0,1050.0,66166.0,1.0,9.0,2081941,2081941,29701.0,8595.0,8.0,23.0,44957.0,61943,2023,2022-23,https://ope.ed.gov/athletics/#/datafile/list,0.0,5662.174603174603,290551.0,435293.0
173124,Bemidji State University,MN,NCAA Division II with football,"Public, 4-year or above",1389301.0,1389301.0,106.0,2134.0,226185.0,1.0,11.0,8598486,8598486,134813.0,37759.0,5.0,19.0,99671.0,169793,2023,2022-23,https://ope.ed.gov/athletics/#/datafile/list,0.0,13106.61320754717,1163116.0,1391486.0
217721,Benedict College,SC,NCAA Division II with football,"Private nonprofit, 4-year or above",1715645.0,1598070.0,116.0,1632.0,189298.0,1.0,9.0,6075041,5925902,72411.0,25114.0,6.0,13.0,14352.0,17339,2023,2022-23,https://ope.ed.gov/athletics/#/datafile/list,117575.0,13776.46551724138,1408772.0,760948.0
154712,Benedictine College,KS,NAIA Division I,"Private nonprofit, 4-year or above",2750049.0,2750049.0,211.0,385.0,81298.0,1.0,8.0,8995689,8995689,60359.0,30208.0,7.0,15.0,33850.0,46806,2023,2022-23,https://ope.ed.gov/athletics/#/datafile/list,0.0,13033.40758293839,2668751.0,875633.0
145619,Benedictine University,IL,NCAA Division III with football,"Private nonprofit, 4-year or above",489779.0,452222.0,132.0,587.0,77427.0,1.0,6.0,7025945,6365288,45605.0,17874.0,13.0,32.0,13734.0,24193,2023,2022-23,https://ope.ed.gov/athletics/#/datafile/list,37557.0,3425.9242424242425,374795.0,1164833.0
164739,Bentley University,MA,NCAA Division II with football,"Private nonprofit, 4-year or above",1897634.0,1577591.0,93.0,2938.0,273232.0,1.0,8.0,17148254,15901290,73413.0,26419.0,10.0,20.0,68623.0,85514,2023,2022-23,https://ope.ed.gov/athletics/#/datafile/list,320043.0,16963.344086021505,1304359.0,1262510.0
139144,Berry College,GA,NCAA Division III with football,"Private nonprofit, 4-year or above",940899.0,889918.0,132.0,2142.0,282782.0,1.0,9.0,9121402,8558026,47490.0,31088.0,10.0,12.0,49438.0,78105,2023,2022-23,https://ope.ed.gov/athletics/#/datafile/list,50981.0,6741.80303030303,607136.0,847956.0
237181,Bethany College,WV,NCAA Division III with football,"Private nonprofit, 4-year or above",391600.0,380832.0,122.0,551.0,67202.0,1.0,9.0,3545421,3476489,43212.0,20365.0,8.0,11.0,23216.0,36795,2023,2022-23,https://ope.ed.gov/athletics/#/datafile/list,10768.0,3121.5737704918033,313630.0,569711.0
154721,Bethany College,KS,NAIA Division II,"Private nonprofit, 4-year or above",2581110.0,1978734.0,95.0,807.0,76671.0,1.0,7.0,13374106,12747309,43820.0,18594.0,8.0,13.0,11537.0,27695,2023,2022-23,https://ope.ed.gov/athletics/#/datafile/list,602376.0,20828.77894736842,1902063.0,592282.0
154749,Bethel College-North Newton,KS,NAIA Division II,"Private nonprofit, 4-year or above",1466110.0,1454559.0,114.0,901.0,102766.0,1.0,10.0,5245401,5235651,20396.0,8845.0,8.0,25.0,19190.0,40563,2023,2022-23,https://ope.ed.gov/athletics/#/datafile/list,11551.0,12759.28947368421,1351793.0,384293.0
219718,Bethel University,TN,NAIA Division I,"Private nonprofit, 4-year or above",2303019.0,893632.0,85.0,2910.0,247351.0,1.0,7.0,6864915,4059244,31167.0,30279.0,10.0,14.0,6107.0,9028,2023,2022-23,https://ope.ed.gov/athletics/#/datafile/list,1409387.0,10513.317647058824,646281.0,735576.0
173160,Bethel University,MN,NCAA Division III with football,"Private nonprofit, 4-year or above",685228.0,685228.0,109.0,2920.0,318311.0,1.0,11.0,3661457,3661457,38511.0,7649.0,10.0,40.0,23952.0,27778,2023,2022-23,https://ope.ed.gov/athletics/#/datafile/list,0.0,6286.495412844037,366917.0,691070.0
132602,Bethune-Cookman University,FL,NCAA Division I-FCS,"Private nonprofit, 4-year or above",5270780.0,5270780.0,87.0,22111.0,1923637.0,1.0,13.0,13636502,13636502,110674.0,46820.0,6.0,27.0,122313.0,173838,2023,2022-23,https://ope.ed.gov/athletics/#/datafile/list,0.0,60583.67816091954,3347143.0,1928184.0
100937,Birmingham-Southern College,AL,NCAA Division III with football,"Private nonprofit, 4-year or above",612867.0,612867.0,108.0,2813.0,303766.0,1.0,6.0,4398747,4398747,47414.0,22959.0,9.0,14.0,58882.0,72740,2023,2022-23,https://ope.ed.gov/athletics/#/datafile/list,0.0,5674.694444444444,309101.0,748152.0
219046,Black Hills State University,SD,NCAA Division II with football,"Public, 4-year or above",1476656.0,1290065.0,100.0,1051.0,105095.0,1.0,8.0,5305099,5305099,55526.0,27512.0,4.0,12.0,104889.0,122699,2023,2022-23,https://ope.ed.gov/athletics/#/datafile/list,186591.0,12900.65,1184970.0,552248.0
223427,Blinn College District,TX,NJCAA Division I,"Public, 2-year",922492.0,917466.0,119.0,1174.0,139742.0,1.0,6.0,5311180,5276959,73256.0,35536.0,5.0,12.0,27202.0,43572,2023,2022-23,https://ope.ed.gov/athletics/#/datafile/list,5026.0,7709.798319327731,777724.0,792712.0
237215,Bluefield State University,WV,Independent,"Public, 4-year or above",1546872.0,1538032.0,93.0,3371.0,313491.0,1.0,10.0,6127830,5683130,33821.0,19855.0,9.0,16.0,59270.0,65126,2023,2022-23,https://ope.ed.gov/athletics/#/datafile/list,8840.0,16537.978494623654,1224541.0,622069.0
231554,Bluefield University,VA,NAIA Division I,"Private nonprofit, 4-year or above",1961299.0,1961299.0,117.0,1285.0,150352.0,1.0,5.0,7523439,7523439,39784.0,28251.0,8.0,8.0,27557.0,38357,2023,2022-23,https://ope.ed.gov/athletics/#/datafile/list,0.0,16763.239316239316,1810947.0,544280.0
201371,Bluffton University,OH,NCAA Division III with football,"Private nonprofit, 4-year or above",563219.0,503318.0,117.0,1376.0,160942.0,1.0,8.0,2244060,2080123,32723.0,14464.0,8.0,14.0,41147.0,53898,2023,2022-23,https://ope.ed.gov/athletics/#/datafile/list,59901.0,4301.863247863248,342376.0,464280.0
142115,Boise State University,ID,NCAA Division I-FBS,"Public, 4-year or above",24013799.0,17141911.0,112.0,17653.0,1977123.0,1.0,14.0,52634912,52634907,568824.0,162669.0,5.0,20.0,714812.0,966360,2023,2022-23,https://ope.ed.gov/athletics/#/datafile/list,6871888.0,153052.7767857143,15164788.0,6097500.0
164924,Boston College,MA,NCAA Division I-FBS,"Private nonprofit, 4-year or above",44047419.0,33262419.0,109.0,61391.0,6691611.0,1.0,10.0,118430392,118430392,609417.0,227145.0,12.0,28.0,1558928.0,1938106,2023,2022-23,https://ope.ed.gov/athletics/#/datafile/list,10785000.0,305159.80733944953,26570808.0,13673064.0
161004,Bowdoin College,ME,NCAA Division III with football,"Private nonprofit, 4-year or above",810024.0,749050.0,81.0,1718.0,139198.0,1.0,7.0,13386119,13386119,58785.0,28252.0,13.0,23.0,60741.0,120945,2023,2022-23,https://ope.ed.gov/athletics/#/datafile/list,60974.0,9247.530864197532,609852.0,1414001.0
162007,Bowie State University,MD,NCAA Division II with football,"Public, 4-year or above",1424464.0,1441288.0,131.0,1266.0,165875.0,1.0,8.0,5254659,4528441,79682.0,26695.0,3.0,13.0,32.0,293,2023,2022-23,https://ope.ed.gov/athletics/#/datafile/list,-16824.0,11002.198473282442,1275413.0,586081.0
201441,Bowling Green State University-Main Campus,OH,NCAA Division I-FBS,"Public, 4-year or above",9795624.0,9795624.0,106.0,12998.0,1377788.0,1.0,10.0,30310123,30154920,208170.0,82924.0,7.0,21.0,595796.0,729074,2023,2022-23,https://ope.ed.gov/athletics/#/datafile/list,0.0,92411.54716981133,8417836.0,3198594.0
198066,Brevard College,NC,NCAA Division III with football,"Private nonprofit, 4-year or above",527259.0,527259.0,162.0,1188.0,192506.0,1.0,13.0,2931926,2931926,39456.0,15985.0,7.0,18.0,6424.0,17122,2023,2022-23,https://ope.ed.gov/athletics/#/datafile/list,0.0,3254.685185185185,334753.0,563922.0
152992,Briar Cliff University,IA,NAIA Division II,"Private nonprofit, 4-year or above",1261885.0,1239788.0,95.0,973.0,92405.0,1.0,8.0,7606239,7595570,34161.0,15176.0,8.0,21.0,31958.0,48742,2023,2022-23,https://ope.ed.gov/athletics/#/datafile/list,22097.0,13050.4,1147383.0,591984.0
231581,Bridgewater College,VA,NCAA Division III with football,"Private nonprofit, 4-year or above",602496.0,602496.0,117.0,1532.0,179237.0,1.0,7.0,4358354,4358354,42829.0,23858.0,10.0,17.0,67196.0,115165,2023,2022-23,https://ope.ed.gov/athletics/#/datafile/list,0.0,5149.538461538462,423259.0,833876.0
165024,Bridgewater State University,MA,NCAA Division III with football,"Public, 4-year or above",159396.0,149094.0,98.0,564.0,55288.0,1.0,10.0,4478127,4161089,20570.0,7978.0,9.0,24.0,2417.0,5324,2023,2022-23,https://ope.ed.gov/athletics/#/datafile/list,10302.0,1521.3673469387754,93806.0,376602.0
230038,Brigham Young University,UT,NCAA Division I-FBS,"Private nonprofit, 4-year or above",46931978.0,35308693.0,124.0,55331.0,6861090.0,1.0,10.0,106430702,106430702,1111071.0,304158.0,9.0,27.0,1273961.0,1653285,2023,2022-23,https://ope.ed.gov/athletics/#/datafile/list,11623285.0,284747.52419354836,28447603.0,18211905.0
217156,Brown University,RI,NCAA Division I-FCS,"Private nonprofit, 4-year or above",3742076.0,3742076.0,110.0,8968.0,986439.0,1.0,8.0,36265052,36265052,183497.0,66328.0,12.0,32.0,804153.0,1173736,2023,2022-23,https://ope.ed.gov/athletics/#/datafile/list,0.0,34018.87272727273,2755637.0,4324460.0
217165,Bryant University,RI,NCAA Division I-FCS,"Private nonprofit, 4-year or above",5233966.0,5233966.0,130.0,6182.0,803680.0,1.0,11.0,24327303,24327303,138747.0,46387.0,9.0,25.0,178066.0,307977,2023,2022-23,https://ope.ed.gov/athletics/#/datafile/list,0.0,40261.276923076926,4430286.0,2408398.0
211291,Bucknell University,PA,NCAA Division I-FCS,"Private nonprofit, 4-year or above",6976380.0,6976380.0,93.0,8038.0,747523.0,1.0,11.0,33643542,33643542,113918.0,43813.0,11.0,29.0,430326.0,606671,2023,2022-23,https://ope.ed.gov/athletics/#/datafile/list,0.0,75014.83870967742,6228857.0,2523675.0
153001,Buena Vista University,IA,NCAA Division III with football,"Private nonprofit, 4-year or above",464372.0,464372.0,80.0,1519.0,121514.0,1.0,7.0,3465875,3385069,47021.0,19819.0,9.0,14.0,45116.0,64978,2023,2022-23,https://ope.ed.gov/athletics/#/datafile/list,0.0,5804.65,342858.0,700655.0
154800,Butler Community College,KS,NJCAA Division I,"Public, 2-year",1330628.0,1330628.0,83.0,781.0,64812.0,1.0,8.0,5381397,5090840,58815.0,26526.0,4.0,12.0,30968.0,39477,2023,2022-23,https://ope.ed.gov/athletics/#/datafile/list,0.0,16031.66265060241,1265816.0,553572.0
150163,Butler University,IN,NCAA Division I-FCS,"Private nonprofit, 4-year or above",1338221.0,1372925.0,108.0,4670.0,504309.0,1.0,10.0,32370059,31474736,446738.0,68876.0,7.0,23.0,300965.0,501397,2023,2022-23,https://ope.ed.gov/athletics/#/datafile/list,-34704.0,12712.268518518518,868616.0,4711314.0
110246,Butte College,CA,CCCAA,"Public, 2-year",169839.0,136372.0,78.0,478.0,37308.0,1.0,14.0,1255011,998303,11493.0,6676.0,6.0,15.0,0.0,0,2023,2022-23,https://ope.ed.gov/athletics/#/datafile/list,33467.0,1748.3589743589744,99064.0,169098.0
110334,Cabrillo College,CA,CCCAA,"Public, 2-year",262737.0,262069.0,55.0,781.0,42981.0,1.0,8.0,1777087,1693630,30614.0,3276.0,7.0,15.0,0.0,0,2023,2022-23,https://ope.ed.gov/athletics/#/datafile/list,668.0,4764.890909090909,219088.0,263438.0
110413,California Lutheran University,CA,NCAA Division III with football,"Private nonprofit, 4-year or above",786197.0,786197.0,116.0,1827.0,211898.0,1.0,5.0,6308280,6308280,56460.0,15538.0,11.0,29.0,23566.0,41816,2023,2022-23,https://ope.ed.gov/athletics/#/datafile/list,0.0,6777.560344827586,574299.0,1071662.0
110422,California Polytechnic State University-San Luis Obispo,CA,NCAA Division I-FCS,"Public, 4-year or above",6136326.0,6136326.0,122.0,10350.0,1262649.0,1.0,13.0,31249116,30710336,166272.0,56167.0,10.0,32.0,403455.0,590391,2023,2022-23,https://ope.ed.gov/athletics/#/datafile/list,0.0,50297.75409836065,4873677.0,3460064.0
110556,California State University-Fresno,CA,NCAA Division I-FBS,"Public, 4-year or above",16680717.0,16612261.0,112.0,25842.0,2894305.0,1.0,14.0,51120332,51120332,591122.0,159478.0,5.0,19.0,536826.0,760229,2023,2022-23,https://ope.ed.gov/athletics/#/datafile/list,68456.0,148323.75892857142,13717956.0,5985692.0
110617,California State University-Sacramento,CA,NCAA Division I-FCS,"Public, 4-year or above",7343151.0,7343151.0,129.0,11796.0,1521625.0,1.0,12.0,34284776,34284776,202276.0,89979.0,7.0,22.0,184612.0,289979,2023,2022-23,https://ope.ed.gov/athletics/#/datafile/list,0.0,56923.651162790695,5821526.0,3395470.0
150172,Calumet College of Saint Joseph,IN,NAIA Division II,"Private nonprofit, 4-year or above",672756.0,709066.0,67.0,2269.0,151991.0,1.0,9.0,3817742,3817742,26500.0,7028.0,9.0,17.0,22504.0,45038,2023,2022-23,https://ope.ed.gov/athletics/#/datafile/list,-36310.0,10583.074626865671,557075.0,357976.0
198136,Campbell University,NC,NCAA Division I-FCS,"Private nonprofit, 4-year or above",6103600.0,6103600.0,102.0,12604.0,1285562.0,1.0,11.0,30027747,30027747,154768.0,61452.0,8.0,24.0,413344.0,570606,2023,2022-23,https://ope.ed.gov/athletics/#/datafile/list,0.0,59839.21568627451,4818038.0,2712992.0
156365,Campbellsville University,KY,NAIA Division I,"Private nonprofit, 4-year or above",1337513.0,1326948.0,115.0,1610.0,185097.0,1.0,11.0,12560579,12098178,48451.0,35814.0,13.0,31.0,67714.0,108083,2023,2022-23,https://ope.ed.gov/athletics/#/datafile/list,10565.0,11538.678260869565,1141851.0,1740097.0
201548,Capital University,OH,NCAA Division III with football,"Private nonprofit, 4-year or above",549997.0,529551.0,102.0,1024.0,104479.0,1.0,12.0,3666267,3622100,53371.0,14747.0,8.0,15.0,37749.0,40872,2023,2022-23,https://ope.ed.gov/athletics/#/datafile/list,20446.0,5191.676470588235,425072.0,648173.0
173258,Carleton College,MN,NCAA Division III with football,"Private nonprofit, 4-year or above",452930.0,452930.0,80.0,2062.0,164934.0,1.0,6.0,2928821,2767971,54192.0,15760.0,8.0,21.0,38855.0,54976,2023,2022-23,https://ope.ed.gov/athletics/#/datafile/list,0.0,5661.625,287996.0,764496.0
211440,Carnegie Mellon University,PA,NCAA Division III with football,"Private nonprofit, 4-year or above",729674.0,704003.0,106.0,1689.0,179023.0,1.0,8.0,6299968,5790170,49591.0,12871.0,8.0,24.0,76745.0,127850,2023,2022-23,https://ope.ed.gov/athletics/#/datafile/list,25671.0,6641.537735849057,524980.0,705632.0
180106,Carroll College,MT,NAIA Division I,"Private nonprofit, 4-year or above",1947726.0,1947726.0,109.0,3328.0,362748.0,1.0,9.0,6858725,6858725,47955.0,16872.0,5.0,14.0,63638.0,79392,2023,2022-23,https://ope.ed.gov/athletics/#/datafile/list,0.0,17869.045871559632,1584978.0,475983.0
238458,Carroll University,WI,NCAA Division III with football,"Private nonprofit, 4-year or above",660596.0,623740.0,113.0,440.0,49698.0,1.0,10.0,3608859,3488503,42967.0,11633.0,9.0,39.0,17525.0,29427,2023,2022-23,https://ope.ed.gov/athletics/#/datafile/list,36856.0,5519.8230088495575,574042.0,840390.0
219806,Carson-Newman University,TN,NCAA Division II with football,"Private nonprofit, 4-year or above",2193323.0,1637711.0,153.0,1860.0,284541.0,1.0,11.0,11762007,10913151,46235.0,16830.0,9.0,18.0,0.0,0,2023,2022-23,https://ope.ed.gov/athletics/#/datafile/list,555612.0,10703.993464052288,1353170.0,719055.0
238476,Carthage College,WI,NCAA Division III with football,"Private nonprofit, 4-year or above",747958.0,734242.0,131.0,1671.0,218903.0,1.0,11.0,5737370,5477898,64643.0,13631.0,11.0,31.0,54729.0,78521,2023,2022-23,https://ope.ed.gov/athletics/#/datafile/list,13716.0,5604.900763358779,515339.0,1133634.0
201645,Case Western Reserve University,OH,NCAA Division III with football,"Private nonprofit, 4-year or above",529705.0,524706.0,101.0,785.0,79272.0,1.0,12.0,5134891,4998098,48467.0,11792.0,10.0,23.0,34122.0,58840,2023,2022-23,https://ope.ed.gov/athletics/#/datafile/list,4999.0,5195.108910891089,445434.0,755886.0
230834,Castleton University,VT,NCAA Division III with football,"Public, 4-year or above",425922.0,425922.0,116.0,1007.0,116760.0,1.0,8.0,3863013,3765374,30011.0,5760.0,14.0,27.0,21316.0,34361,2023,2022-23,https://ope.ed.gov/athletics/#/datafile/list,0.0,3671.7413793103447,309162.0,575674.0
198215,Catawba College,NC,NCAA Division II with football,"Private nonprofit, 4-year or above",2151984.0,2113157.0,112.0,1631.0,182628.0,1.0,9.0,10797648,10766991,68696.0,32691.0,9.0,26.0,28396.0,42354,2023,2022-23,https://ope.ed.gov/athletics/#/datafile/list,38827.0,18867.473214285714,1930529.0,1468230.0
158477,Centenary College of Louisiana,LA,NCAA Division III without football,"Private nonprofit, 4-year or above",274221.0,274221.0,15.0,428.0,6415.0,1.0,2.0,3028025,3028025,57262.0,27268.0,8.0,8.0,54495.0,75066,2023,2022-23,https://ope.ed.gov/athletics/#/datafile/list,0.0,18281.4,267806.0,676240.0
153108,Central College,IA,NCAA Division III with football,"Private nonprofit, 4-year or above",763914.0,763914.0,145.0,1136.0,164770.0,1.0,11.0,4490057,4490057,34664.0,10933.0,10.0,30.0,59145.0,86171,2023,2022-23,https://ope.ed.gov/athletics/#/datafile/list,0.0,5268.372413793103,599144.0,674630.0
128771,Central Connecticut State University,CT,NCAA Division I-FCS,"Public, 4-year or above",2759089.0,2759088.0,94.0,2701.0,253853.0,1.0,9.0,16873996,16873996,138762.0,43590.0,5.0,18.0,45532.0,65186,2023,2022-23,https://ope.ed.gov/athletics/#/datafile/list,1.0,29352.0,2505235.0,1478430.0
173203,Central Lakes College-Brainerd,MN,NJCAA Division III,"Public, 2-year",105191.0,105191.0,57.0,274.0,15618.0,1.0,2.0,722882,722882,27054.0,4834.0,3.0,6.0,0.0,0,2023,2022-23,https://ope.ed.gov/athletics/#/datafile/list,0.0,1845.4561403508771,89573.0,110166.0
176947,Central Methodist University-College of Liberal Arts and Sciences,MO,NAIA Division I,"Private nonprofit, 4-year or above",1623045.0,1543730.0,144.0,816.0,117534.0,1.0,4.0,10911971,10608611,56981.0,33622.0,7.0,9.0,7284.0,14394,2023,2022-23,https://ope.ed.gov/athletics/#/datafile/list,79315.0,10720.347222222224,1426196.0,701465.0
169248,Central Michigan University,MI,NCAA Division I-FBS,"Public, 4-year or above",10996154.0,10996154.0,122.0,7929.0,967376.0,1.0,14.0,35740895,35740895,324152.0,98337.0,6.0,18.0,548005.0,743136,2023,2022-23,https://ope.ed.gov/athletics/#/datafile/list,0.0,90132.40983606558,10028778.0,3714978.0
201690,Central State University,OH,NCAA Division II with football,"Public, 4-year or above",1428375.0,1428375.0,131.0,277.0,36306.0,1.0,8.0,4557153,4557153,88250.0,32577.0,4.0,9.0,8538.0,15981,2023,2022-23,https://ope.ed.gov/athletics/#/datafile/list,0.0,10903.625954198473,1392069.0,646193.0
234827,Central Washington University,WA,NCAA Division II with football,"Public, 4-year or above",1907397.0,1754867.0,109.0,3827.0,417177.0,1.0,13.0,8816253,8638024,67437.0,19977.0,5.0,21.0,69311.0,99971,2023,2022-23,https://ope.ed.gov/athletics/#/datafile/list,152530.0,16099.697247706425,1337690.0,756702.0
156408,Centre College,KY,NCAA Division III with football,"Private nonprofit, 4-year or above",473868.0,473868.0,107.0,1719.0,183946.0,1.0,7.0,5026261,5026261,32416.0,22961.0,9.0,22.0,55818.0,105907,2023,2022-23,https://ope.ed.gov/athletics/#/datafile/list,0.0,4428.672897196262,289922.0,796886.0
111887,Cerritos College,CA,CCCAA,"Public, 2-year",611145.0,585994.0,124.0,658.0,81568.0,1.0,14.0,4402466,4283244,71628.0,5737.0,9.0,57.0,0.0,0,2023,2022-23,https://ope.ed.gov/athletics/#/datafile/list,25151.0,4725.758064516129,504426.0,971661.0
111920,Chabot College,CA,CCCAA,"Public, 2-year",188893.0,188893.0,66.0,1109.0,73215.0,1.0,8.0,1764295,1764295,25959.0,7636.0,8.0,18.0,0.0,0,2023,2022-23,https://ope.ed.gov/athletics/#/datafile/list,0.0,2862.0151515151515,115678.0,345120.0
180948,Chadron State College,NE,NCAA Division II with football,"Public, 4-year or above",1824262.0,1824262.0,120.0,2858.0,342959.0,1.0,10.0,6139414,6139414,67945.0,20100.0,6.0,19.0,48314.0,69641,2023,2022-23,https://ope.ed.gov/athletics/#/datafile/list,0.0,15202.183333333332,1481303.0,789570.0
111939,Chaffey College,CA,CCCAA,"Public, 2-year",278414.0,220272.0,73.0,750.0,54762.0,1.0,8.0,2583274,2218990,35939.0,9382.0,7.0,18.0,0.0,0,2023,2022-23,https://ope.ed.gov/athletics/#/datafile/list,58142.0,3017.4246575342468,165510.0,420449.0
111948,Chapman University,CA,NCAA Division III with football,"Private nonprofit, 4-year or above",808259.0,808259.0,104.0,1798.0,186957.0,1.0,11.0,5655608,5655608,39022.0,11236.0,11.0,19.0,8401.0,14260,2023,2022-23,https://ope.ed.gov/athletics/#/datafile/list,0.0,7771.721153846154,621302.0,642726.0
217688,Charleston Southern University,SC,NCAA Division I-FCS,"Private nonprofit, 4-year or above",3690477.0,3690477.0,87.0,7712.0,670925.0,1.0,9.0,13327550,13327550,109740.0,52318.0,5.0,16.0,130956.0,180134,2023,2022-23,https://ope.ed.gov/athletics/#/datafile/list,0.0,42419.27586206896,3019552.0,1385788.0
211583,Chestnut Hill College,PA,NCAA Division II without football,"Private nonprofit, 4-year or above",172605.0,168723.0,56.0,1528.0,85589.0,1.0,7.0,3990141,3933793,20242.0,4789.0,8.0,19.0,5194.0,10717,2023,2022-23,https://ope.ed.gov/athletics/#/datafile/list,3882.0,3012.910714285714,83134.0,252927.0
198303,Chowan University,NC,NCAA Division II with football,"Private nonprofit, 4-year or above",1183127.0,1183127.0,131.0,1792.0,234702.0,1.0,5.0,6992658,6992658,43699.0,32007.0,9.0,11.0,33381.0,60412,2023,2022-23,https://ope.ed.gov/athletics/#/datafile/list,0.0,9031.503816793893,948425.0,745368.0
231712,Christopher Newport University,VA,NCAA Division III with football,"Public, 4-year or above",784969.0,784969.0,135.0,2003.0,270435.0,1.0,7.0,12936897,12936897,56727.0,20270.0,10.0,28.0,31386.0,47129,2023,2022-23,https://ope.ed.gov/athletics/#/datafile/list,0.0,5814.585185185185,514534.0,1134830.0
223898,Cisco College,TX,NJCAA Division I,"Public, 2-year",582445.0,582445.0,77.0,1642.0,126412.0,1.0,2.0,2867413,2867413,59480.0,40236.0,2.0,3.0,9185.0,27002,2023,2022-23,https://ope.ed.gov/athletics/#/datafile/list,0.0,7564.220779220779,456033.0,239668.0
217864,Citadel Military College of South Carolina,SC,NCAA Division I-FCS,"Public, 4-year or above",7026324.0,5530651.0,121.0,6355.0,768975.0,1.0,10.0,20103895,19526622,121619.0,64143.0,8.0,19.0,211805.0,238856,2023,2022-23,https://ope.ed.gov/athletics/#/datafile/list,1495673.0,45707.85950413223,4761676.0,2191669.0
112172,Citrus College,CA,CCCAA,"Public, 2-year",434660.0,366378.0,74.0,903.0,66811.0,1.0,7.0,4657883,4653107,57322.0,13921.0,8.0,13.0,0.0,0,2023,2022-23,https://ope.ed.gov/athletics/#/datafile/list,68282.0,4951.054054054054,299567.0,639549.0
112190,City College of San Francisco,CA,CCCAA,"Public, 2-year",258600.0,258600.0,81.0,1497.0,121222.0,1.0,11.0,1830525,1830525,53875.0,27501.0,4.0,5.0,0.0,0,2023,2022-23,https://ope.ed.gov/athletics/#/datafile/list,0.0,3192.5925925925926,137378.0,353005.0
112260,Claremont McKenna College,CA,NCAA Division III with football,"Private nonprofit, 4-year or above",811472.0,811472.0,88.0,2346.0,206482.0,1.0,9.0,4520042,4520042,57883.0,16528.0,11.0,35.0,63561.0,129632,2023,2022-23,https://ope.ed.gov/athletics/#/datafile/list,0.0,9221.272727272728,604990.0,1215193.0
138947,Clark Atlanta University,GA,NCAA Division II with football,"Private nonprofit, 4-year or above",2793953.0,2261753.0,96.0,1680.0,161291.0,1.0,5.0,8599472,8599472,50540.0,50583.0,4.0,9.0,5624.0,10893,2023,2022-23,https://ope.ed.gov/athletics/#/datafile/list,532200.0,23559.927083333332,2100462.0,657407.0
153126,Clarke University,IA,NAIA Division I,"Private nonprofit, 4-year or above",2864520.0,2864520.0,146.0,1834.0,267703.0,1.0,9.0,11749302,11749302,40453.0,14323.0,10.0,27.0,33827.0,59844,2023,2022-23,https://ope.ed.gov/athletics/#/datafile/list,0.0,19620.0,2596817.0,791251.0
217882,Clemson University,SC,NCAA Division I-FBS,"Public, 4-year or above",74135861.0,57763086.0,139.0,49813.0,6924034.0,1.0,10.0,152093316,152093316,1942361.0,399018.0,7.0,24.0,4057117.0,4844188,2023,2022-23,https://ope.ed.gov/athletics/#/datafile/list,16372775.0,415561.76978417265,50839052.0,23172959.0
175519,Coahoma Community College,MS,NJCAA Division I,"Public, 2-year",938275.0,938275.0,65.0,2668.0,173415.0,1.0,6.0,2645412,2645412,67597.0,43577.0,4.0,8.0,22929.0,36398,2023,2022-23,https://ope.ed.gov/athletics/#/datafile/list,0.0,14435.0,764860.0,619004.0
218724,Coastal Carolina University,SC,NCAA Division I-FBS,"Public, 4-year or above",14705181.0,14705181.0,121.0,19012.0,2300425.0,1.0,10.0,38153878,38153878,344203.0,169075.0,7.0,21.0,821125.0,1052151,2023,2022-23,https://ope.ed.gov/athletics/#/datafile/list,0.0,121530.42148760332,12404756.0,5959996.0
153144,Coe College,IA,NCAA Division III with football,"Private nonprofit, 4-year or above",444324.0,444324.0,95.0,1359.0,129131.0,1.0,7.0,3506413,3506413,38621.0,8723.0,12.0,38.0,55450.0,83374,2023,2022-23,https://ope.ed.gov/athletics/#/datafile/list,0.0,4677.094736842106,315193.0,794926.0
154925,Coffeyville Community College,KS,NJCAA Division I,"Public, 2-year",767543.0,734539.0,78.0,1876.0,146351.0,1.0,5.0,3746336,3730193,38374.0,41786.0,7.0,8.0,27909.0,38243,2023,2022-23,https://ope.ed.gov/athletics/#/datafile/list,33004.0,9417.166666666666,588188.0,602906.0
161086,Colby College,ME,NCAA Division III with football,"Private nonprofit, 4-year or above",926130.0,926130.0,90.0,1855.0,166987.0,1.0,9.0,10560217,10560217,71195.0,27471.0,15.0,28.0,109736.0,206850,2023,2022-23,https://ope.ed.gov/athletics/#/datafile/list,0.0,10290.333333333334,759143.0,1837113.0
190099,Colgate University,NY,NCAA Division I-FCS,"Private nonprofit, 4-year or above",8187931.0,8187931.0,92.0,13800.0,1269583.0,1.0,10.0,37239028,37239028,183872.0,54009.0,10.0,29.0,522653.0,766336,2023,2022-23,https://ope.ed.gov/athletics/#/datafile/list,0.0,88999.25,6918348.0,3404981.0
144865,College of DuPage,IL,NJCAA Division III,"Public, 2-year",436896.0,435819.0,97.0,2159.0,209412.0,1.0,8.0,2555508,2506232,20805.0,10926.0,10.0,23.0,1320.0,1989,2023,2022-23,https://ope.ed.gov/athletics/#/datafile/list,1077.0,4492.979381443299,226407.0,459348.0
122791,College of San Mateo,CA,CCCAA,"Public, 2-year",466055.0,466055.0,87.0,1399.0,121713.0,1.0,24.0,2451025,2451025,24364.0,10237.0,6.0,42.0,0.0,0,2023,2022-23,https://ope.ed.gov/athletics/#/datafile/list,0.0,5356.954022988506,344342.0,576138.0
111461,College of the Canyons,CA,CCCAA,"Public, 2-year",294096.0,262738.0,94.0,890.0,83645.0,1.0,11.0,3335158,3275664,62162.0,3099.0,8.0,29.0,75.0,1286,2023,2022-23,https://ope.ed.gov/athletics/#/datafile/list,31358.0,2795.0851063829787,179093.0,587167.0
113573,College of the Desert,CA,CCCAA,"Public, 2-year",253941.0,253941.0,67.0,1152.0,77205.0,1.0,7.0,2284609,2284609,42768.0,4562.0,6.0,16.0,0.0,0,2023,2022-23,https://ope.ed.gov/athletics/#/datafile/list,0.0,3790.1641791044776,176736.0,329600.0
166124,College of the Holy Cross,MA,NCAA Division I-FCS,"Private nonprofit, 4-year or above",7593181.0,7593181.0,102.0,11298.0,1152384.0,1.0,10.0,32819968,32819968,128246.0,47211.0,11.0,29.0,375128.0,518427,2023,2022-23,https://ope.ed.gov/athletics/#/datafile/list,0.0,74442.95098039215,6440797.0,2779825.0
121707,College of the Redwoods,CA,CCCAA,"Public, 2-year",318596.0,318596.0,71.0,1027.0,72920.0,1.0,6.0,1610576,1610576,58872.0,8845.0,6.0,14.0,0.0,0,2023,2022-23,https://ope.ed.gov/athletics/#/datafile/list,0.0,4487.267605633803,245676.0,477062.0
123217,College of the Sequoias,CA,CCCAA,"Public, 2-year",148853.0,146008.0,92.0,603.0,55518.0,1.0,9.0,831557,806807,18080.0,3840.0,7.0,25.0,0.0,0,2023,2022-23,https://ope.ed.gov/athletics/#/datafile/list,2845.0,1587.0434782608695,90490.0,222560.0
123484,College of the Siskiyous,CA,CCCAA,"Public, 2-year",235356.0,235356.0,54.0,1433.0,77357.0,1.0,6.0,1358959,1358959,28129.0,12947.0,5.0,11.0,2290.0,6530,2023,2022-23,https://ope.ed.gov/athletics/#/datafile/list,0.0,4358.444444444444,157999.0,283062.0
127556,Colorado Mesa University,CO,NCAA Division II with football,"Public, 4-year or above",1400052.0,1452306.0,147.0,1543.0,226877.0,1.0,15.0,13465048,13168490,70217.0,23276.0,11.0,31.0,74861.0,137558,2023,2022-23,https://ope.ed.gov/athletics/#/datafile/list,-52254.0,9879.632653061224,1225429.0,1493943.0
126775,Colorado School of Mines,CO,NCAA Division II with football,"Public, 4-year or above",2697616.0,2697616.0,132.0,3370.0,444889.0,1.0,9.0,13600458,13600458,57791.0,22441.0,10.0,32.0,109556.0,152816,2023,2022-23,https://ope.ed.gov/athletics/#/datafile/list,0.0,20436.484848484848,2252727.0,1296022.0
128106,Colorado State University Pueblo,CO,NCAA Division II with football,"Public, 4-year or above",1840799.0,1840799.0,156.0,2346.0,366024.0,1.0,11.0,10259150,10259150,66159.0,32978.0,8.0,20.0,97489.0,138352,2023,2022-23,https://ope.ed.gov/athletics/#/datafile/list,0.0,11799.99358974359,1474775.0,1188832.0
126818,Colorado State University-Fort Collins,CO,NCAA Division I-FBS,"Public, 4-year or above",29774400.0,29774400.0,114.0,31200.0,3556781.0,1.0,14.0,61535599,61535599,607294.0,157235.0,5.0,18.0,989843.0,1218487,2023,2022-23,https://ope.ed.gov/athletics/#/datafile/list,0.0,261178.94736842104,26217619.0,5866700.0
190150,Columbia University in the City of New York,NY,NCAA Division I-FCS,"Private nonprofit, 4-year or above",5453459.0,5453459.0,117.0,8727.0,1021070.0,1.0,9.0,38335736,38335736,201794.0,77254.0,14.0,33.0,752199.0,1180618,2023,2022-23,https://ope.ed.gov/athletics/#/datafile/list,0.0,46610.76068376069,4432389.0,5374498.0
498562,Commonwealth University of Pennsylvania,PA,NCCAA Division I,"Public, 4-year or above",1780928.0,1533118.0,218.0,1433.0,312301.0,2.0,15.0,17878473,17107643,63528.0,23562.0,20.0,33.0,42365.0,83171,2023,2022-23,https://ope.ed.gov/athletics/#/datafile/list,247810.0,7032.651376146789,1220817.0,2048106.0
112686,Compton College,CA,CCCAA,"Public, 2-year",86556.0,83477.0,57.0,147.0,8355.0,1.0,5.0,213525,208996,6958.0,2000.0,6.0,13.0,0.0,0,2023,2022-23,https://ope.ed.gov/athletics/#/datafile/list,3079.0,1464.508771929825,75122.0,67748.0
237330,Concord University,WV,NCAA Division II with football,"Public, 4-year or above",1573717.0,1573717.0,113.0,247.0,27860.0,1.0,11.0,4742031,4742031,36605.0,16802.0,6.0,18.0,24174.0,44302,2023,2022-23,https://ope.ed.gov/athletics/#/datafile/list,0.0,13926.699115044248,1545857.0,522066.0
173300,Concordia College at Moorhead,MN,NCAA Division III with football,"Private nonprofit, 4-year or above",551226.0,551226.0,121.0,1394.0,168698.0,1.0,9.0,3784051,3784051,32485.0,8735.0,11.0,30.0,69762.0,87652,2023,2022-23,https://ope.ed.gov/athletics/#/datafile/list,0.0,4555.586776859504,382528.0,619385.0
169363,Concordia University Ann Arbor,MI,NAIA Division II,"Private nonprofit, 4-year or above",1719722.0,1662291.0,138.0,2248.0,310230.0,1.0,12.0,9884357,9221117,34666.0,10274.0,12.0,40.0,53596.0,99652,2023,2022-23,https://ope.ed.gov/athletics/#/datafile/list,57431.0,12045.58695652174,1352061.0,826952.0
144351,Concordia University-Chicago,IL,NCAA Division III with football,"Private nonprofit, 4-year or above",507975.0,504475.0,68.0,2147.0,145997.0,1.0,7.0,4144230,3914016,41708.0,17424.0,10.0,18.0,26280.0,59132,2023,2022-23,https://ope.ed.gov/athletics/#/datafile/list,3500.0,7418.75,358478.0,730712.0
180984,Concordia University-Nebraska,NE,NAIA Division II,"Private nonprofit, 4-year or above",1432119.0,1368527.0,138.0,636.0,87760.0,1.0,13.0,9484098,8714251,44491.0,12084.0,8.0,31.0,37024.0,67320,2023,2022-23,https://ope.ed.gov/athletics/#/datafile/list,63592.0,9916.86231884058,1280767.0,730532.0
173328,Concordia University-Saint Paul,MN,NCAA Division II with football,"Private nonprofit, 4-year or above",1686700.0,1686700.0,131.0,3463.0,453660.0,1.0,10.0,7043732,7043732,41033.0,12298.0,7.0,32.0,121612.0,148564,2023,2022-23,https://ope.ed.gov/athletics/#/datafile/list,0.0,12875.57251908397,1233040.0,680767.0
238616,Concordia University-Wisconsin,WI,NCAA Division III with football,"Private nonprofit, 4-year or above",422312.0,421357.0,127.0,696.0,88331.0,1.0,10.0,3761636,3539320,48373.0,14157.0,13.0,40.0,53002.0,88420,2023,2022-23,https://ope.ed.gov/athletics/#/datafile/list,955.0,3317.771653543307,333026.0,1195129.0
112826,Contra Costa College,CA,CCCAA,"Public, 2-year",438361.0,438361.0,101.0,924.0,93360.0,1.0,11.0,1325378,1325378,20290.0,3720.0,4.0,14.0,0.0,0,2023,2022-23,https://ope.ed.gov/athletics/#/datafile/list,0.0,4340.207920792079,345001.0,133240.0
175573,Copiah-Lincoln Community College,MS,NJCAA Division I,"Public, 2-year",905989.0,905989.0,82.0,520.0,42629.0,1.0,7.0,3279374,3279374,47534.0,44102.0,6.0,12.0,34122.0,55220,2023,2022-23,https://ope.ed.gov/athletics/#/datafile/list,0.0,11048.646341463416,863360.0,814428.0
153162,Cornell College,IA,NCAA Division III with football,"Private nonprofit, 4-year or above",519973.0,504059.0,82.0,1027.0,84247.0,1.0,11.0,3266197,3134057,51919.0,14438.0,10.0,30.0,47502.0,71860,2023,2022-23,https://ope.ed.gov/athletics/#/datafile/list,15914.0,6147.0609756097565,419812.0,952330.0
190415,Cornell University,NY,NCAA Division I-FCS,"Private nonprofit, 4-year or above",3529132.0,3529132.0,111.0,4575.0,507792.0,1.0,9.0,36342322,36227301,157746.0,67478.0,15.0,38.0,803123.0,1216577,2023,2022-23,https://ope.ed.gov/athletics/#/datafile/list,0.0,31793.981981981982,3021340.0,4930354.0
174862,Crown College,MN,NCAA Division III with football,"Private nonprofit, 4-year or above",470141.0,470141.0,52.0,2382.0,123866.0,1.0,5.0,2154077,2090971,66159.0,14254.0,6.0,12.0,17245.0,22278,2023,2022-23,https://ope.ed.gov/athletics/#/datafile/list,0.0,9041.173076923076,346275.0,568002.0
177144,Culver-Stockton College,MO,NAIA Division II,"Private nonprofit, 4-year or above",1130092.0,1130092.0,188.0,1145.0,215308.0,1.0,5.0,5130993,5130993,31844.0,20986.0,8.0,9.0,15085.0,30902,2023,2022-23,https://ope.ed.gov/athletics/#/datafile/list,0.0,6011.127659574468,914784.0,443626.0
219949,Cumberland University,TN,NAIA Division I,"Private nonprofit, 4-year or above",2256773.0,2221416.0,67.0,3936.0,263689.0,1.0,4.0,11357538,11120614,35508.0,30455.0,12.0,10.0,47461.0,61922,2023,2022-23,https://ope.ed.gov/athletics/#/datafile/list,35357.0,33155.46268656717,1957727.0,730646.0
165529,Curry College,MA,NCAA Division III with football,"Private nonprofit, 4-year or above",372361.0,372361.0,85.0,2420.0,205693.0,1.0,8.0,2797360,2797360,24565.0,8876.0,8.0,16.0,23519.0,44720,2023,2022-23,https://ope.ed.gov/athletics/#/datafile/list,0.0,4380.717647058824,166668.0,338536.0
219082,Dakota State University,SD,NAIA Division I,"Public, 4-year or above",793656.0,750778.0,103.0,1008.0,103784.0,1.0,6.0,4355873,4078669,33600.0,21656.0,7.0,15.0,28042.0,48487,2023,2022-23,https://ope.ed.gov/athletics/#/datafile/list,42878.0,7289.106796116504,646994.0,560040.0
219091,Dakota Wesleyan University,SD,NAIA Division I,"Private nonprofit, 4-year or above",943676.0,868396.0,56.0,1920.0,107502.0,1.0,3.0,5130701,4629338,52200.0,37550.0,7.0,6.0,37158.0,56456,2023,2022-23,https://ope.ed.gov/athletics/#/datafile/list,75280.0,15507.07142857143,760894.0,590700.0
182670,Dartmouth College,NH,NCAA Division I-FCS,"Private nonprofit, 4-year or above",3721003.0,3721003.0,117.0,6947.0,812745.0,1.0,9.0,38642041,38642041,139122.0,73739.0,14.0,33.0,974912.0,1435861,2023,2022-23,https://ope.ed.gov/athletics/#/datafile/list,0.0,31803.444444444445,2908258.0,4381095.0
169479,Davenport University,MI,NCAA Division II with football,"Private nonprofit, 4-year or above",2210577.0,2210577.0,139.0,1685.0,234164.0,1.0,10.0,11270119,11270119,47383.0,14865.0,10.0,37.0,114312.0,154232,2023,2022-23,https://ope.ed.gov/athletics/#/datafile/list,0.0,15903.431654676258,1976413.0,1023835.0
198385,Davidson College,NC,NCAA Division I-FCS,"Private nonprofit, 4-year or above",1891752.0,2205465.0,101.0,7685.0,776185.0,1.0,9.0,23584891,21612891,144373.0,52846.0,9.0,25.0,308581.0,505505,2023,2022-23,https://ope.ed.gov/athletics/#/datafile/list,-313713.0,21836.287128712873,1429280.0,2620507.0
113333,De Anza College,CA,CCCAA,"Public, 2-year",263682.0,257360.0,54.0,1336.0,72146.0,1.0,12.0,2318085,2213584,56997.0,3863.0,7.0,24.0,0.0,0,2023,2022-23,https://ope.ed.gov/athletics/#/datafile/list,6322.0,4765.925925925926,185214.0,491691.0
150400,DePauw University,IN,NCAA Division III with football,"Private nonprofit, 4-year or above",989692.0,989692.0,134.0,2800.0,375212.0,1.0,6.0,6179966,6179966,61431.0,26088.0,9.0,18.0,38392.0,71924,2023,2022-23,https://ope.ed.gov/athletics/#/datafile/list,0.0,7385.761194029851,614480.0,1022463.0
165574,Dean College,MA,NCAA Division III with football,"Private nonprofit, 4-year or above",467378.0,463607.0,74.0,1679.0,124260.0,1.0,6.0,2474761,2416857,29362.0,10497.0,8.0,15.0,84188.0,95699,2023,2022-23,https://ope.ed.gov/athletics/#/datafile/list,3771.0,6264.959459459459,339347.0,392351.0
202514,Defiance College,OH,NCAA Division III with football,"Private nonprofit, 4-year or above",454847.0,450948.0,96.0,868.0,83328.0,1.0,6.0,1956438,1956438,31895.0,15293.0,9.0,17.0,56456.0,78828,2023,2022-23,https://ope.ed.gov/athletics/#/datafile/list,3899.0,4697.375,367620.0,547036.0
130934,Delaware State University,DE,NCAA Division I-FCS,"Public, 4-year or above",3060353.0,3060353.0,92.0,4840.0,445324.0,1.0,10.0,15986336,15986336,118944.0,58966.0,4.0,15.0,36036.0,68857,2023,2022-23,https://ope.ed.gov/athletics/#/datafile/list,0.0,33264.70652173913,2615029.0,1360266.0
211981,Delaware Valley University,PA,NCAA Division III with football,"Private nonprofit, 4-year or above",568893.0,568893.0,141.0,864.0,121869.0,1.0,7.0,2778681,2778681,42094.0,14638.0,10.0,23.0,25375.0,41905,2023,2022-23,https://ope.ed.gov/athletics/#/datafile/list,0.0,4034.702127659574,447024.0,757614.0
175616,Delta State University,MS,NCAA Division II with football,"Public, 4-year or above",1475661.0,1475661.0,120.0,1782.0,213835.0,1.0,6.0,6139117,6139117,61723.0,45307.0,7.0,10.0,24730.0,50013,2023,2022-23,https://ope.ed.gov/athletics/#/datafile/list,0.0,12297.175,1261826.0,885131.0
202523,Denison University,OH,NCAA Division III with football,"Private nonprofit, 4-year or above",636592.0,636592.0,93.0,2245.0,208776.0,1.0,11.0,8329802,8329802,49605.0,16787.0,12.0,33.0,64616.0,98715,2023,2022-23,https://ope.ed.gov/athletics/#/datafile/list,0.0,6845.075268817204,427816.0,1149231.0
113634,Diablo Valley College,CA,CCCAA,"Public, 2-year",148413.0,128977.0,88.0,836.0,73569.0,1.0,4.0,1173316,982970,15156.0,2802.0,8.0,15.0,0.0,0,2023,2022-23,https://ope.ed.gov/athletics/#/datafile/list,19436.0,1465.6477272727273,55408.0,163278.0
212009,Dickinson College,PA,NCAA Division III with football,"Private nonprofit, 4-year or above",372581.0,329238.0,76.0,971.0,73760.0,1.0,6.0,3607045,3570208,33631.0,8137.0,12.0,26.0,67101.0,99174,2023,2022-23,https://ope.ed.gov/athletics/#/datafile/list,43343.0,4332.078947368421,255478.0,615134.0
200059,Dickinson State University,ND,NAIA Division I,"Public, 4-year or above",659096.0,659096.0,122.0,1272.0,155196.0,1.0,4.0,3351838,3351838,24751.0,13422.0,8.0,10.0,15107.0,36395,2023,2022-23,https://ope.ed.gov/athletics/#/datafile/list,0.0,5402.426229508197,503900.0,332228.0
181020,Doane University,NE,NAIA Division II,"Private nonprofit, 4-year or above",989151.0,913843.0,126.0,926.0,116704.0,1.0,7.0,8243503,8122539,49132.0,13507.0,10.0,33.0,28023.0,42890,2023,2022-23,https://ope.ed.gov/athletics/#/datafile/list,75308.0,7252.722222222223,797139.0,937051.0
154998,Dodge City Community College,KS,NJCAA Division I,"Public, 2-year",710557.0,710557.0,86.0,1434.0,123285.0,1.0,6.0,3842522,3792522,69709.0,38370.0,6.0,8.0,31305.0,53642,2023,2022-23,https://ope.ed.gov/athletics/#/datafile/list,0.0,8262.290697674418,587272.0,725214.0
153250,Dordt University,IA,NAIA Division II,"Private nonprofit, 4-year or above",1564276.0,1564276.0,127.0,1433.0,182030.0,1.0,7.0,8146584,8146584,22830.0,11962.0,8.0,21.0,60090.0,104078,2023,2022-23,https://ope.ed.gov/athletics/#/datafile/list,0.0,12317.133858267716,1382246.0,433842.0
153269,Drake University,IA,NCAA Division I-FCS,"Private nonprofit, 4-year or above",1435896.0,1435896.0,106.0,6574.0,696839.0,1.0,9.0,19927305,19927305,166033.0,51846.0,6.0,19.0,186277.0,271802,2023,2022-23,https://ope.ed.gov/athletics/#/datafile/list,0.0,13546.188679245282,739057.0,1981272.0
198419,Duke University,NC,NCAA Division I-FBS,"Private nonprofit, 4-year or above",60949915.0,39371987.0,116.0,39076.0,4532858.0,1.0,10.0,152509818,150765898,687176.0,209868.0,11.0,36.0,2459555.0,3034403,2023,2022-23,https://ope.ed.gov/athletics/#/datafile/list,21577928.0,339413.6810344828,34839129.0,15114184.0
212106,Duquesne University,PA,NCAA Division I-FCS,"Private nonprofit, 4-year or above",4375587.0,4375587.0,110.0,9138.0,1005230.0,1.0,11.0,26560156,26560156,206834.0,50370.0,6.0,24.0,299665.0,415565,2023,2022-23,https://ope.ed.gov/athletics/#/datafile/list,0.0,39778.06363636364,3370357.0,2449884.0
198464,East Carolina University,NC,NCAA Division I-FBS,"Public, 4-year or above",16065184.0,16016102.0,123.0,29239.0,3596351.0,1.0,14.0,60875612,60875612,826541.0,187767.0,5.0,21.0,874234.0,1135107,2023,2022-23,https://ope.ed.gov/athletics/#/datafile/list,49082.0,130212.21138211382,12419751.0,8075812.0
175643,East Central Community College,MS,NJCAA Division II,"Public, 2-year",842818.0,842818.0,59.0,699.0,41237.0,1.0,7.0,3023033,3023033,71867.0,36765.0,6.0,8.0,4226.0,4867,2023,2022-23,https://ope.ed.gov/athletics/#/datafile/list,0.0,14285.050847457627,801581.0,725322.0
207041,East Central University,OK,NCAA Division II with football,"Public, 4-year or above",1055314.0,1055314.0,148.0,1750.0,258975.0,1.0,11.0,4032299,4032299,58781.0,21056.0,4.0,14.0,44949.0,51974,2023,2022-23,https://ope.ed.gov/athletics/#/datafile/list,0.0,7130.5,796339.0,529908.0
113856,East Los Angeles College,CA,CCCAA,"Public, 2-year",293599.0,205283.0,101.0,666.0,67309.0,1.0,8.0,2538106,1932493,14391.0,11600.0,7.0,20.0,0.0,0,2023,2022-23,https://ope.ed.gov/athletics/#/datafile/list,88316.0,2032.5049504950496,137974.0,332737.0
175652,East Mississippi Community College,MS,NJCAA Division I,"Public, 2-year",1179223.0,1179223.0,65.0,3995.0,259687.0,1.0,6.0,3338790,3338790,71462.0,53079.0,5.0,8.0,3846.0,3846,2023,2022-23,https://ope.ed.gov/athletics/#/datafile/list,0.0,18141.89230769231,919536.0,781942.0
212115,East Stroudsburg University of Pennsylvania,PA,NCAA Division II with football,"Public, 4-year or above",1237365.0,1160441.0,94.0,1617.0,151993.0,1.0,10.0,11411464,9846051,70252.0,20791.0,7.0,22.0,27865.0,56477,2023,2022-23,https://ope.ed.gov/athletics/#/datafile/list,76924.0,12345.117021276596,1008448.0,949166.0
220075,East Tennessee State University,TN,NCAA Division I-FCS,"Public, 4-year or above",4293904.0,4293904.0,121.0,6733.0,814664.0,1.0,11.0,19245116,19245116,123693.0,41308.0,9.0,28.0,230868.0,309921,2023,2022-23,https://ope.ed.gov/athletics/#/datafile/list,0.0,35486.80991735537,3479240.0,2269861.0
224527,East Texas Baptist University,TX,NCAA Division III with football,"Private nonprofit, 4-year or above",902263.0,902263.0,142.0,2084.0,295928.0,1.0,9.0,5626190,5626190,52628.0,19064.0,7.0,24.0,67872.0,111937,2023,2022-23,https://ope.ed.gov/athletics/#/datafile/list,0.0,6353.9647887323945,606335.0,825932.0
144892,Eastern Illinois University,IL,NCAA Division I-FCS,"Public, 4-year or above",3810938.0,3810938.0,103.0,5471.0,563517.0,1.0,12.0,13853180,13853180,81372.0,39503.0,9.0,24.0,117883.0,173827,2023,2022-23,https://ope.ed.gov/athletics/#/datafile/list,0.0,36999.398058252424,3247421.0,1680420.0
156620,Eastern Kentucky University,KY,NCAA Division I-FCS,"Public, 4-year or above",5994389.0,5994389.0,122.0,5170.0,630779.0,1.0,15.0,23088272,23088272,145862.0,58750.0,6.0,22.0,175345.0,267295,2023,2022-23,https://ope.ed.gov/athletics/#/datafile/list,0.0,49134.33606557377,5363610.0,2167672.0
169798,Eastern Michigan University,MI,NCAA Division I-FBS,"Public, 4-year or above",10855585.0,10855585.0,127.0,17435.0,2214204.0,1.0,10.0,35555897,35555897,240968.0,80937.0,5.0,20.0,725388.0,878902,2023,2022-23,https://ope.ed.gov/athletics/#/datafile/list,0.0,85477.04724409449,8641381.0,2823580.0
187648,Eastern New Mexico University-Main Campus,NM,NCAA Division II with football,"Public, 4-year or above",1277424.0,1277424.0,125.0,1445.0,180580.0,1.0,6.0,6614369,6614369,58055.0,26908.0,6.0,12.0,23611.0,53021,2023,2022-23,https://ope.ed.gov/athletics/#/datafile/list,0.0,10219.392,1096844.0,671226.0
208646,Eastern Oregon University,OR,NAIA Division I,"Public, 4-year or above",1082408.0,1082408.0,111.0,1989.0,220775.0,1.0,7.0,4704329,4704329,48707.0,12999.0,6.0,14.0,30055.0,43428,2023,2022-23,https://ope.ed.gov/athletics/#/datafile/list,0.0,9751.423423423425,861633.0,474228.0
235097,Eastern Washington University,WA,NCAA Division I-FCS,"Public, 4-year or above",6611031.0,6611031.0,117.0,14835.0,1735734.0,1.0,14.0,19263928,19263928,142046.0,44816.0,4.0,23.0,279446.0,381904,2023,2022-23,https://ope.ed.gov/athletics/#/datafile/list,0.0,56504.53846153846,4875297.0,1598952.0
133526,Edward Waters University,FL,NCAA Division II with football,"Private nonprofit, 4-year or above",925701.0,925701.0,106.0,2419.0,256368.0,1.0,9.0,5589329,5589329,47000.0,20000.0,5.0,17.0,0.0,0,2023,2022-23,https://ope.ed.gov/athletics/#/datafile/list,0.0,8733.028301886792,669333.0,575000.0
113980,El Camino Community College District,CA,CCCAA,"Public, 2-year",223460.0,223160.0,106.0,493.0,52256.0,1.0,14.0,1903299,1820812,35887.0,6741.0,10.0,29.0,0.0,0,2023,2022-23,https://ope.ed.gov/athletics/#/datafile/list,300.0,2105.2830188679245,170904.0,554359.0
198507,Elizabeth City State University,NC,NCAA Division II with football,"Public, 4-year or above",821627.0,821403.0,145.0,1567.0,227274.0,1.0,11.0,3785538,3785538,49488.0,19029.0,4.0,17.0,452.0,1544,2023,2022-23,https://ope.ed.gov/athletics/#/datafile/list,224.0,5664.848275862069,594129.0,521445.0
153296,Ellsworth Community College,IA,NJCAA Division I,"Public, 2-year",405471.0,404051.0,116.0,1568.0,181945.0,1.0,7.0,1467932,1397825,13378.0,4447.0,4.0,13.0,12528.0,17221,2023,2022-23,https://ope.ed.gov/athletics/#/datafile/list,1420.0,3483.198275862069,222106.0,111323.0
144962,Elmhurst University,IL,NCAA Division III with football,"Private nonprofit, 4-year or above",637995.0,637995.0,92.0,1887.0,173637.0,1.0,7.0,4763503,4691989,49797.0,13186.0,9.0,30.0,51633.0,91654,2023,2022-23,https://ope.ed.gov/athletics/#/datafile/list,0.0,6934.728260869565,464358.0,843753.0
198516,Elon University,NC,NCAA Division I-FCS,"Private nonprofit, 4-year or above",6771092.0,6771092.0,116.0,7764.0,900640.0,1.0,12.0,33613892,33613892,183710.0,71413.0,7.0,21.0,286561.0,461737,2023,2022-23,https://ope.ed.gov/athletics/#/datafile/list,0.0,58371.48275862069,5870452.0,2785643.0
232025,Emory & Henry College,VA,NCAA Division II with football,"Private nonprofit, 4-year or above",1576952.0,1576952.0,114.0,2006.0,228728.0,1.0,9.0,7631010,7631010,40602.0,26054.0,9.0,19.0,62169.0,101644,2023,2022-23,https://ope.ed.gov/athletics/#/datafile/list,0.0,13832.912280701754,1348224.0,860444.0
155025,Emporia State University,KS,NCAA Division II with football,"Public, 4-year or above",1822682.0,1803737.0,119.0,1088.0,129490.0,1.0,9.0,6908772,6902367,76465.0,24066.0,5.0,21.0,70599.0,102161,2023,2022-23,https://ope.ed.gov/athletics/#/datafile/list,18945.0,15157.453781512606,1674247.0,887711.0
165699,Endicott College,MA,NCAA Division III with football,"Private nonprofit, 4-year or above",507944.0,507947.0,137.0,1201.0,164586.0,1.0,8.0,4627161,4627161,33320.0,14459.0,10.0,22.0,28113.0,50642,2023,2022-23,https://ope.ed.gov/athletics/#/datafile/list,-3.0,3707.642335766423,343361.0,651298.0
191083,Erie Community College,NY,NJCAA Division III,"Public, 2-year",246941.0,246941.0,87.0,1290.0,112256.0,1.0,6.0,1473874,1472874,21023.0,5883.0,8.0,15.0,385.0,1130,2023,2022-23,https://ope.ed.gov/athletics/#/datafile/list,0.0,2838.402298850575,134685.0,256429.0
217998,Erskine College,SC,NCAA Division II with football,"Private nonprofit, 4-year or above",927572.0,927572.0,161.0,2044.0,329026.0,1.0,6.0,7639627,7639627,37950.0,26058.0,10.0,17.0,29991.0,34817,2023,2022-23,https://ope.ed.gov/athletics/#/datafile/list,0.0,5761.316770186336,598546.0,822486.0
144971,Eureka College,IL,NCAA Division III with football,"Private nonprofit, 4-year or above",232078.0,232078.0,83.0,1322.0,109739.0,1.0,6.0,1676536,1676536,34681.0,2786.0,7.0,13.0,714.0,2853,2023,2022-23,https://ope.ed.gov/athletics/#/datafile/list,0.0,2796.120481927711,122339.0,278985.0
177339,Evangel University,MO,Other,"Private nonprofit, 4-year or above",2824728.0,2824728.0,126.0,2080.0,262026.0,1.0,7.0,11585795,11585795,56138.0,23674.0,7.0,14.0,18791.0,26896,2023,2022-23,https://ope.ed.gov/athletics/#/datafile/list,0.0,22418.47619047619,2562702.0,724402.0
184694,Fairleigh Dickinson University-Florham Campus,NJ,NCAA Division III with football,"Private nonprofit, 4-year or above",457918.0,457918.0,135.0,662.0,89355.0,1.0,8.0,4122154,4114179,33229.0,11234.0,10.0,19.0,35124.0,55306,2023,2022-23,https://ope.ed.gov/athletics/#/datafile/list,0.0,3391.9851851851854,368563.0,545736.0
237367,Fairmont State University,WV,NCAA Division II with football,"Public, 4-year or above",1225008.0,1211793.0,95.0,1346.0,127891.0,1.0,7.0,6063510,5925057,42002.0,17703.0,8.0,20.0,4817.0,10683,2023,2022-23,https://ope.ed.gov/athletics/#/datafile/list,13215.0,12755.715789473685,1083902.0,690076.0
101189,Faulkner University,AL,NAIA Division I,"Private nonprofit, 4-year or above",1603262.0,1603262.0,141.0,2256.0,318065.0,1.0,11.0,7090475,7090475,53700.0,24763.0,6.0,19.0,27436.0,44148,2023,2022-23,https://ope.ed.gov/athletics/#/datafile/list,0.0,11370.652482269505,1285197.0,792697.0
198543,Fayetteville State University,NC,NCAA Division II with football,"Public, 4-year or above",1399550.0,1399550.0,100.0,2450.0,245035.0,1.0,8.0,5184770,5184770,51375.0,33424.0,4.0,12.0,0.0,1375,2023,2022-23,https://ope.ed.gov/athletics/#/datafile/list,0.0,13995.5,1154515.0,606588.0
114433,Feather River Community College District,CA,CCCAA,"Public, 2-year",271524.0,271524.0,91.0,892.0,81131.0,1.0,8.0,2049192,2049192,76686.0,10131.0,5.0,10.0,9598.0,17792,2023,2022-23,https://ope.ed.gov/athletics/#/datafile/list,0.0,2983.78021978022,190393.0,484740.0
169910,Ferris State University,MI,Other,"Public, 4-year or above",2864091.0,2864091.0,138.0,4015.0,554040.0,1.0,13.0,11918809,11918809,90887.0,51924.0,6.0,13.0,48568.0,80265,2023,2022-23,https://ope.ed.gov/athletics/#/datafile/list,0.0,20754.282608695652,2310051.0,1220334.0
232089,Ferrum College,VA,NCAA Division III with football,"Private nonprofit, 4-year or above",812523.0,812523.0,156.0,527.0,82182.0,1.0,10.0,4020503,4020503,44528.0,33769.0,10.0,13.0,83870.0,125208,2023,2022-23,https://ope.ed.gov/athletics/#/datafile/list,0.0,5208.4807692307695,730341.0,884277.0
165820,Fitchburg State University,MA,NCAA Division III with football,"Public, 4-year or above",135080.0,135080.0,60.0,480.0,28770.0,1.0,8.0,1789911,1744665,11438.0,3829.0,8.0,22.0,9099.0,14623,2023,2022-23,https://ope.ed.gov/athletics/#/datafile/list,0.0,2251.3333333333335,106310.0,175742.0
133650,Florida Agricultural and Mechanical University,FL,NCAA Division I-FCS,"Public, 4-year or above",4377898.0,4377898.0,110.0,14096.0,1550567.0,1.0,12.0,13112757,13112757,85564.0,33060.0,6.0,28.0,10162.0,17120,2023,2022-23,https://ope.ed.gov/athletics/#/datafile/list,0.0,39799.07272727273,2827331.0,1439064.0
133669,Florida Atlantic University,FL,NCAA Division I-FBS,"Public, 4-year or above",14514971.0,14514971.0,115.0,31282.0,3597455.0,1.0,10.0,39202450,39202450,257599.0,117246.0,8.0,21.0,581180.0,738960,2023,2022-23,https://ope.ed.gov/athletics/#/datafile/list,0.0,126217.13913043478,10917516.0,4522958.0
133951,Florida International University,FL,NCAA Division I-FBS,"Public, 4-year or above",13614332.0,13614332.0,111.0,22166.0,2460450.0,1.0,14.0,41445861,41445861,297358.0,115739.0,5.0,19.0,409607.0,564898,2023,2022-23,https://ope.ed.gov/athletics/#/datafile/list,0.0,122651.63963963964,11153882.0,3685831.0
133979,Florida Memorial University,FL,NAIA Division I,"Private nonprofit, 4-year or above",1154572.0,1154572.0,73.0,2975.0,217210.0,1.0,7.0,4047131,4047131,45500.0,20000.0,6.0,16.0,24869.0,49525,2023,2022-23,https://ope.ed.gov/athletics/#/datafile/list,0.0,15816.054794520547,937362.0,593000.0
134097,Florida State University,FL,NCAA Division I-FBS,"Public, 4-year or above",91911513.0,76501138.0,121.0,73346.0,8874852.0,1.0,14.0,170434508,170434508,1090672.0,322706.0,8.0,26.0,1642495.0,2255200,2023,2022-23,https://ope.ed.gov/athletics/#/datafile/list,15410375.0,632240.8099173554,67626286.0,17115732.0
114716,Foothill College,CA,CCCAA,"Public, 2-year",195710.0,195710.0,62.0,622.0,38548.0,1.0,4.0,1073302,1073302,55980.0,3500.0,5.0,8.0,0.0,0,2023,2022-23,https://ope.ed.gov/athletics/#/datafile/list,0.0,3156.6129032258063,157162.0,307900.0
191241,Fordham University,NY,NCAA Division I-FCS,"Private nonprofit, 4-year or above",8505080.0,8505080.0,90.0,8329.0,749580.0,1.0,10.0,43971302,43971302,174798.0,64188.0,10.0,25.0,693522.0,846365,2023,2022-23,https://ope.ed.gov/athletics/#/datafile/list,0.0,94500.88888888888,7755500.0,3352680.0
155061,Fort Hays State University,KS,NCAA Division II with football,"Public, 4-year or above",2164364.0,2072488.0,154.0,2623.0,403928.0,1.0,10.0,9342119,9301444,67481.0,54408.0,7.0,10.0,179251.0,210562,2023,2022-23,https://ope.ed.gov/athletics/#/datafile/list,91876.0,13457.714285714286,1668560.0,1016447.0
127185,Fort Lewis College,CO,NCAA Division II with football,"Public, 4-year or above",1547978.0,1544315.0,108.0,2178.0,235241.0,1.0,7.0,7438783,7408322,68384.0,27288.0,5.0,11.0,37422.0,73023,2023,2022-23,https://ope.ed.gov/athletics/#/datafile/list,3663.0,14299.212962962964,1309074.0,642088.0
139719,Fort Valley State University,GA,NCAA Division II with football,"Public, 4-year or above",989831.0,989831.0,83.0,548.0,45469.0,1.0,7.0,3071234,3071234,48129.0,31866.0,6.0,10.0,6689.0,6949,2023,2022-23,https://ope.ed.gov/athletics/#/datafile/list,0.0,11925.67469879518,944362.0,607434.0
165866,Framingham State University,MA,NCAA Division III with football,"Public, 4-year or above",279000.0,278111.0,92.0,1498.0,137852.0,1.0,8.0,1339302,1237762,17825.0,5304.0,6.0,18.0,697.0,7828,2023,2022-23,https://ope.ed.gov/athletics/#/datafile/list,889.0,3022.945652173913,140259.0,202422.0
150604,Franklin College,IN,NCAA Division III with football,"Private nonprofit, 4-year or above",544404.0,470308.0,119.0,1167.0,138872.0,1.0,11.0,2981117,2619561,27727.0,9389.0,9.0,25.0,10644.0,15084,2023,2022-23,https://ope.ed.gov/athletics/#/datafile/list,74096.0,3952.168067226891,331436.0,484268.0
182795,Franklin Pierce University,NH,NCAA Division II with football,"Private nonprofit, 4-year or above",1441487.0,1441487.0,85.0,889.0,75565.0,1.0,6.0,8966894,8966894,64114.0,12677.0,9.0,20.0,35556.0,68423,2023,2022-23,https://ope.ed.gov/athletics/#/datafile/list,0.0,16958.670588235294,1365922.0,830566.0
212577,Franklin and Marshall College,PA,NCAA Division III with football,"Private nonprofit, 4-year or above",747291.0,733109.0,88.0,1506.0,132528.0,1.0,7.0,7421014,6991050,52416.0,20978.0,14.0,26.0,85947.0,125635,2023,2022-23,https://ope.ed.gov/athletics/#/datafile/list,14182.0,8330.78409090909,600581.0,1279252.0
114789,Fresno City College,CA,CCCAA,"Public, 2-year",624776.0,311744.0,79.0,2845.0,224776.0,1.0,8.0,3894457,3822658,39757.0,3200.0,9.0,28.0,0.0,0,2023,2022-23,https://ope.ed.gov/athletics/#/datafile/list,313032.0,3946.1265822784817,86968.0,447413.0
155089,Friends University,KS,NAIA Division I,"Private nonprofit, 4-year or above",1873262.0,1320386.0,127.0,727.0,92362.0,1.0,8.0,10164043,6928120,38898.0,8141.0,10.0,23.0,14630.0,38888,2023,2022-23,https://ope.ed.gov/athletics/#/datafile/list,552876.0,10396.740157480315,1228024.0,576223.0
162584,Frostburg State University,MD,NCAA Division II with football,"Public, 4-year or above",1185986.0,1185986.0,150.0,1219.0,182921.0,1.0,10.0,8322968,8322968,49835.0,20680.0,10.0,28.0,33003.0,55490,2023,2022-23,https://ope.ed.gov/athletics/#/datafile/list,0.0,7906.573333333334,1003065.0,1077390.0
114859,Fullerton College,CA,CCCAA,"Public, 2-year",267638.0,267638.0,116.0,1186.0,137609.0,1.0,12.0,2453583,2453583,51070.0,6523.0,10.0,36.0,0.0,0,2023,2022-23,https://ope.ed.gov/athletics/#/datafile/list,0.0,2307.2241379310344,130029.0,745528.0
218070,Furman University,SC,NCAA Division I-FCS,"Private nonprofit, 4-year or above",8069547.0,8069547.0,115.0,5745.0,660627.0,1.0,10.0,31040151,31040151,196422.0,63105.0,6.0,21.0,263225.0,404421,2023,2022-23,https://ope.ed.gov/athletics/#/datafile/list,0.0,70169.97391304348,7408920.0,2503737.0
131450,Gallaudet University,DC,NCAA Division III with football,"Private nonprofit, 4-year or above",422951.0,422951.0,71.0,2457.0,174481.0,1.0,7.0,2739436,2551180,47960.0,9105.0,8.0,19.0,17500.0,35000,2023,2022-23,https://ope.ed.gov/athletics/#/datafile/list,0.0,5957.056338028169,248470.0,556675.0
212601,Gannon University,PA,NCAA Division II with football,"Private nonprofit, 4-year or above",2245288.0,2225495.0,112.0,783.0,87720.0,1.0,8.0,11641587,11492955,53938.0,27021.0,9.0,20.0,60788.0,109114,2023,2022-23,https://ope.ed.gov/athletics/#/datafile/list,19793.0,19870.491071428572,2137775.0,1025862.0
155104,Garden City Community College,KS,NJCAA Division I,"Public, 2-year",816262.0,816262.0,65.0,1510.0,98125.0,1.0,5.0,4342651,4342651,47914.0,37959.0,8.0,13.0,44542.0,74247,2023,2022-23,https://ope.ed.gov/athletics/#/datafile/list,0.0,12557.876923076925,718137.0,876779.0
198561,Gardner-Webb University,NC,NCAA Division I-FCS,"Private nonprofit, 4-year or above",3779828.0,3779828.0,127.0,2959.0,375837.0,1.0,9.0,13954647,13954647,65078.0,34847.0,11.0,27.0,97706.0,144571,2023,2022-23,https://ope.ed.gov/athletics/#/datafile/list,0.0,29762.425196850392,3403991.0,1656727.0
114938,Gavilan College,CA,CCCAA,"Public, 2-year",128417.0,114465.0,52.0,909.0,47282.0,1.0,5.0,902043,869316,5817.0,3350.0,3.0,11.0,0.0,0,2023,2022-23,https://ope.ed.gov/athletics/#/datafile/list,13952.0,2201.25,67183.0,54301.0
212656,Geneva College,PA,NCAA Division III with football,"Private nonprofit, 4-year or above",468133.0,468133.0,90.0,1357.0,122161.0,1.0,13.0,2293007,2293007,42372.0,8638.0,8.0,22.0,33704.0,48865,2023,2022-23,https://ope.ed.gov/athletics/#/datafile/list,0.0,5201.477777777778,345972.0,529012.0
208822,George Fox University,OR,NCAA Division III with football,"Private nonprofit, 4-year or above",1048971.0,986853.0,123.0,2733.0,336202.0,1.0,16.0,5816855,5619089,54504.0,12903.0,8.0,37.0,63779.0,103611,2023,2022-23,https://ope.ed.gov/athletics/#/datafile/list,62118.0,8023.195121951219,650651.0,913443.0
156745,Georgetown College,KY,NAIA Division I,"Private nonprofit, 4-year or above",4530704.0,4530704.0,142.0,640.0,90848.0,1.0,12.0,16386679,16386679,47609.0,19485.0,9.0,21.0,28794.0,47214,2023,2022-23,https://ope.ed.gov/athletics/#/datafile/list,0.0,31906.3661971831,4439856.0,837666.0
131496,Georgetown University,DC,NCAA Division I-FCS,"Private nonprofit, 4-year or above",2952116.0,3040050.0,101.0,7312.0,738510.0,1.0,11.0,68972755,68972755,580565.0,84992.0,10.0,30.0,997498.0,1158599,2023,2022-23,https://ope.ed.gov/athletics/#/datafile/list,-87934.0,30099.50495049505,2301540.0,8355410.0
139755,Georgia Institute of Technology-Main Campus,GA,NCAA Division I-FBS,"Public, 4-year or above",59509178.0,36173184.0,123.0,80938.0,9955389.0,1.0,10.0,115654077,114155972,1329540.0,257467.0,7.0,26.0,2426709.0,2811581,2023,2022-23,https://ope.ed.gov/athletics/#/datafile/list,23335994.0,294090.9268292683,26217795.0,16000922.0
485111,Georgia Military College,GA,NJCAA Division I,"Public, 2-year",627968.0,627968.0,113.0,1837.0,207533.0,1.0,6.0,1728739,1728739,21810.0,34829.0,4.0,7.0,5402.0,12278,2023,2022-23,https://ope.ed.gov/athletics/#/datafile/list,0.0,5557.238938053098,420435.0,331043.0
139931,Georgia Southern University,GA,NCAA Division I-FBS,"Public, 4-year or above",10574849.0,10574849.0,135.0,20105.0,2714118.0,1.0,17.0,35614506,35614506,227586.0,104137.0,6.0,18.0,422610.0,636245,2023,2022-23,https://ope.ed.gov/athletics/#/datafile/list,0.0,78332.21481481481,7860731.0,3239982.0
139940,Georgia State University,GA,NCAA Division I-FBS,"Public, 4-year or above",9227883.0,9227883.0,114.0,17367.0,1979785.0,1.0,10.0,38421792,36803754,270310.0,116927.0,6.0,19.0,459517.0,611562,2023,2022-23,https://ope.ed.gov/athletics/#/datafile/list,0.0,80946.34210526316,7248098.0,3843473.0
212674,Gettysburg College,PA,NCAA Division III with football,"Private nonprofit, 4-year or above",538477.0,538477.0,102.0,1712.0,174620.0,1.0,7.0,4987409,4987409,43530.0,14056.0,10.0,24.0,69229.0,97854,2023,2022-23,https://ope.ed.gov/athletics/#/datafile/list,0.0,5279.186274509804,363857.0,772644.0
115001,Glendale Community College,CA,CCCAA,"Public, 2-year",203060.0,203060.0,121.0,391.0,47356.0,1.0,8.0,2774249,2752838,8265.0,5130.0,8.0,22.0,0.0,0,2023,2022-23,https://ope.ed.gov/athletics/#/datafile/list,0.0,1678.1818181818182,155704.0,178980.0
237385,Glenville State University,WV,NCAA Division II with football,"Public, 4-year or above",1225291.0,1173549.0,119.0,2291.0,272644.0,1.0,7.0,5331447,5094555,41514.0,28592.0,6.0,15.0,68770.0,164174,2023,2022-23,https://ope.ed.gov/athletics/#/datafile/list,51742.0,9861.75630252101,900905.0,677964.0
115126,Golden West College,CA,CCCAA,"Public, 2-year",460461.0,460461.0,90.0,1974.0,177681.0,1.0,11.0,3139732,3139732,43629.0,9646.0,9.0,29.0,0.0,0,2023,2022-23,https://ope.ed.gov/athletics/#/datafile/list,0.0,5116.233333333334,282780.0,672395.0
153366,Graceland University-Lamoni,IA,NAIA Division II,"Private nonprofit, 4-year or above",2381478.0,2381478.0,141.0,1361.0,191866.0,1.0,8.0,8160336,8160336,30125.0,20324.0,11.0,19.0,41473.0,69134,2023,2022-23,https://ope.ed.gov/athletics/#/datafile/list,0.0,16889.91489361702,2189612.0,717531.0
159009,Grambling State University,LA,NCAA Division I-FCS,"Public, 4-year or above",4627198.0,4627198.0,145.0,8671.0,1257237.0,1.0,11.0,12689321,12689321,168358.0,70645.0,4.0,16.0,204369.0,215467,2023,2022-23,https://ope.ed.gov/athletics/#/datafile/list,0.0,31911.710344827585,3369961.0,1803752.0
170082,Grand Valley State University,MI,NCAA Division II with football,"Public, 4-year or above",3709721.0,3301694.0,137.0,5028.0,688830.0,1.0,9.0,19106421,18752440,88123.0,30894.0,7.0,24.0,90263.0,143916,2023,2022-23,https://ope.ed.gov/athletics/#/datafile/list,408027.0,24099.956204379563,2612864.0,1358317.0
153375,Grand View University,IA,NAIA Division I,"Private nonprofit, 4-year or above",2213503.0,2213503.0,152.0,1869.0,284083.0,1.0,11.0,10943807,10943807,42938.0,10422.0,10.0,48.0,23714.0,31230,2023,2022-23,https://ope.ed.gov/athletics/#/datafile/list,0.0,14562.519736842103,1929420.0,929636.0
198598,Greensboro College,NC,NCAA Division III with football,"Private nonprofit, 4-year or above",283328.0,283328.0,97.0,594.0,57597.0,1.0,12.0,2188199,2188199,31297.0,6062.0,9.0,17.0,18775.0,32653,2023,2022-23,https://ope.ed.gov/athletics/#/datafile/list,0.0,2920.907216494845,225731.0,384727.0
145372,Greenville University,IL,NCAA Division III with football,"Private nonprofit, 4-year or above",344484.0,339106.0,103.0,660.0,67958.0,1.0,6.0,2049258,1996275,38070.0,12650.0,7.0,20.0,12395.0,29309,2023,2022-23,https://ope.ed.gov/athletics/#/datafile/list,5378.0,3292.2912621359224,271148.0,519490.0
153384,Grinnell College,IA,NCAA Division III with football,"Private nonprofit, 4-year or above",500148.0,500148.0,54.0,2426.0,130990.0,1.0,7.0,4271582,4271582,38935.0,13246.0,10.0,21.0,44932.0,62043,2023,2022-23,https://ope.ed.gov/athletics/#/datafile/list,0.0,9262.0,369158.0,667516.0
115296,Grossmont College,CA,CCCAA,"Public, 2-year",49350.0,49350.0,75.0,44.0,3298.0,1.0,2.0,382068,382068,8000.0,4000.0,6.0,7.0,5000.0,11000,2023,2022-23,https://ope.ed.gov/athletics/#/datafile/list,0.0,658.0,46052.0,76000.0
198613,Guilford College,NC,NCAA Division III with football,"Private nonprofit, 4-year or above",441505.0,423215.0,120.0,1134.0,136076.0,1.0,9.0,3029380,2910398,46667.0,15077.0,8.0,15.0,14858.0,18955,2023,2022-23,https://ope.ed.gov/athletics/#/datafile/list,18290.0,3526.7916666666665,287139.0,599491.0
173647,Gustavus Adolphus College,MN,NCAA Division III with football,"Private nonprofit, 4-year or above",699770.0,699770.0,114.0,1013.0,115434.0,1.0,10.0,5260711,5260711,50681.0,13949.0,9.0,37.0,30577.0,42242,2023,2022-23,https://ope.ed.gov/athletics/#/datafile/list,0.0,6138.333333333333,584336.0,972242.0
191515,Hamilton College,NY,NCAA Division III with football,"Private nonprofit, 4-year or above",822562.0,822562.0,81.0,2344.0,189864.0,1.0,9.0,7352753,7352753,61601.0,20437.0,14.0,31.0,63269.0,108897,2023,2022-23,https://ope.ed.gov/athletics/#/datafile/list,0.0,10155.086419753086,632698.0,1495961.0
173665,Hamline University,MN,NCAA Division III with football,"Private nonprofit, 4-year or above",428385.0,428385.0,79.0,2169.0,171358.0,1.0,8.0,3960179,3960179,41393.0,8747.0,10.0,29.0,45399.0,78105,2023,2022-23,https://ope.ed.gov/athletics/#/datafile/list,0.0,5422.594936708861,257027.0,667593.0
232256,Hampden-Sydney College,VA,NCAA Division III with football,"Private nonprofit, 4-year or above",1012115.0,1012115.0,122.0,1090.0,133017.0,1.0,11.0,4231413,4231413,58493.0,30447.0,9.0,21.0,89058.0,89058,2023,2022-23,https://ope.ed.gov/athletics/#/datafile/list,0.0,8296.024590163934,879098.0,1165824.0
232265,Hampton University,VA,NCAA Division I-FCS,"Private nonprofit, 4-year or above",4096671.0,4081171.0,92.0,1773.0,163123.0,1.0,10.0,11287652,11287652,87223.0,45821.0,7.0,23.0,119730.0,273614,2023,2022-23,https://ope.ed.gov/athletics/#/datafile/list,15500.0,44360.55434782609,3918048.0,1664444.0
150756,Hanover College,IN,NCAA Division III with football,"Private nonprofit, 4-year or above",485925.0,485925.0,103.0,1022.0,105252.0,1.0,7.0,3377276,3377276,44620.0,19345.0,11.0,14.0,54726.0,92623,2023,2022-23,https://ope.ed.gov/athletics/#/datafile/list,0.0,4717.718446601942,380673.0,761650.0
225247,Hardin-Simmons University,TX,NCAA Division III with football,"Private nonprofit, 4-year or above",1076868.0,1064894.0,227.0,1779.0,403854.0,1.0,8.0,4951043,3710889,44461.0,34014.0,9.0,15.0,9757.0,15764,2023,2022-23,https://ope.ed.gov/athletics/#/datafile/list,11974.0,4691.162995594714,661040.0,910359.0
107044,Harding University,AR,NCAA Division II with football,"Private nonprofit, 4-year or above",2334793.0,2298900.0,127.0,1199.0,152335.0,1.0,7.0,8531829,8531829,61197.0,47184.0,7.0,11.0,52659.0,67652,2023,2022-23,https://ope.ed.gov/athletics/#/datafile/list,35893.0,18101.574803149608,2146565.0,947403.0
115393,Hartnell College,CA,CCCAA,"Public, 2-year",128252.0,121680.0,53.0,1466.0,77680.0,1.0,6.0,1211149,1206329,4644.0,4368.0,7.0,19.0,0.0,0,2023,2022-23,https://ope.ed.gov/athletics/#/datafile/list,6572.0,2295.8490566037735,44000.0,115500.0
191533,Hartwick College,NY,NCAA Division III with football,"Private nonprofit, 4-year or above",387161.0,387161.0,117.0,878.0,102719.0,1.0,7.0,2888128,2888128,30727.0,16903.0,8.0,12.0,42113.0,61943,2023,2022-23,https://ope.ed.gov/athletics/#/datafile/list,0.0,3309.068376068376,284442.0,448652.0
166027,Harvard University,MA,NCAA Division I-FCS,"Private nonprofit, 4-year or above",4323135.0,4323135.0,115.0,5082.0,584408.0,1.0,9.0,39568660,39568660,158633.0,64867.0,18.0,47.0,967926.0,1550380,2023,2022-23,https://ope.ed.gov/athletics/#/datafile/list,0.0,37592.47826086957,3738727.0,5904143.0
181127,Hastings College,NE,NAIA Division II,"Private nonprofit, 4-year or above",1334607.0,1334607.0,125.0,1014.0,126783.0,1.0,6.0,7668051,7668051,43343.0,21606.0,9.0,18.0,29430.0,45967,2023,2022-23,https://ope.ed.gov/athletics/#/datafile/list,0.0,10676.856,1207824.0,778995.0
203085,Heidelberg University,OH,NCAA Division III with football,"Private nonprofit, 4-year or above",510179.0,510179.0,156.0,647.0,100900.0,1.0,9.0,2899387,2899387,45979.0,17779.0,8.0,18.0,34252.0,45237,2023,2022-23,https://ope.ed.gov/athletics/#/datafile/list,0.0,3270.378205128205,409279.0,687854.0
107071,Henderson State University,AR,NCAA Division II with football,"Public, 4-year or above",1503067.0,1503067.0,136.0,1203.0,163603.0,1.0,6.0,5923277,5923277,49385.0,40682.0,5.0,8.0,28398.0,39007,2023,2022-23,https://ope.ed.gov/athletics/#/datafile/list,0.0,11051.963235294115,1339464.0,572381.0
107080,Hendrix College,AR,NCAA Division III with football,"Private nonprofit, 4-year or above",582281.0,582281.0,99.0,2570.0,254474.0,1.0,11.0,3645948,3645948,29338.0,16083.0,9.0,21.0,71759.0,102742,2023,2022-23,https://ope.ed.gov/athletics/#/datafile/list,0.0,5881.626262626262,327807.0,601785.0
155186,Highland Community College,KS,NJCAA Division I,"Public, 2-year",638379.0,638379.0,98.0,1004.0,98392.0,1.0,6.0,2353781,2353781,55798.0,27917.0,4.0,8.0,31593.0,46021,2023,2022-23,https://ope.ed.gov/athletics/#/datafile/list,0.0,6514.071428571428,539987.0,446528.0
191621,Hilbert College,NY,NCAA Division III with football,"Private nonprofit, 4-year or above",283997.0,283997.0,75.0,1227.0,91992.0,1.0,9.0,2278496,2202931,30516.0,6009.0,9.0,20.0,12161.0,24478,2023,2022-23,https://ope.ed.gov/athletics/#/datafile/list,0.0,3786.6266666666666,192005.0,394824.0
175786,Hinds Community College,MS,NJCAA Division I,"Public, 2-year",974863.0,974863.0,65.0,1957.0,127186.0,1.0,6.0,3382499,3382499,44080.0,28133.0,8.0,15.0,5626.0,9522,2023,2022-23,https://ope.ed.gov/athletics/#/datafile/list,0.0,14997.892307692307,847677.0,774635.0
203128,Hiram College,OH,NCAA Division III with football,"Private nonprofit, 4-year or above",377770.0,377770.0,84.0,1396.0,117285.0,1.0,6.0,2057216,2057216,43999.0,14691.0,9.0,14.0,39509.0,68629,2023,2022-23,https://ope.ed.gov/athletics/#/datafile/list,0.0,4497.261904761905,260485.0,601665.0
191630,Hobart William Smith Colleges,NY,NCAA Division III with football,"Private nonprofit, 4-year or above",669290.0,669290.0,95.0,1862.0,176881.0,1.0,10.0,10105098,10105098,54976.0,29995.0,14.0,22.0,90180.0,163684,2023,2022-23,https://ope.ed.gov/athletics/#/datafile/list,0.0,7045.1578947368425,492409.0,1429554.0
203155,Hocking College,OH,NJCAA Division III,"Public, 2-year",249800.0,249800.0,116.0,1091.0,126594.0,1.0,6.0,962830,962830,24400.0,5000.0,4.0,7.0,1520.0,7148,2023,2022-23,https://ope.ed.gov/athletics/#/datafile/list,0.0,2153.448275862069,123206.0,132600.0
175810,Holmes Community College,MS,NJCAA Division II,"Public, 2-year",1096939.0,1096939.0,65.0,701.0,45539.0,1.0,7.0,3210281,3210281,73227.0,47919.0,5.0,10.0,13502.0,29070,2023,2022-23,https://ope.ed.gov/athletics/#/datafile/list,0.0,16875.984615384616,1051400.0,845325.0
170301,Hope College,MI,NCAA Division III with football,"Private nonprofit, 4-year or above",631094.0,621951.0,109.0,915.0,99695.0,1.0,9.0,4318648,4214121,36985.0,8982.0,10.0,32.0,90069.0,117229,2023,2022-23,https://ope.ed.gov/athletics/#/datafile/list,9143.0,5705.972477064221,522256.0,657274.0
225399,Houston Baptist University,TX,NCAA Division I-FCS,"Private nonprofit, 4-year or above",5728645.0,5728645.0,108.0,6279.0,678184.0,1.0,9.0,20167919,20167919,94021.0,73535.0,6.0,16.0,189848.0,260819,2023,2022-23,https://ope.ed.gov/athletics/#/datafile/list,0.0,53043.00925925926,5050461.0,1740686.0
225548,Howard Payne University,TX,NCAA Division III with football,"Private nonprofit, 4-year or above",864601.0,763265.0,131.0,1702.0,222992.0,1.0,9.0,3521359,3269070,37308.0,19721.0,6.0,14.0,14788.0,21753,2023,2022-23,https://ope.ed.gov/athletics/#/datafile/list,101336.0,5826.4503816793895,540273.0,499942.0
131520,Howard University,DC,NCAA Division I-FCS,"Private nonprofit, 4-year or above",5090021.0,5090021.0,103.0,7136.0,735045.0,1.0,12.0,19119613,19119613,96724.0,44495.0,7.0,19.0,61590.0,93760,2023,2022-23,https://ope.ed.gov/athletics/#/datafile/list,0.0,49417.679611650485,4354976.0,1522473.0
191719,Hudson Valley Community College,NY,NJCAA Division III,"Public, 2-year",110190.0,110190.0,82.0,661.0,54189.0,1.0,6.0,1035215,1035215,6152.0,2802.0,9.0,24.0,2046.0,3236,2023,2022-23,https://ope.ed.gov/athletics/#/datafile/list,0.0,1343.780487804878,56001.0,122616.0
101435,Huntingdon College,AL,NCAA Division III with football,"Private nonprofit, 4-year or above",761057.0,805244.0,141.0,1583.0,223203.0,1.0,7.0,4201979,4172487,70162.0,29051.0,10.0,16.0,47053.0,84895,2023,2022-23,https://ope.ed.gov/athletics/#/datafile/list,-44187.0,5710.9503546099295,582041.0,1166436.0
487524,Husson University,ME,NCAA Division III with football,"Private nonprofit, 4-year or above",549161.0,524932.0,103.0,2389.0,246065.0,1.0,9.0,4113238,4113238,21745.0,7672.0,11.0,30.0,64521.0,104081,2023,2022-23,https://ope.ed.gov/athletics/#/datafile/list,24229.0,5096.42718446602,278867.0,469355.0
155195,Hutchinson Community College,KS,NJCAA Division I,"Public, 2-year",1176136.0,1176136.0,109.0,1339.0,145898.0,1.0,9.0,4567200,4567200,55018.0,39033.0,6.0,16.0,73102.0,95523,2023,2022-23,https://ope.ed.gov/athletics/#/datafile/list,0.0,10790.238532110092,1030238.0,954636.0
142276,Idaho State University,ID,NCAA Division I-FCS,"Public, 4-year or above",4944754.0,4944754.0,108.0,9181.0,991515.0,1.0,12.0,15560263,15560263,85186.0,50030.0,5.0,18.0,215342.0,363406,2023,2022-23,https://ope.ed.gov/athletics/#/datafile/list,0.0,45784.75925925926,3953239.0,1326470.0
145691,Illinois College,IL,NCAA Division III with football,"Private nonprofit, 4-year or above",535309.0,535309.0,108.0,897.0,96917.0,1.0,13.0,3084017,3084017,36068.0,14572.0,8.0,21.0,57150.0,100829,2023,2022-23,https://ope.ed.gov/athletics/#/datafile/list,0.0,4956.564814814815,438392.0,594556.0
145813,Illinois State University,IL,NCAA Division I-FCS,"Public, 4-year or above",4797676.0,4797676.0,116.0,5495.0,637459.0,1.0,10.0,29887805,29781160,219771.0,70505.0,6.0,20.0,250989.0,398482,2023,2022-23,https://ope.ed.gov/athletics/#/datafile/list,0.0,41359.27586206896,4160217.0,2728726.0
145646,Illinois Wesleyan University,IL,NCAA Division III with football,"Private nonprofit, 4-year or above",564940.0,564940.0,135.0,1671.0,225596.0,1.0,8.0,4333667,4333667,44124.0,10013.0,11.0,33.0,57554.0,95413,2023,2022-23,https://ope.ed.gov/athletics/#/datafile/list,0.0,4184.740740740741,339344.0,815793.0
155201,Independence Community College,KS,NJCAA Division I,"Public, 2-year",710719.0,710719.0,69.0,1091.0,75259.0,1.0,8.0,2260377,2260377,73840.0,32458.0,2.0,8.0,9490.0,13305,2023,2022-23,https://ope.ed.gov/athletics/#/datafile/list,0.0,10300.27536231884,635460.0,407344.0
151324,Indiana State University,IN,NCAA Division I-FCS,"Public, 4-year or above",4199172.0,4199172.0,115.0,6898.0,793284.0,1.0,10.0,19354786,18886035,185088.0,66421.0,4.0,23.0,248249.0,355094,2023,2022-23,https://ope.ed.gov/athletics/#/datafile/list,0.0,36514.53913043478,3405888.0,2268035.0
213020,Indiana University of Pennsylvania-Main Campus,PA,NCAA Division II with football,"Public, 4-year or above",1826251.0,1744477.0,98.0,2630.0,257755.0,1.0,7.0,8125454,7950295,90891.0,39167.0,6.0,13.0,48758.0,81754,2023,2022-23,https://ope.ed.gov/athletics/#/datafile/list,81774.0,17800.785714285714,1486722.0,1054517.0
151351,Indiana University-Bloomington,IN,NCAA Division I-FBS,"Public, 4-year or above",53493281.0,33934187.0,127.0,62553.0,7944239.0,1.0,12.0,143221485,126886128,904973.0,226933.0,10.0,32.0,1888360.0,2505423,2023,2022-23,https://ope.ed.gov/athletics/#/datafile/list,19559094.0,267198.3228346457,25989948.0,16311586.0
151801,Indiana Wesleyan University-Marion,IN,NAIA Division II,"Private nonprofit, 4-year or above",1943068.0,1850573.0,123.0,2873.0,353424.0,1.0,13.0,11566284,9251833,33752.0,14203.0,10.0,32.0,32356.0,57463,2023,2022-23,https://ope.ed.gov/athletics/#/datafile/list,92495.0,15045.30894308943,1497149.0,792016.0
153524,Iowa Central Community College,IA,NJCAA Division II,"Public, 2-year",549418.0,549418.0,195.0,956.0,186364.0,1.0,8.0,3975248,3975248,10541.0,3721.0,13.0,31.0,32287.0,53334,2023,2022-23,https://ope.ed.gov/athletics/#/datafile/list,0.0,2817.528205128205,363054.0,252384.0
153603,Iowa State University,IA,NCAA Division I-FBS,"Public, 4-year or above",53241854.0,27730152.0,134.0,41205.0,5521507.0,1.0,10.0,93048114,92987544,1486534.0,357082.0,5.0,21.0,1121854.0,1595763,2023,2022-23,https://ope.ed.gov/athletics/#/datafile/list,25511702.0,206941.4328358209,22208645.0,14931392.0
153630,Iowa Western Community College,IA,NJCAA Division I,"Public, 2-year",1155989.0,1155989.0,144.0,1238.0,178200.0,1.0,12.0,7905551,7905551,47504.0,17559.0,10.0,32.0,46086.0,92168,2023,2022-23,https://ope.ed.gov/athletics/#/datafile/list,0.0,8027.701388888889,977789.0,1036928.0
175829,Itawamba Community College,MS,NJCAA Division II,"Public, 2-year",673601.0,673601.0,59.0,1370.0,80832.0,1.0,5.0,2671694,2671694,66336.0,41310.0,6.0,9.0,4054.0,6112,2023,2022-23,https://ope.ed.gov/athletics/#/datafile/list,0.0,11416.966101694916,592769.0,769806.0
191968,Ithaca College,NY,NCAA Division III with football,"Private nonprofit, 4-year or above",718656.0,718656.0,125.0,2009.0,251107.0,1.0,5.0,7170263,7170263,45920.0,19045.0,13.0,21.0,68346.0,118479,2023,2022-23,https://ope.ed.gov/athletics/#/datafile/list,0.0,5749.248,467549.0,996905.0
175856,Jackson State University,MS,NCAA Division I-FCS,"Public, 4-year or above",2303896.0,2303896.0,153.0,1399.0,214026.0,1.0,10.0,9967698,9967698,136288.0,58216.0,5.0,18.0,40012.0,67355,2023,2022-23,https://ope.ed.gov/athletics/#/datafile/list,0.0,15058.143790849674,2089870.0,1729328.0
101480,Jacksonville State University,AL,NCAA Division I-FCS,"Public, 4-year or above",8336109.0,8336109.0,119.0,9277.0,1103922.0,1.0,10.0,22159540,22159540,218671.0,84072.0,6.0,17.0,462657.0,555092,2023,2022-23,https://ope.ed.gov/athletics/#/datafile/list,0.0,70051.33613445378,7232187.0,2741250.0
232423,James Madison University,VA,NCAA Division I-FCS,"Public, 4-year or above",11387346.0,11387346.0,115.0,14331.0,1648098.0,1.0,10.0,57767541,57767541,284377.0,100287.0,6.0,19.0,390349.0,636528,2023,2022-23,https://ope.ed.gov/athletics/#/datafile/list,0.0,99020.4,9739248.0,3611715.0
203368,John Carroll University,OH,NCAA Division III with football,"Private nonprofit, 4-year or above",690187.0,690187.0,141.0,1700.0,239651.0,1.0,12.0,4597835,4597835,47352.0,15487.0,10.0,25.0,15048.0,34883,2023,2022-23,https://ope.ed.gov/athletics/#/datafile/list,0.0,4894.943262411348,450536.0,860695.0
162928,Johns Hopkins University,MD,Other,"Private nonprofit, 4-year or above",917020.0,917020.0,96.0,1111.0,106644.0,1.0,9.0,15974055,15063341,90452.0,23096.0,11.0,33.0,119271.0,210752,2023,2022-23,https://ope.ed.gov/athletics/#/datafile/list,0.0,9552.291666666666,810376.0,1757140.0
198756,Johnson C Smith University,NC,NCAA Division II with football,"Private nonprofit, 4-year or above",1088425.0,1017369.0,94.0,499.0,46914.0,1.0,6.0,3569151,3349590,31868.0,26310.0,7.0,11.0,482.0,2269,2023,2022-23,https://ope.ed.gov/athletics/#/datafile/list,71056.0,10823.074468085106,970455.0,512486.0
175883,Jones County Junior College,MS,NJCAA Division I,"Public, 2-year",1335655.0,1335655.0,63.0,2743.0,172802.0,1.0,6.0,4446359,4446359,81912.0,64943.0,6.0,11.0,3507.0,4696,2023,2022-23,https://ope.ed.gov/athletics/#/datafile/list,0.0,21200.873015873018,1162853.0,1205845.0
146339,Judson University,IL,NAIA Division I,"Private nonprofit, 4-year or above",1420656.0,1420656.0,98.0,651.0,63839.0,1.0,14.0,5857681,5699290,29145.0,8933.0,10.0,29.0,17195.0,18579,2023,2022-23,https://ope.ed.gov/athletics/#/datafile/list,0.0,14496.489795918367,1356817.0,550507.0
213251,Juniata College,PA,NCAA Division III with football,"Private nonprofit, 4-year or above",437441.0,403447.0,72.0,1073.0,77264.0,1.0,8.0,3577777,3342720,43195.0,9734.0,12.0,23.0,56301.0,93178,2023,2022-23,https://ope.ed.gov/athletics/#/datafile/list,33994.0,5603.430555555556,326183.0,742222.0
170532,Kalamazoo College,MI,NCAA Division III with football,"Private nonprofit, 4-year or above",513677.0,513677.0,75.0,2295.0,172161.0,1.0,9.0,3264402,3264402,57198.0,15298.0,9.0,18.0,52006.0,64046,2023,2022-23,https://ope.ed.gov/athletics/#/datafile/list,0.0,6849.026666666667,341516.0,790146.0
155399,Kansas State University,KS,NCAA Division I-FBS,"Public, 4-year or above",51902103.0,27024451.0,123.0,32650.0,4015989.0,1.0,10.0,102332761,96925648,1546841.0,357200.0,5.0,20.0,1266318.0,1677120,2023,2022-23,https://ope.ed.gov/athletics/#/datafile/list,24877652.0,219710.9837398374,23008462.0,14878205.0
155414,Kansas Wesleyan University,KS,NAIA Division I,"Private nonprofit, 4-year or above",2571566.0,2548314.0,143.0,707.0,101083.0,1.0,7.0,13096537,12987981,38330.0,22040.0,10.0,16.0,43071.0,70483,2023,2022-23,https://ope.ed.gov/athletics/#/datafile/list,23252.0,17820.377622377622,2447231.0,735940.0
185262,Kean University,NJ,NCAA Division III with football,"Public, 4-year or above",475623.0,475623.0,93.0,2435.0,226420.0,1.0,8.0,4621183,4621183,80623.0,7600.0,7.0,31.0,15051.0,34138,2023,2022-23,https://ope.ed.gov/athletics/#/datafile/list,0.0,5114.225806451613,249203.0,799961.0
135081,Keiser University-Ft Lauderdale,FL,NAIA Division II,"Private nonprofit, 4-year or above",3744931.0,3258107.0,132.0,6557.0,865517.0,1.0,10.0,16750591,15913702,62573.0,26195.0,11.0,27.0,35211.0,53243,2023,2022-23,https://ope.ed.gov/athletics/#/datafile/list,486824.0,24682.628787878788,2392590.0,1395568.0
486840,Kennesaw State University,GA,NCAA Division I-FCS,"Public, 4-year or above",6895203.0,6895203.0,118.0,11140.0,1314538.0,1.0,10.0,30783810,30783810,148514.0,62585.0,7.0,21.0,211870.0,322398,2023,2022-23,https://ope.ed.gov/athletics/#/datafile/list,0.0,58433.92372881356,5580665.0,2353883.0
203517,Kent State University at Kent,OH,NCAA Division I-FBS,"Public, 4-year or above",9032538.0,9032538.0,106.0,26213.0,2778572.0,1.0,10.0,33308164,33308164,205916.0,80312.0,6.0,22.0,585092.0,769645,2023,2022-23,https://ope.ed.gov/athletics/#/datafile/list,0.0,85212.62264150943,6253966.0,3002360.0
157100,Kentucky Christian University,KY,NAIA Division I,"Private nonprofit, 4-year or above",1750116.0,1750116.0,125.0,1517.0,189622.0,1.0,9.0,5354899,5354899,32036.0,15575.0,6.0,8.0,16016.0,33185,2023,2022-23,https://ope.ed.gov/athletics/#/datafile/list,0.0,14000.928,1560494.0,316816.0
157058,Kentucky State University,KY,NCAA Division II with football,"Public, 4-year or above",1581152.0,1581152.0,92.0,2000.0,183976.0,1.0,3.0,4787268,4787268,73724.0,38094.0,8.0,9.0,0.0,0,2023,2022-23,https://ope.ed.gov/athletics/#/datafile/list,0.0,17186.434782608696,1397176.0,932638.0
157076,Kentucky Wesleyan College,KY,NCAA Division II with football,"Private nonprofit, 4-year or above",1522618.0,1476337.0,129.0,1480.0,190940.0,1.0,13.0,6784091,6687011,37384.0,13243.0,9.0,26.0,28661.0,39148,2023,2022-23,https://ope.ed.gov/athletics/#/datafile/list,46281.0,11444.472868217052,1285397.0,680774.0
203535,Kenyon College,OH,NCAA Division III with football,"Private nonprofit, 4-year or above",359449.0,359449.0,58.0,1411.0,81857.0,1.0,7.0,3461509,3461509,37673.0,15033.0,11.0,22.0,47691.0,94601,2023,2022-23,https://ope.ed.gov/athletics/#/datafile/list,0.0,6197.396551724138,277592.0,745129.0
213303,Keystone College,PA,NCAA Division III with football,"Private nonprofit, 4-year or above",435258.0,435258.0,105.0,1801.0,189103.0,1.0,8.0,1955964,1955964,35313.0,15429.0,8.0,15.0,22411.0,29290,2023,2022-23,https://ope.ed.gov/athletics/#/datafile/list,0.0,4145.314285714286,246155.0,513939.0
226019,Kilgore College,TX,NJCAA Division I,"Public, 2-year",573860.0,573860.0,73.0,380.0,27751.0,1.0,6.0,1384346,1384346,74835.0,18643.0,2.0,7.0,17056.0,24267,2023,2022-23,https://ope.ed.gov/athletics/#/datafile/list,0.0,7861.095890410959,546109.0,280171.0
213321,King's College,PA,NCAA Division III with football,"Private nonprofit, 4-year or above",476138.0,476138.0,125.0,785.0,98063.0,1.0,9.0,2927736,2927736,40701.0,9391.0,12.0,25.0,40248.0,54174,2023,2022-23,https://ope.ed.gov/athletics/#/datafile/list,0.0,3809.104,378075.0,723187.0
146427,Knox College,IL,NCAA Division III with football,"Private nonprofit, 4-year or above",610950.0,610950.0,67.0,2465.0,165163.0,1.0,5.0,4435728,4435728,31174.0,15692.0,9.0,12.0,38862.0,60267,2023,2022-23,https://ope.ed.gov/athletics/#/datafile/list,0.0,9118.65671641791,445787.0,468870.0
213349,Kutztown University of Pennsylvania,PA,NCAA Division II with football,"Public, 4-year or above",1245158.0,1126943.0,105.0,1180.0,123866.0,1.0,10.0,8831429,8831429,75650.0,30524.0,6.0,16.0,18791.0,46204,2023,2022-23,https://ope.ed.gov/athletics/#/datafile/list,118215.0,10732.790476190476,1003077.0,942284.0
140234,LaGrange College,GA,NCAA Division III with football,"Private nonprofit, 4-year or above",351477.0,351477.0,118.0,900.0,106155.0,1.0,5.0,2624805,2624805,44303.0,18471.0,8.0,7.0,28560.0,41589,2023,2022-23,https://ope.ed.gov/athletics/#/datafile/list,0.0,2978.6186440677966,245322.0,483721.0
213376,Lackawanna College,PA,NJCAA Division II,"Private nonprofit, 2-year",637172.0,637172.0,128.0,2261.0,289451.0,1.0,8.0,1874648,1874648,29348.0,10109.0,5.0,14.0,13246.0,19780,2023,2022-23,https://ope.ed.gov/athletics/#/datafile/list,0.0,4977.90625,347721.0,288266.0
213385,Lafayette College,PA,NCAA Division I-FCS,"Private nonprofit, 4-year or above",7772067.0,7772067.0,88.0,8483.0,746525.0,1.0,10.0,29931805,29931805,117957.0,51294.0,9.0,24.0,405839.0,555031,2023,2022-23,https://ope.ed.gov/athletics/#/datafile/list,0.0,88318.94318181818,7025542.0,2292669.0
203580,Lake Erie College,OH,NCAA Division II with football,"Private nonprofit, 4-year or above",1389516.0,1389516.0,135.0,1642.0,221680.0,1.0,11.0,7153399,7153399,39558.0,8965.0,9.0,23.0,15932.0,22722,2023,2022-23,https://ope.ed.gov/athletics/#/datafile/list,0.0,10292.711111111112,1167836.0,562217.0
146481,Lake Forest College,IL,NCAA Division III with football,"Private nonprofit, 4-year or above",496801.0,496801.0,103.0,1060.0,109156.0,1.0,15.0,4136570,4136570,32239.0,11377.0,11.0,27.0,56442.0,83637,2023,2022-23,https://ope.ed.gov/athletics/#/datafile/list,0.0,4823.310679611651,387645.0,661808.0
238980,Lakeland University,WI,NCAA Division III with football,"Private nonprofit, 4-year or above",364248.0,378958.0,69.0,1519.0,104830.0,1.0,8.0,2778266,2778266,31771.0,15800.0,10.0,17.0,30817.0,52006,2023,2022-23,https://ope.ed.gov/athletics/#/datafile/list,-14710.0,5492.144927536232,274128.0,586310.0
226091,Lamar University,TX,NCAA Division I-FCS,"Public, 4-year or above",5052565.0,5052565.0,119.0,7730.0,919859.0,1.0,11.0,21287614,21287614,145385.0,66273.0,6.0,19.0,155342.0,284264,2023,2022-23,https://ope.ed.gov/athletics/#/datafile/list,0.0,42458.529411764706,4132706.0,2131497.0
220598,Lane College,TN,NCAA Division II with football,"Private nonprofit, 4-year or above",1102575.0,1102575.0,123.0,2292.0,281916.0,1.0,7.0,3552978,3552978,42689.0,39055.0,6.0,9.0,5748.0,8337,2023,2022-23,https://ope.ed.gov/athletics/#/datafile/list,0.0,8964.024390243903,820659.0,607629.0
117247,Laney College,CA,CCCAA,"Public, 2-year",117446.0,117446.0,77.0,797.0,61360.0,1.0,12.0,521955,521955,9081.0,3173.0,2.0,16.0,0.0,0,2023,2022-23,https://ope.ed.gov/athletics/#/datafile/list,0.0,1525.2727272727273,56086.0,68930.0
207209,Langston University,OK,NAIA Division I,"Public, 4-year or above",821620.0,821620.0,85.0,504.0,42850.0,1.0,9.0,2680647,2680647,79108.0,21301.0,3.0,13.0,25000.0,33000,2023,2022-23,https://ope.ed.gov/athletics/#/datafile/list,0.0,9666.117647058823,778770.0,514237.0
170675,Lawrence Technological University,MI,NAIA Division I,"Private nonprofit, 4-year or above",1968155.0,2850539.0,106.0,5342.0,566295.0,1.0,15.0,11577450,11577450,38132.0,10161.0,13.0,39.0,30161.0,46843,2023,2022-23,https://ope.ed.gov/athletics/#/datafile/list,-882384.0,26891.877358490565,2284244.0,891995.0
239017,Lawrence University,WI,NCAA Division III with football,"Private nonprofit, 4-year or above",424495.0,424495.0,36.0,1119.0,40266.0,1.0,5.0,3414975,3414975,51777.0,10225.0,9.0,24.0,44643.0,72706,2023,2022-23,https://ope.ed.gov/athletics/#/datafile/list,0.0,11791.527777777776,384229.0,711393.0
213507,Lebanon Valley College,PA,NCAA Division III with football,"Private nonprofit, 4-year or above",403444.0,402388.0,112.0,1312.0,146948.0,1.0,12.0,3931315,3826955,34969.0,5632.0,12.0,35.0,52718.0,80201,2023,2022-23,https://ope.ed.gov/athletics/#/datafile/list,1056.0,3592.75,255440.0,616748.0
213543,Lehigh University,PA,NCAA Division I-FCS,"Private nonprofit, 4-year or above",6626397.0,6626397.0,93.0,6760.0,628695.0,1.0,10.0,41551436,41551436,119406.0,52425.0,12.0,29.0,370161.0,561128,2023,2022-23,https://ope.ed.gov/athletics/#/datafile/list,0.0,71251.58064516129,5997702.0,2953197.0
198835,Lenoir-Rhyne University,NC,NCAA Division II with football,"Private nonprofit, 4-year or above",2345241.0,2345241.0,139.0,1088.0,151174.0,1.0,9.0,13899098,13899098,63463.0,25436.0,9.0,25.0,52285.0,86337,2023,2022-23,https://ope.ed.gov/athletics/#/datafile/list,0.0,16872.237410071943,2194067.0,1207067.0
209056,Lewis & Clark College,OR,NCAA Division III with football,"Private nonprofit, 4-year or above",551001.0,551001.0,70.0,2574.0,180180.0,1.0,13.0,3787908,3787908,31869.0,10391.0,10.0,27.0,17538.0,37704,2023,2022-23,https://ope.ed.gov/athletics/#/datafile/list,0.0,7871.442857142857,370821.0,599247.0
232557,Liberty University,VA,NCAA Division I-FBS,"Private nonprofit, 4-year or above",22944047.0,22944047.0,116.0,40474.0,4695001.0,1.0,10.0,62539066,62539066,952724.0,173795.0,7.0,23.0,1081383.0,1439862,2023,2022-23,https://ope.ed.gov/athletics/#/datafile/list,0.0,197793.50862068965,18249046.0,10666353.0
218238,Limestone University,SC,NCAA Division II with football,"Private nonprofit, 4-year or above",1786550.0,1786550.0,180.0,946.0,170270.0,1.0,8.0,11184418,11184418,52257.0,34108.0,10.0,20.0,76708.0,116325,2023,2022-23,https://ope.ed.gov/athletics/#/datafile/list,0.0,9925.277777777776,1616280.0,1204730.0
213598,Lincoln University,PA,NCAA Division II with football,"Public, 4-year or above",790779.0,790779.0,86.0,1502.0,129158.0,1.0,9.0,4258084,4258084,58611.0,18246.0,4.0,14.0,57694.0,76800,2023,2022-23,https://ope.ed.gov/athletics/#/datafile/list,0.0,9195.10465116279,661621.0,489888.0
177940,Lincoln University,MO,NCAA Division II with football,"Public, 4-year or above",1140574.0,1122495.0,118.0,1568.0,185053.0,1.0,6.0,5758529,5622130,66330.0,36235.0,4.0,8.0,36287.0,48420,2023,2022-23,https://ope.ed.gov/athletics/#/datafile/list,18079.0,9512.669491525425,937442.0,555200.0
177968,Lindenwood University,MO,NCAA Division I-FCS,"Private nonprofit, 4-year or above",3270875.0,3270875.0,103.0,3449.0,355249.0,1.0,12.0,19951519,19951519,72643.0,38765.0,12.0,33.0,144610.0,249347,2023,2022-23,https://ope.ed.gov/athletics/#/datafile/list,0.0,31756.06796116505,2915626.0,2150961.0
157216,Lindsey Wilson College,KY,NAIA Division I,"Private nonprofit, 4-year or above",1713650.0,1705911.0,165.0,1357.0,223879.0,1.0,9.0,10260706,10221523,35628.0,18348.0,11.0,24.0,34598.0,62564,2023,2022-23,https://ope.ed.gov/athletics/#/datafile/list,7739.0,10338.854545454546,1482032.0,832260.0
209065,Linfield University,OR,NCAA Division III with football,"Private nonprofit, 4-year or above",1191045.0,784414.0,125.0,2644.0,330483.0,1.0,11.0,6699911,4926932,38447.0,16069.0,11.0,32.0,21875.0,72583,2023,2022-23,https://ope.ed.gov/athletics/#/datafile/list,406631.0,6275.312,453931.0,937125.0
198862,Livingstone College,NC,NCAA Division II with football,"Private nonprofit, 4-year or above",918131.0,918131.0,102.0,381.0,38876.0,1.0,8.0,3132051,3132051,33571.0,27540.0,6.0,7.0,10767.0,13349,2023,2022-23,https://ope.ed.gov/athletics/#/datafile/list,0.0,9001.28431372549,879255.0,394206.0
117645,Long Beach City College,CA,CCCAA,"Public, 2-year",537846.0,539972.0,76.0,554.0,42076.0,1.0,12.0,4379844,4300262,66528.0,11732.0,9.0,35.0,0.0,0,2023,2022-23,https://ope.ed.gov/athletics/#/datafile/list,-2126.0,7104.894736842105,497896.0,1009372.0
192448,Long Island University,NY,NCAA Division I-FCS,"Private nonprofit, 4-year or above",5670402.0,5670402.0,108.0,8545.0,922812.0,1.0,13.0,42527621,42527621,119365.0,49059.0,15.0,39.0,337844.0,518028,2023,2022-23,https://ope.ed.gov/athletics/#/datafile/list,0.0,52503.72222222222,4747590.0,3703776.0
153825,Loras College,IA,NCAA Division III with football,"Private nonprofit, 4-year or above",629765.0,629765.0,105.0,1285.0,134943.0,1.0,7.0,5164172,5164172,35483.0,11030.0,12.0,43.0,56743.0,84560,2023,2022-23,https://ope.ed.gov/athletics/#/datafile/list,0.0,5997.761904761905,494822.0,900086.0
117706,Los Angeles Pierce College,CA,CCCAA,"Public, 2-year",126492.0,126492.0,43.0,1134.0,48775.0,1.0,5.0,1282600,1224253,15832.0,12377.0,5.0,13.0,0.0,0,2023,2022-23,https://ope.ed.gov/athletics/#/datafile/list,0.0,2941.6744186046512,77717.0,240061.0
117715,Los Angeles Southwest College,CA,CCCAA,"Public, 2-year",166482.0,166482.0,72.0,789.0,56794.0,1.0,7.0,369538,369538,16240.0,12540.0,2.0,10.0,0.0,0,2023,2022-23,https://ope.ed.gov/athletics/#/datafile/list,0.0,2312.25,109688.0,157880.0
117733,Los Angeles Valley College,CA,CCCAA,"Public, 2-year",128374.0,142749.0,74.0,579.0,42873.0,1.0,6.0,745603,744869,28000.0,10406.0,5.0,14.0,0.0,0,2023,2022-23,https://ope.ed.gov/athletics/#/datafile/list,-14375.0,1929.0405405405409,99876.0,285684.0
117894,Los Medanos College,CA,CCCAA,"Public, 2-year",152808.0,152808.0,61.0,258.0,15708.0,1.0,9.0,947153,947153,32510.0,2933.0,3.0,13.0,0.0,0,2023,2022-23,https://ope.ed.gov/athletics/#/datafile/list,0.0,2505.0491803278687,137100.0,135659.0
198871,Louisburg College,NC,NJCAA Division II,"Private nonprofit, 2-year",221051.0,221051.0,100.0,502.0,50200.0,1.0,6.0,1788086,1788086,37600.0,15100.0,5.0,10.0,4700.0,8146,2023,2022-23,https://ope.ed.gov/athletics/#/datafile/list,0.0,2210.51,170851.0,339000.0
159568,Louisiana Christian University,LA,NAIA Division I,"Private nonprofit, 4-year or above",1283526.0,1283526.0,140.0,2306.0,322788.0,1.0,11.0,4696457,4696457,37236.0,16004.0,5.0,16.0,60107.0,71938,2023,2022-23,https://ope.ed.gov/athletics/#/datafile/list,0.0,9168.042857142857,960738.0,442244.0
159391,Louisiana State University and Agricultural & Mechanical College,LA,NCAA Division I-FBS,"Public, 4-year or above",105677694.0,56436394.0,118.0,42540.0,5019770.0,1.0,10.0,200476979,199111003,1805729.0,535970.0,8.0,26.0,3288656.0,4526911,2023,2022-23,https://ope.ed.gov/athletics/#/datafile/list,49241300.0,478274.5254237288,51416624.0,28381052.0
159647,Louisiana Tech University,LA,NCAA Division I-FBS,"Public, 4-year or above",10897898.0,10897898.0,110.0,15601.0,1716137.0,1.0,10.0,27808448,27808448,346873.0,99365.0,5.0,18.0,566456.0,713366,2023,2022-23,https://ope.ed.gov/athletics/#/datafile/list,0.0,99071.8,9181761.0,3522935.0
153834,Luther College,IA,NCAA Division III with football,"Private nonprofit, 4-year or above",524393.0,524893.0,67.0,561.0,37615.0,1.0,6.0,4692342,4642101,39794.0,14816.0,9.0,27.0,70752.0,88449,2023,2022-23,https://ope.ed.gov/athletics/#/datafile/list,-500.0,7834.223880597015,487278.0,758178.0
213668,Lycoming College,PA,NCAA Division III with football,"Private nonprofit, 4-year or above",820745.0,699400.0,104.0,985.0,102406.0,1.0,11.0,4065379,3329586,42934.0,10993.0,10.0,26.0,66801.0,88973,2023,2022-23,https://ope.ed.gov/athletics/#/datafile/list,121345.0,6725.0,596994.0,715158.0
106342,Lyon College,AR,NCAA Division III with football,"Private nonprofit, 4-year or above",778773.0,778773.0,124.0,1852.0,229642.0,1.0,9.0,4067679,4067679,39667.0,30863.0,8.0,15.0,146447.0,168710,2023,2022-23,https://ope.ed.gov/athletics/#/datafile/list,0.0,6280.427419354839,549131.0,780281.0
173902,Macalester College,MN,NCAA Division III with football,"Private nonprofit, 4-year or above",557273.0,535949.0,67.0,1455.0,97491.0,1.0,11.0,5527778,5515000,59418.0,12664.0,8.0,34.0,59019.0,106433,2023,2022-23,https://ope.ed.gov/athletics/#/datafile/list,21324.0,7999.238805970149,438458.0,905920.0
170806,Madonna University,MI,NAIA Division II,"Private nonprofit, 4-year or above",1432953.0,1405347.0,120.0,1039.0,124676.0,1.0,8.0,7465192,7092411,30726.0,11125.0,10.0,20.0,8604.0,16739,2023,2022-23,https://ope.ed.gov/athletics/#/datafile/list,27606.0,11711.225,1280671.0,529760.0
151777,Manchester University,IN,NCAA Division III with football,"Private nonprofit, 4-year or above",477884.0,477884.0,104.0,1099.0,114251.0,1.0,8.0,2823244,2795031,32627.0,13543.0,10.0,23.0,45358.0,71891,2023,2022-23,https://ope.ed.gov/athletics/#/datafile/list,0.0,4595.038461538462,363633.0,637759.0
151786,Marian University,IN,NAIA Division II,"Private nonprofit, 4-year or above",2894167.0,2894167.0,156.0,1637.0,255362.0,1.0,12.0,17061084,17061084,49166.0,9355.0,11.0,37.0,57227.0,79005,2023,2022-23,https://ope.ed.gov/athletics/#/datafile/list,0.0,18552.352564102563,2638805.0,886961.0
203845,Marietta College,OH,NCAA Division III with football,"Private nonprofit, 4-year or above",386048.0,368357.0,115.0,862.0,99174.0,1.0,8.0,3855047,3571671,34131.0,11385.0,9.0,19.0,64924.0,94683,2023,2022-23,https://ope.ed.gov/athletics/#/datafile/list,17691.0,3203.104347826087,269183.0,523494.0
192819,Marist College,NY,NCAA Division I-FCS,"Private nonprofit, 4-year or above",1996859.0,1996859.0,108.0,6620.0,714918.0,1.0,13.0,21541298,21541298,95239.0,36797.0,10.0,28.0,308878.0,470765,2023,2022-23,https://ope.ed.gov/athletics/#/datafile/list,0.0,18489.435185185182,1281941.0,1982706.0
198899,Mars Hill University,NC,NCAA Division II with football,"Private nonprofit, 4-year or above",1651354.0,1651354.0,137.0,1461.0,200167.0,1.0,7.0,7897055,7897055,39003.0,30973.0,10.0,11.0,33486.0,43754,2023,2022-23,https://ope.ed.gov/athletics/#/datafile/list,0.0,12053.678832116788,1451187.0,730733.0
237525,Marshall University,WV,NCAA Division I-FBS,"Public, 4-year or above",14571545.0,14571545.0,127.0,32755.0,4159921.0,1.0,14.0,43778074,43778074,373079.0,107233.0,7.0,24.0,1093650.0,1321700,2023,2022-23,https://ope.ed.gov/athletics/#/datafile/list,0.0,114736.5748031496,10411624.0,5185145.0
173452,Martin Luther College,MN,NCAA Division III with football,"Private nonprofit, 4-year or above",235114.0,235114.0,47.0,1048.0,49250.0,1.0,7.0,1529257,1529257,13737.0,4168.0,9.0,23.0,0.0,0,2023,2022-23,https://ope.ed.gov/athletics/#/datafile/list,0.0,5002.425531914893,185864.0,219497.0
220710,Maryville College,TN,NCAA Division III with football,"Private nonprofit, 4-year or above",514805.0,514805.0,136.0,1279.0,173966.0,1.0,7.0,3309783,3309783,34431.0,22780.0,8.0,15.0,23041.0,32237,2023,2022-23,https://ope.ed.gov/athletics/#/datafile/list,0.0,3785.330882352941,340839.0,617148.0
166683,Massachusetts Institute of Technology,MA,NCAA Division III with football,"Private nonprofit, 4-year or above",261250.0,261250.0,73.0,1669.0,121873.0,1.0,10.0,8220912,8220912,42221.0,10775.0,15.0,41.0,45284.0,92468,2023,2022-23,https://ope.ed.gov/athletics/#/datafile/list,0.0,3578.767123287671,139377.0,1075090.0
166692,Massachusetts Maritime Academy,MA,NCAA Division III with football,"Public, 4-year or above",336285.0,336285.0,96.0,1662.0,159589.0,1.0,11.0,2180358,1902275,7623.0,5915.0,7.0,20.0,41088.0,109865,2023,2022-23,https://ope.ed.gov/athletics/#/datafile/list,0.0,3502.96875,176696.0,171661.0
200226,Mayville State University,ND,NAIA Division II,"Public, 4-year or above",572567.0,572567.0,81.0,2307.0,186889.0,1.0,8.0,2088587,2088587,50537.0,13371.0,3.0,13.0,53651.0,63753,2023,2022-23,https://ope.ed.gov/athletics/#/datafile/list,0.0,7068.728395061728,385678.0,325434.0
164270,McDaniel College,MD,NCAA Division III with football,"Private nonprofit, 4-year or above",582750.0,341967.0,123.0,289.0,35502.0,1.0,8.0,4361281,3083270,39358.0,10896.0,12.0,31.0,60351.0,99661,2023,2022-23,https://ope.ed.gov/athletics/#/datafile/list,240783.0,2780.2195121951218,306465.0,810072.0
147013,McKendree University,IL,NCAA Division II with football,"Private nonprofit, 4-year or above",2087513.0,2087513.0,138.0,1013.0,139800.0,1.0,10.0,13879180,13879180,37413.0,13904.0,16.0,26.0,66350.0,127813,2023,2022-23,https://ope.ed.gov/athletics/#/datafile/list,0.0,15126.90579710145,1947713.0,960112.0
226587,McMurry University,TX,NCAA Division III with football,"Private nonprofit, 4-year or above",683603.0,683603.0,90.0,2331.0,209769.0,1.0,8.0,4048689,4034688,40530.0,27275.0,9.0,14.0,55126.0,74147,2023,2022-23,https://ope.ed.gov/athletics/#/datafile/list,0.0,7595.588888888888,473834.0,746620.0
159717,McNeese State University,LA,NCAA Division I-FCS,"Public, 4-year or above",4247039.0,4182550.0,113.0,689.0,77904.0,1.0,12.0,14991656,14926562,172304.0,56882.0,4.0,21.0,193379.0,329802,2023,2022-23,https://ope.ed.gov/athletics/#/datafile/list,64489.0,37013.71681415929,4104646.0,1883738.0
155511,McPherson College,KS,NAIA Division I,"Private nonprofit, 4-year or above",1981509.0,1981509.0,146.0,781.0,114032.0,1.0,7.0,8027647,8027647,43851.0,17961.0,5.0,15.0,20647.0,39467,2023,2022-23,https://ope.ed.gov/athletics/#/datafile/list,0.0,13571.979452054797,1867477.0,488670.0
118718,Merced College,CA,CCCAA,"Public, 2-year",120994.0,120994.0,63.0,1066.0,67161.0,1.0,6.0,1515057,1515057,42085.0,2500.0,7.0,12.0,0.0,0,2023,2022-23,https://ope.ed.gov/athletics/#/datafile/list,0.0,1920.5396825396824,53833.0,324595.0
140447,Mercer University,GA,NCAA Division I-FCS,"Private nonprofit, 4-year or above",6469116.0,6469116.0,113.0,4540.0,512984.0,1.0,10.0,26313037,26313037,145860.0,72661.0,8.0,19.0,251611.0,454758,2023,2022-23,https://ope.ed.gov/athletics/#/datafile/list,0.0,57248.81415929204,5956132.0,2547439.0
213987,Mercyhurst University,PA,NCAA Division II with football,"Private nonprofit, 4-year or above",2505224.0,2505224.0,112.0,1364.0,152719.0,1.0,8.0,16551819,16551819,50914.0,21418.0,12.0,24.0,112083.0,189499,2023,2022-23,https://ope.ed.gov/athletics/#/datafile/list,0.0,22368.071428571428,2352505.0,1125000.0
166850,Merrimack College,MA,NCAA Division I-FCS,"Private nonprofit, 4-year or above",3498974.0,3498974.0,102.0,3546.0,361667.0,1.0,9.0,28747018,28747018,117238.0,30473.0,12.0,26.0,193715.0,287328,2023,2022-23,https://ope.ed.gov/athletics/#/datafile/list,0.0,34303.666666666664,3137307.0,2199154.0
198969,Methodist University,NC,NCAA Division III with football,"Private nonprofit, 4-year or above",751828.0,751828.0,185.0,986.0,182433.0,1.0,10.0,3816999,3805270,43037.0,12229.0,10.0,24.0,45619.0,73810,2023,2022-23,https://ope.ed.gov/athletics/#/datafile/list,0.0,4063.935135135135,569395.0,723866.0
204024,Miami University-Oxford,OH,NCAA Division I-FBS,"Public, 4-year or above",9527038.0,9527038.0,132.0,12407.0,1637778.0,1.0,14.0,39126336,39126336,244684.0,76357.0,7.0,30.0,620052.0,827944,2023,2022-23,https://ope.ed.gov/athletics/#/datafile/list,0.0,72174.5303030303,7889260.0,4003498.0
171100,Michigan State University,MI,NCAA Division I-FBS,"Public, 4-year or above",73601571.0,49428661.0,113.0,40714.0,4600735.0,1.0,14.0,149254610,149254610,1806386.0,282064.0,9.0,33.0,2500242.0,3036873,2023,2022-23,https://ope.ed.gov/athletics/#/datafile/list,24172910.0,437421.7787610619,44827926.0,25565586.0
171128,Michigan Technological University,MI,NCAA Division II with football,"Public, 4-year or above",2401601.0,2401148.0,120.0,2178.0,261300.0,1.0,9.0,11944388,11944388,76649.0,35086.0,7.0,15.0,111708.0,142885,2023,2022-23,https://ope.ed.gov/athletics/#/datafile/list,453.0,20009.566666666666,2139848.0,1062833.0
155520,MidAmerica Nazarene University,KS,NAIA Division I,"Private nonprofit, 4-year or above",2438661.0,2281697.0,134.0,1127.0,151047.0,1.0,9.0,10226990,10226990,49479.0,16359.0,6.0,22.0,0.0,0,2023,2022-23,https://ope.ed.gov/athletics/#/datafile/list,156964.0,17027.589552238805,2130650.0,656772.0
220978,Middle Tennessee State University,TN,NCAA Division I-FBS,"Public, 4-year or above",11325803.0,11325803.0,117.0,22540.0,2637201.0,1.0,14.0,35578198,35578198,342993.0,77955.0,6.0,27.0,483619.0,665666,2023,2022-23,https://ope.ed.gov/athletics/#/datafile/list,0.0,96801.73504273505,8688602.0,4162743.0
230959,Middlebury College,VT,NCAA Division III with football,"Private nonprofit, 4-year or above",672518.0,672518.0,92.0,829.0,76290.0,1.0,7.0,9303891,9303891,48608.0,19690.0,14.0,37.0,121027.0,206364,2023,2022-23,https://ope.ed.gov/athletics/#/datafile/list,0.0,7309.978260869565,596228.0,1409042.0
181330,Midland University,NE,NAIA Division II,"Private nonprofit, 4-year or above",3307335.0,3668901.0,159.0,1876.0,298259.0,1.0,14.0,19997834,19997834,30598.0,10082.0,15.0,36.0,64967.0,103923,2023,2022-23,https://ope.ed.gov/athletics/#/datafile/list,-361566.0,23074.849056603773,3370642.0,821922.0
226833,Midwestern State University,TX,NCAA Division II with football,"Public, 4-year or above",1578231.0,1578231.0,155.0,1793.0,277906.0,1.0,6.0,6693460,6693460,80685.0,35289.0,5.0,12.0,62799.0,87817,2023,2022-23,https://ope.ed.gov/athletics/#/datafile/list,0.0,10182.135483870969,1300325.0,826893.0
101675,Miles College,AL,NCAA Division II with football,"Private nonprofit, 4-year or above",1942914.0,1942914.0,119.0,4490.0,534273.0,1.0,9.0,4342693,4342693,55000.0,50000.0,5.0,12.0,57278.0,65972,2023,2022-23,https://ope.ed.gov/athletics/#/datafile/list,0.0,16327.008403361344,1408641.0,875000.0
214041,Millersville University of Pennsylvania,PA,NCAA Division II with football,"Public, 4-year or above",1194308.0,1194308.0,93.0,1289.0,119837.0,1.0,7.0,8060006,7933767,71969.0,30865.0,7.0,13.0,25330.0,49624,2023,2022-23,https://ope.ed.gov/athletics/#/datafile/list,0.0,12842.021505376344,1074471.0,905028.0
147244,Millikin University,IL,NCAA Division III with football,"Private nonprofit, 4-year or above",560973.0,560973.0,110.0,885.0,97370.0,1.0,7.0,4691261,4691261,39749.0,13465.0,11.0,35.0,65355.0,90391,2023,2022-23,https://ope.ed.gov/athletics/#/datafile/list,0.0,5099.754545454545,463603.0,908514.0
175980,Millsaps College,MS,NCAA Division III with football,"Private nonprofit, 4-year or above",686523.0,686523.0,111.0,1079.0,119768.0,1.0,6.0,2723159,2706508,41456.0,22584.0,9.0,12.0,38046.0,64724,2023,2022-23,https://ope.ed.gov/athletics/#/datafile/list,0.0,6184.891891891892,566755.0,644112.0
173735,Minnesota North College,MN,NJCAA Division III,"Public, 2-year",207100.0,207100.0,93.0,948.0,88172.0,2.0,12.0,2305558,2305558,21631.0,3094.0,13.0,17.0,5597.0,9483,2023,2022-23,https://ope.ed.gov/athletics/#/datafile/list,0.0,2226.8817204301076,118928.0,333801.0
173559,Minnesota State Community and Technical College,MN,NJCAA Division III,"Public, 2-year",134919.0,134919.0,54.0,1525.0,82350.0,1.0,5.0,655718,655718,18129.0,3551.0,4.0,7.0,3891.0,7782,2023,2022-23,https://ope.ed.gov/athletics/#/datafile/list,0.0,2498.5,52569.0,97373.0
174358,Minnesota State University Moorhead,MN,NCAA Division II with football,"Public, 4-year or above",1234013.0,1209016.0,113.0,981.0,110825.0,1.0,9.0,6266028,6106074,72859.0,18361.0,4.0,17.0,44008.0,80818,2023,2022-23,https://ope.ed.gov/athletics/#/datafile/list,24997.0,10699.256637168142,1098191.0,603573.0
173920,Minnesota State University-Mankato,MN,NCAA Division II with football,"Public, 4-year or above",1679211.0,1679211.0,99.0,1795.0,177714.0,1.0,10.0,16864061,16835382,157191.0,53386.0,8.0,23.0,97898.0,150818,2023,2022-23,https://ope.ed.gov/athletics/#/datafile/list,0.0,16961.727272727272,1501497.0,2485406.0
173638,Minnesota West Community and Technical College,MN,NJCAA Division III,"Public, 2-year",104807.0,104807.0,49.0,1170.0,57308.0,1.0,2.0,601885,601885,17558.0,5200.0,5.0,5.0,0.0,0,2023,2022-23,https://ope.ed.gov/athletics/#/datafile/list,0.0,2138.918367346939,47499.0,113790.0
200253,Minot State University,ND,NCAA Division II with football,"Public, 4-year or above",1294647.0,1294647.0,108.0,2102.0,227050.0,1.0,8.0,7681449,7681449,78793.0,33191.0,6.0,17.0,117366.0,193675,2023,2022-23,https://ope.ed.gov/athletics/#/datafile/list,0.0,11987.472222222224,1067597.0,1037005.0
214069,Misericordia University,PA,NCAA Division III with football,"Private nonprofit, 4-year or above",346744.0,340722.0,109.0,821.0,89526.0,1.0,8.0,4322285,3285240,24879.0,7080.0,10.0,24.0,68372.0,109856,2023,2022-23,https://ope.ed.gov/athletics/#/datafile/list,6022.0,3125.8899082568805,251196.0,418710.0
176053,Mississippi College,MS,NCAA Division II with football,"Private nonprofit, 4-year or above",2125344.0,2026017.0,137.0,1823.0,249748.0,1.0,6.0,11482548,8789808,64912.0,33756.0,7.0,14.0,31697.0,50766,2023,2022-23,https://ope.ed.gov/athletics/#/datafile/list,99327.0,14788.445255474451,1776269.0,926968.0
176008,Mississippi Delta Community College,MS,NJCAA Division II,"Public, 2-year",443103.0,443103.0,65.0,1135.0,73773.0,1.0,5.0,1491393,1491393,36137.0,27381.0,3.0,7.0,32050.0,45960,2023,2022-23,https://ope.ed.gov/athletics/#/datafile/list,0.0,6816.969230769231,369330.0,300078.0
176071,Mississippi Gulf Coast Community College,MS,NJCAA Division I,"Public, 2-year",1082147.0,1064917.0,65.0,1724.0,112038.0,1.0,8.0,4131571,4057260,47654.0,34092.0,6.0,15.0,36134.0,54173,2023,2022-23,https://ope.ed.gov/athletics/#/datafile/list,17230.0,16383.338461538462,952879.0,797304.0
176080,Mississippi State University,MS,NCAA Division I-FBS,"Public, 4-year or above",41313828.0,32951736.0,120.0,42016.0,5041883.0,1.0,10.0,115664788,113473523,1592715.0,333803.0,6.0,22.0,1301674.0,1823145,2023,2022-23,https://ope.ed.gov/athletics/#/datafile/list,8362092.0,274597.8,27909853.0,16899956.0
176044,Mississippi Valley State University,MS,NCAA Division I-FCS,"Public, 4-year or above",1435407.0,1435407.0,107.0,2464.0,263630.0,1.0,6.0,4793446,4793446,55571.0,35562.0,5.0,11.0,4529.0,10411,2023,2022-23,https://ope.ed.gov/athletics/#/datafile/list,0.0,13415.018691588784,1171777.0,669037.0
178244,Missouri Baptist University,MO,NAIA Division I,"Private nonprofit, 4-year or above",2325112.0,2345112.0,112.0,1320.0,147890.0,1.0,7.0,16795209,16773209,33572.0,17682.0,11.0,17.0,42659.0,98435,2023,2022-23,https://ope.ed.gov/athletics/#/datafile/list,-20000.0,20938.5,2197222.0,669886.0
178341,Missouri Southern State University,MO,NCAA Division II with football,"Public, 4-year or above",1978875.0,1772119.0,127.0,2363.0,300053.0,1.0,10.0,8692816,8692816,102998.0,49168.0,5.0,19.0,61713.0,97243,2023,2022-23,https://ope.ed.gov/athletics/#/datafile/list,206756.0,13953.692913385828,1472066.0,1449182.0
179566,Missouri State University-Springfield,MO,NCAA Division I-FCS,"Public, 4-year or above",5075930.0,5075930.0,98.0,11185.0,1096085.0,1.0,10.0,22698010,22698010,177815.0,67812.0,6.0,20.0,401270.0,600686,2023,2022-23,https://ope.ed.gov/athletics/#/datafile/list,0.0,51795.204081632655,3979845.0,2423130.0
178411,Missouri University of Science and Technology,MO,NCAA Division II with football,"Public, 4-year or above",1943000.0,1915851.0,122.0,1343.0,163888.0,1.0,7.0,7940313,7936838,66478.0,43442.0,9.0,9.0,34283.0,57824,2023,2022-23,https://ope.ed.gov/athletics/#/datafile/list,27149.0,15703.696721311477,1751963.0,989280.0
178369,Missouri Valley College,MO,NAIA Division I,"Private nonprofit, 4-year or above",3369126.0,3388946.0,166.0,773.0,128321.0,1.0,8.0,17416253,17277299,36635.0,23932.0,12.0,27.0,36461.0,56521,2023,2022-23,https://ope.ed.gov/athletics/#/datafile/list,-19820.0,20415.33734939759,3260625.0,1085784.0
178387,Missouri Western State University,MO,NCAA Division II with football,"Public, 4-year or above",1891966.0,2044679.0,113.0,2137.0,241507.0,1.0,11.0,9103192,9103192,77228.0,43297.0,5.0,11.0,44767.0,70866,2023,2022-23,https://ope.ed.gov/athletics/#/datafile/list,-152713.0,18094.504424778763,1803172.0,862407.0
118976,Modesto Junior College,CA,CCCAA,"Public, 2-year",295449.0,295449.0,67.0,1391.0,93166.0,1.0,10.0,3714636,3714636,58925.0,2000.0,11.0,33.0,0.0,0,2023,2022-23,https://ope.ed.gov/athletics/#/datafile/list,0.0,4409.686567164179,202283.0,714175.0
147341,Monmouth College,IL,NCAA Division III with football,"Private nonprofit, 4-year or above",373864.0,373864.0,117.0,655.0,76651.0,1.0,6.0,1821922,1821922,29545.0,13870.0,11.0,17.0,33267.0,48811,2023,2022-23,https://ope.ed.gov/athletics/#/datafile/list,0.0,3195.4188034188032,297213.0,560785.0
185572,Monmouth University,NJ,NCAA Division I-FCS,"Private nonprofit, 4-year or above",6272313.0,6272313.0,127.0,4445.0,564481.0,1.0,11.0,30565748,30565748,144556.0,57986.0,9.0,24.0,215474.0,333549,2023,2022-23,https://ope.ed.gov/athletics/#/datafile/list,0.0,49388.29133858267,5707832.0,2692668.0
193308,Monroe College,NY,Other,"Private for-profit, 4-year or above",1510700.0,1510700.0,77.0,5559.0,428028.0,1.0,9.0,10924721,10924721,30000.0,15000.0,11.0,34.0,19573.0,32663,2023,2022-23,https://ope.ed.gov/athletics/#/datafile/list,0.0,19619.48051948052,1082672.0,840000.0
180461,Montana State University,MT,NCAA Division I-FCS,"Public, 4-year or above",11625305.0,8920885.0,112.0,17742.0,1987115.0,1.0,10.0,28589654,28589654,208515.0,79228.0,5.0,20.0,522520.0,681862,2023,2022-23,https://ope.ed.gov/athletics/#/datafile/list,2704420.0,79650.75892857143,6933770.0,2627135.0
180522,Montana State University-Northern,MT,NAIA Division I,"Public, 4-year or above",878278.0,878277.0,56.0,3438.0,192506.0,1.0,8.0,2677435,2645727,26265.0,26462.0,6.0,10.0,31003.0,35795,2023,2022-23,https://ope.ed.gov/athletics/#/datafile/list,1.0,15683.517857142857,685771.0,422210.0
180416,Montana Technological University,MT,NAIA Division I,"Public, 4-year or above",1297330.0,1297330.0,115.0,983.0,113092.0,1.0,7.0,3566217,3566217,49295.0,38238.0,4.0,8.0,37064.0,48149,2023,2022-23,https://ope.ed.gov/athletics/#/datafile/list,0.0,11281.130434782608,1184238.0,503084.0
185590,Montclair State University,NJ,NCAA Division III with football,"Public, 4-year or above",397810.0,396708.0,121.0,957.0,115795.0,1.0,9.0,5932365,5837736,50187.0,12237.0,9.0,33.0,65295.0,114276,2023,2022-23,https://ope.ed.gov/athletics/#/datafile/list,1102.0,3278.5785123966944,280913.0,855504.0
119067,Monterey Peninsula College,CA,CCCAA,"Public, 2-year",172111.0,172111.0,59.0,1786.0,105374.0,1.0,9.0,1155655,1155655,23387.0,4014.0,6.0,14.0,0.0,0,2023,2022-23,https://ope.ed.gov/athletics/#/datafile/list,0.0,2917.135593220339,66737.0,196518.0
119137,Moorpark College,CA,CCCAA,"Public, 2-year",289600.0,240785.0,80.0,544.0,43548.0,1.0,10.0,1641505,1425841,40640.0,6483.0,8.0,28.0,0.0,0,2023,2022-23,https://ope.ed.gov/athletics/#/datafile/list,48815.0,3009.8125,197237.0,506644.0
214157,Moravian University,PA,NCAA Division III with football,"Private nonprofit, 4-year or above",492004.0,484955.0,88.0,1121.0,98626.0,1.0,14.0,3808514,3573475,45287.0,7160.0,9.0,32.0,22812.0,43826,2023,2022-23,https://ope.ed.gov/athletics/#/datafile/list,7049.0,5510.852272727273,386329.0,636703.0
157386,Morehead State University,KY,NCAA Division I-FCS,"Public, 4-year or above",1179563.0,1179563.0,101.0,4712.0,475896.0,1.0,10.0,9349505,9349505,118766.0,44879.0,5.0,16.0,129063.0,185622,2023,2022-23,https://ope.ed.gov/athletics/#/datafile/list,0.0,11678.841584158416,703667.0,1311894.0
163453,Morgan State University,MD,NCAA Division I-FCS,"Public, 4-year or above",5720946.0,4916573.0,105.0,11344.0,1191075.0,1.0,11.0,19470158,19470158,188589.0,66983.0,4.0,16.0,61893.0,112902,2023,2022-23,https://ope.ed.gov/athletics/#/datafile/list,804373.0,46824.50476190476,3725498.0,1826084.0
154004,Morningside University,IA,NAIA Division I,"Private nonprofit, 4-year or above",1464499.0,1452257.0,152.0,931.0,141477.0,1.0,6.0,7248303,6607724,48866.0,14260.0,11.0,36.0,9062.0,13233,2023,2022-23,https://ope.ed.gov/athletics/#/datafile/list,12242.0,9554.322368421052,1310780.0,1050886.0
219198,Mount Marty University,SD,NAIA Division II,"Private nonprofit, 4-year or above",2427568.0,2427568.0,117.0,806.0,94303.0,1.0,2.0,11028556,11028556,38771.0,16710.0,7.0,6.0,23774.0,29114,2023,2022-23,https://ope.ed.gov/athletics/#/datafile/list,0.0,20748.444444444445,2333265.0,371657.0
204200,Mount Saint Joseph University,OH,NCAA Division III with football,"Private nonprofit, 4-year or above",469983.0,469983.0,134.0,598.0,80194.0,1.0,12.0,3630301,3630301,51155.0,13256.0,10.0,25.0,26787.0,45898,2023,2022-23,https://ope.ed.gov/athletics/#/datafile/list,0.0,3507.3358208955224,389789.0,842950.0
119164,Mt San Antonio College,CA,CCCAA,"Public, 2-year",359071.0,370011.0,118.0,549.0,64734.0,1.0,14.0,6038042,4429007,54742.0,11578.0,11.0,21.0,0.0,0,2023,2022-23,https://ope.ed.gov/athletics/#/datafile/list,-10940.0,3135.686440677966,305277.0,845300.0
119216,Mt San Jacinto Community College District,CA,CCCAA,"Public, 2-year",109981.0,101946.0,81.0,246.0,19963.0,1.0,8.0,665178,590711,8400.0,10077.0,5.0,13.0,12245.0,24826,2023,2022-23,https://ope.ed.gov/athletics/#/datafile/list,8035.0,1258.5925925925926,81983.0,173001.0
214175,Muhlenberg College,PA,NCAA Division III with football,"Private nonprofit, 4-year or above",663318.0,663318.0,104.0,771.0,80229.0,1.0,9.0,4082510,3971330,44552.0,10274.0,9.0,21.0,51014.0,78506,2023,2022-23,https://ope.ed.gov/athletics/#/datafile/list,0.0,6378.057692307692,583089.0,616722.0
157401,Murray State University,KY,NCAA Division I-FCS,"Public, 4-year or above",5296401.0,4034390.0,115.0,6158.0,708202.0,1.0,10.0,19113740,18977450,181155.0,50048.0,5.0,18.0,237641.0,351874,2023,2022-23,https://ope.ed.gov/athletics/#/datafile/list,1262011.0,35081.65217391304,3326188.0,1806639.0
204264,Muskingum University,OH,NCAA Division III with football,"Private nonprofit, 4-year or above",397827.0,397827.0,134.0,919.0,123180.0,1.0,8.0,3424626,3424626,36802.0,12945.0,11.0,21.0,23048.0,47484,2023,2022-23,https://ope.ed.gov/athletics/#/datafile/list,0.0,2968.8582089552237,274647.0,676667.0
193478,Nassau Community College,NY,NJCAA Division III,"Public, 2-year",272880.0,272880.0,84.0,2121.0,178192.0,1.0,13.0,1752473,1732889,13846.0,4863.0,11.0,31.0,0.0,0,2023,2022-23,https://ope.ed.gov/athletics/#/datafile/list,0.0,3248.5714285714284,94688.0,303059.0
227146,Navarro College,TX,NJCAA Division I,"Public, 2-year",967182.0,967182.0,88.0,2184.0,192192.0,1.0,5.0,3354099,3354099,76066.0,41428.0,3.0,7.0,16470.0,22953,2023,2022-23,https://ope.ed.gov/athletics/#/datafile/list,0.0,10990.704545454546,774990.0,518194.0
181446,Nebraska Wesleyan University,NE,NCAA Division III with football,"Private nonprofit, 4-year or above",386079.0,376260.0,118.0,888.0,104731.0,1.0,11.0,3162505,3131539,51660.0,9675.0,9.0,29.0,49494.0,57913,2023,2022-23,https://ope.ed.gov/athletics/#/datafile/list,9819.0,3188.64406779661,271529.0,745515.0
187897,New Mexico Highlands University,NM,NCAA Division II with football,"Public, 4-year or above",1200698.0,1200698.0,92.0,1731.0,159249.0,1.0,8.0,5262776,5262776,63441.0,29820.0,5.0,11.0,20765.0,32521,2023,2022-23,https://ope.ed.gov/athletics/#/datafile/list,0.0,13051.065217391304,1041449.0,645225.0
187912,New Mexico Military Institute,NM,NJCAA Division I,"Public, 2-year",1468215.0,1462143.0,115.0,2845.0,327156.0,1.0,6.0,3604018,3561978,44528.0,29173.0,5.0,12.0,19205.0,36955,2023,2022-23,https://ope.ed.gov/athletics/#/datafile/list,6072.0,12714.28695652174,1134987.0,572716.0
188030,New Mexico State University-Main Campus,NM,NCAA Division I-FBS,"Public, 4-year or above",14168723.0,14168723.0,129.0,14937.0,1926829.0,1.0,10.0,35828331,35828331,223095.0,120443.0,6.0,17.0,541747.0,669321,2023,2022-23,https://ope.ed.gov/athletics/#/datafile/list,0.0,109835.06201550388,12241894.0,3386101.0
218414,Newberry College,SC,NCAA Division II with football,"Private nonprofit, 4-year or above",2135162.0,2065412.0,219.0,218.0,47680.0,1.0,10.0,10750116,10750116,71685.0,34079.0,10.0,22.0,66806.0,93205,2023,2022-23,https://ope.ed.gov/athletics/#/datafile/list,69750.0,9431.10502283105,2017732.0,1466588.0
159966,Nicholls State University,LA,NCAA Division I-FCS,"Public, 4-year or above",3079876.0,3079876.0,122.0,3995.0,487358.0,1.0,16.0,11658725,11658725,150207.0,46966.0,6.0,25.0,59650.0,80283,2023,2022-23,https://ope.ed.gov/athletics/#/datafile/list,0.0,25244.88524590164,2592518.0,2075392.0
167260,Nichols College,MA,NCAA Division III with football,"Private nonprofit, 4-year or above",589685.0,473664.0,121.0,725.0,87699.0,1.0,9.0,4042146,4041744,39194.0,9856.0,12.0,27.0,33629.0,68383,2023,2022-23,https://ope.ed.gov/athletics/#/datafile/list,116021.0,3914.5785123966944,385965.0,736440.0
232937,Norfolk State University,VA,NCAA Division I-FCS,"Public, 4-year or above",3878438.0,3878438.0,146.0,3252.0,474837.0,1.0,10.0,17340285,17340285,109604.0,33466.0,5.0,20.0,36961.0,39828,2023,2022-23,https://ope.ed.gov/athletics/#/datafile/list,0.0,26564.64383561644,3403601.0,1217340.0
461795,North American University,TX,NAIA Division II,"Private nonprofit, 4-year or above",655314.0,564997.0,154.0,1073.0,165301.0,1.0,11.0,1185096,1183828,32781.0,12242.0,3.0,15.0,14478.0,17613,2023,2022-23,https://ope.ed.gov/athletics/#/datafile/list,90317.0,3668.811688311688,399696.0,281973.0
199102,North Carolina A & T State University,NC,NCAA Division I-FCS,"Public, 4-year or above",4188635.0,3414308.0,113.0,5744.0,649030.0,1.0,8.0,16391602,16374848,120973.0,42134.0,6.0,15.0,130718.0,233827,2023,2022-23,https://ope.ed.gov/athletics/#/datafile/list,774327.0,30215.11504424779,2765278.0,1357848.0
199157,North Carolina Central University,NC,NCAA Division I-FCS,"Public, 4-year or above",4337867.0,4337867.0,112.0,5795.0,649043.0,1.0,9.0,11028437,11028437,129008.0,59448.0,6.0,18.0,29550.0,47645,2023,2022-23,https://ope.ed.gov/athletics/#/datafile/list,0.0,38730.955357142855,3688824.0,1844112.0
199193,North Carolina State University at Raleigh,NC,NCAA Division I-FBS,"Public, 4-year or above",60724710.0,31237723.0,125.0,30515.0,3814436.0,1.0,10.0,121444506,118653089,1045078.0,272549.0,10.0,30.0,1912098.0,2498575,2023,2022-23,https://ope.ed.gov/athletics/#/datafile/list,29486987.0,249901.784,27423287.0,18627250.0
199209,North Carolina Wesleyan University,NC,NCAA Division III with football,"Private nonprofit, 4-year or above",589464.0,589464.0,134.0,1287.0,172467.0,1.0,8.0,3237253,3237253,54012.0,29097.0,7.0,14.0,27715.0,50541,2023,2022-23,https://ope.ed.gov/athletics/#/datafile/list,0.0,4398.985074626866,416997.0,785442.0
147660,North Central College,IL,NCAA Division III with football,"Private nonprofit, 4-year or above",1239506.0,702771.0,123.0,1495.0,183857.0,1.0,16.0,7009384,5158345,58118.0,9872.0,13.0,65.0,43228.0,86456,2023,2022-23,https://ope.ed.gov/athletics/#/datafile/list,536735.0,5713.585365853659,518914.0,1397214.0
200305,North Dakota State College of Science,ND,NJCAA Division I,"Public, 2-year",151496.0,154828.0,72.0,1296.0,93332.0,1.0,5.0,971483,958465,34029.0,6000.0,3.0,8.0,2276.0,3971,2023,2022-23,https://ope.ed.gov/athletics/#/datafile/list,-3332.0,2150.3888888888887,61496.0,150087.0
200332,North Dakota State University-Main Campus,ND,NCAA Division I-FCS,"Public, 4-year or above",6405716.0,6405716.0,129.0,10021.0,1292703.0,1.0,10.0,30332023,29824792,177651.0,90594.0,6.0,22.0,276188.0,462624,2023,2022-23,https://ope.ed.gov/athletics/#/datafile/list,0.0,49656.71317829457,5113013.0,3058974.0
218441,North Greenville University,SC,NCAA Division II with football,"Private nonprofit, 4-year or above",1733315.0,1719589.0,130.0,1063.0,138211.0,1.0,9.0,7937795,7445769,40747.0,28647.0,10.0,14.0,35408.0,47418,2023,2022-23,https://ope.ed.gov/athletics/#/datafile/list,13726.0,13227.607692307693,1581378.0,808528.0
147679,North Park University,IL,NCAA Division III with football,"Private nonprofit, 4-year or above",644804.0,644804.0,109.0,1262.0,137544.0,1.0,7.0,3880481,3880481,45349.0,21787.0,9.0,23.0,43281.0,55389,2023,2022-23,https://ope.ed.gov/athletics/#/datafile/list,0.0,5915.633027522936,507260.0,909242.0
176169,Northeast Mississippi Community College,MS,NJCAA Division I,"Public, 2-year",939344.0,939344.0,65.0,1519.0,98749.0,1.0,7.0,2912970,2912970,51543.0,54247.0,5.0,7.0,51661.0,70388,2023,2022-23,https://ope.ed.gov/athletics/#/datafile/list,0.0,14451.446153846156,840595.0,637444.0
207290,Northeastern Oklahoma A&M College,OK,NJCAA Division I,"Public, 2-year",849962.0,827543.0,125.0,1127.0,140895.0,1.0,8.0,2579754,2539495,28450.0,16434.0,5.0,14.0,0.0,0,2023,2022-23,https://ope.ed.gov/athletics/#/datafile/list,22419.0,6620.344,686648.0,372326.0
207263,Northeastern State University,OK,NCAA Division II with football,"Public, 4-year or above",1545429.0,1545429.0,139.0,2415.0,335724.0,1.0,10.0,5519748,5519748,68385.0,19939.0,5.0,16.0,34934.0,55950,2023,2022-23,https://ope.ed.gov/athletics/#/datafile/list,0.0,11118.194244604316,1209705.0,660949.0
105330,Northern Arizona University,AZ,NCAA Division I-FCS,"Public, 4-year or above",5475110.0,5475110.0,118.0,11956.0,1410831.0,1.0,13.0,22619926,22619926,158107.0,49904.0,4.0,22.0,253711.0,407428,2023,2022-23,https://ope.ed.gov/athletics/#/datafile/list,0.0,46399.23728813559,4064279.0,1730316.0
147703,Northern Illinois University,IL,NCAA Division I-FBS,"Public, 4-year or above",7344679.0,7344679.0,119.0,18785.0,2235418.0,1.0,10.0,24692669,24692669,219275.0,85956.0,7.0,21.0,313681.0,438248,2023,2022-23,https://ope.ed.gov/athletics/#/datafile/list,0.0,61719.991596638654,5109261.0,3340001.0
171456,Northern Michigan University,MI,NCAA Division II with football,"Public, 4-year or above",2390383.0,2390383.0,99.0,3578.0,354221.0,1.0,12.0,13911436,13911436,89749.0,26811.0,8.0,24.0,155025.0,204109,2023,2022-23,https://ope.ed.gov/athletics/#/datafile/list,0.0,24145.282828282827,2036162.0,1361456.0
219259,Northern State University,SD,NCAA Division II with football,"Public, 4-year or above",1877517.0,1711724.0,120.0,2673.0,320733.0,1.0,9.0,8563515,8112553,76129.0,21676.0,5.0,20.0,62929.0,102167,2023,2022-23,https://ope.ed.gov/athletics/#/datafile/list,165793.0,14264.366666666669,1390991.0,814165.0
176178,Northwest Mississippi Community College,MS,NJCAA Division I,"Public, 2-year",1169714.0,1169714.0,63.0,2734.0,172271.0,1.0,6.0,4196219,4196219,71328.0,64232.0,5.0,9.0,15718.0,18804,2023,2022-23,https://ope.ed.gov/athletics/#/datafile/list,0.0,18566.88888888889,997443.0,934728.0
178624,Northwest Missouri State University,MO,NCAA Division II with football,"Public, 4-year or above",3035181.0,3035181.0,145.0,2892.0,419322.0,1.0,10.0,11724151,11724151,99050.0,52521.0,5.0,12.0,95811.0,118551,2023,2022-23,https://ope.ed.gov/athletics/#/datafile/list,0.0,20932.28275862069,2615859.0,1125502.0
154101,Northwestern College,IA,NAIA Division II,"Private nonprofit, 4-year or above",1669469.0,1661819.0,145.0,1161.0,168363.0,1.0,10.0,8294498,8242040,39631.0,12782.0,9.0,26.0,17724.0,27903,2023,2022-23,https://ope.ed.gov/athletics/#/datafile/list,7650.0,11460.820689655173,1493456.0,689011.0
207306,Northwestern Oklahoma State University,OK,NCAA Division II with football,"Public, 4-year or above",1254859.0,1254859.0,131.0,1661.0,217536.0,1.0,11.0,5568461,5360252,53694.0,16852.0,6.0,19.0,54241.0,79422,2023,2022-23,https://ope.ed.gov/athletics/#/datafile/list,0.0,9579.076335877862,1037323.0,642352.0
160038,Northwestern State University of Louisiana,LA,NCAA Division I-FCS,"Public, 4-year or above",3625692.0,2797715.0,127.0,3487.0,442829.0,1.0,13.0,13074407,10802623,104932.0,35964.0,4.0,22.0,98510.0,157181,2023,2022-23,https://ope.ed.gov/athletics/#/datafile/list,827977.0,22029.251968503937,2354886.0,1210936.0
147767,Northwestern University,IL,NCAA Division I-FBS,"Private nonprofit, 4-year or above",70045075.0,38424149.0,111.0,28984.0,3217229.0,1.0,14.0,117587514,117587514,1249126.0,209811.0,8.0,30.0,1516451.0,2029664,2023,2022-23,https://ope.ed.gov/athletics/#/datafile/list,31620926.0,346163.5045045045,35206920.0,16287338.0
171492,Northwood University,MI,NCAA Division II with football,"Private nonprofit, 4-year or above",2163845.0,2163845.0,127.0,1417.0,180022.0,1.0,9.0,8975389,8975389,54851.0,25253.0,7.0,22.0,74222.0,81954,2023,2022-23,https://ope.ed.gov/athletics/#/datafile/list,0.0,17038.149606299212,1983823.0,939523.0
230995,Norwich University,VT,NCAA Division III with football,"Private nonprofit, 4-year or above",532810.0,532810.0,105.0,1408.0,147802.0,1.0,6.0,4635166,4635166,54647.0,18359.0,12.0,19.0,45267.0,69974,2023,2022-23,https://ope.ed.gov/athletics/#/datafile/list,0.0,5074.380952380952,385008.0,1004585.0
204468,Notre Dame College,OH,NCAA Division II with football,"Private nonprofit, 4-year or above",1487381.0,1487381.0,156.0,1806.0,281761.0,1.0,9.0,6486296,6486296,31420.0,33208.0,9.0,12.0,15155.0,36782,2023,2022-23,https://ope.ed.gov/athletics/#/datafile/list,0.0,9534.49358974359,1205620.0,681276.0
204501,Oberlin College,OH,NCAA Division III with football,"Private nonprofit, 4-year or above",532552.0,521885.0,55.0,1031.0,56725.0,1.0,7.0,4223602,4223602,56750.0,27850.0,9.0,19.0,109725.0,192475,2023,2022-23,https://ope.ed.gov/athletics/#/datafile/list,10667.0,9488.818181818182,465160.0,1039900.0
204617,Ohio Dominican University,OH,NCAA Division II with football,"Private nonprofit, 4-year or above",1272372.0,1239301.0,111.0,1177.0,130608.0,1.0,9.0,4900143,4450195,45318.0,19374.0,6.0,15.0,26887.0,35135,2023,2022-23,https://ope.ed.gov/athletics/#/datafile/list,33071.0,11164.873873873874,1108693.0,562518.0
204635,Ohio Northern University,OH,NCAA Division III with football,"Private nonprofit, 4-year or above",769339.0,769339.0,149.0,943.0,140464.0,1.0,12.0,5679777,5679777,50152.0,16532.0,12.0,36.0,105955.0,146964,2023,2022-23,https://ope.ed.gov/athletics/#/datafile/list,0.0,5163.3489932885905,628875.0,1196976.0
204796,Ohio State University-Main Campus,OH,NCAA Division I-FBS,"Public, 4-year or above",127355183.0,72409506.0,124.0,71594.0,8877664.0,1.0,10.0,249698974,234409941,1038883.0,370542.0,15.0,40.0,2727473.0,3879870,2023,2022-23,https://ope.ed.gov/athletics/#/datafile/list,54945677.0,583947.6290322581,63531842.0,30404925.0
204857,Ohio University-Main Campus,OH,NCAA Division I-FBS,"Public, 4-year or above",10291675.0,10291675.0,118.0,18242.0,2152581.0,1.0,14.0,30138630,30138630,274826.0,78492.0,6.0,22.0,509753.0,660464,2023,2022-23,https://ope.ed.gov/athletics/#/datafile/list,0.0,87217.58474576271,8139094.0,3375780.0
204909,Ohio Wesleyan University,OH,NCAA Division III with football,"Private nonprofit, 4-year or above",586556.0,586556.0,97.0,1283.0,124404.0,1.0,8.0,3929581,3929581,30139.0,15217.0,11.0,18.0,43475.0,75794,2023,2022-23,https://ope.ed.gov/athletics/#/datafile/list,0.0,6046.969072164949,462152.0,605435.0
207403,Oklahoma Baptist University,OK,NCAA Division II with football,"Private nonprofit, 4-year or above",2073313.0,2073313.0,118.0,1777.0,209678.0,1.0,9.0,9305212,9305212,67960.0,31761.0,4.0,15.0,46732.0,73373,2023,2022-23,https://ope.ed.gov/athletics/#/datafile/list,0.0,17570.449152542373,1863635.0,748255.0
207351,Oklahoma Panhandle State University,OK,NAIA Division I,"Public, 4-year or above",685255.0,672176.0,96.0,1922.0,184520.0,1.0,6.0,4120377,3943797,38627.0,16046.0,8.0,12.0,42520.0,82685,2023,2022-23,https://ope.ed.gov/athletics/#/datafile/list,13079.0,7001.833333333333,487656.0,501568.0
207388,Oklahoma State University-Main Campus,OK,NCAA Division I-FBS,"Public, 4-year or above",55606834.0,31583888.0,126.0,45276.0,5704718.0,1.0,10.0,119235776,118229024,1640069.0,347950.0,7.0,24.0,1088093.0,1581507,2023,2022-23,https://ope.ed.gov/athletics/#/datafile/list,24022946.0,250665.77777777775,25879170.0,19831283.0
232982,Old Dominion University,VA,NCAA Division I-FBS,"Public, 4-year or above",13745844.0,13745844.0,117.0,28612.0,3347648.0,1.0,14.0,48623590,48623590,273433.0,119972.0,8.0,23.0,786465.0,1022040,2023,2022-23,https://ope.ed.gov/athletics/#/datafile/list,0.0,117485.84615384616,10398196.0,4946820.0
171599,Olivet College,MI,NCAA Division III with football,"Private nonprofit, 4-year or above",706520.0,706519.0,137.0,1092.0,149616.0,1.0,9.0,3444182,3173103,30512.0,12755.0,14.0,39.0,52485.0,66811,2023,2022-23,https://ope.ed.gov/athletics/#/datafile/list,1.0,5157.07299270073,556903.0,924613.0
147828,Olivet Nazarene University,IL,NAIA Division II,"Private nonprofit, 4-year or above",1480670.0,1833410.0,132.0,2012.0,265557.0,1.0,4.0,9177509,8990412,36711.0,15803.0,9.0,23.0,25011.0,40496,2023,2022-23,https://ope.ed.gov/athletics/#/datafile/list,-352740.0,13889.469696969696,1567853.0,693868.0
120342,Orange Coast College,CA,CCCAA,"Public, 2-year",205464.0,205464.0,76.0,1362.0,103530.0,1.0,10.0,3903814,3903814,43153.0,5541.0,12.0,34.0,0.0,0,2023,2022-23,https://ope.ed.gov/athletics/#/datafile/list,0.0,2703.4736842105262,101934.0,706230.0
209542,Oregon State University,OR,NCAA Division I-FBS,"Public, 4-year or above",42859968.0,26161742.0,121.0,50669.0,6130940.0,1.0,10.0,97792784,97792784,640016.0,273035.0,7.0,21.0,1568493.0,2100107,2023,2022-23,https://ope.ed.gov/athletics/#/datafile/list,16698226.0,216212.7438016529,20030802.0,10213847.0
155627,Ottawa University-Ottawa,KS,NAIA Division I,"Private nonprofit, 4-year or above",1982661.0,1849971.0,131.0,534.0,69991.0,1.0,5.0,13738802,13335942,30925.0,12479.0,12.0,27.0,37108.0,61665,2023,2022-23,https://ope.ed.gov/athletics/#/datafile/list,132690.0,14121.91603053435,1779980.0,708033.0
464226,Ottawa University-Surprise,AZ,NAIA Division I,"Private nonprofit, 4-year or above",1206999.0,2544254.0,155.0,2163.0,335223.0,1.0,12.0,12183055,12183055,45143.0,16903.0,13.0,31.0,32000.0,60000,2023,2022-23,https://ope.ed.gov/athletics/#/datafile/list,-1337255.0,16414.54193548387,2209031.0,1110852.0
204936,Otterbein University,OH,NCAA Division III with football,"Private nonprofit, 4-year or above",398510.0,398004.0,86.0,1185.0,101937.0,1.0,13.0,3357551,3092697,47300.0,6747.0,9.0,27.0,20031.0,26759,2023,2022-23,https://ope.ed.gov/athletics/#/datafile/list,506.0,4627.953488372093,296067.0,607869.0
107512,Ouachita Baptist University,AR,NCAA Division II with football,"Private nonprofit, 4-year or above",2520620.0,2541269.0,123.0,2241.0,275587.0,1.0,9.0,8917803,8515139,68895.0,39705.0,9.0,18.0,65171.0,84190,2023,2022-23,https://ope.ed.gov/athletics/#/datafile/list,-20649.0,20660.72357723577,2265682.0,1334745.0
194310,Pace University,NY,NCAA Division II with football,"Private nonprofit, 4-year or above",1724187.0,1680480.0,108.0,2439.0,263446.0,1.0,8.0,8952379,8952379,69031.0,23176.0,6.0,14.0,78458.0,97288,2023,2022-23,https://ope.ed.gov/athletics/#/datafile/list,43707.0,15560.0,1417034.0,738650.0
236230,Pacific Lutheran University,WA,NCAA Division III with football,"Private nonprofit, 4-year or above",822026.0,677637.0,112.0,2039.0,228319.0,1.0,13.0,5218418,4395054,40464.0,9209.0,9.0,27.0,24897.0,35113,2023,2022-23,https://ope.ed.gov/athletics/#/datafile/list,144389.0,6050.330357142857,449318.0,612819.0
495147,Pacific Northwest Christian College,WA,NJCAA Division I,"Private nonprofit, 2-year",93913.0,149023.0,42.0,2096.0,88023.0,1.0,7.0,247826,247826,15000.0,6700.0,2.0,9.0,1614.0,1614,2023,2022-23,https://ope.ed.gov/athletics/#/datafile/list,-55110.0,3548.1666666666665,61000.0,90300.0
209612,Pacific University,OR,NCAA Division III with football,"Private nonprofit, 4-year or above",801833.0,801833.0,145.0,1877.0,272134.0,1.0,17.0,4943847,4943847,41130.0,8383.0,11.0,51.0,55460.0,96165,2023,2022-23,https://ope.ed.gov/athletics/#/datafile/list,0.0,5529.88275862069,529699.0,879963.0
120971,Palomar College,CA,CCCAA,"Public, 2-year",179283.0,172542.0,100.0,812.0,81167.0,1.0,9.0,1695660,1676797,22978.0,3695.0,8.0,20.0,0.0,0,2023,2022-23,https://ope.ed.gov/athletics/#/datafile/list,6741.0,1725.42,91375.0,257724.0
121044,Pasadena City College,CA,CCCAA,"Public, 2-year",603257.0,561900.0,84.0,3126.0,262601.0,1.0,13.0,3388880,3241778,29740.0,5909.0,7.0,24.0,0.0,0,2023,2022-23,https://ope.ed.gov/athletics/#/datafile/list,41357.0,6689.285714285715,299299.0,349996.0
176239,Pearl River Community College,MS,NJCAA Division I,"Public, 2-year",725255.0,725255.0,65.0,1954.0,126992.0,1.0,5.0,3347245,3347245,64090.0,21014.0,6.0,10.0,7114.0,15513,2023,2022-23,https://ope.ed.gov/athletics/#/datafile/list,0.0,11157.76923076923,598263.0,594680.0
214777,Pennsylvania State University-Main Campus,PA,NCAA Division I-FBS,"Public, 4-year or above",114274945.0,57959743.0,122.0,151000.0,18421956.0,1.0,10.0,201533972,191411846,979989.0,251886.0,14.0,42.0,4079757.0,4774523,2023,2022-23,https://ope.ed.gov/athletics/#/datafile/list,56315202.0,475079.8606557377,39537787.0,24299058.0
498571,Pennsylvania Western University,PA,NCAA Division II with football,"Public, 4-year or above",3569046.0,3569046.0,290.0,1489.0,431802.0,3.0,27.0,18434076,18434076,66040.0,34026.0,19.0,32.0,98604.0,147253,2023,2022-23,https://ope.ed.gov/athletics/#/datafile/list,0.0,12307.055172413791,3137244.0,2343592.0
181534,Peru State College,NE,NAIA Division II,"Public, 4-year or above",563132.0,547309.0,96.0,739.0,70914.0,1.0,7.0,3488685,3385781,29207.0,22063.0,5.0,12.0,14469.0,25804,2023,2022-23,https://ope.ed.gov/athletics/#/datafile/list,15823.0,5701.135416666667,476395.0,410791.0
155681,Pittsburg State University,KS,NCAA Division II with football,"Public, 4-year or above",2804883.0,2804883.0,132.0,4755.0,627672.0,1.0,13.0,9621601,9621601,123124.0,36322.0,4.0,22.0,111305.0,158490,2023,2022-23,https://ope.ed.gov/athletics/#/datafile/list,0.0,21249.113636363636,2177211.0,1291580.0
121257,Pitzer College,CA,NCAA Division III with football,"Private nonprofit, 4-year or above",489651.0,419976.0,93.0,2693.0,250490.0,1.0,10.0,4669140,4151383,61682.0,10089.0,10.0,34.0,20376.0,30314,2023,2022-23,https://ope.ed.gov/athletics/#/datafile/list,69675.0,4515.870967741936,169486.0,959846.0
183080,Plymouth State University,NH,NCAA Division III with football,"Public, 4-year or above",386846.0,400903.0,105.0,776.0,81474.0,1.0,7.0,3351516,3337689,25011.0,5990.0,12.0,21.0,13257.0,19221,2023,2022-23,https://ope.ed.gov/athletics/#/datafile/list,-14057.0,3818.1238095238095,319429.0,425922.0
138868,Point University,GA,NAIA Division II,"Private nonprofit, 4-year or above",1985236.0,1985236.0,115.0,1809.0,208005.0,1.0,6.0,8246558,8246558,47800.0,33625.0,9.0,11.0,15823.0,22321,2023,2022-23,https://ope.ed.gov/athletics/#/datafile/list,0.0,17262.921739130434,1777231.0,800075.0
121345,Pomona College,CA,NCAA Division III with football,"Private nonprofit, 4-year or above",489651.0,419976.0,93.0,2693.0,250490.0,1.0,10.0,4669140,4151383,61682.0,10089.0,10.0,34.0,20376.0,30314,2023,2022-23,https://ope.ed.gov/athletics/#/datafile/list,69675.0,4515.870967741936,169486.0,959846.0
209807,Portland State University,OR,NCAA Division I-FCS,"Public, 4-year or above",5266444.0,5266444.0,112.0,8362.0,936582.0,1.0,10.0,18490681,18490681,75904.0,27311.0,6.0,28.0,195300.0,273377,2023,2022-23,https://ope.ed.gov/athletics/#/datafile/list,0.0,47021.82142857143,4329862.0,1220132.0
130183,Post University,CT,NCAA Division II with football,"Private for-profit, 4-year or above",940081.0,940081.0,116.0,1574.0,182596.0,1.0,8.0,8713281,8684359,55498.0,13333.0,9.0,22.0,61266.0,89463,2023,2022-23,https://ope.ed.gov/athletics/#/datafile/list,0.0,8104.146551724138,757485.0,792808.0
227526,Prairie View A & M University,TX,NCAA Division I-FCS,"Public, 4-year or above",3195455.0,3195455.0,110.0,8607.0,946756.0,1.0,9.0,14818343,14818343,97658.0,39320.0,8.0,19.0,32469.0,72249,2023,2022-23,https://ope.ed.gov/athletics/#/datafile/list,0.0,29049.590909090908,2248699.0,1528344.0
218539,Presbyterian College,SC,Other,"Private nonprofit, 4-year or above",1499028.0,1499028.0,134.0,5970.0,800002.0,1.0,10.0,12175117,12175117,67727.0,30284.0,8.0,17.0,156977.0,245372,2023,2022-23,https://ope.ed.gov/athletics/#/datafile/list,0.0,11186.776119402984,699026.0,1056644.0
186131,Princeton University,NJ,NCAA Division I-FCS,"Private nonprofit, 4-year or above",4230343.0,4230343.0,123.0,6568.0,807882.0,1.0,9.0,44300839,44300839,183374.0,75477.0,18.0,36.0,1229191.0,1814323,2023,2022-23,https://ope.ed.gov/athletics/#/datafile/list,0.0,34393.03252032521,3422461.0,6017904.0
243780,Purdue University-Main Campus,IN,NCAA Division I-FBS,"Public, 4-year or above",59669043.0,31441226.0,123.0,48707.0,5990926.0,1.0,14.0,124290313,105239251,1210541.0,241156.0,8.0,34.0,1748446.0,2233531,2023,2022-23,https://ope.ed.gov/athletics/#/datafile/list,28227817.0,255619.72357723577,25450300.0,17883632.0
148131,Quincy University,IL,NCAA Division II with football,"Private nonprofit, 4-year or above",2324251.0,2323251.0,147.0,1091.0,160404.0,1.0,7.0,14221394,14213381,49667.0,24717.0,13.0,18.0,99269.0,148700,2023,2022-23,https://ope.ed.gov/athletics/#/datafile/list,1000.0,15804.42857142857,2162847.0,1090577.0
233295,Randolph-Macon College,VA,NCAA Division III with football,"Private nonprofit, 4-year or above",637673.0,609199.0,125.0,832.0,103974.0,1.0,8.0,4288138,3863607,59483.0,20050.0,9.0,18.0,44424.0,58561,2023,2022-23,https://ope.ed.gov/athletics/#/datafile/list,28474.0,4873.592,505225.0,896247.0
117052,Reedley College,CA,CCCAA,"Public, 2-year",355868.0,351175.0,92.0,1153.0,106051.0,1.0,9.0,2396851,2366944,50594.0,9462.0,5.0,16.0,14150.0,33960,2023,2022-23,https://ope.ed.gov/athletics/#/datafile/list,4693.0,3817.119565217391,245124.0,404362.0
140872,Reinhardt University,GA,NAIA Division I,"Private nonprofit, 4-year or above",2283915.0,2255824.0,172.0,799.0,137344.0,1.0,6.0,11785120,11343519,44035.0,23392.0,10.0,20.0,12082.0,16087,2023,2022-23,https://ope.ed.gov/athletics/#/datafile/list,28091.0,13115.255813953489,2118480.0,908190.0
194824,Rensselaer Polytechnic Institute,NY,NCAA Division III with football,"Private nonprofit, 4-year or above",1335828.0,795596.0,126.0,904.0,113943.0,1.0,7.0,12319492,12319492,80863.0,28519.0,11.0,23.0,208957.0,330830,2023,2022-23,https://ope.ed.gov/athletics/#/datafile/list,540232.0,6314.253968253968,681653.0,1545430.0
221351,Rhodes College,TN,NCAA Division III with football,"Private nonprofit, 4-year or above",640614.0,640614.0,86.0,2713.0,233338.0,1.0,8.0,5551740,5551740,54293.0,18706.0,9.0,26.0,63655.0,84769,2023,2022-23,https://ope.ed.gov/athletics/#/datafile/list,0.0,7449.0,407276.0,974993.0
227757,Rice University,TX,NCAA Division I-FBS,"Private nonprofit, 4-year or above",14794763.0,14794763.0,110.0,19207.0,2112805.0,1.0,10.0,51832652,51832652,339095.0,125352.0,6.0,19.0,636123.0,811945,2023,2022-23,https://ope.ed.gov/athletics/#/datafile/list,0.0,134497.84545454546,12681958.0,4416258.0
239628,Ripon College,WI,NCAA Division III with football,"Private nonprofit, 4-year or above",344081.0,346964.0,101.0,1147.0,115867.0,1.0,11.0,2246214,2246214,24859.0,5734.0,9.0,29.0,18379.0,32474,2023,2022-23,https://ope.ed.gov/athletics/#/datafile/list,-2883.0,3435.287128712871,231097.0,390017.0
121901,Riverside City College,CA,CCCAA,"Public, 2-year",614283.0,614283.0,94.0,995.0,93513.0,1.0,14.0,4009153,4009153,81800.0,15283.0,9.0,32.0,0.0,0,2023,2022-23,https://ope.ed.gov/athletics/#/datafile/list,0.0,6534.925531914893,520770.0,1225256.0
215655,Robert Morris University,PA,NCAA Division I-FCS,"Private nonprofit, 4-year or above",3462160.0,3462160.0,133.0,3209.0,426763.0,1.0,9.0,17641388,17641388,163977.0,50368.0,6.0,17.0,222415.0,331266,2023,2022-23,https://ope.ed.gov/athletics/#/datafile/list,0.0,26031.27819548872,3035397.0,1840118.0
174738,Rochester Community and Technical College,MN,NJCAA Division III,"Public, 2-year",132887.0,132887.0,79.0,645.0,50966.0,1.0,7.0,991229,991229,27893.0,4198.0,4.0,12.0,0.0,0,2023,2022-23,https://ope.ed.gov/athletics/#/datafile/list,0.0,1682.113924050633,81921.0,161948.0
148405,Rockford University,IL,NCAA Division III with football,"Private nonprofit, 4-year or above",395317.0,395317.0,90.0,1065.0,95825.0,1.0,7.0,2245571,2245571,43845.0,10591.0,6.0,18.0,19552.0,30103,2023,2022-23,https://ope.ed.gov/athletics/#/datafile/list,0.0,4392.4111111111115,299492.0,453708.0
180595,Rocky Mountain College,MT,NAIA Division I,"Private nonprofit, 4-year or above",2395858.0,2395858.0,130.0,3379.0,439234.0,1.0,11.0,7636752,7636752,37558.0,15861.0,6.0,20.0,87755.0,106884,2023,2022-23,https://ope.ed.gov/athletics/#/datafile/list,0.0,18429.676923076924,1956624.0,542568.0
148487,Roosevelt University,IL,NAIA Division II,"Private nonprofit, 4-year or above",2553748.0,2553748.0,145.0,1439.0,208658.0,1.0,10.0,8322406,8322406,47210.0,28059.0,8.0,15.0,5941.0,17540,2023,2022-23,https://ope.ed.gov/athletics/#/datafile/list,0.0,17612.05517241379,2345090.0,798565.0
152318,Rose-Hulman Institute of Technology,IN,NCAA Division III with football,"Private nonprofit, 4-year or above",513091.0,451243.0,117.0,740.0,86589.0,1.0,7.0,3572954,3572954,41945.0,14045.0,9.0,21.0,19732.0,29109,2023,2022-23,https://ope.ed.gov/athletics/#/datafile/list,61848.0,3856.777777777778,364654.0,672450.0
184782,Rowan University,NJ,NCAA Division III with football,"Public, 4-year or above",740029.0,683071.0,99.0,1661.0,164396.0,1.0,23.0,6890139,6210002,95611.0,12788.0,6.0,30.0,7903.0,24211,2023,2022-23,https://ope.ed.gov/athletics/#/datafile/list,56958.0,6899.707070707071,518675.0,957306.0
186380,Rutgers University-New Brunswick,NJ,NCAA Division I-FBS,"Public, 4-year or above",49812329.0,49812329.0,131.0,55331.0,7248405.0,1.0,10.0,130221793,130221793,1073506.0,276211.0,9.0,26.0,3046417.0,3598914,2023,2022-23,https://ope.ed.gov/athletics/#/datafile/list,0.0,380246.786259542,42563924.0,16843040.0
196121,SUNY Brockport,NY,NCAA Division III with football,"Public, 4-year or above",645631.0,645631.0,104.0,1392.0,144788.0,1.0,5.0,4648660,4648660,34714.0,13092.0,11.0,24.0,57000.0,85007,2023,2022-23,https://ope.ed.gov/athletics/#/datafile/list,0.0,6207.990384615385,500843.0,696062.0
196130,SUNY Buffalo State University,NY,NCAA Division III with football,"Public, 4-year or above",517385.0,517385.0,102.0,809.0,82482.0,1.0,7.0,3435041,3435041,67139.0,18818.0,6.0,15.0,34554.0,46669,2023,2022-23,https://ope.ed.gov/athletics/#/datafile/list,0.0,5072.401960784314,434903.0,685104.0
196006,SUNY College of Technology at Alfred,NY,NCAA Division III with football,"Public, 4-year or above",522479.0,522479.0,111.0,1255.0,139340.0,1.0,9.0,3347427,3305306,41497.0,7227.0,7.0,22.0,24344.0,29322,2023,2022-23,https://ope.ed.gov/athletics/#/datafile/list,0.0,4707.018018018018,383139.0,449473.0
196149,SUNY Cortland,NY,NCAA Division III with football,"Public, 4-year or above",663353.0,663353.0,134.0,1491.0,199760.0,1.0,21.0,6634646,6634646,54760.0,13939.0,11.0,36.0,67690.0,111638,2023,2022-23,https://ope.ed.gov/athletics/#/datafile/list,0.0,4950.395522388059,463593.0,1104164.0
196291,SUNY Maritime College,NY,NCAA Division III with football,"Public, 4-year or above",226150.0,230393.0,96.0,1192.0,114393.0,1.0,2.0,1213195,1048466,19750.0,8000.0,8.0,14.0,5000.0,5004,2023,2022-23,https://ope.ed.gov/athletics/#/datafile/list,-4243.0,2399.9270833333335,116000.0,270000.0
196051,SUNY Morrisville,NY,NCAA Division III with football,"Public, 4-year or above",448450.0,448245.0,130.0,1166.0,151614.0,1.0,6.0,3218106,3120029,54100.0,12945.0,6.0,13.0,13858.0,23893,2023,2022-23,https://ope.ed.gov/athletics/#/datafile/list,205.0,3448.0384615384614,296631.0,492885.0
196060,SUNY at Albany,NY,NCAA Division I-FCS,"Public, 4-year or above",4975686.0,4494578.0,100.0,6169.0,616877.0,1.0,12.0,21504447,21504447,142924.0,43156.0,8.0,30.0,192912.0,298132,2023,2022-23,https://ope.ed.gov/athletics/#/datafile/list,481108.0,44945.78,3877701.0,2438072.0
122180,Sacramento City College,CA,CCCAA,"Public, 2-year",235453.0,235453.0,98.0,737.0,72268.0,1.0,9.0,2700318,2700318,39840.0,8153.0,7.0,19.0,0.0,0,2023,2022-23,https://ope.ed.gov/athletics/#/datafile/list,0.0,2402.581632653061,163185.0,433787.0
130253,Sacred Heart University,CT,NCAA Division I-FCS,"Private nonprofit, 4-year or above",4371658.0,4371658.0,150.0,3807.0,571001.0,1.0,11.0,36865165,36865165,87689.0,40257.0,12.0,32.0,147902.0,275354,2023,2022-23,https://ope.ed.gov/athletics/#/datafile/list,0.0,29144.386666666665,3800657.0,2340492.0
122205,Saddleback College,CA,CCCAA,"Public, 2-year",497815.0,456993.0,102.0,703.0,71706.0,1.0,12.0,2438476,2271725,49375.0,9296.0,9.0,31.0,0.0,0,2023,2022-23,https://ope.ed.gov/athletics/#/datafile/list,40822.0,4480.323529411765,385287.0,732551.0
172051,Saginaw Valley State University,MI,NCAA Division II with football,"Public, 4-year or above",2034834.0,2027893.0,126.0,1406.0,177214.0,1.0,12.0,9719214,9659744,58705.0,25524.0,7.0,19.0,69314.0,92644,2023,2022-23,https://ope.ed.gov/athletics/#/datafile/list,6941.0,16094.388888888889,1850679.0,895891.0
154235,Saint Ambrose University,IA,NAIA Division II,"Private nonprofit, 4-year or above",1322975.0,1280725.0,157.0,961.0,150808.0,1.0,10.0,9308282,9077135,33849.0,5436.0,14.0,44.0,74331.0,148726,2023,2022-23,https://ope.ed.gov/athletics/#/datafile/list,42250.0,8157.484076433121,1129917.0,713070.0
183239,Saint Anselm College,NH,NCAA Division II with football,"Private nonprofit, 4-year or above",1572507.0,1514060.0,128.0,1288.0,164880.0,1.0,8.0,9974862,9141630,51989.0,19272.0,8.0,16.0,69294.0,101610,2023,2022-23,https://ope.ed.gov/athletics/#/datafile/list,58447.0,11828.59375,1349180.0,724264.0
199582,Saint Augustine's University,NC,NCAA Division II with football,"Private nonprofit, 4-year or above",1030714.0,1066169.0,107.0,838.0,89679.0,1.0,9.0,3006803,3006793,81250.0,20900.0,6.0,9.0,6.0,86572,2023,2022-23,https://ope.ed.gov/athletics/#/datafile/list,-35455.0,9964.196261682244,976490.0,675600.0
215743,Saint Francis University,PA,NCAA Division I-FCS,"Private nonprofit, 4-year or above",3696956.0,3696956.0,119.0,4897.0,582791.0,1.0,11.0,17308120,17308120,57772.0,26495.0,9.0,27.0,86041.0,186152,2023,2022-23,https://ope.ed.gov/athletics/#/datafile/list,0.0,31066.85714285714,3114165.0,1235313.0
152381,Saint Mary-of-the-Woods College,IN,NAIA Division I,"Private nonprofit, 4-year or above",447551.0,148216.0,52.0,1028.0,53460.0,1.0,3.0,2807094,2769998,30167.0,6045.0,6.0,11.0,3728.0,6428,2023,2022-23,https://ope.ed.gov/athletics/#/datafile/list,299335.0,2850.3076923076924,94756.0,247497.0
239716,Saint Norbert College,WI,NCAA Division III with football,"Private nonprofit, 4-year or above",590675.0,590675.0,135.0,950.0,128257.0,1.0,13.0,3987495,3987495,57897.0,8978.0,10.0,41.0,48584.0,72354,2023,2022-23,https://ope.ed.gov/athletics/#/datafile/list,0.0,4375.37037037037,462418.0,947068.0
215798,Saint Vincent College,PA,NCAA Division III with football,"Private nonprofit, 4-year or above",595887.0,595887.0,120.0,1475.0,177035.0,1.0,7.0,4189969,4189969,36418.0,23141.0,10.0,14.0,59713.0,69954,2023,2022-23,https://ope.ed.gov/athletics/#/datafile/list,0.0,4965.725,418852.0,688154.0
148627,Saint Xavier University,IL,NAIA Division II,"Private nonprofit, 4-year or above",1412045.0,1412045.0,90.0,1025.0,92217.0,1.0,14.0,6123020,6123020,38893.0,15803.0,10.0,22.0,7801.0,11787,2023,2022-23,https://ope.ed.gov/athletics/#/datafile/list,0.0,15689.388888888889,1319828.0,736596.0
163851,Salisbury University,MD,NCAA Division III with football,"Public, 4-year or above",582526.0,582525.0,109.0,1312.0,142981.0,1.0,13.0,3777885,3777800,60196.0,13838.0,8.0,18.0,15077.0,25653,2023,2022-23,https://ope.ed.gov/athletics/#/datafile/list,1.0,5344.266055045871,439544.0,730652.0
217536,Salve Regina University,RI,NCAA Division III with football,"Private nonprofit, 4-year or above",330506.0,296399.0,135.0,661.0,89209.0,1.0,7.0,4584720,4127889,46931.0,11917.0,8.0,17.0,36818.0,50701,2023,2022-23,https://ope.ed.gov/athletics/#/datafile/list,34107.0,2195.5481481481484,207190.0,578037.0
227881,Sam Houston State University,TX,NCAA Division I-FCS,"Public, 4-year or above",5449846.0,5449846.0,131.0,4520.0,592103.0,1.0,10.0,22484292,22475641,252901.0,67250.0,5.0,21.0,234830.0,330796,2023,2022-23,https://ope.ed.gov/athletics/#/datafile/list,0.0,41601.87786259542,4857743.0,2676755.0
102049,Samford University,AL,NCAA Division I-FCS,"Private nonprofit, 4-year or above",5623153.0,5490023.0,132.0,3829.0,505472.0,1.0,10.0,21411379,21240463,121342.0,77602.0,7.0,15.0,184504.0,276148,2023,2022-23,https://ope.ed.gov/athletics/#/datafile/list,133130.0,41591.083333333336,4984551.0,2013424.0
123527,San Bernardino Valley College,CA,CCCAA,"Public, 2-year",259328.0,259328.0,56.0,832.0,46589.0,1.0,8.0,1892682,1892682,14514.0,5000.0,6.0,18.0,0.0,0,2023,2022-23,https://ope.ed.gov/athletics/#/datafile/list,0.0,4630.857142857143,212739.0,177084.0
122375,San Diego Mesa College,CA,CCCAA,"Public, 2-year",260313.0,245488.0,77.0,637.0,49020.0,1.0,6.0,2776497,2776497,30606.0,7858.0,9.0,25.0,0.0,0,2023,2022-23,https://ope.ed.gov/athletics/#/datafile/list,14825.0,3188.155844155844,196468.0,471904.0
122409,San Diego State University,CA,NCAA Division I-FBS,"Public, 4-year or above",31448528.0,20142242.0,113.0,90926.0,10274587.0,1.0,10.0,96611757,96611757,730194.0,314774.0,6.0,19.0,665915.0,924886,2023,2022-23,https://ope.ed.gov/athletics/#/datafile/list,11306286.0,178249.92920353982,9867655.0,10361870.0
122658,San Joaquin Delta College,CA,CCCAA,"Public, 2-year",223917.0,260151.0,59.0,1196.0,70590.0,1.0,7.0,2964228,2964228,34203.0,7631.0,10.0,24.0,0.0,0,2023,2022-23,https://ope.ed.gov/athletics/#/datafile/list,-36234.0,4409.338983050848,189561.0,525174.0
122746,San Jose City College,CA,CCCAA,"Public, 2-year",185958.0,185958.0,67.0,1104.0,73992.0,1.0,10.0,1491911,1491911,24326.0,3150.0,5.0,23.0,0.0,0,2023,2022-23,https://ope.ed.gov/athletics/#/datafile/list,0.0,2775.492537313433,111966.0,194080.0
122755,San Jose State University,CA,NCAA Division I-FBS,"Public, 4-year or above",10662506.0,10662506.0,112.0,18260.0,2045084.0,1.0,11.0,43937589,43937589,193840.0,114876.0,7.0,22.0,694363.0,991292,2023,2022-23,https://ope.ed.gov/athletics/#/datafile/list,0.0,95200.94642857143,8617422.0,3884152.0
121619,Santa Ana College,CA,CCCAA,"Public, 2-year",273350.0,273350.0,109.0,1103.0,120254.0,1.0,9.0,2026610,2026610,37800.0,9800.0,7.0,22.0,0.0,0,2023,2022-23,https://ope.ed.gov/athletics/#/datafile/list,0.0,2507.798165137615,153096.0,480200.0
122889,Santa Barbara City College,CA,CCCAA,"Public, 2-year",268892.0,268892.0,90.0,635.0,57131.0,1.0,9.0,2641762,2641762,27540.0,13725.0,9.0,12.0,0.0,0,2023,2022-23,https://ope.ed.gov/athletics/#/datafile/list,0.0,2987.688888888889,211761.0,412560.0
122977,Santa Monica College,CA,CCCAA,"Public, 2-year",351800.0,351800.0,77.0,717.0,55246.0,1.0,9.0,3041724,3041724,9699.0,9800.0,8.0,18.0,0.0,0,2023,2022-23,https://ope.ed.gov/athletics/#/datafile/list,0.0,4568.831168831169,296554.0,253992.0
123013,Santa Rosa Junior College,CA,CCCAA,"Public, 2-year",222819.0,190996.0,96.0,660.0,63360.0,1.0,15.0,2244376,1968185,64372.0,2565.0,8.0,26.0,0.0,0,2023,2022-23,https://ope.ed.gov/athletics/#/datafile/list,31823.0,1989.5416666666667,127636.0,581666.0
140960,Savannah State University,GA,NCAA Division II with football,"Public, 4-year or above",372229.0,771000.0,130.0,264.0,34277.0,1.0,8.0,2445388,2445388,56500.0,28200.0,5.0,6.0,9675.0,15101,2023,2022-23,https://ope.ed.gov/athletics/#/datafile/list,-398771.0,5930.7692307692305,736723.0,451700.0
215947,Seton Hill University,PA,NCAA Division II with football,"Private nonprofit, 4-year or above",1444866.0,1444866.0,115.0,764.0,87825.0,1.0,8.0,7934777,7934777,60456.0,20866.0,7.0,19.0,46823.0,67253,2023,2022-23,https://ope.ed.gov/athletics/#/datafile/list,0.0,12564.052173913044,1357041.0,819646.0
123299,Shasta College,CA,CCCAA,"Public, 2-year",183469.0,183469.0,86.0,841.0,72339.0,1.0,10.0,1188648,1188648,14386.0,6225.0,8.0,18.0,306.0,473,2023,2022-23,https://ope.ed.gov/athletics/#/datafile/list,0.0,2133.360465116279,111130.0,227138.0
199643,Shaw University,NC,NCAA Division II with football,"Private nonprofit, 4-year or above",1167452.0,1167452.0,118.0,1760.0,207646.0,1.0,7.0,5677617,4901647,51400.0,27429.0,5.0,12.0,59069.0,97792,2023,2022-23,https://ope.ed.gov/athletics/#/datafile/list,0.0,9893.661016949152,959806.0,586148.0
233541,Shenandoah University,VA,NCAA Division III with football,"Private nonprofit, 4-year or above",598808.0,598808.0,119.0,1266.0,150660.0,1.0,8.0,4328758,4328758,52426.0,21845.0,9.0,19.0,46729.0,70663,2023,2022-23,https://ope.ed.gov/athletics/#/datafile/list,0.0,5032.0,448148.0,886889.0
237792,Shepherd University,WV,NCAA Division II with football,"Public, 4-year or above",1720660.0,1720660.0,105.0,3730.0,391671.0,1.0,7.0,5043049,5043049,40024.0,23875.0,7.0,15.0,21418.0,32057,2023,2022-23,https://ope.ed.gov/athletics/#/datafile/list,0.0,16387.238095238095,1328989.0,638293.0
216010,Shippensburg University of Pennsylvania,PA,NCAA Division II with football,"Public, 4-year or above",1633036.0,1042681.0,91.0,1572.0,143068.0,1.0,10.0,11836289,10158229,60352.0,27370.0,8.0,16.0,22332.0,35649,2023,2022-23,https://ope.ed.gov/athletics/#/datafile/list,590355.0,11458.032967032968,899613.0,920736.0
140988,Shorter University,GA,NCAA Division II with football,"Private nonprofit, 4-year or above",1419959.0,1419959.0,152.0,1486.0,225913.0,1.0,5.0,6689751,6689751,43440.0,25244.0,8.0,9.0,49675.0,57819,2023,2022-23,https://ope.ed.gov/athletics/#/datafile/list,0.0,9341.83552631579,1194046.0,574716.0
172264,Siena Heights University,MI,NAIA Division II,"Private nonprofit, 4-year or above",1779794.0,1779794.0,118.0,1544.0,182161.0,1.0,12.0,9929606,9828373,34115.0,6617.0,10.0,32.0,0.0,0,2023,2022-23,https://ope.ed.gov/athletics/#/datafile/list,0.0,15083.0,1597633.0,552894.0
123341,Sierra College,CA,CCCAA,"Public, 2-year",366986.0,357881.0,125.0,1206.0,150713.0,1.0,16.0,3715738,3544764,41893.0,12695.0,7.0,15.0,0.0,0,2023,2022-23,https://ope.ed.gov/athletics/#/datafile/list,9105.0,2863.048,207168.0,483676.0
800001,Simon Fraser University,,NCAA Division II with football,,1104372.0,1104372.0,101.0,4312.0,435480.0,1.0,20.0,8053431,8053431,50761.0,9777.0,7.0,37.0,49249.0,80009,2023,2022-23,https://ope.ed.gov/athletics/#/datafile/list,0.0,10934.376237623765,668892.0,717076.0
154350,Simpson College,IA,NCAA Division III with football,"Private nonprofit, 4-year or above",317080.0,453899.0,97.0,936.0,90816.0,1.0,9.0,3056110,2908571,35328.0,9607.0,12.0,29.0,51903.0,98733,2023,2022-23,https://ope.ed.gov/athletics/#/datafile/list,-136819.0,4679.371134020618,363083.0,702539.0
123457,Simpson University,CA,NAIA Division II,"Private nonprofit, 4-year or above",1817145.0,1583124.0,56.0,3182.0,178219.0,1.0,2.0,12061436,11408220,70320.0,32262.0,9.0,9.0,21563.0,50628,2023,2022-23,https://ope.ed.gov/athletics/#/datafile/list,234021.0,28270.071428571428,1404905.0,923238.0
216038,Slippery Rock University of Pennsylvania,PA,NCAA Division II with football,"Public, 4-year or above",1235720.0,1231081.0,101.0,1720.0,173745.0,1.0,10.0,7172540,7171482,92372.0,44999.0,5.0,8.0,11715.0,34325,2023,2022-23,https://ope.ed.gov/athletics/#/datafile/list,4639.0,12188.920792079209,1057336.0,821852.0
230597,Snow College,UT,NJCAA Division I,"Public, 4-year or above",1109005.0,1109005.0,97.0,4026.0,390497.0,1.0,7.0,3939574,3939574,37492.0,12427.0,5.0,11.0,7108.0,8651,2023,2022-23,https://ope.ed.gov/athletics/#/datafile/list,0.0,11433.041237113404,718508.0,324157.0
218733,South Carolina State University,SC,NCAA Division I-FCS,"Public, 4-year or above",4668814.0,3481862.0,110.0,9980.0,1097818.0,1.0,10.0,12905128,12905128,144582.0,34515.0,4.0,13.0,44804.0,75909,2023,2022-23,https://ope.ed.gov/athletics/#/datafile/list,1186952.0,31653.29090909091,2384044.0,1027023.0
219347,South Dakota School of Mines and Technology,SD,NCAA Division II with football,"Public, 4-year or above",1588123.0,1588123.0,117.0,2485.0,290693.0,1.0,8.0,4911104,4911104,75108.0,40133.0,5.0,11.0,36861.0,57124,2023,2022-23,https://ope.ed.gov/athletics/#/datafile/list,0.0,13573.700854700855,1297430.0,817003.0
219356,South Dakota State University,SD,NCAA Division I-FCS,"Public, 4-year or above",6223329.0,6223329.0,116.0,7689.0,891966.0,1.0,12.0,24184193,24184193,178814.0,55434.0,7.0,26.0,189112.0,294344,2023,2022-23,https://ope.ed.gov/athletics/#/datafile/list,0.0,53649.387931034486,5331363.0,2692982.0
179557,Southeast Missouri State University,MO,NCAA Division I-FCS,"Public, 4-year or above",3749930.0,3749930.0,118.0,5527.0,652167.0,1.0,9.0,15072513,15072513,140262.0,46975.0,4.0,17.0,154297.0,221665,2023,2022-23,https://ope.ed.gov/athletics/#/datafile/list,0.0,31779.06779661017,3097763.0,1359623.0
160612,Southeastern Louisiana University,LA,NCAA Division I-FCS,"Public, 4-year or above",4264104.0,4264104.0,122.0,5163.0,629827.0,1.0,10.0,15750278,15750278,136988.0,60595.0,5.0,18.0,72282.0,132753,2023,2022-23,https://ope.ed.gov/athletics/#/datafile/list,0.0,34951.67213114754,3634277.0,1775650.0
207847,Southeastern Oklahoma State University,OK,NCAA Division II with football,"Public, 4-year or above",1400405.0,1400405.0,110.0,2574.0,283141.0,1.0,8.0,6354076,6354076,55824.0,22893.0,6.0,15.0,25816.0,35740,2023,2022-23,https://ope.ed.gov/athletics/#/datafile/list,0.0,12730.954545454546,1117264.0,678339.0
137564,Southeastern University,FL,NAIA Division I,"Private nonprofit, 4-year or above",1790538.0,1784077.0,119.0,1590.0,189204.0,1.0,6.0,9621010,9266488,54525.0,36874.0,10.0,13.0,29490.0,40911,2023,2022-23,https://ope.ed.gov/athletics/#/datafile/list,6461.0,14992.24369747899,1594873.0,1024612.0
107983,Southern Arkansas University Main Campus,AR,NCAA Division II with football,"Public, 4-year or above",1115867.0,1115867.0,118.0,784.0,92507.0,1.0,5.0,6198701,6198701,40830.0,24569.0,7.0,11.0,17495.0,26834,2023,2022-23,https://ope.ed.gov/athletics/#/datafile/list,0.0,9456.5,1023360.0,556069.0
130493,Southern Connecticut State University,CT,NCAA Division II with football,"Public, 4-year or above",990808.0,990808.0,104.0,1206.0,125416.0,1.0,16.0,10806070,10806070,131511.0,24791.0,6.0,20.0,14519.0,37118,2023,2022-23,https://ope.ed.gov/athletics/#/datafile/list,0.0,9527.0,865392.0,1284886.0
149222,Southern Illinois University-Carbondale,IL,NCAA Division I-FCS,"Public, 4-year or above",4747403.0,4747403.0,105.0,8947.0,939449.0,1.0,12.0,23715044,23715044,194218.0,56460.0,6.0,27.0,257401.0,404660,2023,2022-23,https://ope.ed.gov/athletics/#/datafile/list,0.0,45213.36190476191,3807954.0,2689728.0
228246,Southern Methodist University,TX,NCAA Division I-FBS,"Private nonprofit, 4-year or above",30108796.0,30108796.0,128.0,41063.0,5256037.0,1.0,10.0,86044162,86044162,893271.0,205911.0,7.0,18.0,1549865.0,1887805,2023,2022-23,https://ope.ed.gov/athletics/#/datafile/list,0.0,235224.96875,24852759.0,9959295.0
206862,Southern Nazarene University,OK,NCAA Division II with football,"Private nonprofit, 4-year or above",1659721.0,1632728.0,138.0,1313.0,181224.0,1.0,7.0,9924158,7192450,40933.0,16255.0,7.0,19.0,31746.0,56979,2023,2022-23,https://ope.ed.gov/athletics/#/datafile/list,26993.0,11831.36231884058,1451504.0,595376.0
210146,Southern Oregon University,OR,NAIA Division II,"Public, 4-year or above",992228.0,992228.0,89.0,3600.0,320420.0,1.0,16.0,6477302,6477302,45261.0,10065.0,8.0,30.0,27034.0,45694,2023,2022-23,https://ope.ed.gov/athletics/#/datafile/list,0.0,11148.629213483146,671808.0,664038.0
160621,Southern University and A & M College,LA,NCAA Division I-FCS,"Public, 4-year or above",3825493.0,3243064.0,104.0,8082.0,840546.0,1.0,10.0,13435629,13435629,100100.0,51871.0,5.0,17.0,41540.0,67699,2023,2022-23,https://ope.ed.gov/athletics/#/datafile/list,582429.0,31183.30769230769,2402518.0,1382307.0
230603,Southern Utah University,UT,NCAA Division I-FCS,"Public, 4-year or above",5113159.0,3977625.0,110.0,8295.0,912492.0,1.0,9.0,16543527,16543527,143689.0,38930.0,4.0,20.0,157980.0,276462,2023,2022-23,https://ope.ed.gov/athletics/#/datafile/list,1135534.0,36160.22727272727,3065133.0,1353356.0
233611,Southern Virginia University,VA,NCAA Division III with football,"Private nonprofit, 4-year or above",743861.0,743861.0,86.0,2637.0,226788.0,1.0,9.0,5578635,5578635,59336.0,15841.0,12.0,29.0,34419.0,60321,2023,2022-23,https://ope.ed.gov/athletics/#/datafile/list,0.0,8649.546511627907,517073.0,1171421.0
179326,Southwest Baptist University,MO,NCAA Division II with football,"Private nonprofit, 4-year or above",1888050.0,1888050.0,117.0,2276.0,266253.0,1.0,4.0,6569603,6569603,35312.0,35423.0,8.0,8.0,107444.0,174198,2023,2022-23,https://ope.ed.gov/athletics/#/datafile/list,0.0,16137.179487179486,1621797.0,565880.0
175078,Southwest Minnesota State University,MN,NCAA Division II with football,"Public, 4-year or above",976615.0,976615.0,93.0,1811.0,168406.0,1.0,7.0,5820626,5820626,69769.0,18668.0,5.0,15.0,25338.0,61074,2023,2022-23,https://ope.ed.gov/athletics/#/datafile/list,0.0,10501.236559139785,808209.0,628865.0
176354,Southwest Mississippi Community College,MS,NJCAA Division I,"Public, 2-year",777371.0,777371.0,72.0,1439.0,103633.0,1.0,7.0,3064223,3064223,66658.0,38594.0,6.0,8.0,72755.0,111300,2023,2022-23,https://ope.ed.gov/athletics/#/datafile/list,0.0,10796.819444444443,673738.0,708700.0
228325,Southwestern Assemblies of God University,TX,NAIA Division I,"Private nonprofit, 4-year or above",1111897.0,1105888.0,132.0,1256.0,165785.0,1.0,9.0,4289405,4184797,48618.0,12622.0,5.0,21.0,13052.0,19719,2023,2022-23,https://ope.ed.gov/athletics/#/datafile/list,6009.0,8377.939393939394,940103.0,508152.0
123800,Southwestern College,CA,CCCAA,"Public, 2-year",180505.0,180256.0,116.0,492.0,57072.0,1.0,8.0,1112198,1057411,23498.0,6623.0,8.0,15.0,0.0,0,2023,2022-23,https://ope.ed.gov/athletics/#/datafile/list,249.0,1553.9310344827586,123184.0,287329.0
155900,Southwestern College,KS,NAIA Division II,"Private nonprofit, 4-year or above",1697883.0,1697883.0,142.0,984.0,139666.0,1.0,9.0,6912856,6909709,36773.0,11109.0,7.0,18.0,15077.0,21087,2023,2022-23,https://ope.ed.gov/athletics/#/datafile/list,0.0,11956.922535211268,1558217.0,457373.0
207865,Southwestern Oklahoma State University,OK,NCAA Division II with football,"Public, 4-year or above",1374580.0,1374580.0,130.0,1520.0,197634.0,1.0,10.0,5664374,5664374,57802.0,17528.0,5.0,17.0,67380.0,94196,2023,2022-23,https://ope.ed.gov/athletics/#/datafile/list,0.0,10573.692307692309,1176946.0,586986.0
228343,Southwestern University,TX,NCAA Division III with football,"Private nonprofit, 4-year or above",891156.0,864562.0,109.0,2594.0,282711.0,1.0,12.0,6018102,5530600,43603.0,19421.0,10.0,25.0,72883.0,92186,2023,2022-23,https://ope.ed.gov/athletics/#/datafile/list,26594.0,7931.761467889908,581851.0,921555.0
167899,Springfield College,MA,NCAA Division III with football,"Private nonprofit, 4-year or above",1050625.0,1050625.0,123.0,1953.0,240241.0,1.0,12.0,6512118,6512118,44413.0,24248.0,14.0,11.0,186365.0,236289,2023,2022-23,https://ope.ed.gov/athletics/#/datafile/list,0.0,8541.666666666666,810384.0,888510.0
195216,St Lawrence University,NY,NCAA Division III with football,"Private nonprofit, 4-year or above",642205.0,642205.0,100.0,1540.0,153979.0,1.0,7.0,11749467,11749467,48302.0,18790.0,15.0,25.0,178843.0,293993,2023,2022-23,https://ope.ed.gov/athletics/#/datafile/list,0.0,6422.05,488226.0,1194280.0
174844,St Olaf College,MN,NCAA Division III with football,"Private nonprofit, 4-year or above",815038.0,564819.0,82.0,1352.0,110851.0,1.0,9.0,5887499,4703833,39728.0,9417.0,13.0,39.0,47660.0,61720,2023,2022-23,https://ope.ed.gov/athletics/#/datafile/list,250219.0,6888.036585365854,453968.0,883727.0
199698,St. Andrews University,NC,NAIA Division II,"Private nonprofit, 4-year or above",1317763.0,1309797.0,71.0,1366.0,96988.0,1.0,5.0,8437162,8336052,35844.0,23846.0,9.0,13.0,9677.0,12517,2023,2022-23,https://ope.ed.gov/athletics/#/datafile/list,7966.0,18447.845070422536,1212809.0,632594.0
195720,St. John Fisher University,NY,NCAA Division III with football,"Private nonprofit, 4-year or above",597593.0,587834.0,149.0,1048.0,156141.0,1.0,10.0,5990363,5420961,41601.0,8041.0,12.0,48.0,94004.0,139770,2023,2022-23,https://ope.ed.gov/athletics/#/datafile/list,9759.0,3945.1946308724832,431693.0,885180.0
137476,St. Thomas University,FL,NAIA Division I,"Private nonprofit, 4-year or above",2035092.0,1977928.0,104.0,5897.0,613326.0,1.0,13.0,10718703,10681465,41679.0,24704.0,10.0,27.0,70094.0,88572,2023,2022-23,https://ope.ed.gov/athletics/#/datafile/list,57164.0,19018.53846153846,1364602.0,1083798.0
243744,Stanford University,CA,NCAA Division I-FBS,"Private nonprofit, 4-year or above",39744870.0,32984444.0,111.0,51419.0,5707476.0,1.0,10.0,179645688,179645688,741136.0,220701.0,15.0,35.0,1853770.0,2664120,2023,2022-23,https://ope.ed.gov/athletics/#/datafile/list,6760426.0,297157.15315315314,27276968.0,18841575.0
228431,Stephen F Austin State University,TX,NCAA Division I-FCS,"Public, 4-year or above",5973804.0,5973804.0,97.0,9168.0,889289.0,1.0,10.0,24962955,24962955,152955.0,83693.0,6.0,18.0,547959.0,659810,2023,2022-23,https://ope.ed.gov/athletics/#/datafile/list,0.0,61585.60824742268,5084515.0,2424204.0
155937,Sterling College,KS,NAIA Division II,"Private nonprofit, 4-year or above",1303961.0,1287005.0,132.0,538.0,70957.0,1.0,8.0,4872945,4708463,32082.0,14591.0,8.0,15.0,17117.0,29988,2023,2022-23,https://ope.ed.gov/athletics/#/datafile/list,16956.0,9750.037878787878,1216048.0,475521.0
137546,Stetson University,FL,NCAA Division I-FCS,"Private nonprofit, 4-year or above",2167662.0,2167662.0,111.0,7307.0,811031.0,1.0,8.0,24128723,24128723,109575.0,43463.0,8.0,17.0,291384.0,499986,2023,2022-23,https://ope.ed.gov/athletics/#/datafile/list,0.0,19528.486486486487,1356631.0,1615471.0
164173,Stevenson University,MD,NCAA Division III with football,"Private nonprofit, 4-year or above",627682.0,627682.0,135.0,1604.0,216542.0,1.0,8.0,7034698,7034698,40970.0,15667.0,14.0,30.0,112567.0,177425,2023,2022-23,https://ope.ed.gov/athletics/#/datafile/list,0.0,4649.496296296296,411140.0,1043590.0
167996,Stonehill College,MA,NCAA Division I-FCS,"Private nonprofit, 4-year or above",1795297.0,1795297.0,120.0,1650.0,198019.0,1.0,11.0,12196426,12196426,64228.0,25599.0,8.0,20.0,168458.0,307566,2023,2022-23,https://ope.ed.gov/athletics/#/datafile/list,0.0,14960.808333333332,1597278.0,1025804.0
196097,Stony Brook University,NY,NCAA Division I-FCS,"Public, 4-year or above",7392058.0,7392058.0,117.0,6697.0,783594.0,1.0,12.0,36810655,36810655,246235.0,80602.0,6.0,22.0,312560.0,433991,2023,2022-23,https://ope.ed.gov/athletics/#/datafile/list,0.0,63179.982905982906,6608464.0,3250654.0
228501,Sul Ross State University,TX,NCAA Division III with football,"Public, 4-year or above",390416.0,536009.0,124.0,857.0,106238.0,1.0,5.0,2193613,2120420,38531.0,23864.0,6.0,7.0,74028.0,144102,2023,2022-23,https://ope.ed.gov/athletics/#/datafile/list,-145593.0,4322.653225806452,429771.0,398234.0
216278,Susquehanna University,PA,NCAA Division III with football,"Private nonprofit, 4-year or above",551112.0,551112.0,99.0,1334.0,132048.0,1.0,8.0,5477096,5477096,51662.0,14776.0,11.0,32.0,45188.0,73216,2023,2022-23,https://ope.ed.gov/athletics/#/datafile/list,0.0,5566.787878787879,419064.0,1041114.0
247603,Sussex County Community College,NJ,NJCAA Division III,"Public, 2-year",237847.0,237847.0,79.0,1181.0,93317.0,1.0,6.0,1014806,1014806,8109.0,3721.0,5.0,10.0,1006.0,1006,2023,2022-23,https://ope.ed.gov/athletics/#/datafile/list,0.0,3010.721518987342,144530.0,77755.0
196413,Syracuse University,NY,NCAA Division I-FBS,"Private nonprofit, 4-year or above",57671322.0,26793837.0,110.0,36186.0,3980469.0,1.0,10.0,113510249,94193664,1565448.0,285589.0,6.0,22.0,1094057.0,1574460,2023,2022-23,https://ope.ed.gov/athletics/#/datafile/list,30877485.0,243580.33636363636,22813368.0,15675646.0
155973,Tabor College,KS,NAIA Division II,"Private nonprofit, 4-year or above",1232021.0,1232021.0,96.0,1048.0,100614.0,1.0,1.0,7906649,7906649,48764.0,26179.0,9.0,8.0,21514.0,40908,2023,2022-23,https://ope.ed.gov/athletics/#/datafile/list,0.0,12833.552083333334,1131407.0,648308.0
228529,Tarleton State University,TX,NCAA Division I-FCS,"Public, 4-year or above",5829872.0,5267307.0,149.0,7798.0,1161969.0,1.0,16.0,22035629,21124971,139153.0,57095.0,5.0,25.0,279417.0,427735,2023,2022-23,https://ope.ed.gov/athletics/#/datafile/list,562565.0,35351.05369127517,4105338.0,2123140.0
152530,Taylor University,IN,NAIA Division I,"Private nonprofit, 4-year or above",1400542.0,1379699.0,94.0,1688.0,158690.0,1.0,7.0,6994455,6575658,36590.0,11236.0,8.0,18.0,33410.0,43903,2023,2022-23,https://ope.ed.gov/athletics/#/datafile/list,20843.0,14677.648936170212,1221009.0,494968.0
216339,Temple University,PA,NCAA Division I-FBS,"Public, 4-year or above",24903896.0,24903896.0,110.0,40551.0,4460557.0,1.0,14.0,68819131,68819131,447377.0,181208.0,7.0,22.0,756589.0,1049508,2023,2022-23,https://ope.ed.gov/athletics/#/datafile/list,0.0,226399.05454545456,20443339.0,7118215.0
221838,Tennessee State University,TN,NCAA Division I-FCS,"Public, 4-year or above",7056183.0,7056183.0,101.0,13815.0,1395270.0,1.0,10.0,18552022,18552022,204053.0,143206.0,5.0,17.0,97913.0,136252,2023,2022-23,https://ope.ed.gov/athletics/#/datafile/list,0.0,69863.19801980197,5660913.0,3454767.0
221847,Tennessee Technological University,TN,NCAA Division I-FCS,"Public, 4-year or above",3992652.0,3992652.0,106.0,6351.0,673157.0,1.0,12.0,16474801,16474801,138123.0,56125.0,6.0,18.0,222135.0,294840,2023,2022-23,https://ope.ed.gov/athletics/#/datafile/list,0.0,37666.52830188679,3319495.0,1838988.0
228723,Texas A & M University-College Station,TX,NCAA Division I-FBS,"Public, 4-year or above",91305695.0,53994536.0,149.0,55970.0,8339517.0,1.0,14.0,194254820,174723140,2590657.0,512483.0,7.0,24.0,5216332.0,6344866,2023,2022-23,https://ope.ed.gov/athletics/#/datafile/list,37311159.0,362379.43624161073,45655019.0,30434191.0
224554,Texas A & M University-Commerce,TX,NCAA Division I-FCS,"Public, 4-year or above",4221640.0,4208935.0,89.0,6503.0,578763.0,1.0,10.0,15568324,15344594,112945.0,43788.0,4.0,16.0,203718.0,278510,2023,2022-23,https://ope.ed.gov/athletics/#/datafile/list,12705.0,47291.40449438202,3630172.0,1152388.0
228705,Texas A & M University-Kingsville,TX,NCAA Division II with football,"Public, 4-year or above",1486117.0,1932733.0,114.0,6681.0,761614.0,1.0,7.0,9054590,9054590,97388.0,45389.0,4.0,11.0,77998.0,108555,2023,2022-23,https://ope.ed.gov/athletics/#/datafile/list,-446616.0,16953.798245614034,1171119.0,888831.0
228875,Texas Christian University,TX,NCAA Division I-FBS,"Private nonprofit, 4-year or above",77147052.0,62343631.0,158.0,89862.0,14198133.0,1.0,14.0,149297918,149297918,1707283.0,285225.0,7.0,29.0,1347529.0,1887321,2023,2022-23,https://ope.ed.gov/athletics/#/datafile/list,14803421.0,394579.9430379747,48145498.0,20222506.0
228884,Texas College,TX,NAIA Division I,"Private nonprofit, 4-year or above",339826.0,339826.0,75.0,2672.0,200364.0,1.0,4.0,1525070,1525070,29500.0,11250.0,4.0,4.0,0.0,0,2023,2022-23,https://ope.ed.gov/athletics/#/datafile/list,0.0,4531.013333333333,139462.0,163000.0
228981,Texas Lutheran University,TX,NCAA Division III with football,"Private nonprofit, 4-year or above",691034.0,649764.0,127.0,990.0,125688.0,1.0,9.0,3904195,3858112,57758.0,42982.0,8.0,17.0,22850.0,26096,2023,2022-23,https://ope.ed.gov/athletics/#/datafile/list,41270.0,5116.251968503937,524076.0,1192758.0
229063,Texas Southern University,TX,NCAA Division I-FCS,"Public, 4-year or above",3994926.0,4112071.0,114.0,2061.0,235000.0,1.0,7.0,13916643,12832306,166163.0,73583.0,6.0,17.0,56592.0,86623,2023,2022-23,https://ope.ed.gov/athletics/#/datafile/list,-117145.0,36070.79824561404,3877071.0,2247889.0
228459,Texas State University,TX,NCAA Division I-FBS,"Public, 4-year or above",13005512.0,13005512.0,120.0,21702.0,2604212.0,1.0,10.0,42700888,42700888,318445.0,108422.0,5.0,20.0,678616.0,887360,2023,2022-23,https://ope.ed.gov/athletics/#/datafile/list,0.0,108379.26666666666,10401300.0,3760665.0
229115,Texas Tech University,TX,NCAA Division I-FBS,"Public, 4-year or above",66023274.0,30110723.0,124.0,51572.0,6394896.0,1.0,14.0,123551688,113108592,1486184.0,318276.0,6.0,22.0,1840108.0,2620631,2023,2022-23,https://ope.ed.gov/athletics/#/datafile/list,35912551.0,242828.41129032255,23715827.0,15919176.0
229160,Texas Wesleyan University,TX,NAIA Division I,"Private nonprofit, 4-year or above",1595980.0,1526175.0,153.0,2667.0,408076.0,1.0,7.0,7777401,7465546,48064.0,28506.0,8.0,15.0,24926.0,33320,2023,2022-23,https://ope.ed.gov/athletics/#/datafile/list,69805.0,9975.0,1118099.0,812102.0
216296,Thaddeus Stevens College of Technology,PA,NJCAA Division III,"Public, 2-year",111864.0,113423.0,81.0,940.0,76141.0,1.0,11.0,255342,243498,4643.0,4546.0,5.0,8.0,0.0,0,2023,2022-23,https://ope.ed.gov/athletics/#/datafile/list,-1559.0,1400.283950617284,37282.0,59583.0
131283,The Catholic University of America,DC,NCAA Division III with football,"Private nonprofit, 4-year or above",568698.0,512173.0,128.0,1410.0,180447.0,1.0,12.0,5718428,5441825,54222.0,8224.0,10.0,37.0,55821.0,108395,2023,2022-23,https://ope.ed.gov/athletics/#/datafile/list,56525.0,4001.3515625,331726.0,846508.0
142294,The College of Idaho,ID,NAIA Division II,"Private nonprofit, 4-year or above",1821866.0,1821866.0,126.0,2759.0,347615.0,1.0,15.0,6681121,6681121,39983.0,12670.0,8.0,23.0,30338.0,43911,2023,2022-23,https://ope.ed.gov/athletics/#/datafile/list,0.0,14459.253968253968,1474251.0,611274.0
187134,The College of New Jersey,NJ,NCAA Division III with football,"Public, 4-year or above",566598.0,566598.0,97.0,1035.0,100370.0,1.0,8.0,4919134,4919134,76861.0,12437.0,8.0,31.0,28300.0,48200,2023,2022-23,https://ope.ed.gov/athletics/#/datafile/list,0.0,5841.216494845361,466228.0,1000435.0
174899,The College of Saint Scholastica,MN,NCAA Division III with football,"Private nonprofit, 4-year or above",511198.0,549576.0,71.0,1011.0,71761.0,1.0,5.0,5131330,4455866,39709.0,13961.0,11.0,27.0,35363.0,59997,2023,2022-23,https://ope.ed.gov/athletics/#/datafile/list,-38378.0,7740.507042253521,477815.0,813746.0
206589,The College of Wooster,OH,NCAA Division III with football,"Private nonprofit, 4-year or above",498150.0,484433.0,94.0,1021.0,96002.0,1.0,8.0,4557396,4280210,55277.0,26064.0,9.0,15.0,36504.0,67044,2023,2022-23,https://ope.ed.gov/athletics/#/datafile/list,13717.0,5153.54255319149,388431.0,888453.0
100751,The University of Alabama,AL,NCAA Division I-FBS,"Public, 4-year or above",125753240.0,79785470.0,135.0,93475.0,12619106.0,1.0,10.0,191190486,191190486,2389477.0,470965.0,7.0,27.0,3519340.0,4008852,2023,2022-23,https://ope.ed.gov/athletics/#/datafile/list,45967770.0,591003.4814814815,67166364.0,29442394.0
202763,The University of Findlay,OH,NCAA Division II with football,"Private nonprofit, 4-year or above",2264755.0,2296617.0,146.0,951.0,138898.0,1.0,9.0,12445924,12444464,55877.0,13956.0,10.0,25.0,33732.0,47518,2023,2022-23,https://ope.ed.gov/athletics/#/datafile/list,-31862.0,15730.253424657534,2157719.0,907670.0
180489,The University of Montana,MT,NCAA Division I-FCS,"Public, 4-year or above",9340988.0,7000083.0,114.0,5713.0,651332.0,1.0,9.0,24897723,23951594,265052.0,93572.0,4.0,17.0,263380.0,433659,2023,2022-23,https://ope.ed.gov/athletics/#/datafile/list,2340905.0,61404.23684210526,6348751.0,2650932.0
180692,The University of Montana-Western,MT,NAIA Division I,"Public, 4-year or above",1123061.0,719506.0,105.0,1682.0,176646.0,1.0,6.0,3089288,3048566,37639.0,21656.0,4.0,7.0,61640.0,89509,2023,2022-23,https://ope.ed.gov/athletics/#/datafile/list,403555.0,6852.438095238095,542860.0,302148.0
221740,The University of Tennessee-Chattanooga,TN,NCAA Division I-FCS,"Public, 4-year or above",5507708.0,5507708.0,68.0,13730.0,933627.0,1.0,10.0,22033838,22033838,152070.0,69375.0,6.0,18.0,331756.0,483263,2023,2022-23,https://ope.ed.gov/athletics/#/datafile/list,0.0,80995.70588235294,4574081.0,2161170.0
221759,The University of Tennessee-Knoxville,TN,NCAA Division I-FBS,"Public, 4-year or above",137093561.0,49565802.0,127.0,46364.0,5888228.0,1.0,10.0,191271254,180206473,2234868.0,325818.0,7.0,29.0,2809808.0,3611785,2023,2022-23,https://ope.ed.gov/athletics/#/datafile/list,87527759.0,390281.905511811,43677574.0,25092798.0
221768,The University of Tennessee-Martin,TN,NCAA Division I-FCS,"Public, 4-year or above",3883385.0,3843500.0,142.0,5510.0,782475.0,1.0,8.0,15151104,15151104,100110.0,38810.0,6.0,17.0,187611.0,270509,2023,2022-23,https://ope.ed.gov/athletics/#/datafile/list,39885.0,27066.901408450703,3061025.0,1260430.0
229018,The University of Texas Permian Basin,TX,NWAC,"Public, 4-year or above",1877928.0,2371626.0,123.0,4921.0,605286.0,1.0,9.0,11178706,11178706,59156.0,37615.0,8.0,17.0,118308.0,153504,2023,2022-23,https://ope.ed.gov/athletics/#/datafile/list,-493698.0,19281.51219512195,1766340.0,1112703.0
228778,The University of Texas at Austin,TX,NCAA Division I-FBS,"Public, 4-year or above",180647352.0,58732174.0,123.0,33182.0,4081347.0,1.0,10.0,261353404,199292967,1667557.0,463976.0,7.0,26.0,3577797.0,4474954,2023,2022-23,https://ope.ed.gov/athletics/#/datafile/list,121915178.0,477497.3495934959,54650827.0,23736275.0
228796,The University of Texas at El Paso,TX,NCAA Division I-FBS,"Public, 4-year or above",11916486.0,9709267.0,153.0,10257.0,1569383.0,1.0,14.0,30697874,30671998,428771.0,120376.0,5.0,17.0,405270.0,590368,2023,2022-23,https://ope.ed.gov/athletics/#/datafile/list,2207219.0,63459.2614379085,8139884.0,4190247.0
229027,The University of Texas at San Antonio,TX,NCAA Division I-FBS,"Public, 4-year or above",16731564.0,16731564.0,117.0,33457.0,3914489.0,1.0,14.0,44777300,44777300,252477.0,143293.0,6.0,21.0,657379.0,870729,2023,2022-23,https://ope.ed.gov/athletics/#/datafile/list,0.0,143004.8205128205,12817075.0,4524015.0
138354,The University of West Florida,FL,NCAA Division II with football,"Public, 4-year or above",2596285.0,2248658.0,118.0,3306.0,390106.0,1.0,13.0,11615884,11494056,82394.0,28167.0,7.0,22.0,53718.0,92964,2023,2022-23,https://ope.ed.gov/athletics/#/datafile/list,347627.0,19056.42372881356,1858552.0,1196432.0
221519,The University of the South,TN,NCAA Division III with football,"Private nonprofit, 4-year or above",923189.0,895834.0,69.0,4821.0,332633.0,1.0,5.0,5955468,4717208,63928.0,36378.0,11.0,14.0,27947.0,44290,2023,2022-23,https://ope.ed.gov/athletics/#/datafile/list,27355.0,12983.101449275362,563201.0,1212500.0
216357,Thiel College,PA,NCAA Division III with football,"Private nonprofit, 4-year or above",497671.0,497669.0,84.0,355.0,29824.0,1.0,8.0,2801780,2801780,43582.0,15139.0,11.0,15.0,25697.0,44038,2023,2022-23,https://ope.ed.gov/athletics/#/datafile/list,2.0,5924.630952380952,467845.0,706487.0
157809,Thomas More University,KY,Other,"Private nonprofit, 4-year or above",1703408.0,1604125.0,152.0,769.0,116908.0,1.0,8.0,7223883,6468865,28267.0,12892.0,13.0,24.0,24094.0,35558,2023,2022-23,https://ope.ed.gov/athletics/#/datafile/list,99283.0,10553.453947368422,1487217.0,676879.0
206048,Tiffin University,OH,NCAA Division II with football,"Private nonprofit, 4-year or above",2236265.0,2236265.0,149.0,1680.0,250394.0,1.0,10.0,11323938,11323938,50153.0,23522.0,8.0,27.0,68753.0,111344,2023,2022-23,https://ope.ed.gov/athletics/#/datafile/list,0.0,15008.489932885906,1985871.0,1036318.0
164076,Towson University,MD,NCAA Division I-FCS,"Public, 4-year or above",5317241.0,5317241.0,107.0,6723.0,719338.0,1.0,10.0,27643056,27643056,236144.0,86459.0,6.0,19.0,234211.0,370293,2023,2022-23,https://ope.ed.gov/athletics/#/datafile/list,0.0,49693.84112149533,4597903.0,3059585.0
152567,Trine University,IN,NCAA Division III with football,"Private nonprofit, 4-year or above",851541.0,836925.0,206.0,1229.0,253102.0,1.0,10.0,5819841,5608909,45928.0,16497.0,13.0,31.0,89525.0,126708,2023,2022-23,https://ope.ed.gov/athletics/#/datafile/list,14616.0,4062.742718446602,583823.0,1108471.0
130590,Trinity College,CT,NCAA Division III with football,"Private nonprofit, 4-year or above",1020517.0,977315.0,101.0,1372.0,138571.0,1.0,9.0,9961704,9632640,61415.0,22374.0,15.0,42.0,36158.0,82496,2023,2022-23,https://ope.ed.gov/athletics/#/datafile/list,43202.0,9676.38613861386,838744.0,1860933.0
229267,Trinity University,TX,NCAA Division III with football,"Private nonprofit, 4-year or above",1207518.0,1090032.0,91.0,4185.0,380846.0,1.0,11.0,6907991,6808812,72218.0,22775.0,10.0,22.0,0.0,0,2023,2022-23,https://ope.ed.gov/athletics/#/datafile/list,117486.0,11978.373626373626,709186.0,1223230.0
225308,Trinity Valley Community College,TX,NJCAA Division I,"Public, 2-year",1234123.0,1234123.0,79.0,2131.0,168352.0,1.0,6.0,5713197,5713197,40645.0,43576.0,4.0,9.0,46361.0,96335,2023,2022-23,https://ope.ed.gov/athletics/#/datafile/list,0.0,15621.81012658228,1065771.0,554764.0
102368,Troy University,AL,NCAA Division I-FBS,"Public, 4-year or above",10403186.0,8719986.0,126.0,7250.0,913519.0,1.0,14.0,28800917,28800917,375190.0,155701.0,6.0,24.0,376336.0,524621,2023,2022-23,https://ope.ed.gov/athletics/#/datafile/list,1683200.0,69206.23809523809,7806467.0,5987964.0
178615,Truman State University,MO,NCAA Division II with football,"Public, 4-year or above",1440465.0,1440465.0,101.0,2025.0,204552.0,1.0,6.0,5710971,5710971,49267.0,32590.0,7.0,9.0,33674.0,58970,2023,2022-23,https://ope.ed.gov/athletics/#/datafile/list,0.0,14262.029702970298,1235913.0,638179.0
168148,Tufts University,MA,NCAA Division III with football,"Private nonprofit, 4-year or above",1324822.0,1165218.0,101.0,2726.0,275283.0,1.0,8.0,12027546,12027546,86847.0,23365.0,12.0,36.0,72575.0,114662,2023,2022-23,https://ope.ed.gov/athletics/#/datafile/list,159604.0,11536.81188118812,889935.0,1883304.0
160755,Tulane University of Louisiana,LA,NCAA Division I-FBS,"Private nonprofit, 4-year or above",8017719.0,11293619.0,132.0,12227.0,1613916.0,1.0,10.0,43392842,43392842,1008674.0,187528.0,5.0,19.0,761963.0,1029157,2023,2022-23,https://ope.ed.gov/athletics/#/datafile/list,-3275900.0,85557.7196969697,9679703.0,8606402.0
221953,Tusculum University,TN,NCAA Division II with football,"Private nonprofit, 4-year or above",1617369.0,1609655.0,157.0,1122.0,176168.0,1.0,7.0,8874224,8743198,38056.0,18978.0,11.0,18.0,66584.0,83811,2023,2022-23,https://ope.ed.gov/athletics/#/datafile/list,7714.0,10252.579617834395,1433487.0,760220.0
102377,Tuskegee University,AL,NCAA Division II with football,"Private nonprofit, 4-year or above",2947327.0,2589899.0,121.0,2344.0,283645.0,1.0,11.0,5699707,5598526,74576.0,48220.0,6.0,13.0,80555.0,96232,2023,2022-23,https://ope.ed.gov/athletics/#/datafile/list,357428.0,21404.12396694215,2306254.0,1074316.0
229355,Tyler Junior College,TX,NJCAA Division I,"Public, 2-year",949523.0,949523.0,73.0,1311.0,95715.0,1.0,5.0,4959774,4959774,38974.0,16326.0,6.0,11.0,25617.0,55594,2023,2022-23,https://ope.ed.gov/athletics/#/datafile/list,0.0,13007.164383561643,853808.0,413430.0
196866,Union College,NY,NCAA Division III with football,"Private nonprofit, 4-year or above",695940.0,694785.0,100.0,1791.0,179075.0,1.0,7.0,8904525,8686770,81793.0,23106.0,10.0,24.0,128842.0,250692,2023,2022-23,https://ope.ed.gov/athletics/#/datafile/list,1155.0,6947.85,515710.0,1372474.0
157863,Union College,KY,NAIA Division II,"Private nonprofit, 4-year or above",1487074.0,1487074.0,84.0,1605.0,134812.0,1.0,6.0,7846228,7846228,27900.0,12000.0,10.0,19.0,20000.0,40000,2023,2022-23,https://ope.ed.gov/athletics/#/datafile/list,0.0,17703.261904761905,1352262.0,507000.0
197027,United States Merchant Marine Academy,NY,NCAA Division III with football,"Public, 4-year or above",545310.0,499125.0,98.0,1888.0,185013.0,1.0,7.0,6421314,5155567,38941.0,25622.0,11.0,15.0,64588.0,72947,2023,2022-23,https://ope.ed.gov/athletics/#/datafile/list,46185.0,5093.1122448979595,314112.0,812681.0
196088,University at Buffalo,NY,NCAA Division I-FBS,"Public, 4-year or above",10170639.0,10170639.0,112.0,18290.0,2048530.0,1.0,14.0,30478190,30478190,359311.0,81233.0,5.0,21.0,626878.0,803322,2023,2022-23,https://ope.ed.gov/athletics/#/datafile/list,0.0,90809.27678571428,8122109.0,3502448.0
200800,University of Akron Main Campus,OH,NCAA Division I-FBS,"Public, 4-year or above",7943901.0,7943901.0,113.0,17064.0,1928264.0,1.0,21.0,28265821,28265821,324005.0,76246.0,5.0,21.0,424267.0,530919,2023,2022-23,https://ope.ed.gov/athletics/#/datafile/list,0.0,70300.00884955752,6015637.0,3221191.0
100663,University of Alabama at Birmingham,AL,NCAA Division I-FBS,"Public, 4-year or above",16201881.0,15268693.0,132.0,19508.0,2575076.0,1.0,10.0,42530724,42207368,457860.0,134065.0,6.0,19.0,621937.0,863924,2023,2022-23,https://ope.ed.gov/athletics/#/datafile/list,933188.0,115671.91666666669,12693617.0,5294395.0
104179,University of Arizona,AZ,NCAA Division I-FBS,"Public, 4-year or above",49306807.0,37573337.0,112.0,57924.0,6487472.0,1.0,15.0,138761638,136866623,1661701.0,343601.0,9.0,24.0,2342332.0,3125343,2023,2022-23,https://ope.ed.gov/athletics/#/datafile/list,11733470.0,335476.22321428574,31085865.0,23201733.0
106397,University of Arkansas,AR,NCAA Division I-FBS,"Public, 4-year or above",84953336.0,53940683.0,135.0,69442.0,9374605.0,1.0,14.0,170990473,170990473,2027023.0,463463.0,6.0,19.0,2516628.0,3166132,2023,2022-23,https://ope.ed.gov/athletics/#/datafile/list,31012653.0,399560.6148148148,44566078.0,20967935.0
106485,University of Arkansas at Monticello,AR,NCAA Division II with football,"Public, 4-year or above",1154230.0,1154230.0,107.0,166.0,17740.0,1.0,5.0,4190513,4190513,59301.0,37069.0,4.0,7.0,10855.0,13908,2023,2022-23,https://ope.ed.gov/athletics/#/datafile/list,0.0,10787.196261682244,1136490.0,496687.0
106412,University of Arkansas at Pine Bluff,AR,NCAA Division I-FCS,"Public, 4-year or above",2408003.0,2408003.0,92.0,4093.0,376565.0,1.0,7.0,8954338,8954338,96325.0,47683.0,5.0,14.0,26313.0,34175,2023,2022-23,https://ope.ed.gov/athletics/#/datafile/list,0.0,26173.945652173912,2031438.0,1149187.0
110635,University of California-Berkeley,CA,NCAA Division I-FBS,"Public, 4-year or above",37960056.0,37967280.0,116.0,67923.0,7879056.0,1.0,10.0,134872865,134872865,694384.0,217183.0,13.0,31.0,2018668.0,2922077,2023,2022-23,https://ope.ed.gov/athletics/#/datafile/list,-7224.0,327304.1379310345,30088224.0,15759665.0
110644,University of California-Davis,CA,NCAA Division I-FCS,"Public, 4-year or above",6308452.0,6308452.0,107.0,11615.0,1242755.0,1.0,12.0,40571193,40571193,153820.0,54624.0,9.0,25.0,280245.0,465432,2023,2022-23,https://ope.ed.gov/athletics/#/datafile/list,0.0,58957.495327102806,5065697.0,2749980.0
110662,University of California-Los Angeles,CA,NCAA Division I-FBS,"Public, 4-year or above",48028342.0,44181568.0,140.0,44795.0,6271251.0,1.0,10.0,141964728,141964728,1380530.0,281504.0,9.0,28.0,1432821.0,2086374,2023,2022-23,https://ope.ed.gov/athletics/#/datafile/list,3846774.0,315582.6285714286,37910317.0,20306882.0
106704,University of Central Arkansas,AR,NCAA Division I-FCS,"Public, 4-year or above",3871999.0,3871999.0,130.0,5206.0,676728.0,1.0,10.0,15186832,15186832,98319.0,38965.0,6.0,22.0,209954.0,356868,2023,2022-23,https://ope.ed.gov/athletics/#/datafile/list,0.0,29784.60769230769,3195271.0,1447144.0
132903,University of Central Florida,FL,NCAA Division I-FBS,"Public, 4-year or above",30098692.0,30098692.0,121.0,35493.0,4294692.0,1.0,10.0,88199644,88199644,857826.0,326303.0,6.0,19.0,1174417.0,1571282,2023,2022-23,https://ope.ed.gov/athletics/#/datafile/list,0.0,248749.52066115703,25804000.0,11346713.0
176965,University of Central Missouri,MO,NCAA Division II with football,"Public, 4-year or above",2328618.0,2328618.0,142.0,2375.0,337306.0,1.0,10.0,13470955,13470955,76330.0,34728.0,8.0,15.0,155419.0,199157,2023,2022-23,https://ope.ed.gov/athletics/#/datafile/list,0.0,16398.718309859156,1991312.0,1131560.0
206941,University of Central Oklahoma,OK,NCAA Division II with football,"Public, 4-year or above",3024670.0,2269020.0,113.0,3059.0,345685.0,1.0,13.0,11520299,9916889,86350.0,58714.0,5.0,9.0,54008.0,58267,2023,2022-23,https://ope.ed.gov/athletics/#/datafile/list,755650.0,20079.82300884956,1923335.0,960176.0
237312,University of Charleston,WV,NCAA Division II with football,"Private nonprofit, 4-year or above",1826207.0,1876271.0,131.0,1180.0,154570.0,1.0,8.0,8851220,8632159,51371.0,13740.0,8.0,23.0,86033.0,111413,2023,2022-23,https://ope.ed.gov/athletics/#/datafile/list,-50064.0,14322.679389312978,1721701.0,726988.0
144050,University of Chicago,IL,NCAA Division III with football,"Private nonprofit, 4-year or above",919089.0,814979.0,89.0,1753.0,156008.0,1.0,7.0,9630489,7422914,91858.0,29906.0,8.0,20.0,77407.0,129977,2023,2022-23,https://ope.ed.gov/athletics/#/datafile/list,104110.0,9157.067415730337,658971.0,1332984.0
201885,University of Cincinnati-Main Campus,OH,NCAA Division I-FBS,"Public, 4-year or above",25124360.0,25124360.0,119.0,42464.0,5053182.0,1.0,14.0,77436016,77436016,161056.0,211713.0,6.0,25.0,1433022.0,1751874,2023,2022-23,https://ope.ed.gov/athletics/#/datafile/list,0.0,211129.0756302521,20071178.0,6259161.0
126614,University of Colorado Boulder,CO,NCAA Division I-FBS,"Public, 4-year or above",50056224.0,34988625.0,121.0,39586.0,4789957.0,1.0,10.0,136114468,136114468,2600227.0,517446.0,5.0,22.0,1209328.0,1574034,2023,2022-23,https://ope.ed.gov/athletics/#/datafile/list,15067599.0,289162.19008264464,30198668.0,24384947.0
129020,University of Connecticut,CT,NCAA Division I-FBS,"Public, 4-year or above",18931134.0,18931134.0,101.0,66237.0,6689950.0,1.0,10.0,83120168,83120168,985239.0,197828.0,7.0,23.0,984110.0,1500639,2023,2022-23,https://ope.ed.gov/athletics/#/datafile/list,0.0,187436.9702970297,12241184.0,11446717.0
202480,University of Dayton,OH,NCAA Division I-FCS,"Private nonprofit, 4-year or above",680382.0,2163392.0,117.0,6013.0,703496.0,1.0,10.0,40104753,40104753,439648.0,76187.0,7.0,17.0,371855.0,558977,2023,2022-23,https://ope.ed.gov/athletics/#/datafile/list,-1483010.0,18490.52991452991,1459896.0,4372715.0
130943,University of Delaware,DE,NCAA Division I-FCS,"Public, 4-year or above",8862647.0,8804537.0,115.0,15841.0,1821742.0,1.0,12.0,44957890,44957890,230527.0,70876.0,8.0,26.0,321269.0,592064,2023,2022-23,https://ope.ed.gov/athletics/#/datafile/list,58110.0,76561.19130434783,6982795.0,3686992.0
153278,University of Dubuque,IA,NCAA Division III with football,"Private nonprofit, 4-year or above",539412.0,536171.0,122.0,1111.0,135525.0,1.0,4.0,4337428,4056222,54840.0,19369.0,11.0,20.0,41679.0,61295,2023,2022-23,https://ope.ed.gov/athletics/#/datafile/list,3241.0,4394.8442622950815,400646.0,990620.0
134130,University of Florida,FL,NCAA Division I-FBS,"Public, 4-year or above",97227394.0,46103763.0,130.0,87899.0,11426850.0,1.0,10.0,176795879,176795879,1660651.0,357955.0,7.0,27.0,3620641.0,4563927,2023,2022-23,https://ope.ed.gov/athletics/#/datafile/list,51123631.0,354644.3307692308,34676913.0,21289342.0
457402,University of Fort Lauderdale,FL,NCCAA Division I,"Private nonprofit, 4-year or above",328189.0,283387.0,46.0,1495.0,68753.0,1.0,5.0,1837390,1818978,42004.0,16000.0,5.0,12.0,0.0,0,2023,2022-23,https://ope.ed.gov/athletics/#/datafile/list,44802.0,6160.586956521739,214634.0,402020.0
139959,University of Georgia,GA,NCAA Division I-FBS,"Public, 4-year or above",152739786.0,69069745.0,130.0,77836.0,10118732.0,1.0,10.0,210108069,176104818,2644210.0,541151.0,7.0,24.0,6327814.0,7455849,2023,2022-23,https://ope.ed.gov/athletics/#/datafile/list,83670041.0,531305.7307692308,58951013.0,31497094.0
141574,University of Hawaii at Manoa,HI,NCAA Division I-FBS,"Public, 4-year or above",13219284.0,13905794.0,123.0,30409.0,3740317.0,1.0,10.0,50588554,49418189,215500.0,116313.0,7.0,22.0,544419.0,804282,2023,2022-23,https://ope.ed.gov/athletics/#/datafile/list,-686510.0,113055.23577235772,10165477.0,4067386.0
225511,University of Houston,TX,NCAA Division I-FBS,"Public, 4-year or above",20806183.0,20806183.0,123.0,25123.0,3090155.0,1.0,10.0,84023065,84023065,1796254.0,277760.0,5.0,19.0,766046.0,1064301,2023,2022-23,https://ope.ed.gov/athletics/#/datafile/list,0.0,169155.9593495935,17716028.0,14258710.0
142285,University of Idaho,ID,NCAA Division I-FCS,"Public, 4-year or above",6528602.0,6528602.0,109.0,14899.0,1623946.0,1.0,14.0,23141397,23141397,98052.0,64875.0,5.0,16.0,311874.0,502232,2023,2022-23,https://ope.ed.gov/athletics/#/datafile/list,0.0,59895.43119266055,4904656.0,1528260.0
145637,University of Illinois Urbana-Champaign,IL,NCAA Division I-FBS,"Public, 4-year or above",70508218.0,35167388.0,116.0,60562.0,7025206.0,1.0,14.0,134767269,134767269,1445103.0,340156.0,8.0,26.0,2222158.0,2819639,2023,2022-23,https://ope.ed.gov/athletics/#/datafile/list,35340830.0,303167.1379310345,28142182.0,20404880.0
151263,University of Indianapolis,IN,NCAA Division II with football,"Private nonprofit, 4-year or above",2551305.0,2651245.0,118.0,2271.0,267980.0,1.0,9.0,17094175,17094175,55650.0,24652.0,12.0,36.0,119355.0,164041,2023,2022-23,https://ope.ed.gov/athletics/#/datafile/list,-99940.0,22468.177966101695,2383265.0,1555272.0
153658,University of Iowa,IA,NCAA Division I-FBS,"Public, 4-year or above",87365943.0,45372393.0,128.0,41910.0,5364461.0,1.0,14.0,166886577,140482011,1846180.0,349539.0,6.0,27.0,1470475.0,2240885,2023,2022-23,https://ope.ed.gov/athletics/#/datafile/list,41993550.0,354471.8203125,40007932.0,20514633.0
200156,University of Jamestown,ND,NAIA Division II,"Private nonprofit, 4-year or above",2130324.0,2130324.0,129.0,1095.0,141247.0,1.0,8.0,9980695,9980695,45824.0,20466.0,9.0,14.0,55316.0,91810,2023,2022-23,https://ope.ed.gov/athletics/#/datafile/list,0.0,16514.13953488372,1989077.0,698940.0
155317,University of Kansas,KS,NCAA Division I-FBS,"Public, 4-year or above",46369042.0,28183466.0,123.0,45099.0,5547199.0,1.0,14.0,205747275,139748616,949964.0,340705.0,5.0,21.0,1966439.0,2435112,2023,2022-23,https://ope.ed.gov/athletics/#/datafile/list,18185576.0,229133.86991869917,22636267.0,11904625.0
157085,University of Kentucky,KY,NCAA Division I-FBS,"Public, 4-year or above",41178801.0,41178801.0,116.0,38933.0,4516270.0,1.0,14.0,166423002,166220830,2266851.0,373336.0,8.0,29.0,2466190.0,3255837,2023,2022-23,https://ope.ed.gov/athletics/#/datafile/list,0.0,354989.6637931034,36662531.0,28961552.0
117140,University of La Verne,CA,NCAA Division III with football,"Private nonprofit, 4-year or above",673381.0,645636.0,109.0,1122.0,122291.0,1.0,8.0,5221666,4629233,61651.0,14921.0,9.0,23.0,0.0,0,2023,2022-23,https://ope.ed.gov/athletics/#/datafile/list,27745.0,5923.266055045871,523345.0,898042.0
160658,University of Louisiana at Lafayette,LA,NCAA Division I-FBS,"Public, 4-year or above",12908059.0,12908059.0,133.0,19504.0,2594034.0,1.0,15.0,38961026,38961026,420405.0,171490.0,6.0,21.0,473518.0,688030,2023,2022-23,https://ope.ed.gov/athletics/#/datafile/list,0.0,97053.07518796992,10314025.0,6123720.0
159993,University of Louisiana at Monroe,LA,NCAA Division I-FBS,"Public, 4-year or above",6545485.0,6545485.0,138.0,10129.0,1397771.0,1.0,10.0,18518405,18518405,168802.0,78252.0,5.0,18.0,285056.0,387769,2023,2022-23,https://ope.ed.gov/athletics/#/datafile/list,0.0,47431.05072463768,5147714.0,2252546.0
157289,University of Louisville,KY,NCAA Division I-FBS,"Public, 4-year or above",56576494.0,33215961.0,120.0,44337.0,5320462.0,1.0,10.0,155191814,152601594,1121626.0,253584.0,9.0,28.0,2650013.0,3481804,2023,2022-23,https://ope.ed.gov/athletics/#/datafile/list,23360533.0,276799.675,27895499.0,17194986.0
161253,University of Maine,ME,NCAA Division I-FCS,"Public, 4-year or above",4902886.0,4902886.0,100.0,10875.0,1087486.0,1.0,10.0,26711496,26711496,169021.0,55725.0,6.0,20.0,310510.0,431141,2023,2022-23,https://ope.ed.gov/athletics/#/datafile/list,0.0,49028.86,3815400.0,2128626.0
200217,University of Mary,ND,NCAA Division II with football,"Private nonprofit, 4-year or above",1498777.0,1498777.0,105.0,1859.0,195201.0,1.0,7.0,7953737,7953737,58819.0,20205.0,7.0,17.0,97177.0,132562,2023,2022-23,https://ope.ed.gov/athletics/#/datafile/list,0.0,14274.066666666668,1303576.0,755218.0
226471,University of Mary Hardin-Baylor,TX,NCAA Division III with football,"Private nonprofit, 4-year or above",1684558.0,1684558.0,70.0,6332.0,443228.0,1.0,17.0,6989036,6989036,76687.0,29050.0,7.0,22.0,90913.0,109745,2023,2022-23,https://ope.ed.gov/athletics/#/datafile/list,0.0,24065.114285714284,1241330.0,1175909.0
163286,University of Maryland-College Park,MD,NCAA Division I-FBS,"Public, 4-year or above",58514762.0,33999400.0,120.0,42211.0,5065267.0,1.0,10.0,121183392,121160348,1390498.0,282561.0,8.0,26.0,2159245.0,2677607,2023,2022-23,https://ope.ed.gov/athletics/#/datafile/list,24515362.0,283328.3333333333,28934133.0,18470570.0
166629,University of Massachusetts-Amherst,MA,NCAA Division I-FBS,"Public, 4-year or above",11223570.0,11223570.0,111.0,14380.0,1596184.0,1.0,14.0,47604239,47604239,389054.0,89897.0,9.0,32.0,648300.0,940198,2023,2022-23,https://ope.ed.gov/athletics/#/datafile/list,0.0,101113.24324324324,9627386.0,6378190.0
167987,University of Massachusetts-Dartmouth,MA,NCAA Division III with football,"Public, 4-year or above",319352.0,300341.0,115.0,956.0,109899.0,1.0,9.0,3810295,3604919,24309.0,4763.0,8.0,26.0,19450.0,39911,2023,2022-23,https://ope.ed.gov/athletics/#/datafile/list,19011.0,2611.6608695652176,190442.0,318310.0
220862,University of Memphis,TN,NCAA Division I-FBS,"Public, 4-year or above",20020832.0,20020832.0,123.0,21428.0,2635653.0,1.0,14.0,64332894,64332894,739830.0,206940.0,7.0,20.0,821780.0,1117371,2023,2022-23,https://ope.ed.gov/athletics/#/datafile/list,0.0,162770.9918699187,17385179.0,9317610.0
135726,University of Miami,FL,NCAA Division I-FBS,"Private nonprofit, 4-year or above",74178024.0,74178024.0,125.0,32354.0,4044234.0,1.0,14.0,159633958,159633958,1575382.0,447910.0,6.0,21.0,4460501.0,5210693,2023,2022-23,https://ope.ed.gov/athletics/#/datafile/list,0.0,593424.192,70133790.0,18858402.0
170976,University of Michigan-Ann Arbor,MI,NCAA Division I-FBS,"Public, 4-year or above",142767462.0,67697276.0,141.0,68858.0,9708911.0,1.0,14.0,206514688,202501688,1086369.0,285974.0,14.0,44.0,3876973.0,4817933,2023,2022-23,https://ope.ed.gov/athletics/#/datafile/list,75070186.0,480122.52482269506,57988365.0,27792022.0
174233,University of Minnesota-Duluth,MN,NCAA Division II with football,"Public, 4-year or above",2030268.0,2030268.0,101.0,3028.0,305810.0,1.0,12.0,13390086,13390086,226495.0,50378.0,6.0,20.0,158117.0,251975,2023,2022-23,https://ope.ed.gov/athletics/#/datafile/list,0.0,20101.663366336634,1724458.0,2366530.0
174251,University of Minnesota-Morris,MN,NCAA Division III with football,"Public, 4-year or above",284586.0,284586.0,67.0,1617.0,108311.0,1.0,5.0,1711511,1671699,23231.0,8392.0,8.0,17.0,14693.0,25661,2023,2022-23,https://ope.ed.gov/athletics/#/datafile/list,0.0,4247.55223880597,176275.0,328512.0
174066,University of Minnesota-Twin Cities,MN,NCAA Division I-FBS,"Public, 4-year or above",77214620.0,40312012.0,111.0,61026.0,6773912.0,1.0,14.0,136614891,128573351,1048590.0,236395.0,9.0,29.0,2333113.0,2870168,2023,2022-23,https://ope.ed.gov/athletics/#/datafile/list,36902608.0,363171.2792792793,33538100.0,16292765.0
176017,University of Mississippi,MS,NCAA Division I-FBS,"Public, 4-year or above",72504704.0,56298904.0,125.0,56460.0,7057464.0,1.0,14.0,136764296,136764296,2470163.0,453096.0,6.0,22.0,2549482.0,3156949,2023,2022-23,https://ope.ed.gov/athletics/#/datafile/list,16205800.0,450391.232,49241440.0,24789090.0
178396,University of Missouri-Columbia,MO,NCAA Division I-FBS,"Public, 4-year or above",39651237.0,36326858.0,123.0,39169.0,4817788.0,1.0,10.0,124293939,124293939,1411177.0,296207.0,7.0,28.0,1958840.0,2482996,2023,2022-23,https://ope.ed.gov/athletics/#/datafile/list,3324379.0,295340.30894308945,31509070.0,18172035.0
204185,University of Mount Union,OH,NCAA Division III with football,"Private nonprofit, 4-year or above",669348.0,669348.0,228.0,679.0,154738.0,1.0,9.0,4177897,4177897,40702.0,11785.0,11.0,37.0,49811.0,67313,2023,2022-23,https://ope.ed.gov/athletics/#/datafile/list,0.0,2935.7368421052633,514610.0,883767.0
181215,University of Nebraska at Kearney,NE,NCAA Division II with football,"Public, 4-year or above",2396291.0,2396291.0,131.0,2484.0,325464.0,1.0,6.0,9606000,9460525,117717.0,70584.0,4.0,11.0,46440.0,88923,2023,2022-23,https://ope.ed.gov/athletics/#/datafile/list,0.0,18292.297709923663,2070827.0,1247292.0
181464,University of Nebraska-Lincoln,NE,NCAA Division I-FBS,"Public, 4-year or above",120840117.0,48692016.0,153.0,36294.0,5553031.0,1.0,12.0,197009548,160904566,1141259.0,352196.0,8.0,25.0,2370971.0,2909156,2023,2022-23,https://ope.ed.gov/athletics/#/datafile/list,72148101.0,318248.4705882353,43138985.0,17934972.0
182281,University of Nevada-Las Vegas,NV,NCAA Division I-FBS,"Public, 4-year or above",17669012.0,17669012.0,104.0,40599.0,4222296.0,1.0,10.0,57517603,57517603,302501.0,97637.0,7.0,23.0,1162308.0,1446869,2023,2022-23,https://ope.ed.gov/athletics/#/datafile/list,0.0,169894.34615384616,13446716.0,4363158.0
182290,University of Nevada-Reno,NV,NCAA Division I-FBS,"Public, 4-year or above",13222437.0,13222437.0,111.0,33556.0,3724698.0,1.0,10.0,49524849,49524849,373448.0,146268.0,7.0,17.0,576528.0,837729,2023,2022-23,https://ope.ed.gov/athletics/#/datafile/list,0.0,119121.05405405404,9497739.0,5100692.0
161457,University of New England,ME,NCAA Division III with football,"Private nonprofit, 4-year or above",661800.0,658808.0,128.0,677.0,86641.0,1.0,13.0,3890881,3537119,60220.0,11267.0,7.0,21.0,40866.0,62881,2023,2022-23,https://ope.ed.gov/athletics/#/datafile/list,2992.0,5146.9375,572167.0,658147.0
183044,University of New Hampshire-Main Campus,NH,NCAA Division I-FCS,"Public, 4-year or above",5610601.0,5610601.0,102.0,13802.0,1407794.0,1.0,10.0,35261617,35261617,213142.0,57530.0,6.0,22.0,121365.0,194380,2023,2022-23,https://ope.ed.gov/athletics/#/datafile/list,0.0,55005.89215686275,4202807.0,2544512.0
129941,University of New Haven,CT,NCAA Division II with football,"Private nonprofit, 4-year or above",2481517.0,2481517.0,141.0,1651.0,232751.0,1.0,17.0,10968246,10928629,68377.0,18805.0,7.0,27.0,42609.0,72801,2023,2022-23,https://ope.ed.gov/athletics/#/datafile/list,0.0,17599.41134751773,2248766.0,986374.0
187985,University of New Mexico-Main Campus,NM,NCAA Division I-FBS,"Public, 4-year or above",10988147.0,10988147.0,149.0,10149.0,1512212.0,1.0,10.0,46655963,45941398,279571.0,102060.0,8.0,26.0,573491.0,779376,2023,2022-23,https://ope.ed.gov/athletics/#/datafile/list,0.0,73745.95302013423,9475935.0,4890128.0
101879,University of North Alabama,AL,NCAA Division I-FCS,"Public, 4-year or above",3367374.0,3367374.0,122.0,3941.0,480853.0,1.0,12.0,13955756,13955756,107295.0,46944.0,6.0,18.0,135045.0,201195,2023,2022-23,https://ope.ed.gov/athletics/#/datafile/list,0.0,27601.426229508197,2886521.0,1488762.0
199120,University of North Carolina at Chapel Hill,NC,NCAA Division I-FBS,"Public, 4-year or above",67249397.0,44472525.0,127.0,78213.0,9933055.0,1.0,10.0,137918817,136891350,747659.0,305771.0,11.0,35.0,2155890.0,3004469,2023,2022-23,https://ope.ed.gov/athletics/#/datafile/list,22776872.0,350177.3622047244,34539470.0,18926234.0
199139,University of North Carolina at Charlotte,NC,NCAA Division I-FBS,"Public, 4-year or above",10862828.0,10862828.0,118.0,19486.0,2299375.0,1.0,10.0,38472125,38472125,375558.0,104801.0,7.0,24.0,987643.0,1199692,2023,2022-23,https://ope.ed.gov/athletics/#/datafile/list,0.0,92057.86440677966,8563453.0,5144130.0
199281,University of North Carolina at Pembroke,NC,NCAA Division II with football,"Public, 4-year or above",1029916.0,1028460.0,114.0,1505.0,171527.0,1.0,7.0,4952599,4267340,47669.0,15000.0,5.0,14.0,38078.0,52623,2023,2022-23,https://ope.ed.gov/athletics/#/datafile/list,1456.0,9021.578947368422,856933.0,448345.0
200280,University of North Dakota,ND,NCAA Division I-FCS,"Public, 4-year or above",6016711.0,6016711.0,108.0,14351.0,1549860.0,1.0,12.0,29323140,29038127,173842.0,73636.0,6.0,19.0,311551.0,532156,2023,2022-23,https://ope.ed.gov/athletics/#/datafile/list,0.0,55710.28703703704,4466851.0,2442136.0
227216,University of North Texas,TX,NCAA Division I-FBS,"Public, 4-year or above",14515382.0,14515382.0,137.0,25863.0,3543268.0,1.0,10.0,50339520,50339520,738098.0,162678.0,4.0,18.0,425889.0,645849,2023,2022-23,https://ope.ed.gov/athletics/#/datafile/list,0.0,105951.69343065692,10972114.0,5880596.0
127741,University of Northern Colorado,CO,NCAA Division I-FCS,"Public, 4-year or above",4781962.0,4781962.0,100.0,10236.0,1023612.0,1.0,11.0,20171855,20171855,102037.0,55524.0,6.0,20.0,147865.0,272866,2023,2022-23,https://ope.ed.gov/athletics/#/datafile/list,0.0,47819.62,3758350.0,1722702.0
154095,University of Northern Iowa,IA,NCAA Division I-FCS,"Public, 4-year or above",3795466.0,3795466.0,104.0,6274.0,652476.0,1.0,10.0,18823378,17334994,249113.0,74306.0,6.0,16.0,293657.0,362799,2023,2022-23,https://ope.ed.gov/athletics/#/datafile/list,0.0,36494.86538461538,3142990.0,2683574.0
174491,University of Northwestern-St Paul,MN,NCAA Division III with football,"Private nonprofit, 4-year or above",370026.0,365431.0,84.0,1161.0,97558.0,1.0,8.0,2535939,2525738,21123.0,5891.0,10.0,26.0,22641.0,43474,2023,2022-23,https://ope.ed.gov/athletics/#/datafile/list,4595.0,4350.369047619048,267873.0,364396.0
152080,University of Notre Dame,IN,NCAA Division I-FBS,"Private nonprofit, 4-year or above",141111745.0,71923043.0,118.0,185706.0,21913362.0,1.0,14.0,224191928,204392860,1037709.0,290800.0,12.0,40.0,3560815.0,4224574,2023,2022-23,https://ope.ed.gov/athletics/#/datafile/list,69188702.0,609517.313559322,50009681.0,24084508.0
207500,University of Oklahoma-Norman Campus,OK,NCAA Division I-FBS,"Public, 4-year or above",134727441.0,61996923.0,119.0,53744.0,6395498.0,1.0,14.0,183919881,181311331,1458636.0,334851.0,8.0,30.0,4597019.0,5514733,2023,2022-23,https://ope.ed.gov/athletics/#/datafile/list,72730518.0,520982.5462184874,55601425.0,21714618.0
209551,University of Oregon,OR,NCAA Division I-FBS,"Public, 4-year or above",79821061.0,42911990.0,126.0,55800.0,7030806.0,1.0,14.0,132359145,128532281,1636640.0,391424.0,6.0,22.0,2566090.0,3007104,2023,2022-23,https://ope.ed.gov/athletics/#/datafile/list,36909071.0,340571.34920634923,35881184.0,18431168.0
215062,University of Pennsylvania,PA,NCAA Division I-FCS,"Private nonprofit, 4-year or above",3130183.0,3130183.0,112.0,6366.0,712966.0,1.0,13.0,46277380,46277380,170174.0,51007.0,15.0,47.0,648101.0,978558,2023,2022-23,https://ope.ed.gov/athletics/#/datafile/list,0.0,27948.0625,2417217.0,4949939.0
157535,University of Pikeville,KY,NAIA Division I,"Private nonprofit, 4-year or above",2022548.0,2022548.0,122.0,4892.0,596777.0,1.0,9.0,9002831,9002831,36224.0,32880.0,12.0,11.0,50618.0,83323,2023,2022-23,https://ope.ed.gov/athletics/#/datafile/list,0.0,16578.262295081968,1425771.0,796368.0
215293,University of Pittsburgh-Pittsburgh Campus,PA,NCAA Division I-FBS,"Public, 4-year or above",54739243.0,44691913.0,118.0,67411.0,7954475.0,1.0,14.0,136704076,136704076,1946382.0,349062.0,7.0,32.0,1608555.0,2189198,2023,2022-23,https://ope.ed.gov/athletics/#/datafile/list,10047330.0,378745.0254237288,36737438.0,24794658.0
236328,University of Puget Sound,WA,NCAA Division III with football,"Private nonprofit, 4-year or above",505514.0,505514.0,87.0,1767.0,153732.0,1.0,9.0,3654452,3654452,35376.0,7158.0,9.0,32.0,42907.0,69229,2023,2022-23,https://ope.ed.gov/athletics/#/datafile/list,0.0,5810.505747126437,351782.0,547440.0
121691,University of Redlands,CA,NCAA Division III with football,"Private nonprofit, 4-year or above",668213.0,701540.0,130.0,1687.0,219277.0,1.0,12.0,6204720,6102103,47613.0,17359.0,10.0,33.0,61073.0,85414,2023,2022-23,https://ope.ed.gov/athletics/#/datafile/list,-33327.0,5396.461538461538,482263.0,1048977.0
217484,University of Rhode Island,RI,NCAA Division I-FCS,"Public, 4-year or above",5888936.0,5741648.0,90.0,10275.0,924713.0,1.0,10.0,35445779,35110510,345928.0,75106.0,6.0,19.0,355921.0,528991,2023,2022-23,https://ope.ed.gov/athletics/#/datafile/list,147288.0,63796.08888888889,4816935.0,3502582.0
233374,University of Richmond,VA,NCAA Division I-FCS,"Private nonprofit, 4-year or above",7322442.0,7322442.0,91.0,9688.0,881587.0,1.0,10.0,43472970,42197648,385049.0,91086.0,7.0,18.0,386443.0,532362,2023,2022-23,https://ope.ed.gov/athletics/#/datafile/list,0.0,80466.3956043956,6440855.0,4334891.0
195030,University of Rochester,NY,NCAA Division III with football,"Private nonprofit, 4-year or above",540472.0,540472.0,90.0,1203.0,108283.0,1.0,6.0,8210888,8210888,55544.0,26504.0,9.0,19.0,97488.0,140722,2023,2022-23,https://ope.ed.gov/athletics/#/datafile/list,0.0,6005.2444444444445,432189.0,1003472.0
152336,University of Saint Francis-Fort Wayne,IN,NAIA Division I,"Private nonprofit, 4-year or above",3276958.0,2052082.0,138.0,986.0,136025.0,1.0,6.0,7999038,6499356,38837.0,32256.0,8.0,9.0,34052.0,57138,2023,2022-23,https://ope.ed.gov/athletics/#/datafile/list,1224876.0,14870.159420289856,1916057.0,601000.0
155812,University of Saint Mary,KS,NAIA Division II,"Private nonprofit, 4-year or above",709576.0,709576.0,119.0,604.0,71934.0,1.0,7.0,6056204,6056204,32198.0,15599.0,10.0,24.0,27496.0,56201,2023,2022-23,https://ope.ed.gov/athletics/#/datafile/list,0.0,5962.823529411765,637642.0,696356.0
122436,University of San Diego,CA,NCAA Division I-FCS,"Private nonprofit, 4-year or above",2093880.0,2093880.0,94.0,7662.0,720183.0,1.0,10.0,34031237,34031237,251138.0,65545.0,8.0,24.0,99706.0,145879,2023,2022-23,https://ope.ed.gov/athletics/#/datafile/list,0.0,22275.31914893617,1373697.0,3582184.0
219383,University of Sioux Falls,SD,NCAA Division II with football,"Private nonprofit, 4-year or above",1882612.0,1767553.0,119.0,2303.0,274075.0,1.0,11.0,7445342,7142901,57388.0,23832.0,5.0,18.0,69146.0,94238,2023,2022-23,https://ope.ed.gov/athletics/#/datafile/list,115059.0,14853.38655462185,1493478.0,715916.0
102094,University of South Alabama,AL,NCAA Division I-FBS,"Public, 4-year or above",12659498.0,12659498.0,111.0,20974.0,2328106.0,1.0,14.0,28658603,28658603,220523.0,62221.0,8.0,36.0,452248.0,604056,2023,2022-23,https://ope.ed.gov/athletics/#/datafile/list,0.0,114049.53153153154,10331392.0,4004140.0
218663,University of South Carolina-Columbia,SC,NCAA Division I-FBS,"Public, 4-year or above",68709125.0,42855531.0,122.0,39741.0,4848442.0,1.0,14.0,160420147,160420147,388087.0,287898.0,8.0,29.0,2040554.0,2754750,2023,2022-23,https://ope.ed.gov/athletics/#/datafile/list,25853594.0,351274.84426229505,38007089.0,11453738.0
219471,University of South Dakota,SD,NCAA Division I-FCS,"Public, 4-year or above",4171202.0,4171202.0,120.0,3234.0,388133.0,1.0,12.0,19665874,19665874,134764.0,48209.0,6.0,23.0,230901.0,409803,2023,2022-23,https://ope.ed.gov/athletics/#/datafile/list,0.0,34760.01666666667,3783069.0,1917391.0
137351,University of South Florida,FL,NCAA Division I-FBS,"Public, 4-year or above",22071378.0,22071378.0,127.0,28922.0,3673046.0,1.0,10.0,70344509,70344509,602491.0,165807.0,7.0,23.0,1721049.0,2164312,2023,2022-23,https://ope.ed.gov/athletics/#/datafile/list,0.0,173790.3779527559,18398332.0,8030998.0
123961,University of Southern California,CA,NCAA Division I-FBS,"Private nonprofit, 4-year or above",69117490.0,69117490.0,116.0,49172.0,5703983.0,1.0,13.0,212013703,212013703,1756529.0,331631.0,9.0,34.0,3652721.0,4440363,2023,2022-23,https://ope.ed.gov/athletics/#/datafile/list,0.0,595840.4310344828,63413507.0,27084215.0
176372,University of Southern Mississippi,MS,NCAA Division I-FBS,"Public, 4-year or above",9148507.0,9148507.0,114.0,15238.0,1737120.0,1.0,15.0,27676039,27676039,249121.0,120144.0,7.0,22.0,276775.0,446947,2023,2022-23,https://ope.ed.gov/athletics/#/datafile/list,0.0,80250.06140350878,7411387.0,4387015.0
148584,University of St Francis,IL,NAIA Division I,"Private nonprofit, 4-year or above",1531126.0,1419799.0,85.0,1734.0,147403.0,1.0,12.0,7693179,7516663,44107.0,6754.0,8.0,31.0,4675.0,11074,2023,2022-23,https://ope.ed.gov/athletics/#/datafile/list,111327.0,16703.517647058823,1272396.0,562230.0
174914,University of St Thomas,MN,NCAA Division I-FCS,"Private nonprofit, 4-year or above",2260474.0,2260474.0,110.0,5695.0,626458.0,1.0,10.0,22370292,22370292,110150.0,38701.0,10.0,32.0,144477.0,237400,2023,2022-23,https://ope.ed.gov/athletics/#/datafile/list,0.0,20549.763636363637,1634016.0,2339932.0
206084,University of Toledo,OH,NCAA Division I-FBS,"Public, 4-year or above",11279056.0,11279056.0,123.0,13633.0,1676813.0,1.0,10.0,34919422,34919422,330219.0,88903.0,6.0,17.0,426682.0,619114,2023,2022-23,https://ope.ed.gov/athletics/#/datafile/list,0.0,91699.64227642276,9602243.0,3492665.0
207971,University of Tulsa,OK,NCAA Division I-FBS,"Private nonprofit, 4-year or above",15264861.0,15264861.0,139.0,12080.0,1679076.0,1.0,12.0,46552301,46552301,275686.0,99356.0,7.0,26.0,372888.0,574267,2023,2022-23,https://ope.ed.gov/athletics/#/datafile/list,0.0,109819.14388489208,13585785.0,4513058.0
230764,University of Utah,UT,NCAA Division I-FBS,"Public, 4-year or above",75135497.0,40457816.0,151.0,53174.0,8029203.0,1.0,10.0,111483459,110060805,1115322.0,354666.0,9.0,25.0,1739442.0,2273776,2023,2022-23,https://ope.ed.gov/athletics/#/datafile/list,34677681.0,267932.55629139073,32428613.0,18904548.0
233897,University of Virginia's College at Wise,VA,NCAA Division II with football,"Public, 4-year or above",1357407.0,1357407.0,113.0,2378.0,268673.0,1.0,17.0,4848123,4848123,41192.0,12797.0,7.0,24.0,29256.0,46643,2023,2022-23,https://ope.ed.gov/athletics/#/datafile/list,0.0,12012.451327433628,1088734.0,595472.0
234076,University of Virginia-Main Campus,VA,NCAA Division I-FBS,"Public, 4-year or above",42113574.0,29729988.0,126.0,26586.0,3349783.0,1.0,10.0,125968540,125968540,1069632.0,209746.0,11.0,35.0,2229907.0,2863510,2023,2022-23,https://ope.ed.gov/athletics/#/datafile/list,12383586.0,235952.2857142857,26380205.0,19107062.0
236948,University of Washington-Seattle Campus,WA,NCAA Division I-FBS,"Public, 4-year or above",101724060.0,49465172.0,118.0,143539.0,16937631.0,1.0,10.0,154849477,140259588,1311691.0,416162.0,8.0,27.0,2136014.0,2782981,2023,2022-23,https://ope.ed.gov/athletics/#/datafile/list,52258888.0,419196.3728813559,32527541.0,21729902.0
101587,University of West Alabama,AL,NCAA Division II with football,"Public, 4-year or above",2396263.0,2377042.0,111.0,3173.0,352226.0,1.0,11.0,9364949,9240990,67457.0,35402.0,6.0,18.0,85326.0,132690,2023,2022-23,https://ope.ed.gov/athletics/#/datafile/list,19221.0,21414.792792792792,2024816.0,1041978.0
141334,University of West Georgia,GA,NCAA Division II with football,"Public, 4-year or above",1937603.0,1937603.0,134.0,2461.0,329811.0,1.0,11.0,10263310,10263310,80371.0,33985.0,5.0,19.0,22778.0,49925,2023,2022-23,https://ope.ed.gov/athletics/#/datafile/list,0.0,14459.723880597016,1607792.0,1047570.0
240268,University of Wisconsin-Eau Claire,WI,NCAA Division III with football,"Public, 4-year or above",722031.0,704489.0,113.0,1459.0,164860.0,1.0,10.0,6592666,6592666,38045.0,4543.0,12.0,68.0,56223.0,80161,2023,2022-23,https://ope.ed.gov/athletics/#/datafile/list,17542.0,6234.41592920354,539629.0,765464.0
240329,University of Wisconsin-La Crosse,WI,NCAA Division III with football,"Public, 4-year or above",911716.0,940600.0,116.0,4263.0,494480.0,1.0,23.0,7132470,6663363,44120.0,9453.0,9.0,39.0,21220.0,31080,2023,2022-23,https://ope.ed.gov/athletics/#/datafile/list,-28884.0,8108.620689655172,446120.0,765747.0
240444,University of Wisconsin-Madison,WI,NCAA Division I-FBS,"Public, 4-year or above",104160933.0,53898310.0,121.0,50432.0,6102224.0,1.0,15.0,190554690,173758101,1164027.0,227843.0,10.0,40.0,1664199.0,2238331,2023,2022-23,https://ope.ed.gov/athletics/#/datafile/list,50262623.0,445440.5785123967,47796086.0,20753990.0
240365,University of Wisconsin-Oshkosh,WI,NCAA Division III with football,"Public, 4-year or above",683934.0,590253.0,113.0,1192.0,134739.0,1.0,15.0,5413839,5389072,36531.0,23295.0,7.0,8.0,40325.0,61738,2023,2022-23,https://ope.ed.gov/athletics/#/datafile/list,93681.0,5223.477876106194,455514.0,442077.0
240462,University of Wisconsin-Platteville,WI,NCAA Division III with football,"Public, 4-year or above",962190.0,877932.0,115.0,1548.0,178076.0,1.0,12.0,5808237,4760254,58969.0,26207.0,7.0,15.0,57665.0,76212,2023,2022-23,https://ope.ed.gov/athletics/#/datafile/list,84258.0,7634.191304347826,699856.0,805888.0
240471,University of Wisconsin-River Falls,WI,NCAA Division III with football,"Public, 4-year or above",509874.0,509874.0,117.0,1323.0,154756.0,1.0,11.0,3935140,3935140,41387.0,9046.0,5.0,16.0,18471.0,31049,2023,2022-23,https://ope.ed.gov/athletics/#/datafile/list,0.0,4357.897435897436,355118.0,351671.0
240480,University of Wisconsin-Stevens Point,WI,NCAA Division III with football,"Public, 4-year or above",456560.0,432621.0,102.0,478.0,48737.0,1.0,14.0,3833586,3833586,34051.0,8108.0,11.0,42.0,24297.0,63717,2023,2022-23,https://ope.ed.gov/athletics/#/datafile/list,23939.0,4241.382352941177,383884.0,715097.0
240417,University of Wisconsin-Stout,WI,NCCAA Division II,"Public, 4-year or above",531189.0,531189.0,114.0,1257.0,143256.0,1.0,9.0,4440051,4427596,34101.0,13515.0,8.0,23.0,31905.0,61647,2023,2022-23,https://ope.ed.gov/athletics/#/datafile/list,0.0,4659.5526315789475,387933.0,583653.0
240189,University of Wisconsin-Whitewater,WI,NCAA Division III with football,"Public, 4-year or above",759330.0,664223.0,108.0,614.0,66331.0,1.0,13.0,4940418,4485981,34070.0,10791.0,10.0,27.0,9000.0,21000,2023,2022-23,https://ope.ed.gov/athletics/#/datafile/list,95107.0,6150.212962962963,597892.0,632057.0
240727,University of Wyoming,WY,NCAA Division I-FBS,"Public, 4-year or above",17353258.0,14235241.0,114.0,13914.0,1586172.0,1.0,14.0,47746153,47746153,585964.0,93977.0,6.0,30.0,770327.0,977346,2023,2022-23,https://ope.ed.gov/athletics/#/datafile/list,3118017.0,124870.5350877193,12649069.0,6335094.0
156541,University of the Cumberlands,KY,NAIA Division I,"Private nonprofit, 4-year or above",1205508.0,1205508.0,74.0,2897.0,214352.0,1.0,9.0,10987075,10987075,52967.0,43248.0,11.0,14.0,53779.0,96675,2023,2022-23,https://ope.ed.gov/athletics/#/datafile/list,0.0,16290.648648648648,991156.0,1188109.0
225627,University of the Incarnate Word,TX,NCAA Division I-FCS,"Private nonprofit, 4-year or above",6225275.0,6225275.0,134.0,8078.0,1082414.0,1.0,10.0,24544713,24544713,152603.0,52548.0,9.0,22.0,201292.0,269632,2023,2022-23,https://ope.ed.gov/athletics/#/datafile/list,0.0,46457.27611940299,5142861.0,2529483.0
154493,Upper Iowa University,IA,NCAA Division II with football,"Private nonprofit, 4-year or above",1472986.0,1456244.0,111.0,1034.0,114800.0,1.0,7.0,8356686,8029743,51612.0,17599.0,8.0,22.0,34413.0,57263,2023,2022-23,https://ope.ed.gov/athletics/#/datafile/list,16742.0,13119.315315315316,1341444.0,800074.0
216524,Ursinus College,PA,NCAA Division III with football,"Private nonprofit, 4-year or above",638974.0,638974.0,144.0,946.0,136256.0,1.0,9.0,5691251,5691251,48965.0,12825.0,10.0,31.0,38393.0,63377,2023,2022-23,https://ope.ed.gov/athletics/#/datafile/list,0.0,4437.319444444444,502718.0,887225.0
230728,Utah State University,UT,NCAA Division I-FBS,"Public, 4-year or above",15320376.0,15320376.0,107.0,20174.0,2158641.0,1.0,14.0,45575192,45575192,506298.0,124565.0,5.0,23.0,634970.0,942640,2023,2022-23,https://ope.ed.gov/athletics/#/datafile/list,0.0,143181.08411214955,13161735.0,5396485.0
230171,Utah Tech University,UT,NCAA Division I-FCS,"Public, 4-year or above",3670919.0,3670919.0,124.0,6446.0,799357.0,1.0,10.0,16367376,16250328,94875.0,46565.0,6.0,18.0,203121.0,296341,2023,2022-23,https://ope.ed.gov/athletics/#/datafile/list,0.0,29604.18548387097,2871562.0,1407420.0
197045,Utica University,NY,NCAA Division III with football,"Private nonprofit, 4-year or above",796929.0,796929.0,141.0,1088.0,153457.0,1.0,12.0,5712584,5712584,53675.0,21370.0,11.0,13.0,102111.0,162471,2023,2022-23,https://ope.ed.gov/athletics/#/datafile/list,0.0,5651.978723404255,643472.0,868235.0
141264,Valdosta State University,GA,NCAA Division II with football,"Public, 4-year or above",1412927.0,1412927.0,159.0,611.0,97222.0,1.0,6.0,7987860,7259073,69395.0,44277.0,6.0,9.0,85977.0,101029,2023,2022-23,https://ope.ed.gov/athletics/#/datafile/list,0.0,8886.333333333334,1315705.0,814863.0
200572,Valley City State University,ND,NAIA Division II,"Public, 4-year or above",737088.0,699547.0,104.0,1085.0,112876.0,1.0,6.0,3152666,3115205,47447.0,24252.0,5.0,9.0,22030.0,33873,2023,2022-23,https://ope.ed.gov/athletics/#/datafile/list,37541.0,6726.413461538462,586671.0,455503.0
152600,Valparaiso University,IN,NCAA Division I-FCS,"Private nonprofit, 4-year or above",1581729.0,1570737.0,117.0,370.0,43297.0,1.0,6.0,15971802,15903955,219238.0,62929.0,7.0,13.0,180721.0,286768,2023,2022-23,https://ope.ed.gov/athletics/#/datafile/list,10992.0,13425.102564102564,1527440.0,2352743.0
221999,Vanderbilt University,TN,NCAA Division I-FBS,"Private nonprofit, 4-year or above",37029861.0,37029861.0,108.0,61035.0,6591731.0,1.0,10.0,125133666,125133666,1886872.0,437892.0,6.0,18.0,2683253.0,3750491,2023,2022-23,https://ope.ed.gov/athletics/#/datafile/list,0.0,342869.0833333333,30438130.0,19203288.0
125028,Ventura College,CA,CCCAA,"Public, 2-year",339993.0,301622.0,91.0,847.0,77071.0,1.0,15.0,2775926,2580279,39347.0,9765.0,9.0,26.0,0.0,0,2023,2022-23,https://ope.ed.gov/athletics/#/datafile/list,38371.0,3314.5274725274726,224551.0,608013.0
125091,Victor Valley College,CA,CCCAA,"Public, 2-year",252834.0,193765.0,62.0,1401.0,86863.0,1.0,7.0,1211242,1160470,10178.0,5717.0,7.0,17.0,0.0,0,2023,2022-23,https://ope.ed.gov/athletics/#/datafile/list,59069.0,3125.2419354838707,106902.0,168435.0
216597,Villanova University,PA,NCAA Division I-FCS,"Private nonprofit, 4-year or above",7559796.0,7559796.0,89.0,10432.0,928490.0,1.0,13.0,58703280,58703280,348712.0,104348.0,9.0,27.0,505590.0,734658,2023,2022-23,https://ope.ed.gov/athletics/#/datafile/list,0.0,84941.52808988764,6631306.0,5955804.0
234085,Virginia Military Institute,VA,NCAA Division I-FCS,"Public, 4-year or above",4730308.0,4730308.0,113.0,6096.0,688893.0,1.0,12.0,17878292,17878292,101580.0,37860.0,8.0,24.0,136105.0,156609,2023,2022-23,https://ope.ed.gov/athletics/#/datafile/list,0.0,41861.13274336283,4041415.0,1721280.0
233921,Virginia Polytechnic Institute and State University,VA,NCAA Division I-FBS,"Public, 4-year or above",72527919.0,38543671.0,126.0,42532.0,5359071.0,1.0,10.0,129705818,117168565,920134.0,194734.0,9.0,44.0,2022598.0,2403861,2023,2022-23,https://ope.ed.gov/athletics/#/datafile/list,33984248.0,305902.15079365077,33184600.0,16849502.0
234155,Virginia State University,VA,NCAA Division II with football,"Public, 4-year or above",1738065.0,1738065.0,124.0,2519.0,312334.0,1.0,9.0,8036522,8036522,73217.0,26584.0,6.0,14.0,17166.0,33446,2023,2022-23,https://ope.ed.gov/athletics/#/datafile/list,0.0,14016.65322580645,1425731.0,811478.0
234164,Virginia Union University,VA,NCAA Division II with football,"Private nonprofit, 4-year or above",1334485.0,1217163.0,101.0,2746.0,277376.0,1.0,10.0,4822988,4430763,39420.0,21563.0,6.0,16.0,13624.0,23078,2023,2022-23,https://ope.ed.gov/athletics/#/datafile/list,117322.0,12051.118811881188,939787.0,581528.0
234137,Virginia University of Lynchburg,VA,NCCAA Division I,"Private nonprofit, 4-year or above",622000.0,568774.0,117.0,1466.0,171528.0,1.0,11.0,887389,708643,42000.0,5833.0,3.0,6.0,3400.0,6800,2023,2022-23,https://ope.ed.gov/athletics/#/datafile/list,53226.0,4861.316239316239,397246.0,160998.0
197197,Wagner College,NY,NCAA Division I-FCS,"Private nonprofit, 4-year or above",4613622.0,4613622.0,138.0,2739.0,378040.0,1.0,9.0,22026021,22026021,100209.0,57410.0,9.0,24.0,147074.0,206828,2023,2022-23,https://ope.ed.gov/athletics/#/datafile/list,0.0,33432.04347826087,4235582.0,2279721.0
199847,Wake Forest University,NC,NCAA Division I-FBS,"Private nonprofit, 4-year or above",32322751.0,32322751.0,128.0,22600.0,2892757.0,1.0,10.0,97298475,97298475,1245555.0,334827.0,7.0,23.0,1125269.0,1483079,2023,2022-23,https://ope.ed.gov/athletics/#/datafile/list,0.0,252521.4921875,29429994.0,16419906.0
154518,Waldorf University,IA,NAIA Division I,"Private for-profit, 4-year or above",1394971.0,1394971.0,116.0,895.0,103814.0,1.0,7.0,10606898,10606898,15943.0,18037.0,10.0,14.0,12183.0,24383,2023,2022-23,https://ope.ed.gov/athletics/#/datafile/list,0.0,12025.612068965518,1291157.0,411948.0
206437,Walsh University,OH,NCAA Division II with football,"Private nonprofit, 4-year or above",1642840.0,1615684.0,126.0,1378.0,173679.0,1.0,9.0,9331252,8696542,50743.0,16110.0,8.0,24.0,37698.0,47808,2023,2022-23,https://ope.ed.gov/athletics/#/datafile/list,27156.0,12822.888888888889,1442005.0,792584.0
138275,Warner University,FL,NAIA Division I,"Private nonprofit, 4-year or above",2059931.0,1923079.0,120.0,2737.0,328473.0,1.0,6.0,10709110,10456873,36509.0,21469.0,9.0,18.0,18301.0,28447,2023,2022-23,https://ope.ed.gov/athletics/#/datafile/list,136852.0,16025.658333333333,1594606.0,715023.0
154527,Wartburg College,IA,NCAA Division III with football,"Private nonprofit, 4-year or above",495959.0,495959.0,137.0,883.0,120959.0,1.0,10.0,4995345,4995345,36117.0,12600.0,11.0,36.0,93775.0,155392,2023,2022-23,https://ope.ed.gov/athletics/#/datafile/list,0.0,3620.1386861313863,375000.0,850887.0
156082,Washburn University,KS,NCAA Division II with football,"Public, 4-year or above",2190230.0,2190230.0,137.0,1885.0,258241.0,1.0,10.0,9279757,9118315,78169.0,28931.0,6.0,23.0,69358.0,107288,2023,2022-23,https://ope.ed.gov/athletics/#/datafile/list,0.0,15987.080291970802,1931989.0,1134427.0
216667,Washington & Jefferson College,PA,NCAA Division III with football,"Private nonprofit, 4-year or above",520402.0,520295.0,159.0,1265.0,201112.0,1.0,14.0,3222212,3219557,41345.0,11376.0,11.0,21.0,30514.0,55481,2023,2022-23,https://ope.ed.gov/athletics/#/datafile/list,107.0,3272.2955974842766,319183.0,693691.0
236939,Washington State University,WA,NCAA Division I-FBS,"Public, 4-year or above",48240473.0,24817654.0,131.0,19892.0,2605824.0,1.0,14.0,79015052,79015052,952537.0,230679.0,5.0,21.0,1353618.0,1909216,2023,2022-23,https://ope.ed.gov/athletics/#/datafile/list,23422819.0,189447.7404580153,22211830.0,9606944.0
179867,Washington University in St Louis,MO,NCAA Division III with football,"Private nonprofit, 4-year or above",824878.0,773697.0,97.0,2014.0,195364.0,1.0,8.0,10696709,9847736,82980.0,16553.0,7.0,28.0,55070.0,111354,2023,2022-23,https://ope.ed.gov/athletics/#/datafile/list,51181.0,7976.257731958763,578333.0,1044344.0
234207,Washington and Lee University,VA,NCAA Division III with football,"Private nonprofit, 4-year or above",572298.0,572298.0,88.0,1823.0,160390.0,1.0,7.0,7095074,6958903,58265.0,25751.0,12.0,22.0,23676.0,31667,2023,2022-23,https://ope.ed.gov/athletics/#/datafile/list,0.0,6503.386363636364,411908.0,1265702.0
229780,Wayland Baptist University,TX,NAIA Division I,"Private nonprofit, 4-year or above",1228518.0,1228518.0,122.0,1518.0,185193.0,1.0,6.0,6563979,6563979,51716.0,24392.0,7.0,17.0,21344.0,33081,2023,2022-23,https://ope.ed.gov/athletics/#/datafile/list,0.0,10069.819672131149,1043325.0,776676.0
181783,Wayne State College,NE,NCAA Division II with football,"Public, 4-year or above",1386296.0,1386296.0,91.0,2541.0,231235.0,1.0,8.0,6555688,6555688,77692.0,28422.0,4.0,17.0,71306.0,136456,2023,2022-23,https://ope.ed.gov/athletics/#/datafile/list,0.0,15234.021978021978,1155061.0,793942.0
172644,Wayne State University,MI,NCAA Division II with football,"Public, 4-year or above",2382013.0,2382013.0,126.0,2438.0,307142.0,1.0,11.0,13906924,13906924,92236.0,35037.0,8.0,17.0,37018.0,52060,2023,2022-23,https://ope.ed.gov/athletics/#/datafile/list,0.0,18904.86507936508,2074871.0,1333517.0
216694,Waynesburg University,PA,NCAA Division III with football,"Private nonprofit, 4-year or above",470629.0,470629.0,92.0,739.0,67949.0,1.0,11.0,2106475,2106475,21973.0,9617.0,10.0,24.0,31051.0,51313,2023,2022-23,https://ope.ed.gov/athletics/#/datafile/list,0.0,5115.532608695652,402680.0,450538.0
138293,Webber International University,FL,NAIA Division I,"Private nonprofit, 4-year or above",2141774.0,2157099.0,75.0,3947.0,296040.0,1.0,9.0,10382868,10268450,33106.0,17547.0,12.0,21.0,21629.0,31854,2023,2022-23,https://ope.ed.gov/athletics/#/datafile/list,-15325.0,28761.32,1861059.0,765759.0
230782,Weber State University,UT,NCAA Division I-FCS,"Public, 4-year or above",4792015.0,4792014.0,104.0,9900.0,1029603.0,1.0,11.0,17889271,17889271,121083.0,57523.0,5.0,17.0,182443.0,277010,2023,2022-23,https://ope.ed.gov/athletics/#/datafile/list,1.0,46077.057692307695,3762411.0,1583306.0
130697,Wesleyan University,CT,NCAA Division III with football,"Private nonprofit, 4-year or above",953442.0,782330.0,100.0,1071.0,107113.0,1.0,8.0,13057045,9328586,82498.0,12119.0,14.0,38.0,46690.0,91050,2023,2022-23,https://ope.ed.gov/athletics/#/datafile/list,171112.0,7823.3,675217.0,1615494.0
216764,West Chester University of Pennsylvania,PA,NCAA Division II with football,"Public, 4-year or above",1260680.0,1213976.0,99.0,1547.0,153136.0,1.0,9.0,11577662,9739993,74981.0,26561.0,8.0,19.0,20860.0,32618,2023,2022-23,https://ope.ed.gov/athletics/#/datafile/list,46704.0,12262.38383838384,1060840.0,1104507.0
125462,West Hills College-Coalinga,CA,CCCAA,"Public, 2-year",297018.0,295020.0,76.0,1885.0,143260.0,1.0,5.0,1644929,1605744,49565.0,11050.0,3.0,6.0,0.0,0,2023,2022-23,https://ope.ed.gov/athletics/#/datafile/list,1998.0,3881.842105263158,151760.0,214995.0
237932,West Liberty University,WV,NCAA Division II with football,"Public, 4-year or above",1501881.0,1501881.0,105.0,1552.0,162995.0,1.0,9.0,6332513,6332513,49014.0,13847.0,8.0,25.0,10262.0,16391,2023,2022-23,https://ope.ed.gov/athletics/#/datafile/list,0.0,14303.628571428571,1338886.0,738287.0
125471,West Los Angeles College,CA,CCCAA,"Public, 2-year",121438.0,116615.0,51.0,680.0,34675.0,1.0,5.0,1175514,1175514,16240.0,12540.0,5.0,13.0,0.0,0,2023,2022-23,https://ope.ed.gov/athletics/#/datafile/list,4823.0,2286.5686274509803,81940.0,244220.0
229814,West Texas A & M University,TX,NCAA Division II with football,"Public, 4-year or above",2152679.0,2152679.0,141.0,2582.0,364116.0,1.0,10.0,11788132,11788132,88139.0,36404.0,7.0,19.0,99864.0,157922,2023,2022-23,https://ope.ed.gov/athletics/#/datafile/list,0.0,15267.22695035461,1788563.0,1308649.0
237899,West Virginia State University,WV,NCAA Division II with football,"Public, 4-year or above",1666322.0,1666322.0,112.0,1175.0,131570.0,1.0,9.0,4784703,4784703,50726.0,22971.0,5.0,16.0,19617.0,29642,2023,2022-23,https://ope.ed.gov/athletics/#/datafile/list,0.0,14877.875,1534752.0,621166.0
238032,West Virginia University,WV,NCAA Division I-FBS,"Public, 4-year or above",18824929.0,23920364.0,121.0,49341.0,5970244.0,1.0,10.0,103142400,103142400,1326344.0,239158.0,7.0,27.0,1545600.0,2096030,2023,2022-23,https://ope.ed.gov/athletics/#/datafile/list,-5095435.0,197688.9586776859,17950120.0,15741674.0
237969,West Virginia Wesleyan College,WV,NCAA Division II with football,"Private nonprofit, 4-year or above",873563.0,873563.0,110.0,1563.0,171922.0,1.0,6.0,4017492,4017492,28349.0,17654.0,8.0,12.0,24185.0,46039,2023,2022-23,https://ope.ed.gov/athletics/#/datafile/list,0.0,7941.481818181818,701641.0,438640.0
200004,Western Carolina University,NC,NCAA Division I-FCS,"Public, 4-year or above",3719282.0,3719282.0,119.0,3322.0,395307.0,1.0,10.0,15368314,15368314,149863.0,56423.0,5.0,17.0,143370.0,260865,2023,2022-23,https://ope.ed.gov/athletics/#/datafile/list,0.0,31254.470588235297,3323975.0,1708506.0
128391,Western Colorado University,CO,NCAA Division II with football,"Public, 4-year or above",2114997.0,2114997.0,131.0,1604.0,210124.0,1.0,8.0,7737193,7737193,73428.0,20799.0,5.0,18.0,64168.0,128512,2023,2022-23,https://ope.ed.gov/athletics/#/datafile/list,0.0,16145.015267175571,1904873.0,741522.0
130776,Western Connecticut State University,CT,NCAA Division III with football,"Public, 4-year or above",674100.0,674100.0,155.0,1141.0,176857.0,1.0,7.0,5421609,5421609,65836.0,14472.0,9.0,23.0,3761.0,8244,2023,2022-23,https://ope.ed.gov/athletics/#/datafile/list,0.0,4349.032258064516,497243.0,925380.0
149772,Western Illinois University,IL,NCAA Division I-FCS,"Public, 4-year or above",2688848.0,2688848.0,121.0,2245.0,271641.0,1.0,13.0,8185022,8185022,92330.0,30993.0,6.0,30.0,9517.0,14655,2023,2022-23,https://ope.ed.gov/athletics/#/datafile/list,0.0,22221.88429752066,2417207.0,1483770.0
157951,Western Kentucky University,KY,NCAA Division I-FBS,"Public, 4-year or above",8950238.0,8950238.0,138.0,18540.0,2558579.0,1.0,10.0,25400653,25400653,411114.0,107619.0,5.0,15.0,596707.0,769500,2023,2022-23,https://ope.ed.gov/athletics/#/datafile/list,0.0,64856.79710144927,6391659.0,3669855.0
172699,Western Michigan University,MI,NCAA Division I-FBS,"Public, 4-year or above",8586592.0,8586592.0,119.0,15453.0,1838963.0,1.0,10.0,40804290,40804290,334294.0,95349.0,6.0,20.0,417514.0,538111,2023,2022-23,https://ope.ed.gov/athletics/#/datafile/list,0.0,72156.23529411765,6747629.0,3912744.0
168254,Western New England University,MA,NCAA Division III with football,"Private nonprofit, 4-year or above",717633.0,560156.0,138.0,2251.0,310625.0,1.0,11.0,5803929,4908059,49305.0,5953.0,10.0,34.0,24744.0,43599,2023,2022-23,https://ope.ed.gov/athletics/#/datafile/list,157477.0,4059.1014492753625,249531.0,695452.0
188304,Western New Mexico University,NM,NCAA Division II with football,"Public, 4-year or above",1678010.0,1675372.0,115.0,3053.0,351069.0,1.0,9.0,5010179,4925948,40445.0,48171.0,6.0,6.0,32500.0,58000,2023,2022-23,https://ope.ed.gov/athletics/#/datafile/list,2638.0,14568.452173913043,1324303.0,531696.0
210429,Western Oregon University,OR,NCAA Division II with football,"Public, 4-year or above",1654856.0,1654856.0,110.0,5048.0,555300.0,1.0,7.0,7557905,7557905,73554.0,27592.0,5.0,15.0,64350.0,91030,2023,2022-23,https://ope.ed.gov/athletics/#/datafile/list,0.0,15044.145454545454,1099556.0,781650.0
168263,Westfield State University,MA,NCAA Division III with football,"Public, 4-year or above",186102.0,183309.0,78.0,839.0,65430.0,1.0,7.0,3319694,3166374,25224.0,3372.0,8.0,19.0,12479.0,17683,2023,2022-23,https://ope.ed.gov/athletics/#/datafile/list,2793.0,2350.1153846153848,117879.0,265860.0
216807,Westminster College,PA,NCAA Division III with football,"Private nonprofit, 4-year or above",587397.0,587397.0,111.0,1896.0,210480.0,1.0,13.0,2921263,2921263,30057.0,5646.0,11.0,29.0,58413.0,69976,2023,2022-23,https://ope.ed.gov/athletics/#/datafile/list,0.0,5291.864864864865,376917.0,494361.0
179946,Westminster College,MO,NCAA Division III with football,"Private nonprofit, 4-year or above",350822.0,351584.0,64.0,1674.0,107151.0,1.0,10.0,1779944,1755152,32146.0,11595.0,8.0,20.0,16053.0,28346,2023,2022-23,https://ope.ed.gov/athletics/#/datafile/list,-762.0,5493.5,244433.0,489068.0
149781,Wheaton College,IL,NCAA Division III with football,"Private nonprofit, 4-year or above",778618.0,778618.0,116.0,1708.0,198136.0,1.0,14.0,5101733,5101733,50146.0,16682.0,10.0,28.0,50179.0,69144,2023,2022-23,https://ope.ed.gov/athletics/#/datafile/list,0.0,6712.224137931034,580482.0,968556.0
238078,Wheeling University,WV,NCAA Division II with football,"Private nonprofit, 4-year or above",1774067.0,1659332.0,127.0,537.0,68162.0,1.0,13.0,6129093,5940296,55052.0,13351.0,10.0,35.0,38376.0,49623,2023,2022-23,https://ope.ed.gov/athletics/#/datafile/list,114735.0,13065.6062992126,1591170.0,1017805.0
125763,Whittier College,CA,NCAA Division III with football,"Private nonprofit, 4-year or above",183407.0,183407.0,77.0,780.0,60060.0,1.0,7.0,2551857,2487855,33263.0,5958.0,10.0,22.0,8355.0,12753,2023,2022-23,https://ope.ed.gov/athletics/#/datafile/list,0.0,2381.909090909091,123347.0,463706.0
237066,Whitworth University,WA,NCAA Division III with football,"Private nonprofit, 4-year or above",895556.0,876885.0,118.0,1914.0,225869.0,1.0,11.0,5131246,4908724,44066.0,10786.0,10.0,34.0,53678.0,73697,2023,2022-23,https://ope.ed.gov/athletics/#/datafile/list,18671.0,7431.228813559322,651016.0,807384.0
216852,Widener University,PA,NCAA Division III with football,"Private nonprofit, 4-year or above",530994.0,530994.0,95.0,424.0,40283.0,1.0,8.0,4600403,4488158,54618.0,8510.0,11.0,46.0,23229.0,32693,2023,2022-23,https://ope.ed.gov/athletics/#/datafile/list,0.0,5589.41052631579,490711.0,992258.0
216931,Wilkes University,PA,NCAA Division III with football,"Private nonprofit, 4-year or above",666997.0,638748.0,109.0,1542.0,168050.0,1.0,8.0,4582026,4281137,38142.0,10935.0,12.0,25.0,62603.0,81383,2023,2022-23,https://ope.ed.gov/athletics/#/datafile/list,28249.0,5860.073394495413,470698.0,731079.0
210401,Willamette University,OR,NCAA Division III with football,"Private nonprofit, 4-year or above",636744.0,626217.0,73.0,2290.0,167156.0,1.0,9.0,4557276,4286440,46429.0,14164.0,8.0,23.0,45508.0,75591,2023,2022-23,https://ope.ed.gov/athletics/#/datafile/list,10527.0,8578.315068493152,459061.0,697204.0
231624,William & Mary,VA,NCAA Division I-FCS,"Public, 4-year or above",5000957.0,8900403.0,96.0,14834.0,1424042.0,1.0,10.0,34044814,34044814,128416.0,68382.0,10.0,23.0,327195.0,496696,2023,2022-23,https://ope.ed.gov/athletics/#/datafile/list,-3899446.0,92712.53125,7476361.0,2856946.0
179955,William Jewell College,MO,NCAA Division II with football,"Private nonprofit, 4-year or above",1484474.0,1484474.0,105.0,1623.0,170417.0,1.0,9.0,7484273,7484273,41611.0,20216.0,10.0,21.0,49445.0,68600,2023,2022-23,https://ope.ed.gov/athletics/#/datafile/list,0.0,14137.84761904762,1314057.0,840646.0
187444,William Paterson University of New Jersey,NJ,NCAA Division III with football,"Public, 4-year or above",359289.0,347613.0,73.0,826.0,60317.0,1.0,10.0,3317290,3224023,51664.0,8290.0,6.0,21.0,6729.0,14861,2023,2022-23,https://ope.ed.gov/athletics/#/datafile/list,11676.0,4761.821917808219,287296.0,484074.0
154590,William Penn University,IA,NAIA Division I,"Private nonprofit, 4-year or above",2199961.0,2199231.0,118.0,1156.0,136374.0,1.0,9.0,16227428,16223612,53350.0,22142.0,12.0,30.0,32100.0,66702,2023,2022-23,https://ope.ed.gov/athletics/#/datafile/list,730.0,18637.550847457627,2062857.0,1304460.0
168342,Williams College,MA,NCAA Division III with football,"Private nonprofit, 4-year or above",668715.0,668715.0,81.0,1665.0,134860.0,1.0,7.0,11073731,11073731,59513.0,22832.0,16.0,30.0,61923.0,117184,2023,2022-23,https://ope.ed.gov/athletics/#/datafile/list,0.0,8255.74074074074,533855.0,1637168.0
206507,Wilmington College,OH,NCAA Division III with football,"Private nonprofit, 4-year or above",412451.0,383526.0,109.0,1131.0,123226.0,1.0,7.0,2243125,2241215,38011.0,13702.0,11.0,23.0,15749.0,20595,2023,2022-23,https://ope.ed.gov/athletics/#/datafile/list,28925.0,3518.587155963303,260300.0,733267.0
199962,Wingate University,NC,NCAA Division II with football,"Private nonprofit, 4-year or above",1934166.0,2063986.0,159.0,1398.0,222279.0,1.0,14.0,14851846,14486754,63711.0,19480.0,9.0,33.0,29366.0,54045,2023,2022-23,https://ope.ed.gov/athletics/#/datafile/list,-129820.0,12981.044025157233,1841707.0,1216239.0
175272,Winona State University,MN,NCAA Division II with football,"Public, 4-year or above",1601652.0,1601652.0,121.0,1740.0,210491.0,1.0,14.0,6887917,6887917,66787.0,31016.0,5.0,15.0,30006.0,53414,2023,2022-23,https://ope.ed.gov/athletics/#/datafile/list,0.0,13236.793388429753,1391161.0,799175.0
199999,Winston-Salem State University,NC,NCAA Division II with football,"Public, 4-year or above",1295264.0,1048345.0,102.0,1945.0,198340.0,1.0,3.0,3761337,3111496,63885.0,38722.0,4.0,7.0,2745.0,5382,2023,2022-23,https://ope.ed.gov/athletics/#/datafile/list,246919.0,10277.892156862745,850005.0,526594.0
240338,Wisconsin Lutheran College,WI,NCAA Division III with football,"Private nonprofit, 4-year or above",507912.0,493638.0,96.0,1510.0,145003.0,1.0,13.0,3614125,3493657,28956.0,7194.0,10.0,45.0,43153.0,65954,2023,2022-23,https://ope.ed.gov/athletics/#/datafile/list,14274.0,5142.0625,348635.0,613290.0
206525,Wittenberg University,OH,NCAA Division III with football,"Private nonprofit, 4-year or above",824621.0,824621.0,162.0,1196.0,193755.0,1.0,13.0,5532894,5532894,43871.0,10608.0,12.0,41.0,75176.0,113783,2023,2022-23,https://ope.ed.gov/athletics/#/datafile/list,0.0,5090.253086419753,630866.0,961380.0
218973,Wofford College,SC,NCAA Division I-FCS,"Private nonprofit, 4-year or above",6539710.0,6539710.0,117.0,4063.0,475315.0,1.0,10.0,27302198,27302198,127664.0,82399.0,7.0,17.0,229782.0,321332,2023,2022-23,https://ope.ed.gov/athletics/#/datafile/list,0.0,55894.957264957266,6064395.0,2294431.0
168421,Worcester Polytechnic Institute,MA,NCAA Division III with football,"Private nonprofit, 4-year or above",587471.0,562213.0,111.0,1479.0,164223.0,1.0,8.0,4848991,4338687,67283.0,10048.0,9.0,28.0,34550.0,54045,2023,2022-23,https://ope.ed.gov/athletics/#/datafile/list,25258.0,5064.981981981982,397990.0,886891.0
168430,Worcester State University,MA,NCAA Division III with football,"Public, 4-year or above",201929.0,188305.0,88.0,542.0,47676.0,1.0,6.0,2621936,2533383,12077.0,3605.0,9.0,21.0,3099.0,6027,2023,2022-23,https://ope.ed.gov/athletics/#/datafile/list,13624.0,2139.8295454545455,140629.0,184398.0
130794,Yale University,CT,NCAA Division I-FCS,"Private nonprofit, 4-year or above",9127315.0,8810700.0,117.0,12224.0,1430237.0,1.0,8.0,75637664,72430360,172336.0,57980.0,17.0,37.0,907985.0,1291295,2023,2022-23,https://ope.ed.gov/athletics/#/datafile/list,316615.0,75305.1282051282,7380463.0,5074972.0
206695,Youngstown State University,OH,NCAA Division I-FCS,"Public, 4-year or above",4705366.0,4705366.0,109.0,8972.0,977999.0,1.0,12.0,20275708,20275708,129412.0,32673.0,7.0,33.0,204392.0,299211,2023,2022-23,https://ope.ed.gov/athletics/#/datafile/list,0.0,43168.49541284404,3727367.0,1984093.0
126119,Yuba College,CA,CCCAA,"Public, 2-year",107167.0,107167.0,46.0,1705.0,78438.0,1.0,2.0,753499,753499,7546.0,3429.0,5.0,7.0,0.0,0,2023,2022-23,https://ope.ed.gov/athletics/#/datafile/list,0.0,2329.717391304348,28729.0,61733.0
